unit_key,eFUA_name,scheme,glad_pair_class,total_allocated_surface_m2,paired_covered_allocated_surface_m2,allocated_surface_times_glad_class_fraction_m2,glad_class_share_of_allocation,glad_class_share_on_paired_coverage,depth_proxy_times_glad_class_fraction_m3,glad_class_share_of_depth_proxy
IND_FUA_02091,Srinagar,G,new_built,628655.0,628655.0,52298.33161896224,0.08319083061291525,0.08319083061291525,54565.01898317425,0.09897533589157267
IND_FUA_02091,Srinagar,G,stable_built,628655.0,628655.0,443592.81868143106,0.7056220322457167,0.7056220322457167,389373.78346087143,0.70628402085402
IND_FUA_02091,Srinagar,G,absent_both,628655.0,628655.0,132763.84980600048,0.21118713731060834,0.21118713731060834,107360.35237498803,0.19474064402009464
IND_FUA_02091,Srinagar,G,built_loss,628655.0,628655.0,0.0,0.0,0.0,0.0,0.0
IND_FUA_02091,Srinagar,G,missing_pair,628655.0,628655.0,0.0,0.0,,0.0,0.0
IND_FUA_02091,Srinagar,J,new_built,20875.030003735796,20875.030003735796,2145.5113969770787,0.10277884135223364,0.10277884135223364,3188.371388972757,0.22414460651563883
IND_FUA_02091,Srinagar,J,stable_built,20875.030003735796,20875.030003735796,16750.00863352275,0.8023944698774166,0.8023944698774166,9614.564594832736,0.6759102171664827
IND_FUA_02091,Srinagar,J,absent_both,20875.030003735796,20875.030003735796,1979.510003974979,0.09482669024287514,0.09482669024287514,1421.6819345750864,0.09994517543277572
IND_FUA_02091,Srinagar,J,built_loss,20875.030003735796,20875.030003735796,0.0,0.0,0.0,0.0,0.0
IND_FUA_02091,Srinagar,J,missing_pair,20875.030003735796,20875.030003735796,0.0,0.0,,0.0,0.0
IND_FUA_02091,Srinagar,F,new_built,37095.750051888615,37095.750051888615,3125.883031541058,0.0842652602297743,0.0842652602297743,3768.504158580666,0.11355823874998747
IND_FUA_02091,Srinagar,F,stable_built,37095.750051888615,37095.750051888615,28978.91196144367,0.7811922368710348,0.7811922368710348,24471.74164691927,0.737419348268814
IND_FUA_02091,Srinagar,F,absent_both,37095.750051888615,37095.750051888615,4990.955112272597,0.13454250433786547,0.13454250433786547,4945.405942959424,0.1490224145056286
IND_FUA_02091,Srinagar,F,built_loss,37095.750051888615,37095.750051888615,0.0,0.0,0.0,0.0,0.0
IND_FUA_02091,Srinagar,F,missing_pair,37095.750051888615,37095.750051888615,0.0,0.0,,0.0,0.0
IND_FUA_02091,Srinagar,A,new_built,33105.02041275444,33105.02041275445,2928.9565332493285,0.08847469346736554,0.08847469346736553,3505.2697886649503,0.11905758101336074
IND_FUA_02091,Srinagar,A,stable_built,33105.02041275444,33105.02041275445,25999.380107010944,0.785360642671409,0.7853606426714089,21544.536328697344,0.7317668921358897
IND_FUA_02091,Srinagar,A,absent_both,33105.02041275444,33105.02041275445,4176.683826950645,0.12616466550618666,0.12616466550618663,4391.996444230565,0.14917552827468084
IND_FUA_02091,Srinagar,A,built_loss,33105.02041275444,33105.02041275445,0.0,0.0,0.0,0.0,0.0
IND_FUA_02091,Srinagar,A,missing_pair,33105.02041275444,33105.02041275445,0.0,0.0,,0.0,0.0
IND_FUA_03357,Jammu,G,new_built,2691946.0,2691946.0,127339.00678961696,0.04730370029325141,0.04730370029325141,12366.914661245975,0.054894693098576884
IND_FUA_03357,Jammu,G,stable_built,2691946.0,2691946.0,2265013.20358032,0.8414036550437193,0.8414036550437193,156163.80468577598,0.693185355131098
IND_FUA_03357,Jammu,G,absent_both,2691946.0,2691946.0,299593.78990646475,0.11129264476570658,0.11129264476570658,56753.62013427503,0.2519199529424387
IND_FUA_03357,Jammu,G,built_loss,2691946.0,2691946.0,0.0,0.0,0.0,0.0,0.0
IND_FUA_03357,Jammu,G,missing_pair,2691946.0,2691946.0,0.0,0.0,,0.0,0.0
IND_FUA_03357,Jammu,J,new_built,435820.5702879932,435820.5702879932,18591.246635260628,0.04265802925037569,0.04265802925037569,996.5336757236362,0.02519572067139843
IND_FUA_03357,Jammu,J,stable_built,435820.5702879932,435820.5702879932,398196.9149998752,0.9136716854294967,0.9136716854294967,37085.78323600119,0.9376532455020116
IND_FUA_03357,Jammu,J,absent_both,435820.5702879932,435820.5702879932,19032.408692647405,0.04367028541142668,0.04367028541142668,1469.386698526574,0.03715103434659151
IND_FUA_03357,Jammu,J,built_loss,435820.5702879932,435820.5702879932,0.0,0.0,0.0,0.0,0.0
IND_FUA_03357,Jammu,J,missing_pair,435820.5702879932,435820.5702879932,0.0,0.0,,0.0,0.0
IND_FUA_03357,Jammu,F,new_built,475985.858503066,475985.858503066,18905.295516056627,0.039718187375381554,0.039718187375381554,999.2195821522597,0.023174149703380154
IND_FUA_03357,Jammu,F,stable_built,475985.858503066,475985.858503066,436803.14926996466,0.9176809383448333,0.9176809383448333,40476.71981976574,0.9387461788775199
IND_FUA_03357,Jammu,F,absent_both,475985.858503066,475985.858503066,20277.413767516682,0.04260087438582184,0.04260087438582184,1641.9137151661846,0.03807967229118639
IND_FUA_03357,Jammu,F,built_loss,475985.858503066,475985.858503066,0.0,0.0,0.0,0.0,0.0
IND_FUA_03357,Jammu,F,missing_pair,475985.858503066,475985.858503066,0.0,0.0,,0.0,0.0
IND_FUA_03357,Jammu,A,new_built,486460.57920271874,486460.5792027188,19287.372326377324,0.039648376766701694,0.039648376766701694,757.9418274344287,0.01670699898617423
IND_FUA_03357,Jammu,A,stable_built,486460.57920271874,486460.5792027188,447922.2930716693,0.920778192974626,0.9207781929746259,43036.412829466775,0.9486338917912275
IND_FUA_03357,Jammu,A,absent_both,486460.57920271874,486460.5792027188,19250.913859837798,0.03957343037207445,0.03957343037207444,1572.370329699443,0.03465911044004452
IND_FUA_03357,Jammu,A,built_loss,486460.57920271874,486460.5792027188,0.0,0.0,0.0,0.0,0.0
IND_FUA_03357,Jammu,A,missing_pair,486460.57920271874,486460.5792027188,0.0,0.0,,0.0,0.0
IND_FUA_03722,Rajkot,G,new_built,2602277.0,2602277.0,806203.8793932585,0.30980709562942704,0.30980709562942704,62.669479032279924,0.031587439028366894
IND_FUA_03722,Rajkot,G,stable_built,2602277.0,2602277.0,961318.1842964897,0.3694142415647872,0.3694142415647872,132.58138330560178,0.06682529400483961
IND_FUA_03722,Rajkot,G,absent_both,2602277.0,2602277.0,834754.938554792,0.3207786636683151,0.3207786636683151,1788.7491368353367,0.9015872665500689
IND_FUA_03722,Rajkot,G,built_loss,2602277.0,2602277.0,0.0,0.0,0.0,0.0,0.0
IND_FUA_03722,Rajkot,G,missing_pair,2602277.0,2602277.0,0.0,0.0,,0.0,0.0
IND_FUA_03722,Rajkot,J,new_built,631904.7900835387,631904.7900835387,277046.10235204274,0.43843013488696114,0.43843013488696114,1.3842229931951942,0.007716707458728494
IND_FUA_03722,Rajkot,J,stable_built,631904.7900835387,631904.7900835387,211671.88263372122,0.3349743283410431,0.3349743283410431,1.8346538641381136,0.010227750317093047
IND_FUA_03722,Rajkot,J,absent_both,631904.7900835387,631904.7900835387,143186.80617041778,0.22659553846947145,0.22659553846947145,176.16112427291745,0.9820555418437033
IND_FUA_03722,Rajkot,J,built_loss,631904.7900835387,631904.7900835387,0.0,0.0,0.0,0.0,0.0
IND_FUA_03722,Rajkot,J,missing_pair,631904.7900835387,631904.7900835387,0.0,0.0,,0.0,0.0
IND_FUA_03722,Rajkot,F,new_built,661692.2153970518,661692.2153970518,281882.6713724269,0.42600270157822817,0.42600270157822817,1.5346753075803807,0.006055897689195004
IND_FUA_03722,Rajkot,F,stable_built,661692.2153970518,661692.2153970518,230321.9017096986,0.34808011391140936,0.34808011391140936,4.51563974168458,0.01781891722752728
IND_FUA_03722,Rajkot,F,absent_both,661692.2153970518,661692.2153970518,149487.64334269756,0.22591718606360925,0.22591718606360925,247.36798659151296,0.9761251849045616
IND_FUA_03722,Rajkot,F,built_loss,661692.2153970518,661692.2153970518,0.0,0.0,0.0,0.0,0.0
IND_FUA_03722,Rajkot,F,missing_pair,661692.2153970518,661692.2153970518,0.0,0.0,,0.0,0.0
IND_FUA_03722,Rajkot,A,new_built,677966.912633883,677966.9126338828,292589.17218016315,0.4315685127515474,0.4315685127515475,0.8650865124851321,0.0047683143538153625
IND_FUA_03722,Rajkot,A,stable_built,677966.912633883,677966.9126338828,234879.84058746885,0.3464473504687228,0.3464473504687229,4.060846925107008,0.02238318873566707
IND_FUA_03722,Rajkot,A,absent_both,677966.912633883,677966.9126338828,150497.90086597286,0.2219841382543178,0.22198413825431781,176.49803494214893,0.9728484969869626
IND_FUA_03722,Rajkot,A,built_loss,677966.912633883,677966.9126338828,0.0,0.0,0.0,0.0,0.0
IND_FUA_03722,Rajkot,A,missing_pair,677966.912633883,677966.9126338828,0.0,0.0,,0.0,0.0
IND_FUA_04396,Amritsar,G,new_built,7248249.0,7248249.0,652810.5867759031,0.09006459170703202,0.09006459170703202,35857.0433730953,0.10943619384508647
IND_FUA_04396,Amritsar,G,stable_built,7248249.0,7248249.0,5248563.676008051,0.7241147035660683,0.7241147035660683,207146.21155340728,0.6322131115484964
IND_FUA_04396,Amritsar,G,absent_both,7248249.0,7248249.0,1346874.7388408007,0.18582070495105793,0.18582070495105793,84649.25278084746,0.2583506938867524
IND_FUA_04396,Amritsar,G,built_loss,7248249.0,7248249.0,0.0,0.0,0.0,0.0,0.0
IND_FUA_04396,Amritsar,G,missing_pair,7248249.0,7248249.0,0.0,0.0,,0.0,0.0
IND_FUA_04396,Amritsar,J,new_built,761199.9484624974,761199.9484624974,105200.14124477477,0.1382030325373278,0.1382030325373278,7042.975930459108,0.17792425576021298
IND_FUA_04396,Amritsar,J,stable_built,761199.9484624974,761199.9484624974,586776.6633442809,0.7708574659384518,0.7708574659384518,28260.173529559488,0.7139269525479656
IND_FUA_04396,Amritsar,J,absent_both,761199.9484624974,761199.9484624974,69223.1439953757,0.09093950168440687,0.09093950168440687,4280.975270071553,0.10814879198454193
IND_FUA_04396,Amritsar,J,built_loss,761199.9484624974,761199.9484624974,0.0,0.0,0.0,0.0,0.0
IND_FUA_04396,Amritsar,J,missing_pair,761199.9484624974,761199.9484624974,0.0,0.0,,0.0,0.0
IND_FUA_04396,Amritsar,F,new_built,896324.3062681076,896324.3062681075,110691.90250101901,0.12349537073460659,0.1234953707346066,7197.91057374458,0.16498967197423028
IND_FUA_04396,Amritsar,F,stable_built,896324.3062681076,896324.3062681075,706497.0022229272,0.788215824654431,0.7882158246544311,31714.193565176094,0.7269490694052246
IND_FUA_04396,Amritsar,F,absent_both,896324.3062681076,896324.3062681075,79135.40169116909,0.08828880477497414,0.08828880477497415,4714.327069944589,0.10806125873341435
IND_FUA_04396,Amritsar,F,built_loss,896324.3062681076,896324.3062681075,0.0,0.0,0.0,0.0,0.0
IND_FUA_04396,Amritsar,F,missing_pair,896324.3062681076,896324.3062681075,0.0,0.0,,0.0,0.0
IND_FUA_04396,Amritsar,A,new_built,911182.7058475872,911182.7058475873,117767.17786942238,0.12924650250014863,0.12924650250014863,7368.355290507461,0.16714528540632093
IND_FUA_04396,Amritsar,A,stable_built,911182.7058475872,911182.7058475873,717908.3022361038,0.7878862248250218,0.7878862248250217,32427.37761984557,0.7355892968720227
IND_FUA_04396,Amritsar,A,absent_both,911182.7058475872,911182.7058475873,75507.22574648206,0.08286727267968154,0.08286727267968153,4287.803609956077,0.09726541811517386
IND_FUA_04396,Amritsar,A,built_loss,911182.7058475872,911182.7058475873,0.0,0.0,0.0,0.0,0.0
IND_FUA_04396,Amritsar,A,missing_pair,911182.7058475872,911182.7058475873,0.0,0.0,,0.0,0.0
IND_FUA_05324,Jodhpur,G,new_built,5353498.0,5353498.0,846649.6633220431,0.15814887076114406,0.15814887076114406,37647.21528128294,0.19549596157219673
IND_FUA_05324,Jodhpur,G,stable_built,5353498.0,5353498.0,2704151.4788765027,0.50511861195736,0.50511861195736,83619.83259295925,0.4342244029771331
IND_FUA_05324,Jodhpur,G,absent_both,5353498.0,5353498.0,1802696.8576867161,0.33673251726006365,0.33673251726006365,71305.80655784736,0.3702796372734099
IND_FUA_05324,Jodhpur,G,built_loss,5353498.0,5353498.0,0.0,0.0,0.0,0.0,0.0
IND_FUA_05324,Jodhpur,G,missing_pair,5353498.0,5353498.0,0.0,0.0,,0.0,0.0
IND_FUA_05324,Jodhpur,J,new_built,1307340.0476963613,1307340.0476963613,259204.09005856456,0.19826830097900167,0.19826830097900167,7673.398630773119,0.19048581792527716
IND_FUA_05324,Jodhpur,J,stable_built,1307340.0476963613,1307340.0476963613,682594.6020513286,0.5221247549588307,0.5221247549588307,22067.460532243742,0.5478065810579036
IND_FUA_05324,Jodhpur,J,absent_both,1307340.0476963613,1307340.0476963613,365541.3563725511,0.27960694466345193,0.27960694466345193,10542.447706649618,0.2617076045394091
IND_FUA_05324,Jodhpur,J,built_loss,1307340.0476963613,1307340.0476963613,0.0,0.0,0.0,0.0,0.0
IND_FUA_05324,Jodhpur,J,missing_pair,1307340.0476963613,1307340.0476963613,0.0,0.0,,0.0,0.0
IND_FUA_05324,Jodhpur,F,new_built,1375974.2349268398,1375974.2349268396,265813.84245756944,0.19318228184098424,0.19318228184098427,7959.867665859203,0.19429706146505743
IND_FUA_05324,Jodhpur,F,stable_built,1375974.2349268398,1375974.2349268396,732236.154162079,0.532158332311369,0.5321583323113691,22456.64509840587,0.5481573734822848
IND_FUA_05324,Jodhpur,F,absent_both,1375974.2349268398,1375974.2349268396,377924.2389543895,0.274659386318003,0.2746593863180031,10551.00179379094,0.25754556860774713
IND_FUA_05324,Jodhpur,F,built_loss,1375974.2349268398,1375974.2349268396,0.0,0.0,0.0,0.0,0.0
IND_FUA_05324,Jodhpur,F,missing_pair,1375974.2349268398,1375974.2349268396,0.0,0.0,,0.0,0.0
IND_FUA_05324,Jodhpur,A,new_built,1405691.347941557,1405691.3479415572,275039.73266475217,0.19566153911917455,0.19566153911917453,8251.53826712869,0.19570187092314031
IND_FUA_05324,Jodhpur,A,stable_built,1405691.347941557,1405691.3479415572,748379.9550861557,0.5323928017214135,0.5323928017214133,24210.92428401309,0.5742108956865555
IND_FUA_05324,Jodhpur,A,absent_both,1405691.347941557,1405691.3479415572,382271.6610027371,0.27194565973712637,0.2719456597371263,9701.356639652015,0.23008723748343962
IND_FUA_05324,Jodhpur,A,built_loss,1405691.347941557,1405691.3479415572,0.0,0.0,0.0,0.0,0.0
IND_FUA_05324,Jodhpur,A,missing_pair,1405691.347941557,1405691.3479415572,0.0,0.0,,0.0,0.0
IND_FUA_05617,Jalandhar,G,new_built,2645259.0,2645259.0,153568.8191467569,0.05805436032795159,0.05805436032795159,974.1103106856758,0.05925789823407095
IND_FUA_05617,Jalandhar,G,stable_built,2645259.0,2645259.0,1825966.9034449104,0.6902790628233041,0.6902790628233041,10344.897657438403,0.6293095205971709
IND_FUA_05617,Jalandhar,G,absent_both,2645259.0,2645259.0,665723.2764018655,0.25166657646826474,0.25166657646826474,5119.481023082157,0.3114325781681934
IND_FUA_05617,Jalandhar,G,built_loss,2645259.0,2645259.0,0.0,0.0,0.0,0.0,0.0
IND_FUA_05617,Jalandhar,G,missing_pair,2645259.0,2645259.0,0.0,0.0,,0.0,0.0
IND_FUA_05617,Jalandhar,J,new_built,297272.099638775,297272.099638775,26114.421464510135,0.08784686318104733,0.08784686318104733,59.412726142039666,0.034570263280477714
IND_FUA_05617,Jalandhar,J,stable_built,297272.099638775,297272.099638775,239983.96536199067,0.8072872148230628,0.8072872148230628,1523.7713633233711,0.8866312090006542
IND_FUA_05617,Jalandhar,J,absent_both,297272.099638775,297272.099638775,31173.71259833104,0.10486592127620195,0.10486592127620195,135.4237665779468,0.07879852632651568
IND_FUA_05617,Jalandhar,J,built_loss,297272.099638775,297272.099638775,0.0,0.0,0.0,0.0,0.0
IND_FUA_05617,Jalandhar,J,missing_pair,297272.099638775,297272.099638775,0.0,0.0,,0.0,0.0
IND_FUA_05617,Jalandhar,F,new_built,336413.56471285905,336413.564712859,26483.13463075355,0.07872195835312958,0.07872195835312959,61.064805768054505,0.034531299244310414
IND_FUA_05617,Jalandhar,F,stable_built,336413.56471285905,336413.564712859,276055.1263981913,0.8205826261310664,0.8205826261310665,1555.706651503231,0.879730496867078
IND_FUA_05617,Jalandhar,F,absent_both,336413.56471285905,336413.564712859,33875.303500493974,0.10069541497058167,0.1006954149705817,151.61858264494774,0.08573820193905946
IND_FUA_05617,Jalandhar,F,built_loss,336413.56471285905,336413.564712859,0.0,0.0,0.0,0.0,0.0
IND_FUA_05617,Jalandhar,F,missing_pair,336413.56471285905,336413.564712859,0.0,0.0,,0.0,0.0
IND_FUA_05617,Jalandhar,A,new_built,343699.97890198865,343699.97890198865,27807.6359987691,0.08090671430241454,0.08090671430241454,73.34819359464521,0.042138875722185054
IND_FUA_05617,Jalandhar,A,stable_built,343699.97890198865,343699.97890198865,283462.80122721405,0.8247390707814033,0.8247390707814033,1523.2379323639793,0.8751072218892364
IND_FUA_05617,Jalandhar,A,absent_both,343699.97890198865,343699.97890198865,32429.541494901147,0.09435421438925642,0.09435421438925642,144.0439256749836,0.0827539000632856
IND_FUA_05617,Jalandhar,A,built_loss,343699.97890198865,343699.97890198865,0.0,0.0,0.0,0.0,0.0
IND_FUA_05617,Jalandhar,A,missing_pair,343699.97890198865,343699.97890198865,0.0,0.0,,0.0,0.0
IND_FUA_05991,Ahmedabad,G,new_built,7574231.0,7574231.0,1684018.0121291543,0.22233517991848337,0.22233517991848337,785985.0263904637,0.24462293832192047
IND_FUA_05991,Ahmedabad,G,stable_built,7574231.0,7574231.0,4578324.6507750265,0.6044606575604872,0.6044606575604872,1970895.9425979422,0.6134039967900708
IND_FUA_05991,Ahmedabad,G,absent_both,7574231.0,7574231.0,1311888.3376658685,0.1732041625962911,0.1732041625962911,456166.1456904553,0.14197306459417092
IND_FUA_05991,Ahmedabad,G,built_loss,7574231.0,7574231.0,0.0,0.0,0.0,0.0,0.0
IND_FUA_05991,Ahmedabad,G,missing_pair,7574231.0,7574231.0,0.0,0.0,,0.0,0.0
IND_FUA_05991,Ahmedabad,J,new_built,2266780.88085722,2266780.88085722,682687.64727184,0.30117055117108216,0.30117055117108216,328228.7886559434,0.31586212986946377
IND_FUA_05991,Ahmedabad,J,stable_built,2266780.88085722,2266780.88085722,1471222.2409188128,0.6490359316787806,0.6490359316787806,673218.2960132781,0.6478534857243842
IND_FUA_05991,Ahmedabad,J,absent_both,2266780.88085722,2266780.88085722,112870.99349197508,0.049793517514269435,0.049793517514269435,37704.99382582441,0.03628438475889986
IND_FUA_05991,Ahmedabad,J,built_loss,2266780.88085722,2266780.88085722,0.0,0.0,0.0,0.0,0.0
IND_FUA_05991,Ahmedabad,J,missing_pair,2266780.88085722,2266780.88085722,0.0,0.0,,0.0,0.0
IND_FUA_05991,Ahmedabad,F,new_built,2311699.1570143034,2311699.1570143034,687321.5490298435,0.29732309541418017,0.29732309541418017,330771.2499375925,0.3090752601952834
IND_FUA_05991,Ahmedabad,F,stable_built,2311699.1570143034,2311699.1570143034,1505600.8279545873,0.6512961789972533,0.6512961789972533,699013.3565254884,0.6531635838630354
IND_FUA_05991,Ahmedabad,F,absent_both,2311699.1570143034,2311699.1570143034,118776.78080033239,0.0513807259218538,0.0513807259218538,40411.855806403684,0.037761156239228995
IND_FUA_05991,Ahmedabad,F,built_loss,2311699.1570143034,2311699.1570143034,0.0,0.0,0.0,0.0,0.0
IND_FUA_05991,Ahmedabad,F,missing_pair,2311699.1570143034,2311699.1570143034,0.0,0.0,,0.0,0.0
IND_FUA_05991,Ahmedabad,A,new_built,2388671.0647139396,2388671.0647139396,711736.0830950554,0.2979632037282165,0.2979632037282165,342689.96181122714,0.310781829436138
IND_FUA_05991,Ahmedabad,A,stable_built,2388671.0647139396,2388671.0647139396,1561680.9964033435,0.6537865424305987,0.6537865424305987,720982.7555023911,0.6538514830217592
IND_FUA_05991,Ahmedabad,A,absent_both,2388671.0647139396,2388671.0647139396,115253.98595950809,0.04825025415264139,0.04825025415264139,38997.804107102216,0.03536668783742675
IND_FUA_05991,Ahmedabad,A,built_loss,2388671.0647139396,2388671.0647139396,0.0,0.0,0.0,0.0,0.0
IND_FUA_05991,Ahmedabad,A,missing_pair,2388671.0647139396,2388671.0647139396,0.0,0.0,,0.0,0.0
IND_FUA_06065,Ludhiana,G,new_built,4419355.0,4419355.0,552760.3150840397,0.12507714702349998,0.12507714702349998,59337.42564772682,0.11955598644933196
IND_FUA_06065,Ludhiana,G,stable_built,4419355.0,4419355.0,2847838.017161727,0.6444012796350886,0.6444012796350886,266271.3952412463,0.5364968057478697
IND_FUA_06065,Ludhiana,G,absent_both,4419355.0,4419355.0,1018756.667819016,0.2305215733560703,0.2305215733560703,170706.14810173702,0.34394720880599544
IND_FUA_06065,Ludhiana,G,built_loss,4419355.0,4419355.0,0.0,0.0,0.0,0.0,0.0
IND_FUA_06065,Ludhiana,G,missing_pair,4419355.0,4419355.0,0.0,0.0,,0.0,0.0
IND_FUA_06065,Ludhiana,J,new_built,587863.6097431239,587863.6097431239,105213.98591963702,0.17897686500038998,0.17897686500038998,10910.587548580583,0.15832180783482516
IND_FUA_06065,Ludhiana,J,stable_built,587863.6097431239,587863.6097431239,392109.8679312686,0.6670082335979379,0.6670082335979379,36590.930811884304,0.5309652015257593
IND_FUA_06065,Ludhiana,J,absent_both,587863.6097431239,587863.6097431239,90539.75589886436,0.1540149014129776,0.1540149014129776,21412.47210804134,0.3107129913273008
IND_FUA_06065,Ludhiana,J,built_loss,587863.6097431239,587863.6097431239,0.0,0.0,0.0,0.0,0.0
IND_FUA_06065,Ludhiana,J,missing_pair,587863.6097431239,587863.6097431239,0.0,0.0,,0.0,0.0
IND_FUA_06065,Ludhiana,F,new_built,657507.391960493,657507.391960493,108881.70260692804,0.16559768595494406,0.16559768595494406,11812.835293191507,0.15419286339036933
IND_FUA_06065,Ludhiana,F,stable_built,657507.391960493,657507.391960493,453783.47667199734,0.6901572244213847,0.6901572244213847,42265.679149640935,0.5516936391196421
IND_FUA_06065,Ludhiana,F,absent_both,657507.391960493,657507.391960493,94842.21272330015,0.144245089687142,0.144245089687142,22532.26404447995,0.2941134981953653
IND_FUA_06065,Ludhiana,F,built_loss,657507.391960493,657507.391960493,0.0,0.0,0.0,0.0,0.0
IND_FUA_06065,Ludhiana,F,missing_pair,657507.391960493,657507.391960493,0.0,0.0,,0.0,0.0
IND_FUA_06065,Ludhiana,A,new_built,680085.5151560602,680085.5151560601,113041.47821959623,0.16621656497662127,0.1662165649766213,12903.543741757912,0.16173096587042435
IND_FUA_06065,Ludhiana,A,stable_built,680085.5151560602,680085.5151560601,473607.00963246083,0.696393319778001,0.6963933197780012,43242.38259680456,0.5419931488500425
IND_FUA_06065,Ludhiana,A,absent_both,680085.5151560602,680085.5151560601,93437.02741627276,0.13739011541045926,0.13739011541045928,23638.075935101995,0.2962758858196929
IND_FUA_06065,Ludhiana,A,built_loss,680085.5151560602,680085.5151560601,0.0,0.0,0.0,0.0,0.0
IND_FUA_06065,Ludhiana,A,missing_pair,680085.5151560602,680085.5151560601,0.0,0.0,,0.0,0.0
IND_FUA_06611,Surat,G,new_built,3596650.0,3596650.0,952101.6774671051,0.264719023943699,0.264719023943699,859076.8191756703,0.223768595598885
IND_FUA_06611,Surat,G,stable_built,3596650.0,3596650.0,2134155.0763521297,0.5933730211035629,0.5933730211035629,2025932.5958110685,0.5277061161743954
IND_FUA_06611,Surat,G,absent_both,3596650.0,3596650.0,510393.24524439266,0.14190795469239226,0.14190795469239226,954120.9897536745,0.24852528801029072
IND_FUA_06611,Surat,G,built_loss,3596650.0,3596650.0,0.0,0.0,0.0,0.0,0.0
IND_FUA_06611,Surat,G,missing_pair,3596650.0,3596650.0,0.0,0.0,,0.0,0.0
IND_FUA_06611,Surat,J,new_built,1054482.9182903338,1054482.9182903338,394131.9145133456,0.37376794604920105,0.37376794604920105,418957.2671238553,0.36496001697647734
IND_FUA_06611,Surat,J,stable_built,1054482.9182903338,1054482.9182903338,563445.3798225576,0.5343333401133602,0.5343333401133602,482514.9475506172,0.4203260744428566
IND_FUA_06611,Surat,J,absent_both,1054482.9182903338,1054482.9182903338,96905.62375695226,0.09189871365016361,0.09189871365016361,246481.66309048794,0.21471390761029907
IND_FUA_06611,Surat,J,built_loss,1054482.9182903338,1054482.9182903338,0.0,0.0,0.0,0.0,0.0
IND_FUA_06611,Surat,J,missing_pair,1054482.9182903338,1054482.9182903338,0.0,0.0,,0.0,0.0
IND_FUA_06611,Surat,F,new_built,1065440.7875565258,1065440.787556526,394964.2719833401,0.37070504207854504,0.370705042078545,419956.4980921866,0.3611173464638134
IND_FUA_06611,Surat,F,stable_built,1065440.7875565258,1065440.787556526,572438.822298293,0.5372788699136627,0.5372788699136626,494651.8031908983,0.42534726192670164
IND_FUA_06611,Surat,F,absent_both,1065440.7875565258,1065440.787556526,98037.69309175597,0.09201608783590395,0.09201608783590394,248328.07335011163,0.21353539070844055
IND_FUA_06611,Surat,F,built_loss,1065440.7875565258,1065440.787556526,0.0,0.0,0.0,0.0,0.0
IND_FUA_06611,Surat,F,missing_pair,1065440.7875565258,1065440.787556526,0.0,0.0,,0.0,0.0
IND_FUA_06611,Surat,A,new_built,1098549.2565860106,1098549.2565860106,406697.7450587895,0.3702134816628017,0.3702134816628017,434453.9144539646,0.36390703148951886
IND_FUA_06611,Surat,A,stable_built,1098549.2565860106,1098549.2565860106,595258.606527174,0.5418588224046269,0.5418588224046269,515941.08186910447,0.43216226458093376
IND_FUA_06611,Surat,A,absent_both,1098549.2565860106,1098549.2565860106,96592.90485604893,0.0879276958014911,0.0879276958014911,243464.63384161348,0.20393070295001853
IND_FUA_06611,Surat,A,built_loss,1098549.2565860106,1098549.2565860106,0.0,0.0,0.0,0.0,0.0
IND_FUA_06611,Surat,A,missing_pair,1098549.2565860106,1098549.2565860106,0.0,0.0,,0.0,0.0
IND_FUA_06651,Vadodara,G,new_built,3106926.0,3106926.0,608672.4979054477,0.19590827007320025,0.19590827007320025,107798.12912928779,0.2049923027474325
IND_FUA_06651,Vadodara,G,stable_built,3106926.0,3106926.0,1957014.0493064616,0.6298875638835497,0.6298875638835497,365120.3559389944,0.6943243185058342
IND_FUA_06651,Vadodara,G,absent_both,3106926.0,3106926.0,541239.4515074133,0.17420416563104923,0.17420416563104923,52945.792391497635,0.10068337911600915
IND_FUA_06651,Vadodara,G,built_loss,3106926.0,3106926.0,0.0,0.0,0.0,0.0,0.0
IND_FUA_06651,Vadodara,G,missing_pair,3106926.0,3106926.0,0.0,0.0,,0.0,0.0
IND_FUA_06651,Vadodara,J,new_built,1096423.227340024,1096423.227340024,266929.3445785421,0.2434546605019721,0.2434546605019721,52211.69268768944,0.23950742554130752
IND_FUA_06651,Vadodara,J,stable_built,1096423.227340024,1096423.227340024,708424.0278672846,0.6461227837957754,0.6461227837957754,153565.86430583912,0.7044430647158348
IND_FUA_06651,Vadodara,J,absent_both,1096423.227340024,1096423.227340024,121069.8542548351,0.11042255511911805,0.11042255511911805,12218.576610940894,0.05604951069812162
IND_FUA_06651,Vadodara,J,built_loss,1096423.227340024,1096423.227340024,0.0,0.0,0.0,0.0,0.0
IND_FUA_06651,Vadodara,J,missing_pair,1096423.227340024,1096423.227340024,0.0,0.0,,0.0,0.0
IND_FUA_06651,Vadodara,F,new_built,1109063.6832683443,1109063.6832683443,267790.5979645769,0.24145646639101379,0.24145646639101379,52082.32550769967,0.23651368676621037
IND_FUA_06651,Vadodara,F,stable_built,1109063.6832683443,1109063.6832683443,718624.0101556933,0.6479555872192581,0.6479555872192581,155661.07975887044,0.706880414822046
IND_FUA_06651,Vadodara,F,absent_both,1109063.6832683443,1109063.6832683443,122649.074515734,0.11058794581957145,0.11058794581957145,12465.10048160615,0.056605899258090696
IND_FUA_06651,Vadodara,F,built_loss,1109063.6832683443,1109063.6832683443,0.0,0.0,0.0,0.0,0.0
IND_FUA_06651,Vadodara,F,missing_pair,1109063.6832683443,1109063.6832683443,0.0,0.0,,0.0,0.0
IND_FUA_06651,Vadodara,A,new_built,1144800.8434170638,1144800.8434170636,275790.03834766604,0.24090656460775564,0.2409065646077557,53695.524573840165,0.2351793000773273
IND_FUA_06651,Vadodara,A,stable_built,1144800.8434170638,1144800.8434170636,745046.7114332046,0.6508090168848484,0.6508090168848485,162220.5002846616,0.7105043486944024
IND_FUA_06651,Vadodara,A,absent_both,1144800.8434170638,1144800.8434170636,123964.09284678104,0.10828441781783309,0.1082844178178331,12401.367933425301,0.05431635231673069
IND_FUA_06651,Vadodara,A,built_loss,1144800.8434170638,1144800.8434170636,0.0,0.0,0.0,0.0,0.0
IND_FUA_06651,Vadodara,A,missing_pair,1144800.8434170638,1144800.8434170636,0.0,0.0,,0.0,0.0
IND_FUA_06781,Chandigarh,G,new_built,6519940.0,6519940.0,1268983.1558740523,0.19463110946942033,0.19463110946942033,630.3123288208428,0.04571132222175888
IND_FUA_06781,Chandigarh,G,stable_built,6519940.0,6519940.0,4367607.595076726,0.6698846300850507,0.6698846300850507,5482.991832983064,0.3976358940743495
IND_FUA_06781,Chandigarh,G,absent_both,6519940.0,6519940.0,883349.2492101092,0.13548426047020512,0.13548426047020512,7675.671956647121,0.5566527863023021
IND_FUA_06781,Chandigarh,G,built_loss,6519940.0,6519940.0,0.0,0.0,0.0,0.0,0.0
IND_FUA_06781,Chandigarh,G,missing_pair,6519940.0,6519940.0,0.0,0.0,,0.0,0.0
IND_FUA_06781,Chandigarh,J,new_built,1578444.5379210152,1578444.5379210152,451474.10947549355,0.28602468989511315,0.28602468989511315,49.816899226058176,0.04737282998912895
IND_FUA_06781,Chandigarh,J,stable_built,1578444.5379210152,1578444.5379210152,1042066.0073524743,0.6601853801749599,0.6601853801749599,501.2219818546926,0.47663150661927356
IND_FUA_06781,Chandigarh,J,absent_both,1578444.5379210152,1578444.5379210152,84904.4208287718,0.053789929762499133,0.053789929762499133,500.55333542026176,0.47599566467902366
IND_FUA_06781,Chandigarh,J,built_loss,1578444.5379210152,1578444.5379210152,0.0,0.0,0.0,0.0,0.0
IND_FUA_06781,Chandigarh,J,missing_pair,1578444.5379210152,1578444.5379210152,0.0,0.0,,0.0,0.0
IND_FUA_06781,Chandigarh,F,new_built,1637678.992664848,1637678.992664848,453003.42053599784,0.27661307409144087,0.27661307409144087,49.76453778176555,0.04523397254214369
IND_FUA_06781,Chandigarh,F,stable_built,1637678.992664848,1637678.992664848,1095233.2790383252,0.6687716481336494,0.6687716481336494,546.8892520527197,0.4971004356441662
IND_FUA_06781,Chandigarh,F,absent_both,1637678.992664848,1637678.992664848,89442.29281825048,0.054615277608653374,0.054615277608653374,503.5046762277561,0.4576655931017719
IND_FUA_06781,Chandigarh,F,built_loss,1637678.992664848,1637678.992664848,0.0,0.0,0.0,0.0,0.0
IND_FUA_06781,Chandigarh,F,missing_pair,1637678.992664848,1637678.992664848,0.0,0.0,,0.0,0.0
IND_FUA_06781,Chandigarh,A,new_built,1711764.101769615,1711764.101769615,476109.47047169344,0.27813965135703766,0.27813965135703766,55.37327901735843,0.04957020861851803
IND_FUA_06781,Chandigarh,A,stable_built,1711764.101769615,1711764.101769615,1147806.694595524,0.6705402300521001,0.6705402300521001,558.2986045345851,0.4997894072614216
IND_FUA_06781,Chandigarh,A,absent_both,1711764.101769615,1711764.101769615,87847.93659411294,0.051320118527603244,0.051320118527603244,503.3958191518706,0.450640384963036
IND_FUA_06781,Chandigarh,A,built_loss,1711764.101769615,1711764.101769615,0.0,0.0,0.0,0.0,0.0
IND_FUA_06781,Chandigarh,A,missing_pair,1711764.101769615,1711764.101769615,0.0,0.0,,0.0,0.0
IND_FUA_07108,Silvassa,G,new_built,1315759.0,1315759.0,229254.44619834214,0.17423741444925867,0.17423741444925867,63609.24167801167,0.18530270286693867
IND_FUA_07108,Silvassa,G,stable_built,1315759.0,1315759.0,779266.4233124326,0.5922561983710031,0.5922561983710031,152359.51014426543,0.44384476677348206
IND_FUA_07108,Silvassa,G,absent_both,1315759.0,1315759.0,307238.1295639955,0.2335063864765474,0.2335063864765474,127303.31311443355,0.3708525267984002
IND_FUA_07108,Silvassa,G,built_loss,1315759.0,1315759.0,0.0,0.0,0.0,0.0,0.0
IND_FUA_07108,Silvassa,G,missing_pair,1315759.0,1315759.0,0.0,0.0,,0.0,0.0
IND_FUA_07108,Silvassa,J,new_built,302066.4199233707,302066.4199233707,71436.88986341874,0.23649397997149468,0.23649397997149468,20844.914244792624,0.4619553079657177
IND_FUA_07108,Silvassa,J,stable_built,302066.4199233707,302066.4199233707,211291.31961770976,0.6994862907015976,0.6994862907015976,18409.52950275728,0.40798344243966983
IND_FUA_07108,Silvassa,J,absent_both,302066.4199233707,302066.4199233707,19338.20985778409,0.06401972739204138,0.06401972739204138,5868.783200709337,0.13006124750764997
IND_FUA_07108,Silvassa,J,built_loss,302066.4199233707,302066.4199233707,0.0,0.0,0.0,0.0,0.0
IND_FUA_07108,Silvassa,J,missing_pair,302066.4199233707,302066.4199233707,0.0,0.0,,0.0,0.0
IND_FUA_07108,Silvassa,F,new_built,311811.43264859426,311811.43264859426,72497.65276070143,0.2325047935057755,0.2325047935057755,20907.853461555605,0.43447378078845555
IND_FUA_07108,Silvassa,F,stable_built,311811.43264859426,311811.43264859426,218022.81757122095,0.6992136744932269,0.6992136744932269,21102.140648385703,0.4385111483152579
IND_FUA_07108,Silvassa,F,absent_both,311811.43264859426,311811.43264859426,21290.961738773643,0.06828153014763948,0.06828153014763948,6112.250141079247,0.12701506794097678
IND_FUA_07108,Silvassa,F,built_loss,311811.43264859426,311811.43264859426,0.0,0.0,0.0,0.0,0.0
IND_FUA_07108,Silvassa,F,missing_pair,311811.43264859426,311811.43264859426,0.0,0.0,,0.0,0.0
IND_FUA_07108,Silvassa,A,new_built,322019.12243503414,322019.1224350342,76413.32889515346,0.2372943827600471,0.23729438276004705,22315.78566837337,0.4430699159531909
IND_FUA_07108,Silvassa,A,stable_built,322019.12243503414,322019.1224350342,223827.50865330631,0.6950752084558658,0.6950752084558657,21501.806613237306,0.4269087268780548
IND_FUA_07108,Silvassa,A,absent_both,322019.12243503414,322019.1224350342,21778.28431320191,0.0676304070035331,0.06763040700353308,6548.69261257055,0.1300213547743046
IND_FUA_07108,Silvassa,A,built_loss,322019.12243503414,322019.1224350342,0.0,0.0,0.0,0.0,0.0
IND_FUA_07108,Silvassa,A,missing_pair,322019.12243503414,322019.1224350342,0.0,0.0,,0.0,0.0
IND_FUA_07139,Vasai-Virar,G,new_built,501725.0,501725.0,68091.0358031607,0.13571385879348388,0.13571385879348388,122709.48481479828,0.20830292954512608
IND_FUA_07139,Vasai-Virar,G,stable_built,501725.0,501725.0,311251.8613430222,0.620363468718964,0.620363468718964,259990.48240769803,0.4413414270389225
IND_FUA_07139,Vasai-Virar,G,absent_both,501725.0,501725.0,122382.10272933487,0.24392267223944367,0.24392267223944367,206391.53064264377,0.3503556430951676
IND_FUA_07139,Vasai-Virar,G,built_loss,501725.0,501725.0,0.0,0.0,0.0,0.0,0.0
IND_FUA_07139,Vasai-Virar,G,missing_pair,501725.0,501725.0,0.0,0.0,,0.0,0.0
IND_FUA_07139,Vasai-Virar,J,new_built,70790.62978781201,70790.62978781201,13879.822354109741,0.19606863783685993,0.19606863783685993,27289.165530517574,0.3469799935302892
IND_FUA_07139,Vasai-Virar,J,stable_built,70790.62978781201,70790.62978781201,47222.8039970051,0.667077043085375,0.667077043085375,24629.19223474441,0.31315860328198836
IND_FUA_07139,Vasai-Virar,J,absent_both,70790.62978781201,70790.62978781201,9688.003389035297,0.13685431840448573,0.13685431840448573,26729.305393558065,0.33986140771340756
IND_FUA_07139,Vasai-Virar,J,built_loss,70790.62978781201,70790.62978781201,0.0,0.0,0.0,0.0,0.0
IND_FUA_07139,Vasai-Virar,J,missing_pair,70790.62978781201,70790.62978781201,0.0,0.0,,0.0,0.0
IND_FUA_07139,Vasai-Virar,F,new_built,77697.58248149845,77697.58248149847,14364.165196903941,0.18487274298816664,0.18487274298816658,27868.09962292039,0.32654646040654556
IND_FUA_07139,Vasai-Virar,F,stable_built,77697.58248149845,77697.58248149847,52861.27456543076,0.6803464519377835,0.6803464519377834,29934.598392331238,0.35076080827081807
IND_FUA_07139,Vasai-Virar,F,absent_both,77697.58248149845,77697.58248149847,10472.14267324782,0.1347808044830928,0.1347808044830928,27539.21534290701,0.3226927352162784
IND_FUA_07139,Vasai-Virar,F,built_loss,77697.58248149845,77697.58248149847,0.0,0.0,0.0,0.0,0.0
IND_FUA_07139,Vasai-Virar,F,missing_pair,77697.58248149845,77697.58248149847,0.0,0.0,,0.0,0.0
IND_FUA_07139,Vasai-Virar,A,new_built,79547.10527076083,79547.10527076085,14650.657381952795,0.18417587078857467,0.18417587078857464,28768.01589711379,0.3201028142844204
IND_FUA_07139,Vasai-Virar,A,stable_built,79547.10527076083,79547.10527076085,54023.10981940807,0.6791335729380132,0.6791335729380131,31465.90586999314,0.35012233930265574
IND_FUA_07139,Vasai-Virar,A,absent_both,79547.10527076083,79547.10527076085,10873.338035141209,0.13669055584273948,0.13669055584273945,29637.253189016323,0.32977485091058495
IND_FUA_07139,Vasai-Virar,A,built_loss,79547.10527076083,79547.10527076085,0.0,0.0,0.0,0.0,0.0
IND_FUA_07139,Vasai-Virar,A,missing_pair,79547.10527076083,79547.10527076085,0.0,0.0,,0.0,0.0
IND_FUA_07163,Mumbai,G,new_built,4697571.0,4697571.0,935855.831167996,0.19922122117323954,0.19922122117323954,334813.2110814313,0.18259336358173922
IND_FUA_07163,Mumbai,G,stable_built,4697571.0,4697571.0,2602843.458781507,0.5540828353167002,0.5540828353167002,1046522.8447939291,0.5707305445888711
IND_FUA_07163,Mumbai,G,absent_both,4697571.0,4697571.0,1158871.7099401448,0.24669594348656887,0.24669594348656887,452318.8191561247,0.2466760924226197
IND_FUA_07163,Mumbai,G,built_loss,4697571.0,4697571.0,0.0,0.0,0.0,0.0,0.0
IND_FUA_07163,Mumbai,G,missing_pair,4697571.0,4697571.0,0.0,0.0,,0.0,0.0
IND_FUA_07163,Mumbai,J,new_built,811360.4786988571,811360.4786988571,297360.3075459505,0.3664959230240227,0.3664959230240227,102672.14371053252,0.40498450556804255
IND_FUA_07163,Mumbai,J,stable_built,811360.4786988571,811360.4786988571,428629.9081000952,0.5282854161044053,0.5282854161044053,131578.57834344893,0.5190043138088407
IND_FUA_07163,Mumbai,J,absent_both,811360.4786988571,811360.4786988571,85370.26308653886,0.10521866091314107,0.10521866091314107,19270.443297682275,0.07601118150402723
IND_FUA_07163,Mumbai,J,built_loss,811360.4786988571,811360.4786988571,0.0,0.0,0.0,0.0,0.0
IND_FUA_07163,Mumbai,J,missing_pair,811360.4786988571,811360.4786988571,0.0,0.0,,0.0,0.0
IND_FUA_07163,Mumbai,F,new_built,899450.4837833424,899450.4837833424,305899.4274486156,0.3400959062937143,0.3400959062937143,105245.80208929504,0.36149201670906095
IND_FUA_07163,Mumbai,F,stable_built,899450.4837833424,899450.4837833424,491523.88319330075,0.5464713089327748,0.5464713089327748,159057.121440631,0.5463199335278766
IND_FUA_07163,Mumbai,F,absent_both,899450.4837833424,899450.4837833424,102027.17311802326,0.11343278474749181,0.11343278474749181,26839.888175163367,0.09218805037424245
IND_FUA_07163,Mumbai,F,built_loss,899450.4837833424,899450.4837833424,0.0,0.0,0.0,0.0,0.0
IND_FUA_07163,Mumbai,F,missing_pair,899450.4837833424,899450.4837833424,0.0,0.0,,0.0,0.0
IND_FUA_07163,Mumbai,A,new_built,916929.8287080962,916929.8287080962,314766.79614788014,0.34328340762059106,0.34328340762059106,112502.91389435816,0.37975689413103153
IND_FUA_07163,Mumbai,A,stable_built,916929.8287080962,916929.8287080962,502080.38714490185,0.5475668599987695,0.5475668599987695,157877.00972611248,0.5329184888898222
IND_FUA_07163,Mumbai,A,absent_both,916929.8287080962,916929.8287080962,100082.64542105918,0.10914973238690483,0.10914973238690483,25869.902805239533,0.08732461765403302
IND_FUA_07163,Mumbai,A,built_loss,916929.8287080962,916929.8287080962,0.0,0.0,0.0,0.0,0.0
IND_FUA_07163,Mumbai,A,missing_pair,916929.8287080962,916929.8287080962,0.0,0.0,,0.0,0.0
IND_FUA_07320,Jaipur,G,new_built,13604265.0,13604265.0,1941041.695056543,0.1426789095226051,0.1426789095226051,432.721479177475,0.11487164299906423
IND_FUA_07320,Jaipur,G,stable_built,13604265.0,13604265.0,9322050.502408916,0.6852299997397078,0.6852299997397078,2423.5077223554254,0.6433521960062186
IND_FUA_07320,Jaipur,G,absent_both,13604265.0,13604265.0,2341172.804529633,0.17209109088433905,0.17209109088433905,910.7707979977131,0.2417761608701123
IND_FUA_07320,Jaipur,G,built_loss,13604265.0,13604265.0,0.0,0.0,0.0,0.0,0.0
IND_FUA_07320,Jaipur,G,missing_pair,13604265.0,13604265.0,0.0,0.0,,0.0,0.0
IND_FUA_07320,Jaipur,J,new_built,3333620.6251635365,3333620.6251635365,500655.9898608424,0.15018385298005585,0.15018385298005585,24.44398426127089,0.2289834637127546
IND_FUA_07320,Jaipur,J,stable_built,3333620.6251635365,3333620.6251635365,2619446.7459320566,0.7857663005080415,0.7857663005080415,71.73837085150099,0.6720222228547917
IND_FUA_07320,Jaipur,J,absent_both,3333620.6251635365,3333620.6251635365,213517.89043462402,0.06404984683107111,0.06404984683107111,10.567642715756403,0.09899431313931598
IND_FUA_07320,Jaipur,J,built_loss,3333620.6251635365,3333620.6251635365,0.0,0.0,0.0,0.0,0.0
IND_FUA_07320,Jaipur,J,missing_pair,3333620.6251635365,3333620.6251635365,0.0,0.0,,0.0,0.0
IND_FUA_07320,Jaipur,F,new_built,3419178.577632456,3419178.5776324566,504060.16442428913,0.14742142095816352,0.14742142095816352,24.44398426127089,0.15277996706657507
IND_FUA_07320,Jaipur,F,stable_built,3419178.577632456,3419178.5776324566,2695296.089409816,0.7882876042339156,0.7882876042339155,122.48375717403592,0.7655488641795851
IND_FUA_07320,Jaipur,F,absent_both,3419178.577632456,3419178.5776324566,219822.3248854259,0.06429097512585541,0.0642909751258554,13.066953718923553,0.08167116855825557
IND_FUA_07320,Jaipur,F,built_loss,3419178.577632456,3419178.5776324566,0.0,0.0,0.0,0.0,0.0
IND_FUA_07320,Jaipur,F,missing_pair,3419178.577632456,3419178.5776324566,0.0,0.0,,0.0,0.0
IND_FUA_07320,Jaipur,A,new_built,3514418.714285455,3514418.714285455,518701.4393915945,0.14759238484679418,0.14759238484679418,31.63512856548982,0.1629575778976446
IND_FUA_07320,Jaipur,A,stable_built,3514418.714285455,3514418.714285455,2785511.9033368183,0.7925953421583584,0.7925953421583584,144.59504204307893,0.7448320552441983
IND_FUA_07320,Jaipur,A,absent_both,3514418.714285455,3514418.714285455,210205.37274330415,0.059812273332388824,0.059812273332388824,17.90089702376961,0.09221036719195909
IND_FUA_07320,Jaipur,A,built_loss,3514418.714285455,3514418.714285455,0.0,0.0,0.0,0.0,0.0
IND_FUA_07320,Jaipur,A,missing_pair,3514418.714285455,3514418.714285455,0.0,0.0,,0.0,0.0
IND_FUA_07466,Delhi [New Delhi],G,new_built,51418537.0,51418537.0,9413799.502035206,0.1830818232349786,0.1830818232349786,3321765.584370297,0.21632983309451534
IND_FUA_07466,Delhi [New Delhi],G,stable_built,51418537.0,51418537.0,33247695.76586121,0.6466091356481265,0.6466091356481265,9244538.530920492,0.602050152737963
IND_FUA_07466,Delhi [New Delhi],G,absent_both,51418537.0,51418537.0,8757041.736788755,0.17030904120801327,0.17030904120801327,2788792.944238287,0.18162001406748796
IND_FUA_07466,Delhi [New Delhi],G,built_loss,51418537.0,51418537.0,0.0,0.0,0.0,0.0,0.0
IND_FUA_07466,Delhi [New Delhi],G,missing_pair,51418537.0,51418537.0,0.0,0.0,,0.0,0.0
IND_FUA_07466,Delhi [New Delhi],J,new_built,11646426.935352508,11646426.935352508,3140056.133041395,0.2696154065509838,0.2696154065509838,1125346.831072388,0.3153542667779745
IND_FUA_07466,Delhi [New Delhi],J,stable_built,11646426.935352508,11646426.935352508,7476714.308159965,0.6419749464502749,0.6419749464502749,2072887.125171203,0.5808820724619957
IND_FUA_07466,Delhi [New Delhi],J,absent_both,11646426.935352508,11646426.935352508,1029656.4944657104,0.08840964702575067,0.08840964702575067,370282.3096708858,0.10376366027160018
IND_FUA_07466,Delhi [New Delhi],J,built_loss,11646426.935352508,11646426.935352508,0.0,0.0,0.0,0.0,0.0
IND_FUA_07466,Delhi [New Delhi],J,missing_pair,11646426.935352508,11646426.935352508,0.0,0.0,,0.0,0.0
IND_FUA_07466,Delhi [New Delhi],F,new_built,12328766.28022781,12328766.28022781,3185854.464248833,0.25840821310386336,0.25840821310386336,1142954.1017885644,0.30502929382887956
IND_FUA_07466,Delhi [New Delhi],F,stable_built,12328766.28022781,12328766.28022781,8051759.598825143,0.6530872121193592,0.6530872121193592,2211248.145595453,0.5901334614188871
IND_FUA_07466,Delhi [New Delhi],F,absent_both,12328766.28022781,12328766.28022781,1091152.2178033516,0.0885045748294605,0.0885045748294605,392828.363843233,0.10483724432288868
IND_FUA_07466,Delhi [New Delhi],F,built_loss,12328766.28022781,12328766.28022781,0.0,0.0,0.0,0.0,0.0
IND_FUA_07466,Delhi [New Delhi],F,missing_pair,12328766.28022781,12328766.28022781,0.0,0.0,,0.0,0.0
IND_FUA_07466,Delhi [New Delhi],A,new_built,12654723.455329876,12654723.455329875,3299863.304666853,0.26076139208534244,0.26076139208534244,1184001.2128705669,0.30627872731584166
IND_FUA_07466,Delhi [New Delhi],A,stable_built,12654723.455329876,12654723.455329875,8280441.991854699,0.6543360683529729,0.654336068352973,2292737.2939929334,0.5930877881207774
IND_FUA_07466,Delhi [New Delhi],A,absent_both,12654723.455329876,12654723.455329875,1074418.1591232384,0.08490253958656982,0.08490253958656983,389025.2781663733,0.10063348398234571
IND_FUA_07466,Delhi [New Delhi],A,built_loss,12654723.455329876,12654723.455329875,0.0,0.0,0.0,0.0,0.0
IND_FUA_07466,Delhi [New Delhi],A,missing_pair,12654723.455329876,12654723.455329875,0.0,0.0,,0.0,0.0
IND_FUA_07490,Saharanpur,G,new_built,1511249.0,1511249.0,137846.69056253944,0.091213751382161,0.091213751382161,0.0,
IND_FUA_07490,Saharanpur,G,stable_built,1511249.0,1511249.0,1138411.8235676975,0.7532920276987429,0.7532920276987429,0.0,
IND_FUA_07490,Saharanpur,G,absent_both,1511249.0,1511249.0,234346.70174391463,0.15506822617842236,0.15506822617842236,0.0,
IND_FUA_07490,Saharanpur,G,built_loss,1511249.0,1511249.0,643.783665731491,0.00042599443621235884,0.00042599443621235884,0.0,
IND_FUA_07490,Saharanpur,G,missing_pair,1511249.0,1511249.0,0.0,0.0,,0.0,
IND_FUA_07490,Saharanpur,J,new_built,381463.60978908837,381463.60978908837,36377.86382170121,0.09536391647374849,0.09536391647374849,0.0,
IND_FUA_07490,Saharanpur,J,stable_built,381463.60978908837,381463.60978908837,306361.3248532045,0.8031207092665851,0.8031207092665851,0.0,
IND_FUA_07490,Saharanpur,J,absent_both,381463.60978908837,381463.60978908837,38627.99471895584,0.10126259419689677,0.10126259419689677,0.0,
IND_FUA_07490,Saharanpur,J,built_loss,381463.60978908837,381463.60978908837,96.4260144770445,0.0002527790646409458,0.0002527790646409458,0.0,
IND_FUA_07490,Saharanpur,J,missing_pair,381463.60978908837,381463.60978908837,0.0,0.0,,0.0,
IND_FUA_07490,Saharanpur,F,new_built,400405.09675447963,400405.09675447963,37515.19665200963,0.09369310469844792,0.09369310469844792,0.0,
IND_FUA_07490,Saharanpur,F,stable_built,400405.09675447963,400405.09675447963,322237.326810906,0.8047782843496007,0.8047782843496007,0.0,
IND_FUA_07490,Saharanpur,F,absent_both,400405.09675447963,400405.09675447963,40546.40096883167,0.10126344868605384,0.10126344868605384,0.0,
IND_FUA_07490,Saharanpur,F,built_loss,400405.09675447963,400405.09675447963,106.17195089402486,0.0002651613372422364,0.0002651613372422364,0.0,
IND_FUA_07490,Saharanpur,F,missing_pair,400405.09675447963,400405.09675447963,0.0,0.0,,0.0,
IND_FUA_07490,Saharanpur,A,new_built,418118.8180637818,418118.8180637818,38785.60553378355,0.09276216199354848,0.09276216199354848,0.0,
IND_FUA_07490,Saharanpur,A,stable_built,418118.8180637818,418118.8180637818,336628.0129059665,0.8051013213536247,0.8051013213536247,0.0,
IND_FUA_07490,Saharanpur,A,absent_both,418118.8180637818,418118.8180637818,42606.96294525186,0.10190156746007159,0.10190156746007159,0.0,
IND_FUA_07490,Saharanpur,A,built_loss,418118.8180637818,418118.8180637818,98.23630542314262,0.00023494829981117284,0.00023494829981117284,0.0,
IND_FUA_07490,Saharanpur,A,missing_pair,418118.8180637818,418118.8180637818,0.0,0.0,,0.0,
IND_FUA_07499,Nashik,G,new_built,2715839.0,2715839.0,344468.0800147047,0.12683670866156083,0.12683670866156083,4316.043171648911,0.07259628081056994
IND_FUA_07499,Nashik,G,stable_built,2715839.0,2715839.0,1137913.5084633015,0.4189915191818445,0.4189915191818445,38738.77894017766,0.6515901631088913
IND_FUA_07499,Nashik,G,absent_both,2715839.0,2715839.0,1230201.365861743,0.45297286247886676,0.45297286247886676,15886.033649313958,0.2672046858445029
IND_FUA_07499,Nashik,G,built_loss,2715839.0,2715839.0,3256.044876895845,0.0011989093892884831,0.0011989093892884831,511.82056245102035,0.008608873405249757
IND_FUA_07499,Nashik,G,missing_pair,2715839.0,2715839.0,0.0,0.0,,0.0,0.0
IND_FUA_07499,Nashik,J,new_built,362953.13999732584,362953.13999732584,57652.755901013916,0.15884352426717865,0.15884352426717865,48.948593910246544,0.10116569855897893
IND_FUA_07499,Nashik,J,stable_built,362953.13999732584,362953.13999732584,202454.55508093964,0.5577980537168827,0.5577980537168827,245.93766910938092,0.508297667202433
IND_FUA_07499,Nashik,J,absent_both,362953.13999732584,362953.13999732584,101717.15602723083,0.280248728604415,0.280248728604415,133.56721181453472,0.27605328791607875
IND_FUA_07499,Nashik,J,built_loss,362953.13999732584,362953.13999732584,1128.6725296247841,0.003109692148229107,0.003109692148229107,55.39228842071741,0.11448336111835192
IND_FUA_07499,Nashik,J,missing_pair,362953.13999732584,362953.13999732584,0.0,0.0,,0.0,0.0
IND_FUA_07499,Nashik,F,new_built,380821.0890277038,380821.0890277038,59358.837598170736,0.15587066816526152,0.15587066816526152,127.77660841736825,0.04070070167081427
IND_FUA_07499,Nashik,F,stable_built,380821.0890277038,380821.0890277038,216085.0456338985,0.5674188007434086,0.5674188007434086,2314.1417047932077,0.7371238939378152
IND_FUA_07499,Nashik,F,absent_both,380821.0890277038,380821.0890277038,104193.33124487642,0.2736017889946652,0.2736017889946652,599.3065656575603,0.19089720755863385
IND_FUA_07499,Nashik,F,built_loss,380821.0890277038,380821.0890277038,1183.8741282069293,0.003108740987085422,0.003108740987085422,98.1954173124764,0.03127820056407887
IND_FUA_07499,Nashik,F,missing_pair,380821.0890277038,380821.0890277038,0.0,0.0,,0.0,0.0
IND_FUA_07499,Nashik,A,new_built,391173.1988581123,391173.1988581122,61968.05828410744,0.15841591004956532,0.15841591004956534,138.2882057845782,0.0508025320854162
IND_FUA_07499,Nashik,A,stable_built,391173.1988581123,391173.1988581122,221663.99996727332,0.5666645890217956,0.5666645890217957,2067.327435075459,0.7594680092609499
IND_FUA_07499,Nashik,A,absent_both,391173.1988581123,391173.1988581122,106311.7681098221,0.27177671788394653,0.2717767178839466,398.8784716798536,0.14653481286223594
IND_FUA_07499,Nashik,A,built_loss,391173.1988581123,391173.1988581122,1229.3720814817627,0.0031427819826881464,0.003142781982688147,117.57899707861841,0.04319465089425369
IND_FUA_07499,Nashik,A,missing_pair,391173.1988581123,391173.1988581122,0.0,0.0,,0.0,0.0
IND_FUA_07581,Dehradun,G,new_built,1480118.0,1480118.0,40841.28556579129,0.027593263216710618,0.027593263216710618,0.0,
IND_FUA_07581,Dehradun,G,stable_built,1480118.0,1480118.0,1376191.709270358,0.9297851315032707,0.9297851315032707,0.0,
IND_FUA_07581,Dehradun,G,absent_both,1480118.0,1480118.0,63085.00529946646,0.04262160537164365,0.04262160537164365,0.0,
IND_FUA_07581,Dehradun,G,built_loss,1480118.0,1480118.0,0.0,0.0,0.0,0.0,
IND_FUA_07581,Dehradun,G,missing_pair,1480118.0,1480118.0,0.0,0.0,,0.0,
IND_FUA_07581,Dehradun,J,new_built,217423.1402311474,217423.1402311474,4177.071577782511,0.019211715796863996,0.019211715796863996,0.0,
IND_FUA_07581,Dehradun,J,stable_built,217423.1402311474,217423.1402311474,211626.26145336305,0.9733382621020855,0.9733382621020855,0.0,
IND_FUA_07581,Dehradun,J,absent_both,217423.1402311474,217423.1402311474,1619.807144731157,0.007450021846842538,0.007450021846842538,0.0,
IND_FUA_07581,Dehradun,J,built_loss,217423.1402311474,217423.1402311474,0.0,0.0,0.0,0.0,
IND_FUA_07581,Dehradun,J,missing_pair,217423.1402311474,217423.1402311474,0.0,0.0,,0.0,
IND_FUA_07581,Dehradun,F,new_built,234257.5066061745,234257.50660617452,4348.480072342033,0.018562820612841858,0.018562820612841854,0.0,
IND_FUA_07581,Dehradun,F,stable_built,234257.5066061745,234257.50660617452,227931.1286338488,0.9729939156956819,0.9729939156956818,0.0,
IND_FUA_07581,Dehradun,F,absent_both,234257.5066061745,234257.50660617452,1977.8978516223258,0.008443263485031018,0.008443263485031018,0.0,
IND_FUA_07581,Dehradun,F,built_loss,234257.5066061745,234257.50660617452,0.0,0.0,0.0,0.0,
IND_FUA_07581,Dehradun,F,missing_pair,234257.5066061745,234257.50660617452,0.0,0.0,,0.0,
IND_FUA_07581,Dehradun,A,new_built,240531.3703540573,240531.3703540573,4412.941172926872,0.018346634646579,0.018346634646579,0.0,
IND_FUA_07581,Dehradun,A,stable_built,240531.3703540573,240531.3703540573,234404.4226940875,0.9745274487442073,0.9745274487442073,0.0,
IND_FUA_07581,Dehradun,A,absent_both,240531.3703540573,240531.3703540573,1714.0064604287775,0.0071259164985664645,0.0071259164985664645,0.0,
IND_FUA_07581,Dehradun,A,built_loss,240531.3703540573,240531.3703540573,0.0,0.0,0.0,0.0,
IND_FUA_07581,Dehradun,A,missing_pair,240531.3703540573,240531.3703540573,0.0,0.0,,0.0,
IND_FUA_07601,Kota,G,new_built,2483233.0,2483233.0,623665.0579238106,0.2511504389333625,0.2511504389333625,4073.054132511438,0.08266138668706534
IND_FUA_07601,Kota,G,stable_built,2483233.0,2483233.0,1246616.7060959828,0.5020135871647899,0.5020135871647899,22375.649787420713,0.4541069623132834
IND_FUA_07601,Kota,G,absent_both,2483233.0,2483233.0,612951.2360876797,0.24683597394512707,0.24683597394512707,22825.259265240198,0.4632316490213606
IND_FUA_07601,Kota,G,built_loss,2483233.0,2483233.0,0.0,0.0,0.0,0.0,0.0
IND_FUA_07601,Kota,G,missing_pair,2483233.0,2483233.0,0.0,0.0,,0.0,0.0
IND_FUA_07601,Kota,J,new_built,598993.7281352635,598993.7281352635,198636.28439568123,0.33161663480861286,0.33161663480861286,211.61305234599155,0.0879963756389988
IND_FUA_07601,Kota,J,stable_built,598993.7281352635,598993.7281352635,313209.5314884758,0.5228928397356232,0.5228928397356232,1222.3376975240333,0.5082923099335521
IND_FUA_07601,Kota,J,absent_both,598993.7281352635,598993.7281352635,87147.91226230824,0.14549052547446487,0.14549052547446487,970.8420704573003,0.4037113144534357
IND_FUA_07601,Kota,J,built_loss,598993.7281352635,598993.7281352635,0.0,0.0,0.0,0.0,0.0
IND_FUA_07601,Kota,J,missing_pair,598993.7281352635,598993.7281352635,0.0,0.0,,0.0,0.0
IND_FUA_07601,Kota,F,new_built,618084.7677468554,618084.7677468554,199671.34832521412,0.3230484858138295,0.3230484858138295,346.9196267807447,0.08937787955743369
IND_FUA_07601,Kota,F,stable_built,618084.7677468554,618084.7677468554,327952.94892458123,0.5305954232136951,0.5305954232136951,2233.7774285984933,0.5754943639944887
IND_FUA_07601,Kota,F,absent_both,618084.7677468554,618084.7677468554,90460.4705189478,0.14635609100788755,0.14635609100788755,1300.796084543885,0.3351277552440791
IND_FUA_07601,Kota,F,built_loss,618084.7677468554,618084.7677468554,0.0,0.0,0.0,0.0,0.0
IND_FUA_07601,Kota,F,missing_pair,618084.7677468554,618084.7677468554,0.0,0.0,,0.0,0.0
IND_FUA_07601,Kota,A,new_built,634385.8898326749,634385.8898326748,208057.6082151744,0.327966954419575,0.3279669544195751,347.7142617956265,0.08969769680493313
IND_FUA_07601,Kota,A,stable_built,634385.8898326749,634385.8898326748,336455.33900754096,0.5303638438368863,0.5303638438368864,2339.575965691211,0.6035259368970709
IND_FUA_07601,Kota,A,absent_both,634385.8898326749,634385.8898326748,89872.94271003128,0.14166920190128454,0.14166920190128457,1189.2224843184345,0.30677636655208934
IND_FUA_07601,Kota,A,built_loss,634385.8898326749,634385.8898326748,0.0,0.0,0.0,0.0,0.0
IND_FUA_07601,Kota,A,missing_pair,634385.8898326749,634385.8898326748,0.0,0.0,,0.0,0.0
IND_FUA_07617,Pune,G,new_built,13965327.0,13965327.0,3875752.467486023,0.27752679672205477,0.27752679672205477,159443.46859333772,0.20408593478130096
IND_FUA_07617,Pune,G,stable_built,13965327.0,13965327.0,6282294.60987168,0.4498494456930138,0.4498494456930138,409917.4498072608,0.5246899522767751
IND_FUA_07617,Pune,G,absent_both,13965327.0,13965327.0,3807279.922086872,0.27262375754515966,0.27262375754515966,211895.60686003912,0.27122411086263276
IND_FUA_07617,Pune,G,built_loss,13965327.0,13965327.0,0.0,0.0,0.0,0.0,0.0
IND_FUA_07617,Pune,G,missing_pair,13965327.0,13965327.0,0.0,0.0,,0.0,0.0
IND_FUA_07617,Pune,J,new_built,3412267.447482884,3412267.447482884,1102010.7714356345,0.3229555679313915,0.3229555679313915,33853.92563998932,0.31633756354299475
IND_FUA_07617,Pune,J,stable_built,3412267.447482884,3412267.447482884,1726752.6904749733,0.5060425998403909,0.5060425998403909,60582.729141749274,0.5660966215051979
IND_FUA_07617,Pune,J,absent_both,3412267.447482884,3412267.447482884,583503.9849884401,0.17100183205711836,0.17100183205711836,12581.700225481125,0.11756581605578023
IND_FUA_07617,Pune,J,built_loss,3412267.447482884,3412267.447482884,0.0,0.0,0.0,0.0,0.0
IND_FUA_07617,Pune,J,missing_pair,3412267.447482884,3412267.447482884,0.0,0.0,,0.0,0.0
IND_FUA_07617,Pune,F,new_built,3485494.2683609575,3485494.2683609575,1117453.3589338772,0.3206011179181643,0.3206011179181643,34733.06643861289,0.3007070735256253
IND_FUA_07617,Pune,F,stable_built,3485494.2683609575,3485494.2683609575,1775883.669596478,0.5095069831893833,0.5095069831893833,67600.42494742035,0.585261482482549
IND_FUA_07617,Pune,F,absent_both,3485494.2683609575,3485494.2683609575,592157.2393046605,0.16989189874155797,0.16989189874155797,13171.162547519503,0.11403144469247972
IND_FUA_07617,Pune,F,built_loss,3485494.2683609575,3485494.2683609575,0.0,0.0,0.0,0.0,0.0
IND_FUA_07617,Pune,F,missing_pair,3485494.2683609575,3485494.2683609575,0.0,0.0,,0.0,0.0
IND_FUA_07617,Pune,A,new_built,3542754.9845224796,3542754.984522479,1142147.9176470335,0.3223897567392686,0.3223897567392686,33781.906703692024,0.3078558599701817
IND_FUA_07617,Pune,A,stable_built,3542754.9845224796,3542754.984522479,1810013.3961560025,0.5109056099175796,0.5109056099175796,64015.71869097049,0.5833777916112743
IND_FUA_07617,Pune,A,absent_both,3542754.9845224796,3542754.984522479,590593.6701351348,0.16670463317822123,0.16670463317822126,11935.243581203407,0.10876634965791905
IND_FUA_07617,Pune,A,built_loss,3542754.9845224796,3542754.984522479,0.0,0.0,0.0,0.0,0.0
IND_FUA_07617,Pune,A,missing_pair,3542754.9845224796,3542754.984522479,0.0,0.0,,0.0,0.0
IND_FUA_07631,Haridwar,G,new_built,1895887.0,1895887.0,160405.70902141766,0.0846072097236901,0.0846072097236901,8152.052168251976,0.06555783523484433
IND_FUA_07631,Haridwar,G,stable_built,1895887.0,1895887.0,1602518.51023803,0.8452605615408672,0.8452605615408672,77471.77878115582,0.6230188428460922
IND_FUA_07631,Haridwar,G,absent_both,1895887.0,1895887.0,132217.60368670887,0.06973917943775598,0.06973917943775598,38725.18330822483,0.311423324380433
IND_FUA_07631,Haridwar,G,built_loss,1895887.0,1895887.0,745.176921455306,0.00039304922785762336,0.00039304922785762336,0.0,0.0
IND_FUA_07631,Haridwar,G,missing_pair,1895887.0,1895887.0,0.0,0.0,,0.0,0.0
IND_FUA_07631,Haridwar,J,new_built,438219.26841124706,438219.26841124706,39797.021241713766,0.09081531578015012,0.09081531578015012,553.4124264189805,0.08054997978770272
IND_FUA_07631,Haridwar,J,stable_built,438219.26841124706,438219.26841124706,390818.7758421681,0.8918338466929392,0.8918338466929392,4122.861119050414,0.600088404150851
IND_FUA_07631,Haridwar,J,absent_both,438219.26841124706,438219.26841124706,7475.556649922795,0.017058941011483218,0.017058941011483218,2194.149379965701,0.31936161851492534
IND_FUA_07631,Haridwar,J,built_loss,438219.26841124706,438219.26841124706,127.91459803343108,0.0002918963342191279,0.0002918963342191279,0.0,0.0
IND_FUA_07631,Haridwar,J,missing_pair,438219.26841124706,438219.26841124706,0.0,0.0,,0.0,0.0
IND_FUA_07631,Haridwar,F,new_built,465208.86466916685,465208.86466916685,40499.132535825134,0.08705580570702598,0.08705580570702598,647.9226498599804,0.06308474092896252
IND_FUA_07631,Haridwar,F,stable_built,465208.86466916685,465208.86466916685,415820.52278260764,0.8938361978083076,0.8938361978083076,7019.872920663135,0.6834872413396491
IND_FUA_07631,Haridwar,F,absent_both,465208.86466916685,465208.86466916685,8743.368883711979,0.018794501884502615,0.018794501884502615,2602.8759261714745,0.2534280187739165
IND_FUA_07631,Haridwar,F,built_loss,465208.86466916685,465208.86466916685,145.84037827947844,0.00031349440940510193,0.00031349440940510193,0.0,0.0
IND_FUA_07631,Haridwar,F,missing_pair,465208.86466916685,465208.86466916685,0.0,0.0,,0.0,0.0
IND_FUA_07631,Haridwar,A,new_built,481288.68158247595,481288.68158247595,43526.55342057445,0.0904375172037274,0.0904375172037274,618.4993803913874,0.06346760218068655
IND_FUA_07631,Haridwar,A,stable_built,481288.68158247595,481288.68158247595,429157.94730729767,0.8916851023718809,0.8916851023718809,7042.2314392453945,0.7226418612861301
IND_FUA_07631,Haridwar,A,absent_both,481288.68158247595,481288.68158247595,8392.760420223041,0.01743810054420492,0.01743810054420492,2084.3888874299087,0.21389053714739573
IND_FUA_07631,Haridwar,A,built_loss,481288.68158247595,481288.68158247595,211.42032044578832,0.0004392796434577245,0.0004392796434577245,0.0,0.0
IND_FUA_07631,Haridwar,A,missing_pair,481288.68158247595,481288.68158247595,0.0,0.0,,0.0,0.0
IND_FUA_07643,Meerut,G,new_built,6166678.0,6166678.0,668407.0597504658,0.10839013481009804,0.10839013481009804,110690.08981749602,0.15042055098081691
IND_FUA_07643,Meerut,G,stable_built,6166678.0,6166678.0,4653916.892754836,0.7546878388582695,0.7546878388582695,521072.1006329364,0.7081027091690822
IND_FUA_07643,Meerut,G,absent_both,6166678.0,6166678.0,844354.0501555359,0.1369220267631188,0.1369220267631188,104108.60161278477,0.1414767414341927
IND_FUA_07643,Meerut,G,built_loss,6166678.0,6166678.0,0.0,0.0,0.0,0.0,0.0
IND_FUA_07643,Meerut,G,missing_pair,6166678.0,6166678.0,0.0,0.0,,0.0,0.0
IND_FUA_07643,Meerut,J,new_built,1258958.8204901312,1258958.8204901312,159012.70508238362,0.12630492951348293,0.12630492951348293,27718.887982624216,0.15517422687315657
IND_FUA_07643,Meerut,J,stable_built,1258958.8204901312,1258958.8204901312,1027697.5499109341,0.8163075179145545,0.8163075179145545,142389.0011646952,0.7971136210378656
IND_FUA_07643,Meerut,J,absent_both,1258958.8204901312,1258958.8204901312,72248.5662631683,0.057387553180683754,0.057387553180683754,8522.857761923591,0.0477121544264478
IND_FUA_07643,Meerut,J,built_loss,1258958.8204901312,1258958.8204901312,0.0,0.0,0.0,0.0,0.0
IND_FUA_07643,Meerut,J,missing_pair,1258958.8204901312,1258958.8204901312,0.0,0.0,,0.0,0.0
IND_FUA_07643,Meerut,F,new_built,1351243.2064958126,1351243.2064958126,164195.1123491226,0.12151410757130153,0.12151410757130153,28638.161703557304,0.15253485684300044
IND_FUA_07643,Meerut,F,stable_built,1351243.2064958126,1351243.2064958126,1105881.5413009573,0.8184178362449249,0.8184178362449249,149722.39167531417,0.7974633224292769
IND_FUA_07643,Meerut,F,absent_both,1351243.2064958126,1351243.2064958126,81166.55355405464,0.06006805670797367,0.06006805670797367,9387.757787288903,0.05000182291669244
IND_FUA_07643,Meerut,F,built_loss,1351243.2064958126,1351243.2064958126,0.0,0.0,0.0,0.0,0.0
IND_FUA_07643,Meerut,F,missing_pair,1351243.2064958126,1351243.2064958126,0.0,0.0,,0.0,0.0
IND_FUA_07643,Meerut,A,new_built,1385253.870708628,1385253.870708628,168155.11979526514,0.12138938814821373,0.12138938814821373,28379.98607098325,0.1490191136515649
IND_FUA_07643,Meerut,A,stable_built,1385253.870708628,1385253.870708628,1140532.4821949534,0.8233382387962668,0.8233382387962668,153245.84058087412,0.8046712664704166
IND_FUA_07643,Meerut,A,absent_both,1385253.870708628,1385253.870708628,76566.26945055625,0.055272373584048316,0.055272373584048316,8819.448670952837,0.0463096218776731
IND_FUA_07643,Meerut,A,built_loss,1385253.870708628,1385253.870708628,0.0,0.0,0.0,0.0,0.0
IND_FUA_07643,Meerut,A,missing_pair,1385253.870708628,1385253.870708628,0.0,0.0,,0.0,0.0
IND_FUA_07839,Indore,G,new_built,5101697.0,5101697.0,1189082.1577610022,0.23307580943380254,0.23307580943380254,426.0619823501911,0.05361968063808093
IND_FUA_07839,Indore,G,stable_built,5101697.0,5101697.0,2397135.8776597837,0.46987029564080024,0.46987029564080024,3914.1411529630423,0.49259264447055656
IND_FUA_07839,Indore,G,absent_both,5101697.0,5101697.0,1515478.9657089536,0.29705389514684105,0.29705389514684105,3605.796871639788,0.45378767576639667
IND_FUA_07839,Indore,G,built_loss,5101697.0,5101697.0,0.0,0.0,0.0,0.0,0.0
IND_FUA_07839,Indore,G,missing_pair,5101697.0,5101697.0,0.0,0.0,,0.0,0.0
IND_FUA_07839,Indore,J,new_built,977500.5099102408,977500.5099102408,366230.59957374027,0.3746602644814676,0.3746602644814676,14.381295129565414,0.08067595312958217
IND_FUA_07839,Indore,J,stable_built,977500.5099102408,977500.5099102408,431272.4784143143,0.441199236258113,0.441199236258113,101.75851892323702,0.570843267537814
IND_FUA_07839,Indore,J,absent_both,977500.5099102408,977500.5099102408,179997.43209433882,0.18414049943653443,0.18414049943653443,62.120183062325765,0.3484807822929855
IND_FUA_07839,Indore,J,built_loss,977500.5099102408,977500.5099102408,0.0,0.0,0.0,0.0,0.0
IND_FUA_07839,Indore,J,missing_pair,977500.5099102408,977500.5099102408,0.0,0.0,,0.0,0.0
IND_FUA_07839,Indore,F,new_built,1052888.0238688542,1052888.023868854,374407.1902319724,0.3556001984486509,0.35560019844865093,27.228301637216408,0.07769416489618987
IND_FUA_07839,Indore,F,stable_built,1052888.0238688542,1052888.023868854,484329.6205150237,0.4600010727972255,0.46000107279722563,214.62108815694646,0.6124071356207508
IND_FUA_07839,Indore,F,absent_both,1052888.0238688542,1052888.023868854,194151.21329794527,0.18439872892136572,0.18439872892136575,108.60552264879752,0.309898703846414
IND_FUA_07839,Indore,F,built_loss,1052888.0238688542,1052888.023868854,0.0,0.0,0.0,0.0,0.0
IND_FUA_07839,Indore,F,missing_pair,1052888.0238688542,1052888.023868854,0.0,0.0,,0.0,0.0
IND_FUA_07839,Indore,A,new_built,1079292.6680250608,1079292.6680250606,387923.4784332652,0.35942380591087064,0.3594238059108707,19.641579160251307,0.07377471081321128
IND_FUA_07839,Indore,A,stable_built,1079292.6680250608,1079292.6680250606,497263.6255009807,0.4607310326780006,0.4607310326780007,169.34717986874716,0.6360761077262509
IND_FUA_07839,Indore,A,absent_both,1079292.6680250608,1079292.6680250606,194105.56436259343,0.1798451616629405,0.17984516166294054,77.24853345052841,0.29014918655779276
IND_FUA_07839,Indore,A,built_loss,1079292.6680250608,1079292.6680250606,0.0,0.0,0.0,0.0,0.0
IND_FUA_07839,Indore,A,missing_pair,1079292.6680250608,1079292.6680250606,0.0,0.0,,0.0,0.0
IND_FUA_07881,Kolhapur,G,new_built,507716.0,507716.0,51303.965282820835,0.10104854935204097,0.10104854935204097,1861.536179348792,0.05865438019545336
IND_FUA_07881,Kolhapur,G,stable_built,507716.0,507716.0,278323.70577679004,0.5481877777670785,0.5481877777670785,17099.88735796908,0.5387933393508427
IND_FUA_07881,Kolhapur,G,absent_both,507716.0,507716.0,178088.32893110462,0.3507636728625937,0.3507636728625937,12775.953369474946,0.40255227623602363
IND_FUA_07881,Kolhapur,G,built_loss,507716.0,507716.0,0.0,0.0,0.0,0.0,0.0
IND_FUA_07881,Kolhapur,G,missing_pair,507716.0,507716.0,0.0,0.0,,0.0,0.0
IND_FUA_07881,Kolhapur,J,new_built,40531.52987848967,40531.52987848967,6038.848967226022,0.14899138979777016,0.14899138979777016,59.21986268000332,0.08097920928588347
IND_FUA_07881,Kolhapur,J,stable_built,40531.52987848967,40531.52987848967,25627.423670673536,0.6322836504692156,0.6322836504692156,495.2841758422562,0.677268050218892
IND_FUA_07881,Kolhapur,J,absent_both,40531.52987848967,40531.52987848967,8865.257248684624,0.21872495993272312,0.21872495993272312,176.793082350902,0.2417527391670967
IND_FUA_07881,Kolhapur,J,built_loss,40531.52987848967,40531.52987848967,0.0,0.0,0.0,0.0,0.0
IND_FUA_07881,Kolhapur,J,missing_pair,40531.52987848967,40531.52987848967,0.0,0.0,,0.0,0.0
IND_FUA_07881,Kolhapur,F,new_built,42637.06921324575,42637.069213245755,6271.159908521337,0.14708233995063433,0.14708233995063433,130.67045204050447,0.12007711970598169
IND_FUA_07881,Kolhapur,F,stable_built,42637.06921324575,42637.069213245755,26882.225431442734,0.6304895230249885,0.6304895230249884,759.6668166583065,0.6980813325132302
IND_FUA_07881,Kolhapur,F,absent_both,42637.06921324575,42637.069213245755,9483.683883160384,0.22242813725607005,0.22242813725607,197.8838028272547,0.18184154649283485
IND_FUA_07881,Kolhapur,F,built_loss,42637.06921324575,42637.069213245755,0.0,0.0,0.0,0.0,0.0
IND_FUA_07881,Kolhapur,F,missing_pair,42637.06921324575,42637.069213245755,0.0,0.0,,0.0,0.0
IND_FUA_07881,Kolhapur,A,new_built,42940.576315618135,42940.57631561813,6353.896359611802,0.14796951752370388,0.1479695175237039,136.58414629266002,0.12373869739782335
IND_FUA_07881,Kolhapur,A,stable_built,42940.576315618135,42940.57631561813,27235.725653386868,0.6342654894336112,0.6342654894336113,756.2710747516784,0.6851453862654742
IND_FUA_07881,Kolhapur,A,absent_both,42940.576315618135,42940.57631561813,9350.954295853258,0.21776499288511356,0.21776499288511358,210.95586654779962,0.19111591530631816
IND_FUA_07881,Kolhapur,A,built_loss,42940.576315618135,42940.57631561813,0.0,0.0,0.0,0.0,0.0
IND_FUA_07881,Kolhapur,A,missing_pair,42940.576315618135,42940.57631561813,0.0,0.0,,0.0,0.0
IND_FUA_07895,Aligarh,G,new_built,3411737.0,3411737.0,338074.2631604362,0.0990915369972645,0.0990915369972645,108106.12597666809,0.12621337931442042
IND_FUA_07895,Aligarh,G,stable_built,3411737.0,3411737.0,2368854.8585689254,0.6943251659107738,0.6943251659107738,565786.8828499513,0.6605534497802319
IND_FUA_07895,Aligarh,G,absent_both,3411737.0,3411737.0,704807.8799604505,0.20658329758725555,0.20658329758725555,182641.58946132436,0.21323317250537605
IND_FUA_07895,Aligarh,G,built_loss,3411737.0,3411737.0,0.0,0.0,0.0,0.0,0.0
IND_FUA_07895,Aligarh,G,missing_pair,3411737.0,3411737.0,0.0,0.0,,0.0,0.0
IND_FUA_07895,Aligarh,J,new_built,730347.7593612149,730347.7593612149,70153.9685731757,0.09605556760321216,0.09605556760321216,20345.364840560316,0.13109471510600007
IND_FUA_07895,Aligarh,J,stable_built,730347.7593612149,730347.7593612149,567760.1282217057,0.7773832683738039,0.7773832683738039,117362.99124109841,0.7562247234842927
IND_FUA_07895,Aligarh,J,absent_both,730347.7593612149,730347.7593612149,92433.66270864046,0.12656116421783212,0.12656116421783212,17487.563473507103,0.11268056235035645
IND_FUA_07895,Aligarh,J,built_loss,730347.7593612149,730347.7593612149,0.0,0.0,0.0,0.0,0.0
IND_FUA_07895,Aligarh,J,missing_pair,730347.7593612149,730347.7593612149,0.0,0.0,,0.0,0.0
IND_FUA_07895,Aligarh,F,new_built,769794.0975197238,769794.0975197239,72232.33380313564,0.09383331729337518,0.09383331729337517,20978.810419738475,0.12774228425231612
IND_FUA_07895,Aligarh,F,stable_built,769794.0975197238,769794.0975197239,600505.4545286441,0.7800858131589634,0.7800858131589633,124830.77150616646,0.760108298713318
IND_FUA_07895,Aligarh,F,absent_both,769794.0975197238,769794.0975197239,97056.30935446544,0.1260808697639808,0.12608086976398078,18418.03120919848,0.11214941796126837
IND_FUA_07895,Aligarh,F,built_loss,769794.0975197238,769794.0975197239,0.0,0.0,0.0,0.0,0.0
IND_FUA_07895,Aligarh,F,missing_pair,769794.0975197238,769794.0975197239,0.0,0.0,,0.0,0.0
IND_FUA_07895,Aligarh,A,new_built,794083.4588044955,794083.4588044956,73676.90795369806,0.09278232298733402,0.092782322987334,21844.950494395227,0.1300619605888614
IND_FUA_07895,Aligarh,A,stable_built,794083.4588044955,794083.4588044956,624338.7189377665,0.7862381617641523,0.7862381617641522,128723.55308097997,0.7664030958537599
IND_FUA_07895,Aligarh,A,absent_both,794083.4588044955,794083.4588044956,96067.83196257117,0.12097951531090036,0.12097951531090033,17389.525170627807,0.10353494451642255
IND_FUA_07895,Aligarh,A,built_loss,794083.4588044955,794083.4588044956,0.0,0.0,0.0,0.0,0.0
IND_FUA_07895,Aligarh,A,missing_pair,794083.4588044955,794083.4588044956,0.0,0.0,,0.0,0.0
IND_FUA_07933,Moradabad,G,new_built,2369126.0,2369126.0,359472.0060612872,0.15173190706669346,0.15173190706669346,110464.95566330734,0.18953514337299382
IND_FUA_07933,Moradabad,G,stable_built,2369126.0,2369126.0,1694741.693681257,0.7153446856272132,0.7153446856272132,412213.1683284641,0.7072730124249097
IND_FUA_07933,Moradabad,G,absent_both,2369126.0,2369126.0,314912.2990341454,0.13292340678973824,0.13292340678973824,60142.31641939027,0.10319184484242253
IND_FUA_07933,Moradabad,G,built_loss,2369126.0,2369126.0,0.0,0.0,0.0,0.0,0.0
IND_FUA_07933,Moradabad,G,missing_pair,2369126.0,2369126.0,0.0,0.0,,0.0,0.0
IND_FUA_07933,Moradabad,J,new_built,539191.139396444,539191.139396444,84075.30545975904,0.15592857396334567,0.15592857396334567,26550.814400074665,0.21436836705774695
IND_FUA_07933,Moradabad,J,stable_built,539191.139396444,539191.139396444,424090.63817675586,0.7865311708413301,0.7865311708413301,91731.16243343288,0.7406273571445947
IND_FUA_07933,Moradabad,J,absent_both,539191.139396444,539191.139396444,31025.195461669668,0.05754025464216351,0.05754025464216351,5574.051128586834,0.045004278223879673
IND_FUA_07933,Moradabad,J,built_loss,539191.139396444,539191.139396444,0.0,0.0,0.0,0.0,0.0
IND_FUA_07933,Moradabad,J,missing_pair,539191.139396444,539191.139396444,0.0,0.0,,0.0,0.0
IND_FUA_07933,Moradabad,F,new_built,568803.6139750853,568803.6139750853,87042.19615435788,0.1530267987329815,0.1530267987329815,27364.588835583265,0.2068918416838006
IND_FUA_07933,Moradabad,F,stable_built,568803.6139750853,568803.6139750853,448291.1499797684,0.7881299256291371,0.7881299256291371,98557.92726077227,0.7451539362069355
IND_FUA_07933,Moradabad,F,absent_both,568803.6139750853,568803.6139750853,33470.2675261525,0.058843275084427576,0.058843275084427576,6342.674590009301,0.0479542241622027
IND_FUA_07933,Moradabad,F,built_loss,568803.6139750853,568803.6139750853,0.0,0.0,0.0,0.0,0.0
IND_FUA_07933,Moradabad,F,missing_pair,568803.6139750853,568803.6139750853,0.0,0.0,,0.0,0.0
IND_FUA_07933,Moradabad,A,new_built,592006.7573263464,592006.7573263462,89598.61761443269,0.15134728870170827,0.1513472887017083,28578.172662569912,0.21043408898634686
IND_FUA_07933,Moradabad,A,stable_built,592006.7573263464,592006.7573263462,470504.51836096274,0.7947620741457095,0.7947620741457097,101694.70585113052,0.7488243924198041
IND_FUA_07933,Moradabad,A,absent_both,592006.7573263464,592006.7573263462,31903.62110232911,0.05389063673261773,0.053890636732617736,5532.93542650355,0.04074152114776456
IND_FUA_07933,Moradabad,A,built_loss,592006.7573263464,592006.7573263462,0.0,0.0,0.0,0.0,0.0
IND_FUA_07933,Moradabad,A,missing_pair,592006.7573263464,592006.7573263462,0.0,0.0,,0.0,0.0
IND_FUA_07957,Agra,G,new_built,3999577.0,3999577.0,551453.0168720379,0.13787783479903948,0.13787783479903948,25690.899270841655,0.06505061468510825
IND_FUA_07957,Agra,G,stable_built,3999577.0,3999577.0,2616544.328670786,0.6542052643744042,0.6542052643744042,245885.51140146662,0.6225941525130423
IND_FUA_07957,Agra,G,absent_both,3999577.0,3999577.0,831579.6545339545,0.20791690084575304,0.20791690084575304,123360.6613224326,0.3123552337497762
IND_FUA_07957,Agra,G,built_loss,3999577.0,3999577.0,0.0,0.0,0.0,0.0,0.0
IND_FUA_07957,Agra,G,missing_pair,3999577.0,3999577.0,0.0,0.0,,0.0,0.0
IND_FUA_07957,Agra,J,new_built,632907.5192539915,632907.5192539915,107664.44085768091,0.17011085756191527,0.17011085756191527,2555.1158822095917,0.046724030756160134
IND_FUA_07957,Agra,J,stable_built,632907.5192539915,632907.5192539915,457098.983890756,0.7222208142345011,0.7222208142345011,38240.791534658565,0.6992888002637877
IND_FUA_07957,Agra,J,absent_both,632907.5192539915,632907.5192539915,68144.09438754935,0.10766832801713407,0.10766832801713407,13889.355070441768,0.2539871706066584
IND_FUA_07957,Agra,J,built_loss,632907.5192539915,632907.5192539915,0.0,0.0,0.0,0.0,0.0
IND_FUA_07957,Agra,J,missing_pair,632907.5192539915,632907.5192539915,0.0,0.0,,0.0,0.0
IND_FUA_07957,Agra,F,new_built,691709.3857448354,691709.3857448354,111417.50449437645,0.16107560023116016,0.16107560023116016,3281.9987037139476,0.05199712913461335
IND_FUA_07957,Agra,F,stable_built,691709.3857448354,691709.3857448354,506927.8883101434,0.7328625268894992,0.7328625268894992,44572.22120596929,0.7061634543733009
IND_FUA_07957,Agra,F,absent_both,691709.3857448354,691709.3857448354,73363.99279720802,0.106061872672451,0.106061872672451,15264.624594801458,0.24183941795866876
IND_FUA_07957,Agra,F,built_loss,691709.3857448354,691709.3857448354,0.0,0.0,0.0,0.0,0.0
IND_FUA_07957,Agra,F,missing_pair,691709.3857448354,691709.3857448354,0.0,0.0,,0.0,0.0
IND_FUA_07957,Agra,A,new_built,704131.4169257482,704131.4169257482,113730.80953151763,0.16151929426479592,0.16151929426479592,2970.4252074960577,0.047242116020391106
IND_FUA_07957,Agra,A,stable_built,704131.4169257482,704131.4169257482,519352.52489332657,0.7375789695066157,0.7375789695066157,44327.03774158706,0.7049842744882815
IND_FUA_07957,Agra,A,absent_both,704131.4169257482,704131.4169257482,71048.08240830095,0.10090173609707445,0.10090173609707445,15579.170536282832,0.24777361171027198
IND_FUA_07957,Agra,A,built_loss,704131.4169257482,704131.4169257482,0.0,0.0,0.0,0.0,0.0
IND_FUA_07957,Agra,A,missing_pair,704131.4169257482,704131.4169257482,0.0,0.0,,0.0,0.0
IND_FUA_07961,Aurangabad,G,new_built,2253337.0,2253337.0,559871.0857595397,0.2484630952935756,0.2484630952935756,0.0,
IND_FUA_07961,Aurangabad,G,stable_built,2253337.0,2253337.0,878018.2798320046,0.3896524487158399,0.3896524487158399,0.0,
IND_FUA_07961,Aurangabad,G,absent_both,2253337.0,2253337.0,815447.6346049968,0.3618844560778067,0.3618844560778067,0.0,
IND_FUA_07961,Aurangabad,G,built_loss,2253337.0,2253337.0,0.0,0.0,0.0,0.0,
IND_FUA_07961,Aurangabad,G,missing_pair,2253337.0,2253337.0,0.0,0.0,,0.0,
IND_FUA_07961,Aurangabad,J,new_built,605448.6694584861,605448.6694584861,209081.94548238898,0.34533389208599974,0.34533389208599974,0.0,
IND_FUA_07961,Aurangabad,J,stable_built,605448.6694584861,605448.6694584861,256729.74212131914,0.4240322178772619,0.4240322178772619,0.0,
IND_FUA_07961,Aurangabad,J,absent_both,605448.6694584861,605448.6694584861,139636.98177873038,0.2306338899111329,0.2306338899111329,0.0,
IND_FUA_07961,Aurangabad,J,built_loss,605448.6694584861,605448.6694584861,0.0,0.0,0.0,0.0,
IND_FUA_07961,Aurangabad,J,missing_pair,605448.6694584861,605448.6694584861,0.0,0.0,,0.0,
IND_FUA_07961,Aurangabad,F,new_built,617944.9652014668,617944.9652014668,210744.5447410344,0.3410409609411187,0.3410409609411187,0.0,
IND_FUA_07961,Aurangabad,F,stable_built,617944.9652014668,617944.9652014668,264212.87104327476,0.4275669937000526,0.4275669937000526,0.0,
IND_FUA_07961,Aurangabad,F,absent_both,617944.9652014668,617944.9652014668,142987.54935040217,0.23139204525080054,0.23139204525080054,0.0,
IND_FUA_07961,Aurangabad,F,built_loss,617944.9652014668,617944.9652014668,0.0,0.0,0.0,0.0,
IND_FUA_07961,Aurangabad,F,missing_pair,617944.9652014668,617944.9652014668,0.0,0.0,,0.0,
IND_FUA_07961,Aurangabad,A,new_built,632913.1194405303,632913.1194405303,214953.97551348366,0.33962635456742357,0.33962635456742357,0.0,
IND_FUA_07961,Aurangabad,A,stable_built,632913.1194405303,632913.1194405303,272559.98538760375,0.43064360180831107,0.43064360180831107,0.0,
IND_FUA_07961,Aurangabad,A,absent_both,632913.1194405303,632913.1194405303,145399.15852537955,0.22973004360204533,0.22973004360204533,0.0,
IND_FUA_07961,Aurangabad,A,built_loss,632913.1194405303,632913.1194405303,0.0,0.0,0.0,0.0,
IND_FUA_07961,Aurangabad,A,missing_pair,632913.1194405303,632913.1194405303,0.0,0.0,,0.0,
IND_FUA_07996,Sangli,G,new_built,948177.0,948177.0,176888.33775838336,0.18655624188140332,0.18655624188140332,37743.08506451332,0.15452749107790967
IND_FUA_07996,Sangli,G,stable_built,948177.0,948177.0,400617.0506394546,0.4225129386596117,0.4225129386596117,93834.4535896157,0.3841764038388853
IND_FUA_07996,Sangli,G,absent_both,948177.0,948177.0,370671.6113465681,0.39093081918942146,0.39093081918942146,112670.81376766284,0.4612961060142169
IND_FUA_07996,Sangli,G,built_loss,948177.0,948177.0,0.0,0.0,0.0,0.0,0.0
IND_FUA_07996,Sangli,G,missing_pair,948177.0,948177.0,0.0,0.0,,0.0,0.0
IND_FUA_07996,Sangli,J,new_built,109030.67983255535,109030.67983255535,25259.16710080248,0.23167027060268197,0.23167027060268197,5121.680441779167,0.2025284912100818
IND_FUA_07996,Sangli,J,stable_built,109030.67983255535,109030.67983255535,53827.5936596161,0.49369217675504007,0.49369217675504007,11720.789778326569,0.4634794959543438
IND_FUA_07996,Sangli,J,absent_both,109030.67983255535,109030.67983255535,29943.919037893214,0.27463755232820525,0.27463755232820525,8446.220856948308,0.33399201415046453
IND_FUA_07996,Sangli,J,built_loss,109030.67983255535,109030.67983255535,0.0,0.0,0.0,0.0,0.0
IND_FUA_07996,Sangli,J,missing_pair,109030.67983255535,109030.67983255535,0.0,0.0,,0.0,0.0
IND_FUA_07996,Sangli,F,new_built,111741.18527782056,111741.18527782055,25697.55137431366,0.2299738570914761,0.22997385709147614,5180.001495362218,0.19411827099123205
IND_FUA_07996,Sangli,F,stable_built,111741.18527782056,111741.18527782055,55934.10908745532,0.5005684246894923,0.5005684246894923,12542.978374513517,0.47004258151680717
IND_FUA_07996,Sangli,F,absent_both,111741.18527782056,111741.18527782055,30109.52476959125,0.26945771780324645,0.2694577178032465,8961.790591126866,0.3358391490992015
IND_FUA_07996,Sangli,F,built_loss,111741.18527782056,111741.18527782055,0.0,0.0,0.0,0.0,0.0
IND_FUA_07996,Sangli,F,missing_pair,111741.18527782056,111741.18527782055,0.0,0.0,,0.0,0.0
IND_FUA_07996,Sangli,A,new_built,115147.4914604796,115147.49146047962,26766.75652480354,0.23245627138990085,0.23245627138990083,5490.5962520711655,0.20214746775732123
IND_FUA_07996,Sangli,A,stable_built,115147.4914604796,115147.49146047962,57597.673456160745,0.500207800670405,0.5002078006704049,12992.105752245352,0.4783307965252449
IND_FUA_07996,Sangli,A,absent_both,115147.4914604796,115147.49146047962,30783.061438864897,0.26733592758666497,0.2673359275866649,8678.638780118417,0.3195217372465956
IND_FUA_07996,Sangli,A,built_loss,115147.4914604796,115147.49146047962,0.0,0.0,0.0,0.0,0.0
IND_FUA_07996,Sangli,A,missing_pair,115147.4914604796,115147.49146047962,0.0,0.0,,0.0,0.0
IND_FUA_08144,Gwalior,G,new_built,2023495.0,2023495.0,496673.1534928449,0.24545311626312144,0.24545311626312144,0.0,0.0
IND_FUA_08144,Gwalior,G,stable_built,2023495.0,2023495.0,1202270.1883740635,0.5941552553251002,0.5941552553251002,0.0,0.0
IND_FUA_08144,Gwalior,G,absent_both,2023495.0,2023495.0,324551.6575182251,0.16039162810791482,0.16039162810791482,272.0,1.0
IND_FUA_08144,Gwalior,G,built_loss,2023495.0,2023495.0,0.0,0.0,0.0,0.0,0.0
IND_FUA_08144,Gwalior,G,missing_pair,2023495.0,2023495.0,0.0,0.0,,0.0,0.0
IND_FUA_08144,Gwalior,J,new_built,478261.4599872548,478261.4599872548,135102.11589578225,0.28248589359339676,0.28248589359339676,0.0,
IND_FUA_08144,Gwalior,J,stable_built,478261.4599872548,478261.4599872548,307988.5153085032,0.6439751915546588,0.6439751915546588,0.0,
IND_FUA_08144,Gwalior,J,absent_both,478261.4599872548,478261.4599872548,35170.82839181765,0.07353891403408278,0.07353891403408278,0.0,
IND_FUA_08144,Gwalior,J,built_loss,478261.4599872548,478261.4599872548,0.0,0.0,0.0,0.0,
IND_FUA_08144,Gwalior,J,missing_pair,478261.4599872548,478261.4599872548,0.0,0.0,,0.0,
IND_FUA_08144,Gwalior,F,new_built,490904.9437334889,490904.943733489,135525.61543247546,0.2760730303544305,0.27607303035443037,0.0,
IND_FUA_08144,Gwalior,F,stable_built,490904.9437334889,490904.943733489,318585.4888512335,0.6489759227688544,0.6489759227688542,0.0,
IND_FUA_08144,Gwalior,F,absent_both,490904.9437334889,490904.943733489,36793.83905310815,0.0749510460686732,0.07495104606867319,0.0,
IND_FUA_08144,Gwalior,F,built_loss,490904.9437334889,490904.943733489,0.0,0.0,0.0,0.0,
IND_FUA_08144,Gwalior,F,missing_pair,490904.9437334889,490904.943733489,0.0,0.0,,0.0,
IND_FUA_08144,Gwalior,A,new_built,505918.5589794497,505918.5589794498,140800.50087363776,0.27830665306618463,0.2783066530661846,0.0,
IND_FUA_08144,Gwalior,A,stable_built,505918.5589794497,505918.5589794498,330621.441990291,0.6535072416738932,0.6535072416738931,0.0,
IND_FUA_08144,Gwalior,A,absent_both,505918.5589794497,505918.5589794498,34496.61568719318,0.06818610441328844,0.06818610441328843,0.0,
IND_FUA_08144,Gwalior,A,built_loss,505918.5589794497,505918.5589794498,0.0,0.0,0.0,0.0,
IND_FUA_08144,Gwalior,A,missing_pair,505918.5589794497,505918.5589794498,0.0,0.0,,0.0,
IND_FUA_08224,Bareilly,G,new_built,2886159.0,2886159.0,294964.918455021,0.10219981589892345,0.10219981589892345,43469.210978954725,0.1838839665348716
IND_FUA_08224,Bareilly,G,stable_built,2886159.0,2886159.0,2210563.108666391,0.7659186859304672,0.7659186859304672,148296.78172253398,0.6273267867847396
IND_FUA_08224,Bareilly,G,absent_both,2886159.0,2886159.0,380630.97484496876,0.13188149885192352,0.13188149885192352,44628.79421286042,0.18878924914239686
IND_FUA_08224,Bareilly,G,built_loss,2886159.0,2886159.0,0.0,0.0,0.0,0.0,0.0
IND_FUA_08224,Bareilly,G,missing_pair,2886159.0,2886159.0,0.0,0.0,,0.0,0.0
IND_FUA_08224,Bareilly,J,new_built,816243.8209214509,816243.8209214509,91470.84347364651,0.11206313742183781,0.11206313742183781,13024.123577051852,0.19865196040098163
IND_FUA_08224,Bareilly,J,stable_built,816243.8209214509,816243.8209214509,658293.3480443243,0.8064910645218514,0.8064910645218514,44357.062233546225,0.6765612532921701
IND_FUA_08224,Bareilly,J,absent_both,816243.8209214509,816243.8209214509,66479.63000300327,0.08144579879080123,0.08144579879080123,8181.336573333335,0.1247867880996263
IND_FUA_08224,Bareilly,J,built_loss,816243.8209214509,816243.8209214509,0.0,0.0,0.0,0.0,0.0
IND_FUA_08224,Bareilly,J,missing_pair,816243.8209214509,816243.8209214509,0.0,0.0,,0.0,0.0
IND_FUA_08224,Bareilly,F,new_built,845941.0888322542,845941.0888322543,93583.48427212435,0.11062647920472565,0.11062647920472564,13412.33683518865,0.19873009939718314
IND_FUA_08224,Bareilly,F,stable_built,845941.0888322542,845941.0888322543,682899.9494726091,0.8072665561325213,0.8072665561325212,45679.703415298354,0.6768344779665239
IND_FUA_08224,Bareilly,F,absent_both,845941.0888322542,845941.0888322543,69457.6557158564,0.08210696540551832,0.08210696540551832,8398.173360610319,0.12443542443179251
IND_FUA_08224,Bareilly,F,built_loss,845941.0888322542,845941.0888322543,0.0,0.0,0.0,0.0,0.0
IND_FUA_08224,Bareilly,F,missing_pair,845941.0888322542,845941.0888322543,0.0,0.0,,0.0,0.0
IND_FUA_08224,Bareilly,A,new_built,868752.8152906679,868752.8152906679,97101.80144663494,0.1117714955710924,0.1117714955710924,13630.579745763374,0.1991219864558686
IND_FUA_08224,Bareilly,A,stable_built,868752.8152906679,868752.8152906679,705652.051334695,0.8122587218305559,0.8122587218305559,47307.96744161152,0.6910972700989598
IND_FUA_08224,Bareilly,A,absent_both,868752.8152906679,868752.8152906679,65998.96315385202,0.0759697833402359,0.0759697833402359,7514.866801936934,0.10978074546081157
IND_FUA_08224,Bareilly,A,built_loss,868752.8152906679,868752.8152906679,0.0,0.0,0.0,0.0,0.0
IND_FUA_08224,Bareilly,A,missing_pair,868752.8152906679,868752.8152906679,0.0,0.0,,0.0,0.0
IND_FUA_08258,Bhopal,G,new_built,3205488.0,3205488.0,712136.1339933501,0.22216153484067017,0.22216153484067017,1579.6261266041547,0.11418433761776454
IND_FUA_08258,Bhopal,G,stable_built,3205488.0,3205488.0,1395385.1661473513,0.43531130553205977,0.43531130553205977,6650.306628442602,0.4807218901577709
IND_FUA_08258,Bhopal,G,absent_both,3205488.0,3205488.0,1097966.700125624,0.34252715971035425,0.34252715971035425,5604.067244444042,0.4050937721876567
IND_FUA_08258,Bhopal,G,built_loss,3205488.0,3205488.0,0.0,0.0,0.0,0.0,0.0
IND_FUA_08258,Bhopal,G,missing_pair,3205488.0,3205488.0,0.0,0.0,,0.0,0.0
IND_FUA_08258,Bhopal,J,new_built,785533.0481510907,785533.0481510907,224883.80784632298,0.28628179091335754,0.28628179091335754,397.3792466202028,0.20913265879360676
IND_FUA_08258,Bhopal,J,stable_built,785533.0481510907,785533.0481510907,386296.790077622,0.4917638933038512,0.4917638933038512,1084.6900648198043,0.5708504385977226
IND_FUA_08258,Bhopal,J,absent_both,785533.0481510907,785533.0481510907,174352.45033886307,0.22195431592500972,0.22195431592500972,418.06072894892,0.22001690457137235
IND_FUA_08258,Bhopal,J,built_loss,785533.0481510907,785533.0481510907,0.0,0.0,0.0,0.0,0.0
IND_FUA_08258,Bhopal,J,missing_pair,785533.0481510907,785533.0481510907,0.0,0.0,,0.0,0.0
IND_FUA_08258,Bhopal,F,new_built,808510.6636842057,808510.6636842056,228335.4641387406,0.2824149073040867,0.28241490730408675,395.6322524387325,0.20550394311076034
IND_FUA_08258,Bhopal,F,stable_built,808510.6636842057,808510.6636842056,399869.6316479888,0.49457558150917963,0.4945755815091797,1113.6331925142813,0.578456409531854
IND_FUA_08258,Bhopal,F,absent_both,808510.6636842057,808510.6636842056,180305.56800135225,0.22300951131521177,0.2230095113152118,415.9153926376614,0.2160396496004474
IND_FUA_08258,Bhopal,F,built_loss,808510.6636842057,808510.6636842056,0.0,0.0,0.0,0.0,0.0
IND_FUA_08258,Bhopal,F,missing_pair,808510.6636842057,808510.6636842056,0.0,0.0,,0.0,0.0
IND_FUA_08258,Bhopal,A,new_built,838337.9471040821,838337.9471040821,239231.1117979385,0.285363572798211,0.285363572798211,344.0815674718288,0.1796417615523425
IND_FUA_08258,Bhopal,A,stable_built,838337.9471040821,838337.9471040821,415803.5286605484,0.4959855749067329,0.4959855749067329,1112.8420882871899,0.5810044244403351
IND_FUA_08258,Bhopal,A,absent_both,838337.9471040821,838337.9471040821,183303.30668450135,0.21865085234146475,0.21865085234146475,458.4526205177633,0.23935381643145262
IND_FUA_08258,Bhopal,A,built_loss,838337.9471040821,838337.9471040821,0.0,0.0,0.0,0.0,0.0
IND_FUA_08258,Bhopal,A,missing_pair,838337.9471040821,838337.9471040821,0.0,0.0,,0.0,0.0
IND_FUA_08319,Mangaluru,G,new_built,1265037.0,1265037.0,101072.05158854065,0.0798965181164983,0.0798965181164983,7701.958790909472,0.02079559030770304
IND_FUA_08319,Mangaluru,G,stable_built,1265037.0,1265037.0,448938.3093952028,0.3548815642508502,0.3548815642508502,181761.37163053566,0.49076282031735496
IND_FUA_08319,Mangaluru,G,absent_both,1265037.0,1265037.0,715026.6393544448,0.5652219178999862,0.5652219178999862,180901.66898149595,0.4884415895030616
IND_FUA_08319,Mangaluru,G,built_loss,1265037.0,1265037.0,0.0,0.0,0.0,0.0,0.0
IND_FUA_08319,Mangaluru,G,missing_pair,1265037.0,1265037.0,0.0,0.0,,0.0,0.0
IND_FUA_08319,Mangaluru,J,new_built,187495.33020654693,187495.33020654693,20269.163226336157,0.10810489628732312,0.10810489628732312,1061.846123352417,0.014489967209745857
IND_FUA_08319,Mangaluru,J,stable_built,187495.33020654693,187495.33020654693,117422.43668254124,0.6262685932134276,0.6262685932134276,55509.86276828405,0.7574883720350284
IND_FUA_08319,Mangaluru,J,absent_both,187495.33020654693,187495.33020654693,49803.73036069284,0.26562651083538186,0.26562651083538186,16709.762833636312,0.22802165984050166
IND_FUA_08319,Mangaluru,J,built_loss,187495.33020654693,187495.33020654693,0.0,0.0,0.0,0.0,0.0
IND_FUA_08319,Mangaluru,J,missing_pair,187495.33020654693,187495.33020654693,0.0,0.0,,0.0,0.0
IND_FUA_08319,Mangaluru,F,new_built,194862.36703130143,194862.36703130146,20939.058943579323,0.10745563272469028,0.10745563272469026,1231.8620937178955,0.01550226503621462
IND_FUA_08319,Mangaluru,F,stable_built,194862.36703130143,194862.36703130146,122188.93438828186,0.6270524999250072,0.6270524999250071,60882.061365564754,0.7661651868770029
IND_FUA_08319,Mangaluru,F,absent_both,194862.36703130143,194862.36703130146,51734.37378447104,0.2654918677866659,0.26549186778666584,17349.43816155161,0.21833254711008404
IND_FUA_08319,Mangaluru,F,built_loss,194862.36703130143,194862.36703130146,0.0,0.0,0.0,0.0,0.0
IND_FUA_08319,Mangaluru,F,missing_pair,194862.36703130143,194862.36703130146,0.0,0.0,,0.0,0.0
IND_FUA_08319,Mangaluru,A,new_built,197026.94313168534,197026.94313168537,21639.06129567822,0.10982792988477465,0.10982792988477463,1346.0185930106359,0.01617420060541913
IND_FUA_08319,Mangaluru,A,stable_built,197026.94313168534,197026.94313168537,122503.32714153879,0.6217592639584435,0.6217592639584434,64671.30671728793,0.7771116191793492
IND_FUA_08319,Mangaluru,A,absent_both,197026.94313168534,197026.94313168537,52884.55478035547,0.2684128065926975,0.2684128065926975,17202.774683895128,0.20671417924830024
IND_FUA_08319,Mangaluru,A,built_loss,197026.94313168534,197026.94313168537,0.0,0.0,0.0,0.0,0.0
IND_FUA_08319,Mangaluru,A,missing_pair,197026.94313168534,197026.94313168537,0.0,0.0,,0.0,0.0
IND_FUA_08341,Solapur,G,new_built,922676.0,922676.0,78111.8030140083,0.08465788967525795,0.08465788967525795,29.114183598106038,0.004389044454637264
IND_FUA_08341,Solapur,G,stable_built,922676.0,922676.0,379980.2573293205,0.4118241477282605,0.4118241477282605,892.6297359684102,0.13456642462580815
IND_FUA_08341,Solapur,G,absent_both,922676.0,922676.0,464583.9394383377,0.5035179623598508,0.5035179623598508,5711.632409363081,0.8610445307101895
IND_FUA_08341,Solapur,G,built_loss,922676.0,922676.0,0.0,0.0,0.0,0.0,0.0
IND_FUA_08341,Solapur,G,missing_pair,922676.0,922676.0,0.0,0.0,,0.0,0.0
IND_FUA_08341,Solapur,J,new_built,138550.569364829,138550.569364829,17738.27363473896,0.12802743226576602,0.12802743226576602,1.250401813182414,0.006258457317405589
IND_FUA_08341,Solapur,J,stable_built,138550.569364829,138550.569364829,74458.65278969557,0.5374113807763021,0.5374113807763021,19.757987059930375,0.09889182612244576
IND_FUA_08341,Solapur,J,absent_both,138550.569364829,138550.569364829,46353.64274560254,0.33456118555200537,0.33456118555200537,178.78554587823996,0.8948497163485722
IND_FUA_08341,Solapur,J,built_loss,138550.569364829,138550.569364829,0.0,0.0,0.0,0.0,0.0
IND_FUA_08341,Solapur,J,missing_pair,138550.569364829,138550.569364829,0.0,0.0,,0.0,0.0
IND_FUA_08341,Solapur,F,new_built,151568.41421320324,151568.41421320327,18135.44065567096,0.11965184665824105,0.11965184665824104,1.9182373686685696,0.007529691576967931
IND_FUA_08341,Solapur,F,stable_built,151568.41421320324,151568.41421320327,83718.52647762132,0.5523481057198296,0.5523481057198295,72.51793648101875,0.2846559578177866
IND_FUA_08341,Solapur,F,absent_both,151568.41421320324,151568.41421320327,49714.4468751339,0.3280000462708756,0.32800004627087553,180.32025943445984,0.7078143512357544
IND_FUA_08341,Solapur,F,built_loss,151568.41421320324,151568.41421320327,0.0,0.0,0.0,0.0,0.0
IND_FUA_08341,Solapur,F,missing_pair,151568.41421320324,151568.41421320327,0.0,0.0,,0.0,0.0
IND_FUA_08341,Solapur,A,new_built,156036.36469671543,156036.36469671546,19213.785007460217,0.1231365845058339,0.12313658450583388,2.588162455975678,0.008968095758000479
IND_FUA_08341,Solapur,A,stable_built,156036.36469671543,156036.36469671546,87086.54858569348,0.5581170053209183,0.5581170053209182,90.87357103453776,0.31488088586849194
IND_FUA_08341,Solapur,A,absent_both,156036.36469671543,156036.36469671546,49736.030881919716,0.3187464087527967,0.31874640875279664,195.1349237647246,0.6761510190412169
IND_FUA_08341,Solapur,A,built_loss,156036.36469671543,156036.36469671546,0.0,0.0,0.0,0.0,0.0
IND_FUA_08341,Solapur,A,missing_pair,156036.36469671543,156036.36469671546,0.0,0.0,,0.0,0.0
IND_FUA_08419,Farrukhabad,G,new_built,1403000.0,1403000.0,85506.11902186909,0.060945202438965854,0.060945202438965854,25967.014360195593,0.17137857893746916
IND_FUA_08419,Farrukhabad,G,stable_built,1403000.0,1403000.0,1060080.011711922,0.7555809064233229,0.7555809064233229,62942.4113734439,0.41541090810245773
IND_FUA_08419,Farrukhabad,G,absent_both,1403000.0,1403000.0,257413.86815544707,0.18347389034600647,0.18347389034600647,62609.01088387497,0.41321051258040015
IND_FUA_08419,Farrukhabad,G,built_loss,1403000.0,1403000.0,0.0,0.0,0.0,0.0,0.0
IND_FUA_08419,Farrukhabad,G,missing_pair,1403000.0,1403000.0,0.0,0.0,,0.0,0.0
IND_FUA_08419,Farrukhabad,J,new_built,459576.88801467605,459576.88801467605,22491.694554894155,0.048940003602130466,0.048940003602130466,7988.183002682019,0.23778061976123255
IND_FUA_08419,Farrukhabad,J,stable_built,459576.88801467605,459576.88801467605,396813.1191743035,0.8634314072852848,0.8634314072852848,18068.15192011246,0.5378264819498982
IND_FUA_08419,Farrukhabad,J,absent_both,459576.88801467605,459576.88801467605,40272.07379927364,0.08762858805464473,0.08762858805464473,7538.425677371052,0.2243928974821248
IND_FUA_08419,Farrukhabad,J,built_loss,459576.88801467605,459576.88801467605,0.0,0.0,0.0,0.0,0.0
IND_FUA_08419,Farrukhabad,J,missing_pair,459576.88801467605,459576.88801467605,0.0,0.0,,0.0,0.0
IND_FUA_08419,Farrukhabad,F,new_built,470578.0260747244,470578.0260747244,22973.69016449501,0.04882015073276488,0.04882015073276488,8043.846428260511,0.2345946168150593
IND_FUA_08419,Farrukhabad,F,stable_built,470578.0260747244,470578.0260747244,406493.1490780247,0.8638166819405982,0.8638166819405982,18513.427309636125,0.5399345231627888
IND_FUA_08419,Farrukhabad,F,absent_both,470578.0260747244,470578.0260747244,41111.186342056186,0.08736316628504882,0.08736316628504882,7731.0084526752835,0.22547085921200846
IND_FUA_08419,Farrukhabad,F,built_loss,470578.0260747244,470578.0260747244,0.0,0.0,0.0,0.0,0.0
IND_FUA_08419,Farrukhabad,F,missing_pair,470578.0260747244,470578.0260747244,0.0,0.0,,0.0,0.0
IND_FUA_08419,Farrukhabad,A,new_built,495144.4928506173,495144.49285061733,24181.33792128506,0.04883693198740767,0.04883693198740766,8860.31239501429,0.24542743897605013
IND_FUA_08419,Farrukhabad,A,stable_built,495144.4928506173,495144.49285061733,431202.4142201841,0.8708617796346486,0.8708617796346485,19894.861229229064,0.5510804385431295
IND_FUA_08419,Farrukhabad,A,absent_both,495144.4928506173,495144.49285061733,39760.74019087464,0.08030128733123215,0.08030128733123214,7346.382198304456,0.20349212175449485
IND_FUA_08419,Farrukhabad,A,built_loss,495144.4928506173,495144.49285061733,0.0,0.0,0.0,0.0,0.0
IND_FUA_08419,Farrukhabad,A,missing_pair,495144.4928506173,495144.49285061733,0.0,0.0,,0.0,0.0
IND_FUA_08433,Shahjahanpur,G,new_built,2302832.0,2302832.0,115795.66150009162,0.05028402484423163,0.05028402484423163,44053.72849372568,0.09997603164378153
IND_FUA_08433,Shahjahanpur,G,stable_built,2302832.0,2302832.0,1870189.9493135253,0.8121260905326682,0.8121260905326682,343195.2277472621,0.7788511465979968
IND_FUA_08433,Shahjahanpur,G,absent_both,2302832.0,2302832.0,316846.3905522085,0.13758988521620705,0.13758988521620705,53393.94406140986,0.12117282290487831
IND_FUA_08433,Shahjahanpur,G,built_loss,2302832.0,2302832.0,0.0,0.0,0.0,0.0,0.0
IND_FUA_08433,Shahjahanpur,G,missing_pair,2302832.0,2302832.0,0.0,0.0,,0.0,0.0
IND_FUA_08433,Shahjahanpur,J,new_built,848509.9475789871,848509.9475789871,33675.44725396628,0.039687745971689344,0.039687745971689344,12778.70934712573,0.09334487066544664
IND_FUA_08433,Shahjahanpur,J,stable_built,848509.9475789871,848509.9475789871,763406.0882138206,0.8997019898140389,0.8997019898140389,115182.74854441365,0.8413775189422632
IND_FUA_08433,Shahjahanpur,J,absent_both,848509.9475789871,848509.9475789871,51428.41261378893,0.060610264806590854,0.060610264806590854,8936.36258711376,0.06527761037943126
IND_FUA_08433,Shahjahanpur,J,built_loss,848509.9475789871,848509.9475789871,0.0,0.0,0.0,0.0,0.0
IND_FUA_08433,Shahjahanpur,J,missing_pair,848509.9475789871,848509.9475789871,0.0,0.0,,0.0,0.0
IND_FUA_08433,Shahjahanpur,F,new_built,860890.6140045251,860890.6140045251,33952.80580218978,0.03943916364037779,0.03943916364037779,13067.62458101983,0.09220731422189248
IND_FUA_08433,Shahjahanpur,F,stable_built,860890.6140045251,860890.6140045251,773418.9380234488,0.8983939718262319,0.8983939718262319,119270.94004409184,0.8415954237130211
IND_FUA_08433,Shahjahanpur,F,absent_both,860890.6140045251,860890.6140045251,53518.870701135565,0.06216686514002841,0.06216686514002841,9381.47889493322,0.06619726232322248
IND_FUA_08433,Shahjahanpur,F,built_loss,860890.6140045251,860890.6140045251,0.0,0.0,0.0,0.0,0.0
IND_FUA_08433,Shahjahanpur,F,missing_pair,860890.6140045251,860890.6140045251,0.0,0.0,,0.0,0.0
IND_FUA_08433,Shahjahanpur,A,new_built,901742.8706270612,901742.8706270612,36369.10752792933,0.040332015602894296,0.040332015602894296,13457.260678662156,0.09054592710679397
IND_FUA_08433,Shahjahanpur,A,stable_built,901742.8706270612,901742.8706270612,813016.6180068606,0.9016058174560322,0.9016058174560322,126205.45363368592,0.8491616591268735
IND_FUA_08433,Shahjahanpur,A,absent_both,901742.8706270612,901742.8706270612,52357.14564775039,0.05806216755707961,0.05806216755707961,8960.874993479298,0.0602924141359006
IND_FUA_08433,Shahjahanpur,A,built_loss,901742.8706270612,901742.8706270612,0.0,0.0,0.0,0.0,0.0
IND_FUA_08433,Shahjahanpur,A,missing_pair,901742.8706270612,901742.8706270612,0.0,0.0,,0.0,0.0
IND_FUA_08497,Kannur,G,new_built,1419387.0,1419387.0,111969.00575350343,0.07888546658064603,0.07888546658064603,9786.85161193245,0.06535896267005105
IND_FUA_08497,Kannur,G,stable_built,1419387.0,1419387.0,1044104.0257955024,0.7356020773724871,0.7356020773724871,79377.2646357476,0.5301005759455055
IND_FUA_08497,Kannur,G,absent_both,1419387.0,1419387.0,263313.96831065166,0.1855124559479914,0.1855124559479914,60575.89222891376,0.40454046264147414
IND_FUA_08497,Kannur,G,built_loss,1419387.0,1419387.0,0.0,0.0,0.0,0.0,0.0
IND_FUA_08497,Kannur,G,missing_pair,1419387.0,1419387.0,0.0,0.0,,0.0,0.0
IND_FUA_08497,Kannur,J,new_built,131644.74995505624,131644.74995505624,9698.98252695952,0.07367542215143992,0.07367542215143992,1076.914730531386,0.08847892633861357
IND_FUA_08497,Kannur,J,stable_built,131644.74995505624,131644.74995505624,109918.20685817992,0.8349608085070328,0.8349608085070328,5570.019296166798,0.45763077896336296
IND_FUA_08497,Kannur,J,absent_both,131644.74995505624,131644.74995505624,12027.560511213123,0.09136376889560241,0.09136376889560241,5524.492269848848,0.4538902948806405
IND_FUA_08497,Kannur,J,built_loss,131644.74995505624,131644.74995505624,0.0,0.0,0.0,0.0,0.0
IND_FUA_08497,Kannur,J,missing_pair,131644.74995505624,131644.74995505624,0.0,0.0,,0.0,0.0
IND_FUA_08497,Kannur,F,new_built,141318.28110924436,141318.28110924436,10352.761966141028,0.07325847643262766,0.07325847643262766,1187.4163539688561,0.08643973289673842
IND_FUA_08497,Kannur,F,stable_built,141318.28110924436,141318.28110924436,117752.07608621266,0.8332402231469676,0.8332402231469676,6679.871830460674,0.4862711675475308
IND_FUA_08497,Kannur,F,absent_both,141318.28110924436,141318.28110924436,13213.443018738344,0.09350130015043032,0.09350130015043032,5869.639448960427,0.42728910080482657
IND_FUA_08497,Kannur,F,built_loss,141318.28110924436,141318.28110924436,0.0,0.0,0.0,0.0,0.0
IND_FUA_08497,Kannur,F,missing_pair,141318.28110924436,141318.28110924436,0.0,0.0,,0.0,0.0
IND_FUA_08497,Kannur,A,new_built,145509.39184662956,145509.3918466296,10871.404075711054,0.07471273116975005,0.07471273116975004,1209.2688211375678,0.08586780380735563
IND_FUA_08497,Kannur,A,stable_built,145509.39184662956,145509.3918466296,121269.91745613479,0.8334164270575485,0.8334164270575484,6945.58913164088,0.4931926420803611
IND_FUA_08497,Kannur,A,absent_both,145509.39184662956,145509.3918466296,13368.070279057278,0.09187084152717474,0.09187084152717473,5928.055186964915,0.42093955525507804
IND_FUA_08497,Kannur,A,built_loss,145509.39184662956,145509.3918466296,0.0,0.0,0.0,0.0,0.0
IND_FUA_08497,Kannur,A,missing_pair,145509.39184662956,145509.3918466296,0.0,0.0,,0.0,0.0
IND_FUA_08587,Hardoi,G,new_built,866785.0,866785.0,66404.50907195982,0.07661012716182193,0.07661012716182193,0.0,
IND_FUA_08587,Hardoi,G,stable_built,866785.0,866785.0,635070.5590259926,0.7326736838154706,0.7326736838154706,0.0,
IND_FUA_08587,Hardoi,G,absent_both,866785.0,866785.0,165309.93181828363,0.19071618892607006,0.19071618892607006,0.0,
IND_FUA_08587,Hardoi,G,built_loss,866785.0,866785.0,0.0,0.0,0.0,0.0,
IND_FUA_08587,Hardoi,G,missing_pair,866785.0,866785.0,0.0,0.0,,0.0,
IND_FUA_08587,Hardoi,J,new_built,218929.7899128925,218929.7899128925,17924.41780241346,0.08187290459441451,0.08187290459441451,0.0,
IND_FUA_08587,Hardoi,J,stable_built,218929.7899128925,218929.7899128925,179076.27140639233,0.8179621031822255,0.8179621031822255,0.0,
IND_FUA_08587,Hardoi,J,absent_both,218929.7899128925,218929.7899128925,21929.100670107524,0.10016499206815412,0.10016499206815412,0.0,
IND_FUA_08587,Hardoi,J,built_loss,218929.7899128925,218929.7899128925,0.0,0.0,0.0,0.0,
IND_FUA_08587,Hardoi,J,missing_pair,218929.7899128925,218929.7899128925,0.0,0.0,,0.0,
IND_FUA_08587,Hardoi,F,new_built,231637.24306809888,231637.24306809888,18929.575625694797,0.08172077760453099,0.08172077760453099,0.0,
IND_FUA_08587,Hardoi,F,stable_built,231637.24306809888,231637.24306809888,189705.1382681659,0.8189751171075482,0.8189751171075482,0.0,
IND_FUA_08587,Hardoi,F,absent_both,231637.24306809888,231637.24306809888,23002.529160609236,0.0993041052290833,0.0993041052290833,0.0,
IND_FUA_08587,Hardoi,F,built_loss,231637.24306809888,231637.24306809888,0.0,0.0,0.0,0.0,
IND_FUA_08587,Hardoi,F,missing_pair,231637.24306809888,231637.24306809888,0.0,0.0,,0.0,
IND_FUA_08587,Hardoi,A,new_built,241690.92042773735,241690.92042773738,19777.118833275406,0.08182814148861883,0.08182814148861882,0.0,
IND_FUA_08587,Hardoi,A,stable_built,241690.92042773735,241690.92042773738,199752.2272416143,0.8264779946557314,0.8264779946557312,0.0,
IND_FUA_08587,Hardoi,A,absent_both,241690.92042773735,241690.92042773738,22161.574379108402,0.09169386396430412,0.09169386396430412,0.0,
IND_FUA_08587,Hardoi,A,built_loss,241690.92042773735,241690.92042773738,0.0,0.0,0.0,0.0,
IND_FUA_08587,Hardoi,A,missing_pair,241690.92042773735,241690.92042773738,0.0,0.0,,0.0,
IND_FUA_08595,Thalassery,G,new_built,1231563.0,1231563.0,83257.85744479104,0.06760340920017167,0.06760340920017167,1341.1314997634954,0.08196066050779126
IND_FUA_08595,Thalassery,G,stable_built,1231563.0,1231563.0,895306.0837870388,0.7269673445751771,0.7269673445751771,5245.1737603803085,0.32054866055619197
IND_FUA_08595,Thalassery,G,absent_both,1231563.0,1231563.0,252999.05859094963,0.20542924608075236,0.20542924608075236,9776.807153367121,0.5974906801373147
IND_FUA_08595,Thalassery,G,built_loss,1231563.0,1231563.0,0.0,0.0,0.0,0.0,0.0
IND_FUA_08595,Thalassery,G,missing_pair,1231563.0,1231563.0,0.0,0.0,,0.0,0.0
IND_FUA_08595,Thalassery,J,new_built,50248.179942307994,50248.179942307994,1800.9292988691038,0.035840687183830836,0.035840687183830836,191.1842256317812,0.3585546060495193
IND_FUA_08595,Thalassery,J,stable_built,50248.179942307994,50248.179942307994,45252.042304900846,0.9005707740430913,0.9005707740430913,257.8052709727065,0.4834984009043798
IND_FUA_08595,Thalassery,J,absent_both,50248.179942307994,50248.179942307994,3195.208399290798,0.06358853998213165,0.06358853998213165,84.21861119579049,0.15794697946212016
IND_FUA_08595,Thalassery,J,built_loss,50248.179942307994,50248.179942307994,0.0,0.0,0.0,0.0,0.0
IND_FUA_08595,Thalassery,J,missing_pair,50248.179942307994,50248.179942307994,0.0,0.0,,0.0,0.0
IND_FUA_08595,Thalassery,F,new_built,56845.49329602216,56845.493296022156,1862.3199437348985,0.03276108334634184,0.03276108334634185,191.1842256317812,0.3522405581025328
IND_FUA_08595,Thalassery,F,stable_built,56845.49329602216,56845.493296022156,51157.458108027335,0.8999386783684951,0.8999386783684953,265.1393112351161,0.4884964680310604
IND_FUA_08595,Thalassery,F,absent_both,56845.49329602216,56845.493296022156,3825.71529479546,0.06730023917416104,0.06730023917416106,86.44253195705075,0.15926296010943497
IND_FUA_08595,Thalassery,F,built_loss,56845.49329602216,56845.493296022156,0.0,0.0,0.0,0.0,0.0
IND_FUA_08595,Thalassery,F,missing_pair,56845.49329602216,56845.493296022156,0.0,0.0,,0.0,0.0
IND_FUA_08595,Thalassery,A,new_built,58021.4979406577,58021.49794065768,1880.78247034403,0.032415269117450685,0.03241526911745069,189.21950851698514,0.36100899670885145
IND_FUA_08595,Thalassery,A,stable_built,58021.4979406577,58021.49794065768,52393.76958082536,0.903006151864811,0.9030061518648113,254.6219749005913,0.4857893587152914
IND_FUA_08595,Thalassery,A,absent_both,58021.4979406577,58021.49794065768,3746.945951608398,0.06457858008837758,0.0645785800883776,80.29921010859334,0.15320163076744486
IND_FUA_08595,Thalassery,A,built_loss,58021.4979406577,58021.49794065768,0.0,0.0,0.0,0.0,0.0
IND_FUA_08595,Thalassery,A,missing_pair,58021.4979406577,58021.49794065768,0.0,0.0,,0.0,0.0
IND_FUA_08673,Kozhikode,G,new_built,1608959.0,1608959.0,95745.11053816111,0.0595074893382374,0.0595074893382374,25372.72315263806,0.07817512038379856
IND_FUA_08673,Kozhikode,G,stable_built,1608959.0,1608959.0,1301596.6506991833,0.8089681904257245,0.8089681904257245,213328.60048024752,0.657280218742176
IND_FUA_08673,Kozhikode,G,absent_both,1608959.0,1608959.0,211617.23899580314,0.13152432038094392,0.13152432038094392,85861.31345482956,0.264544663781762
IND_FUA_08673,Kozhikode,G,built_loss,1608959.0,1608959.0,0.0,0.0,0.0,0.0,0.0
IND_FUA_08673,Kozhikode,G,missing_pair,1608959.0,1608959.0,0.0,0.0,,0.0,0.0
IND_FUA_08673,Kozhikode,J,new_built,123510.21961716935,123510.21961716935,5316.59336980651,0.04304577699145668,0.04304577699145668,2769.78132734741,0.11012328970442851
IND_FUA_08673,Kozhikode,J,stable_built,123510.21961716935,123510.21961716935,112003.69547340421,0.9068374732112807,0.9068374732112807,19714.188887098448,0.78381326087605
IND_FUA_08673,Kozhikode,J,absent_both,123510.21961716935,123510.21961716935,6189.930705481707,0.05011674924283946,0.05011674924283946,2667.6697808758363,0.10606345317393048
IND_FUA_08673,Kozhikode,J,built_loss,123510.21961716935,123510.21961716935,0.0,0.0,0.0,0.0,0.0
IND_FUA_08673,Kozhikode,J,missing_pair,123510.21961716935,123510.21961716935,0.0,0.0,,0.0,0.0
IND_FUA_08673,Kozhikode,F,new_built,135969.56913827942,135969.56913827942,5755.825552007415,0.042331718696216575,0.042331718696216575,2972.2929008377414,0.10905627114288777
IND_FUA_08673,Kozhikode,F,stable_built,135969.56913827942,135969.56913827942,123150.24463237327,0.9057191650517842,0.9057191650517842,21240.41889056281,0.7793312970820793
IND_FUA_08673,Kozhikode,F,absent_both,135969.56913827942,135969.56913827942,7063.498894799051,0.051949115817345556,0.051949115817345556,3041.96031235897,0.11161243514628758
IND_FUA_08673,Kozhikode,F,built_loss,135969.56913827942,135969.56913827942,0.0,0.0,0.0,0.0,0.0
IND_FUA_08673,Kozhikode,F,missing_pair,135969.56913827942,135969.56913827942,0.0,0.0,,0.0,0.0
IND_FUA_08673,Kozhikode,A,new_built,137681.4714070699,137681.4714070699,5777.91372764981,0.04196580461118689,0.04196580461118689,2947.136736853602,0.11009241144309274
IND_FUA_08673,Kozhikode,A,stable_built,137681.4714070699,137681.4714070699,124865.60287616859,0.9069165342298685,0.9069165342298685,20866.41170691592,0.7794798097597969
IND_FUA_08673,Kozhikode,A,absent_both,137681.4714070699,137681.4714070699,7037.954752656238,0.05111766079146392,0.05111766079146392,2956.114505147177,0.11042778243163813
IND_FUA_08673,Kozhikode,A,built_loss,137681.4714070699,137681.4714070699,0.0,0.0,0.0,0.0,0.0
IND_FUA_08673,Kozhikode,A,missing_pair,137681.4714070699,137681.4714070699,0.0,0.0,,0.0,0.0
IND_FUA_08674,Guruvayur,G,new_built,2933656.0,2933656.0,203714.58279438317,0.06944051476873334,0.06944051476873334,28046.186790113003,0.04835762212305209
IND_FUA_08674,Guruvayur,G,stable_built,2933656.0,2933656.0,2088784.5224312062,0.7120073118426994,0.7120073118426994,381121.16033717705,0.657134361708717
IND_FUA_08674,Guruvayur,G,absent_both,2933656.0,2933656.0,641156.8938818317,0.21855217308431243,0.21855217308431243,170807.1332836988,0.2945080152631195
IND_FUA_08674,Guruvayur,G,built_loss,2933656.0,2933656.0,0.0,0.0,0.0,0.0,0.0
IND_FUA_08674,Guruvayur,G,missing_pair,2933656.0,2933656.0,0.0,0.0,,0.0,0.0
IND_FUA_08674,Guruvayur,J,new_built,261998.12933545,261998.12933545,13023.203445575033,0.04970723828680754,0.04970723828680754,1230.1740919963968,0.018171565999400466
IND_FUA_08674,Guruvayur,J,stable_built,261998.12933545,261998.12933545,229689.63529823252,0.8766842567953941,0.8766842567953941,60975.11736232118,0.9006963946643204
IND_FUA_08674,Guruvayur,J,absent_both,261998.12933545,261998.12933545,19285.290306942486,0.07360850383114954,0.07360850383114954,5492.456075133095,0.0811320354715952
IND_FUA_08674,Guruvayur,J,built_loss,261998.12933545,261998.12933545,0.0,0.0,0.0,0.0,0.0
IND_FUA_08674,Guruvayur,J,missing_pair,261998.12933545,261998.12933545,0.0,0.0,,0.0,0.0
IND_FUA_08674,Guruvayur,F,new_built,276900.3265594207,276900.32655942073,13297.77207268983,0.04802367782631065,0.048023677826310646,1247.9979770811094,0.017836296580111658
IND_FUA_08674,Guruvayur,F,stable_built,276900.3265594207,276900.32655942073,243062.4793154737,0.8777977344252584,0.8777977344252583,62938.302378472355,0.8995096531300076
IND_FUA_08674,Guruvayur,F,absent_both,276900.3265594207,276900.32655942073,20540.07489129803,0.07417858673738432,0.07417858673738431,5783.267982544897,0.08265404658763383
IND_FUA_08674,Guruvayur,F,built_loss,276900.3265594207,276900.32655942073,0.0,0.0,0.0,0.0,0.0
IND_FUA_08674,Guruvayur,F,missing_pair,276900.3265594207,276900.32655942073,0.0,0.0,,0.0,0.0
IND_FUA_08674,Guruvayur,A,new_built,282847.12185627985,282847.12185627985,13905.87353985585,0.04916392094992466,0.04916392094992466,1401.1328802920118,0.019864132196779974
IND_FUA_08674,Guruvayur,A,stable_built,282847.12185627985,282847.12185627985,248296.87973333907,0.8778483518015204,0.8778483518015204,63464.0294895065,0.8997418369463748
IND_FUA_08674,Guruvayur,A,absent_both,282847.12185627985,282847.12185627985,20644.368295274828,0.07298772623100841,0.07298772623100841,5670.658742694651,0.08039402721334798
IND_FUA_08674,Guruvayur,A,built_loss,282847.12185627985,282847.12185627985,0.0,0.0,0.0,0.0,0.0
IND_FUA_08674,Guruvayur,A,missing_pair,282847.12185627985,282847.12185627985,0.0,0.0,,0.0,0.0
IND_FUA_08675,Malappuram,G,new_built,1335935.0,1335935.0,149370.64616300148,0.11180981571932877,0.11180981571932877,36566.7184709365,0.06585515822217992
IND_FUA_08675,Malappuram,G,stable_built,1335935.0,1335935.0,815844.4028903177,0.6106916900076109,0.6106916900076109,355343.6636473566,0.6399593447616911
IND_FUA_08675,Malappuram,G,absent_both,1335935.0,1335935.0,370719.95101563935,0.2774984943246785,0.2774984943246785,163349.36298099044,0.2941854941989253
IND_FUA_08675,Malappuram,G,built_loss,1335935.0,1335935.0,0.0,0.0,0.0,0.0,0.0
IND_FUA_08675,Malappuram,G,missing_pair,1335935.0,1335935.0,0.0,0.0,,0.0,0.0
IND_FUA_08675,Malappuram,J,new_built,100186.49973876588,100186.49973876588,6754.1877382280245,0.06741614644527379,0.06741614644527379,1513.4618080682628,0.030968160481762257
IND_FUA_08675,Malappuram,J,stable_built,100186.49973876588,100186.49973876588,81720.50924295028,0.8156838441909312,0.8156838441909312,41478.425620552494,0.8487234592246629
IND_FUA_08675,Malappuram,J,absent_both,100186.49973876588,100186.49973876588,11711.802826750234,0.1169000100541341,0.1169000100541341,5879.655928228815,0.1203083734206276
IND_FUA_08675,Malappuram,J,built_loss,100186.49973876588,100186.49973876588,0.0,0.0,0.0,0.0,0.0
IND_FUA_08675,Malappuram,J,missing_pair,100186.49973876588,100186.49973876588,0.0,0.0,,0.0,0.0
IND_FUA_08675,Malappuram,F,new_built,104366.3523087719,104366.35230877192,6919.68810314845,0.06630190621855102,0.066301906218551,1727.3536477836067,0.03248253433865889
IND_FUA_08675,Malappuram,F,stable_built,104366.3523087719,104366.35230877192,85580.76209358875,0.820003384236279,0.8200033842362788,45357.595046349255,0.8529403579298747
IND_FUA_08675,Malappuram,F,absent_both,104366.3523087719,104366.35230877192,11865.902181966943,0.113694710215235,0.11369471021523497,6092.972015533452,0.114577100626152
IND_FUA_08675,Malappuram,F,built_loss,104366.3523087719,104366.35230877192,0.0,0.0,0.0,0.0,0.0
IND_FUA_08675,Malappuram,F,missing_pair,104366.3523087719,104366.35230877192,0.0,0.0,,0.0,0.0
IND_FUA_08675,Malappuram,A,new_built,105051.56166215104,105051.56166215109,7012.340350927511,0.06675141463845542,0.0667514146384554,1760.5729933077014,0.0333857837315347
IND_FUA_08675,Malappuram,A,stable_built,105051.56166215104,105051.56166215109,86200.58312241764,0.8205549899357164,0.8205549899357161,44945.702595132905,0.8523063299317175
IND_FUA_08675,Malappuram,A,absent_both,105051.56166215104,105051.56166215109,11838.63826001858,0.11269359610371138,0.11269359610371134,6027.9359165243395,0.11430787909482565
IND_FUA_08675,Malappuram,A,built_loss,105051.56166215104,105051.56166215109,0.0,0.0,0.0,0.0,0.0
IND_FUA_08675,Malappuram,A,missing_pair,105051.56166215104,105051.56166215109,0.0,0.0,,0.0,0.0
IND_FUA_08686,Lakhimpur,G,new_built,577485.0,577485.0,51780.95976413632,0.08966632858712577,0.08966632858712577,131.78053638055235,0.03967314305581507
IND_FUA_08686,Lakhimpur,G,stable_built,577485.0,577485.0,423883.50856974703,0.734016482799981,0.734016482799981,2713.5075750992487,0.8169140691541259
IND_FUA_08686,Lakhimpur,G,absent_both,577485.0,577485.0,101820.53226702899,0.1763171896534611,0.1763171896534611,476.3679512466937,0.14341278610704347
IND_FUA_08686,Lakhimpur,G,built_loss,577485.0,577485.0,0.0,0.0,0.0,0.0,0.0
IND_FUA_08686,Lakhimpur,G,missing_pair,577485.0,577485.0,0.0,0.0,,0.0,0.0
IND_FUA_08686,Lakhimpur,J,new_built,104863.33004921488,104863.33004921488,8116.365962441505,0.07739946803741879,0.07739946803741879,2.9442749243286257,0.003988241139038405
IND_FUA_08686,Lakhimpur,J,stable_built,104863.33004921488,104863.33004921488,88345.47426080891,0.8424820594515381,0.8424820594515381,719.120948293133,0.9741032422714296
IND_FUA_08686,Lakhimpur,J,absent_both,104863.33004921488,104863.33004921488,8401.489839505277,0.08011847264017131,0.08011847264017131,16.173719661929773,0.021908515945293885
IND_FUA_08686,Lakhimpur,J,built_loss,104863.33004921488,104863.33004921488,0.0,0.0,0.0,0.0,0.0
IND_FUA_08686,Lakhimpur,J,missing_pair,104863.33004921488,104863.33004921488,0.0,0.0,,0.0,0.0
IND_FUA_08686,Lakhimpur,F,new_built,113361.82096614374,113361.82096614374,8508.582260634194,0.07505685942690828,0.07505685942690828,2.9855250882327815,0.0040396579167844456
IND_FUA_08686,Lakhimpur,F,stable_built,113361.82096614374,113361.82096614374,95815.6105605352,0.8452194022990436,0.8452194022990436,719.7896027470313,0.9739337909490923
IND_FUA_08686,Lakhimpur,F,absent_both,113361.82096614374,113361.82096614374,9037.628167054449,0.07972373846882361,0.07972373846882361,16.278808869533634,0.022026550500219753
IND_FUA_08686,Lakhimpur,F,built_loss,113361.82096614374,113361.82096614374,0.0,0.0,0.0,0.0,0.0
IND_FUA_08686,Lakhimpur,F,missing_pair,113361.82096614374,113361.82096614374,0.0,0.0,,0.0,0.0
IND_FUA_08686,Lakhimpur,A,new_built,113310.35355359438,113310.35355359438,8545.059208285806,0.07541287217186292,0.07541287217186292,2.3275543722407828,0.0030920410386709543
IND_FUA_08686,Lakhimpur,A,stable_built,113310.35355359438,113310.35355359438,96978.08356833308,0.8558625097084677,0.8558625097084677,733.3946000967463,0.9742785079841835
IND_FUA_08686,Lakhimpur,A,absent_both,113310.35355359438,113310.35355359438,7787.210804181264,0.06872461835976897,0.06872461835976897,17.03446861503367,0.022629450318244898
IND_FUA_08686,Lakhimpur,A,built_loss,113310.35355359438,113310.35355359438,0.0,0.0,0.0,0.0,0.0
IND_FUA_08686,Lakhimpur,A,missing_pair,113310.35355359438,113310.35355359438,0.0,0.0,,0.0,0.0
IND_FUA_08722,Kanpur,G,new_built,10361223.0,10361223.0,797329.3045510551,0.07695320374352092,0.07695320374352092,213001.09663516431,0.103717367438032
IND_FUA_08722,Kanpur,G,stable_built,10361223.0,10361223.0,7555356.551602618,0.7291954387626458,0.7291954387626458,1308009.6389675017,0.6369136989451694
IND_FUA_08722,Kanpur,G,absent_both,10361223.0,10361223.0,2008537.142109388,0.1938513573261948,0.1938513573261948,532657.8252705332,0.2593689340339594
IND_FUA_08722,Kanpur,G,built_loss,10361223.0,10361223.0,0.0,0.0,0.0,0.0,0.0
IND_FUA_08722,Kanpur,G,missing_pair,10361223.0,10361223.0,0.0,0.0,,0.0,0.0
IND_FUA_08722,Kanpur,J,new_built,3091786.03783576,3091786.03783576,235230.22324961488,0.07608230982706528,0.07608230982706528,52993.69652725425,0.10306968562369388
IND_FUA_08722,Kanpur,J,stable_built,3091786.03783576,3091786.03783576,2494370.295150839,0.806773258118757,0.806773258118757,374527.87535763165,0.7284351328571341
IND_FUA_08722,Kanpur,J,absent_both,3091786.03783576,3091786.03783576,362185.51816062117,0.11714443164189649,0.11714443164189649,86632.48034632046,0.16849518148830925
IND_FUA_08722,Kanpur,J,built_loss,3091786.03783576,3091786.03783576,0.0,0.0,0.0,0.0,0.0
IND_FUA_08722,Kanpur,J,missing_pair,3091786.03783576,3091786.03783576,0.0,0.0,,0.0,0.0
IND_FUA_08722,Kanpur,F,new_built,3149365.0672234455,3149365.067223446,236724.63526236732,0.07516582873355782,0.0751658287335578,53427.30584961022,0.10174898630536255
IND_FUA_08722,Kanpur,F,stable_built,3149365.0672234455,3149365.067223446,2547073.1401556167,0.8087576656843967,0.8087576656843966,383602.4692309797,0.7305470820174431
IND_FUA_08722,Kanpur,F,absent_both,3149365.0672234455,3149365.067223446,365567.2905383994,0.11607650517972251,0.1160765051797225,88059.54315362027,0.16770393168645167
IND_FUA_08722,Kanpur,F,built_loss,3149365.0672234455,3149365.067223446,0.0,0.0,0.0,0.0,0.0
IND_FUA_08722,Kanpur,F,missing_pair,3149365.0672234455,3149365.067223446,0.0,0.0,,0.0,0.0
IND_FUA_08722,Kanpur,A,new_built,3258799.269596543,3258799.2695965436,241595.45156432767,0.07413634028285469,0.07413634028285469,55000.82957905574,0.09838233885779475
IND_FUA_08722,Kanpur,A,stable_built,3258799.269596543,3258799.2695965436,2648370.599388333,0.8126829486236553,0.8126829486236552,413166.9013735062,0.7390493271983699
IND_FUA_08722,Kanpur,A,absent_both,3258799.269596543,3258799.2695965436,368833.2171204778,0.11318071062601574,0.11318071062601573,90884.12941465444,0.16256833370151708
IND_FUA_08722,Kanpur,A,built_loss,3258799.269596543,3258799.2695965436,0.0,0.0,0.0,0.0,0.0
IND_FUA_08722,Kanpur,A,missing_pair,3258799.269596543,3258799.2695965436,0.0,0.0,,0.0,0.0
IND_FUA_08848,Lucknow,G,new_built,19979099.0,19979099.0,2521154.4955059257,0.12618959921595693,0.12618959921595693,1646314.993684943,0.20882591102807038
IND_FUA_08848,Lucknow,G,stable_built,19979099.0,19979099.0,13868373.671478875,0.694144098864462,0.694144098864462,4620437.474748427,0.5860768253424683
IND_FUA_08848,Lucknow,G,absent_both,19979099.0,19979099.0,3589570.8311356576,0.17966630182550564,0.17966630182550564,1616919.5652003104,0.20509726422784655
IND_FUA_08848,Lucknow,G,built_loss,19979099.0,19979099.0,0.0,0.0,0.0,0.0,0.0
IND_FUA_08848,Lucknow,G,missing_pair,19979099.0,19979099.0,0.0,0.0,,0.0,0.0
IND_FUA_08848,Lucknow,J,new_built,5724231.264064722,5724231.264064722,706969.9458524901,0.1235047840031672,0.1235047840031672,624765.3241952059,0.2551558087476626
IND_FUA_08848,Lucknow,J,stable_built,5724231.264064722,5724231.264064722,4605578.454519411,0.8045758883698618,0.8045758883698618,1590431.992670044,0.6495366270057079
IND_FUA_08848,Lucknow,J,absent_both,5724231.264064722,5724231.264064722,411682.8631796265,0.07191932753731799,0.07191932753731799,233366.67236922917,0.09530756544439216
IND_FUA_08848,Lucknow,J,built_loss,5724231.264064722,5724231.264064722,0.0,0.0,0.0,0.0,0.0
IND_FUA_08848,Lucknow,J,missing_pair,5724231.264064722,5724231.264064722,0.0,0.0,,0.0,0.0
IND_FUA_08848,Lucknow,F,new_built,5849722.388046869,5849722.388046868,713099.7441983927,0.12190317709016711,0.12190317709016713,625327.7334075276,0.25179337400646234
IND_FUA_08848,Lucknow,F,stable_built,5849722.388046869,5849722.388046868,4714059.895039438,0.8058604464157126,0.8058604464157128,1620853.6990169678,0.6526501222365655
IND_FUA_08848,Lucknow,F,absent_both,5849722.388046869,5849722.388046868,422562.7482453083,0.07223637639775166,0.07223637639775167,237314.15840860837,0.09555650493797252
IND_FUA_08848,Lucknow,F,built_loss,5849722.388046869,5849722.388046868,0.0,0.0,0.0,0.0,0.0
IND_FUA_08848,Lucknow,F,missing_pair,5849722.388046869,5849722.388046868,0.0,0.0,,0.0,0.0
IND_FUA_08848,Lucknow,A,new_built,6049124.879505752,6049124.879505751,734874.4887316728,0.1214844301233398,0.12148443012333981,647723.4827111049,0.2535872979779851
IND_FUA_08848,Lucknow,A,stable_built,6049124.879505752,6049124.879505751,4906037.038716851,0.8110325272566868,0.811032527256687,1668920.6475515729,0.6533915920121647
IND_FUA_08848,Lucknow,A,absent_both,6049124.879505752,6049124.879505751,408213.3510217301,0.06748304244879194,0.06748304244879196,237598.4859779536,0.09302111112386949
IND_FUA_08848,Lucknow,A,built_loss,6049124.879505752,6049124.879505751,0.0,0.0,0.0,0.0,0.0
IND_FUA_08848,Lucknow,A,missing_pair,6049124.879505752,6049124.879505751,0.0,0.0,,0.0,0.0
IND_FUA_08896,Mysuru,G,new_built,1690295.0,1690295.0,270147.5235612907,0.15982270761097364,0.15982270761097364,711.9731691984614,0.19880254713157458
IND_FUA_08896,Mysuru,G,stable_built,1690295.0,1690295.0,1003388.9767547915,0.5936176683684158,0.5936176683684158,504.58710346562276,0.14089463726792073
IND_FUA_08896,Mysuru,G,absent_both,1690295.0,1690295.0,416758.4994671085,0.24655962389234334,0.24655962389234334,2364.747823831165,0.6603028190384503
IND_FUA_08896,Mysuru,G,built_loss,1690295.0,1690295.0,0.0,0.0,0.0,0.0,0.0
IND_FUA_08896,Mysuru,G,missing_pair,1690295.0,1690295.0,0.0,0.0,,0.0,0.0
IND_FUA_08896,Mysuru,J,new_built,238444.4495176226,238444.4495176226,41998.63744046983,0.17613594078383385,0.17613594078383385,136.25399056785355,0.7976845311092613
IND_FUA_08896,Mysuru,J,stable_built,238444.4495176226,238444.4495176226,170520.32493358906,0.7151364826422034,0.7151364826422034,29.53221589289662,0.17289322455044936
IND_FUA_08896,Mysuru,J,absent_both,238444.4495176226,238444.4495176226,25925.487129012625,0.10872757651293771,0.10872757651293771,5.025670979859751,0.029422257523404008
IND_FUA_08896,Mysuru,J,built_loss,238444.4495176226,238444.4495176226,0.0,0.0,0.0,0.0,0.0
IND_FUA_08896,Mysuru,J,missing_pair,238444.4495176226,238444.4495176226,0.0,0.0,,0.0,0.0
IND_FUA_08896,Mysuru,F,new_built,250430.84914796992,250430.84914796994,42807.03262839164,0.17093354422600954,0.1709335442260095,136.253751386183,0.7976983611043496
IND_FUA_08896,Mysuru,F,stable_built,250430.84914796992,250430.84914796994,180537.63442290717,0.7209081270823566,0.7209081270823565,29.52974299843309,0.17288204804665236
IND_FUA_08896,Mysuru,F,absent_both,250430.84914796992,250430.84914796994,27086.182072671414,0.10815832859580025,0.10815832859580024,5.025121786880699,0.029419604032648924
IND_FUA_08896,Mysuru,F,built_loss,250430.84914796992,250430.84914796994,0.0,0.0,0.0,0.0,0.0
IND_FUA_08896,Mysuru,F,missing_pair,250430.84914796992,250430.84914796994,0.0,0.0,,0.0,0.0
IND_FUA_08896,Mysuru,A,new_built,254661.44610630482,254661.4461063048,43637.58080333906,0.17135526979267668,0.1713552697926767,108.22538675492224,0.8085333814014614
IND_FUA_08896,Mysuru,A,stable_built,254661.44610630482,254661.4461063048,183469.25369650757,0.7204437754583429,0.720443775458343,23.226647516973117,0.1735223168852664
IND_FUA_08896,Mysuru,A,absent_both,254661.44610630482,254661.4461063048,27554.611586523562,0.10820095467070143,0.10820095467070144,2.4019174872065374,0.01794431534050468
IND_FUA_08896,Mysuru,A,built_loss,254661.44610630482,254661.4461063048,0.0,0.0,0.0,0.0,0.0
IND_FUA_08896,Mysuru,A,missing_pair,254661.44610630482,254661.4461063048,0.0,0.0,,0.0,0.0
IND_FUA_08900,Kochi,G,new_built,7243384.0,7243384.0,221784.54893285985,0.03061891360900649,0.03061891360900649,90041.91757117466,0.04599370382422722
IND_FUA_08900,Kochi,G,stable_built,7243384.0,7243384.0,5931894.262606575,0.8189396368612482,0.8189396368612482,1314636.0698218192,0.6715203725446607
IND_FUA_08900,Kochi,G,absent_both,7243384.0,7243384.0,1087601.7585857122,0.15015105627227718,0.15015105627227718,552982.7032323555,0.28246536011724893
IND_FUA_08900,Kochi,G,built_loss,7243384.0,7243384.0,2103.4284479711205,0.00029039306047713617,0.00029039306047713617,40.254087733751504,2.0561918702776812e-05
IND_FUA_08900,Kochi,G,missing_pair,7243384.0,7243384.0,0.0,0.0,,0.0,0.0
IND_FUA_08900,Kochi,J,new_built,929546.310163619,929546.310163619,51965.47134420035,0.055904123093182274,0.055904123093182274,26484.393695158855,0.08488335325186629
IND_FUA_08900,Kochi,J,stable_built,929546.310163619,929546.310163619,820248.4466992513,0.8824180546258862,0.8824180546258862,262046.74515636745,0.8398684407744491
IND_FUA_08900,Kochi,J,absent_both,929546.310163619,929546.310163619,57063.70511807148,0.06138877051540026,0.06138877051540026,23474.91161911926,0.07523786417229848
IND_FUA_08900,Kochi,J,built_loss,929546.310163619,929546.310163619,268.68681268285974,0.00028905156176195826,0.00028905156176195826,3.225750855160581,1.0338637632892318e-05
IND_FUA_08900,Kochi,J,missing_pair,929546.310163619,929546.310163619,0.0,0.0,,0.0,0.0
IND_FUA_08900,Kochi,F,new_built,983418.3766564538,983418.3766564537,52259.539069572005,0.05314069810984251,0.05314069810984252,26603.57157202506,0.08126842177809976
IND_FUA_08900,Kochi,F,stable_built,983418.3766564538,983418.3766564537,867585.063098238,0.8822135966667207,0.8822135966667208,273779.86738201894,0.8363410031813444
IND_FUA_08900,Kochi,F,absent_both,983418.3766564538,983418.3766564537,63238.63226020456,0.06430491209164813,0.06430491209164813,26967.055861668985,0.08237879128170274
IND_FUA_08900,Kochi,F,built_loss,983418.3766564538,983418.3766564537,335.1420055666735,0.00034079290515815896,0.000340792905158159,3.8564072599809585,1.1780528449113132e-05
IND_FUA_08900,Kochi,F,missing_pair,983418.3766564538,983418.3766564537,0.0,0.0,,0.0,0.0
IND_FUA_08900,Kochi,A,new_built,991106.6445947943,991106.6445947943,52525.51985637826,0.052996839586170755,0.052996839586170755,25730.746491273298,0.07923601632895931
IND_FUA_08900,Kochi,A,stable_built,991106.6445947943,991106.6445947943,875968.6985243545,0.8838289030768097,0.8838289030768097,272664.93430571345,0.8396524055106418
IND_FUA_08900,Kochi,A,absent_both,991106.6445947943,991106.6445947943,62285.28538433936,0.06284418102131097,0.06284418102131097,26336.2666049271,0.08110067274805148
IND_FUA_08900,Kochi,A,built_loss,991106.6445947943,991106.6445947943,327.14055602513656,0.00033007603955564766,0.00033007603955564766,3.5403526616027894,1.0902265948645291e-05
IND_FUA_08900,Kochi,A,missing_pair,991106.6445947943,991106.6445947943,0.0,0.0,,0.0,0.0
IND_FUA_08952,Nagpur,G,new_built,4179117.0,4179117.0,1145189.3983607597,0.27402664207792216,0.27402664207792216,2111.8002756165906,0.06541837279181317
IND_FUA_08952,Nagpur,G,stable_built,4179117.0,4179117.0,2003612.2124179623,0.47943434280924946,0.47943434280924946,3652.279565668996,0.11313862817689786
IND_FUA_08952,Nagpur,G,absent_both,4179117.0,4179117.0,1030315.3918463611,0.2465390157409714,0.2465390157409714,26517.37540224749,0.8214429979739392
IND_FUA_08952,Nagpur,G,built_loss,4179117.0,4179117.0,0.0,0.0,0.0,0.0,0.0
IND_FUA_08952,Nagpur,G,missing_pair,4179117.0,4179117.0,0.0,0.0,,0.0,0.0
IND_FUA_08952,Nagpur,J,new_built,1244140.7885767445,1244140.7885767445,434812.23970562476,0.34948797089357986,0.34948797089357986,335.8654211956855,0.1911071206888608
IND_FUA_08952,Nagpur,J,stable_built,1244140.7885767445,1244140.7885767445,662531.999119542,0.5325217251959534,0.5325217251959534,465.76869649643834,0.2650219667673894
IND_FUA_08952,Nagpur,J,absent_both,1244140.7885767445,1244140.7885767445,146796.55107081326,0.11799030497082538,0.11799030497082538,955.8379211638494,0.5438709120711236
IND_FUA_08952,Nagpur,J,built_loss,1244140.7885767445,1244140.7885767445,0.0,0.0,0.0,0.0,0.0
IND_FUA_08952,Nagpur,J,missing_pair,1244140.7885767445,1244140.7885767445,0.0,0.0,,0.0,0.0
IND_FUA_08952,Nagpur,F,new_built,1274770.099763122,1274770.099763122,438049.62885080464,0.3436302976765796,0.3436302976765796,344.43053960652327,0.16964263961818046
IND_FUA_08952,Nagpur,F,stable_built,1274770.099763122,1274770.099763122,683043.1735634449,0.5358167513423543,0.5358167513423543,532.3041129453129,0.2621761557578987
IND_FUA_08952,Nagpur,F,absent_both,1274770.099763122,1274770.099763122,153677.2986633874,0.12055295201224421,0.12055295201224421,1153.5953419221114,0.5681812044845689
IND_FUA_08952,Nagpur,F,built_loss,1274770.099763122,1274770.099763122,0.0,0.0,0.0,0.0,0.0
IND_FUA_08952,Nagpur,F,missing_pair,1274770.099763122,1274770.099763122,0.0,0.0,,0.0,0.0
IND_FUA_08952,Nagpur,A,new_built,1307875.003613879,1307875.003613879,453225.9719538037,0.3465361526915523,0.3465361526915523,382.3703112496157,0.17280629443452938
IND_FUA_08952,Nagpur,A,stable_built,1307875.003613879,1307875.003613879,699019.7640967926,0.5344698554260027,0.5344698554260027,613.254470874293,0.2771507869187402
IND_FUA_08952,Nagpur,A,absent_both,1307875.003613879,1307875.003613879,155629.26875998938,0.11899399279744585,0.11899399279744585,1217.0857688131616,0.5500429178987785
IND_FUA_08952,Nagpur,A,built_loss,1307875.003613879,1307875.003613879,0.0,0.0,0.0,0.0,0.0
IND_FUA_08952,Nagpur,A,missing_pair,1307875.003613879,1307875.003613879,0.0,0.0,,0.0,0.0
IND_FUA_08997,Kollam,G,new_built,1788716.0,1788716.0,42095.3779482966,0.02353385218687405,0.02353385218687405,17593.13182498817,0.052581612691931935
IND_FUA_08997,Kollam,G,stable_built,1788716.0,1788716.0,1464614.8471594285,0.8188079310295365,0.8188079310295365,160008.37283350935,0.47822629714215137
IND_FUA_08997,Kollam,G,absent_both,1788716.0,1788716.0,282005.774129967,0.15765821635741334,0.15765821635741334,156985.643576403,0.46919209102974174
IND_FUA_08997,Kollam,G,built_loss,1788716.0,1788716.0,0.0,0.0,0.0,0.0,0.0
IND_FUA_08997,Kollam,G,missing_pair,1788716.0,1788716.0,0.0,0.0,,0.0,0.0
IND_FUA_08997,Kollam,J,new_built,156088.42021547072,156088.42021547072,2907.305954830441,0.018626019475481134,0.018626019475481134,837.0433338639459,0.039975528583751745
IND_FUA_08997,Kollam,J,stable_built,156088.42021547072,156088.42021547072,140908.55286111572,0.9027482798954586,0.9027482798954586,15196.795714592821,0.7257688065751744
IND_FUA_08997,Kollam,J,absent_both,156088.42021547072,156088.42021547072,12272.561181317606,0.07862569923109011,0.07862569923109011,4905.054409976608,0.2342556649555122
IND_FUA_08997,Kollam,J,built_loss,156088.42021547072,156088.42021547072,0.0,0.0,0.0,0.0,0.0
IND_FUA_08997,Kollam,J,missing_pair,156088.42021547072,156088.42021547072,0.0,0.0,,0.0,0.0
IND_FUA_08997,Kollam,F,new_built,168568.4287129415,168568.4287129415,3175.0514805613952,0.018835386346088882,0.018835386346088882,877.0099773369419,0.040293336832038285
IND_FUA_08997,Kollam,F,stable_built,168568.4287129415,168568.4287129415,151373.75994711008,0.8979959124189705,0.8979959124189705,15835.081539793382,0.7275268135296845
IND_FUA_08997,Kollam,F,absent_both,168568.4287129415,168568.4287129415,14019.617069981743,0.08316869995778406,0.08316869995778406,5053.54137735372,0.2321798499153505
IND_FUA_08997,Kollam,F,built_loss,168568.4287129415,168568.4287129415,0.0,0.0,0.0,0.0,0.0
IND_FUA_08997,Kollam,F,missing_pair,168568.4287129415,168568.4287129415,0.0,0.0,,0.0,0.0
IND_FUA_08997,Kollam,A,new_built,169871.6639278739,169871.6639278739,3237.0021577104953,0.01905557456059829,0.01905557456059829,855.2608259147512,0.0377905589416231
IND_FUA_08997,Kollam,A,stable_built,169871.6639278739,169871.6639278739,152840.56574669335,0.8997413824802952,0.8997413824802952,16731.999037232174,0.7393201894304108
IND_FUA_08997,Kollam,A,absent_both,169871.6639278739,169871.6639278739,13794.095799988554,0.08120304164351633,0.08120304164351633,5044.340467981722,0.22288925202787083
IND_FUA_08997,Kollam,A,built_loss,169871.6639278739,169871.6639278739,0.0,0.0,0.0,0.0,0.0
IND_FUA_08997,Kollam,A,missing_pair,169871.6639278739,169871.6639278739,0.0,0.0,,0.0,0.0
IND_FUA_09007,Jabalpur,G,new_built,1648394.0,1648394.0,351795.364128966,0.2134170375098223,0.2134170375098223,6083.1520618885825,0.14866098584005621
IND_FUA_09007,Jabalpur,G,stable_built,1648394.0,1648394.0,750992.1371339979,0.45559019089732056,0.45559019089732056,19024.51068052873,0.46492385594155816
IND_FUA_09007,Jabalpur,G,absent_both,1648394.0,1648394.0,545606.4993181233,0.3309927719453743,0.3309927719453743,15811.9639425584,0.3864151551454686
IND_FUA_09007,Jabalpur,G,built_loss,1648394.0,1648394.0,0.0,0.0,0.0,0.0,0.0
IND_FUA_09007,Jabalpur,G,missing_pair,1648394.0,1648394.0,0.0,0.0,,0.0,0.0
IND_FUA_09007,Jabalpur,J,new_built,348070.5400445089,348070.5400445089,114168.67856478806,0.3280044284994328,0.3280044284994328,1423.5781640969617,0.27969160198293846
IND_FUA_09007,Jabalpur,J,stable_built,348070.5400445089,348070.5400445089,156053.97520518122,0.44834008412555143,0.44834008412555143,2588.788836071012,0.5086215249835282
IND_FUA_09007,Jabalpur,J,absent_both,348070.5400445089,348070.5400445089,77847.88660473049,0.22365548832364796,0.22365548832364796,1077.4468018029988,0.21168688144274517
IND_FUA_09007,Jabalpur,J,built_loss,348070.5400445089,348070.5400445089,0.0,0.0,0.0,0.0,0.0
IND_FUA_09007,Jabalpur,J,missing_pair,348070.5400445089,348070.5400445089,0.0,0.0,,0.0,0.0
IND_FUA_09007,Jabalpur,F,new_built,361551.2082853189,361551.2082853189,115317.29896878445,0.31895149656858995,0.31895149656858995,1460.7768494242923,0.26708028926581656
IND_FUA_09007,Jabalpur,F,stable_built,361551.2082853189,361551.2082853189,166462.83402487816,0.4604128826296541,0.4604128826296541,2829.793700150827,0.5173836923118887
IND_FUA_09007,Jabalpur,F,absent_both,361551.2082853189,361551.2082853189,79771.07562460523,0.22063562172264603,0.22063562172264603,1178.8591255447986,0.21553602549098316
IND_FUA_09007,Jabalpur,F,built_loss,361551.2082853189,361551.2082853189,0.0,0.0,0.0,0.0,0.0
IND_FUA_09007,Jabalpur,F,missing_pair,361551.2082853189,361551.2082853189,0.0,0.0,,0.0,0.0
IND_FUA_09007,Jabalpur,A,new_built,371556.8266969381,371556.8266969381,119291.76186344118,0.3210592654801146,0.3210592654801146,1607.9170785050583,0.26429670467029853
IND_FUA_09007,Jabalpur,A,stable_built,371556.8266969381,371556.8266969381,171446.89247181028,0.46142845495785134,0.46142845495785134,3179.6766841405956,0.5226501296426758
IND_FUA_09007,Jabalpur,A,absent_both,371556.8266969381,371556.8266969381,80818.1726370821,0.21751228030322745,0.21751228030322745,1296.1638520886524,0.2130531725792061
IND_FUA_09007,Jabalpur,A,built_loss,371556.8266969381,371556.8266969381,0.0,0.0,0.0,0.0,0.0
IND_FUA_09007,Jabalpur,A,missing_pair,371556.8266969381,371556.8266969381,0.0,0.0,,0.0,0.0
IND_FUA_09013,Ettumanoor,G,new_built,2526835.0,2526835.0,99912.31802532711,0.03954049948862,0.03954049948862,34169.203691648894,0.048837783123490616
IND_FUA_09013,Ettumanoor,G,stable_built,2526835.0,2526835.0,1665582.8913599611,0.6591577571784312,0.6591577571784312,361042.4540629998,0.5160352353839336
IND_FUA_09013,Ettumanoor,G,absent_both,2526835.0,2526835.0,761339.7909761171,0.3013017434759757,0.3013017434759757,304435.2442651125,0.43512698067939604
IND_FUA_09013,Ettumanoor,G,built_loss,2526835.0,2526835.0,0.0,0.0,0.0,0.0,0.0
IND_FUA_09013,Ettumanoor,G,missing_pair,2526835.0,2526835.0,0.0,0.0,,0.0,0.0
IND_FUA_09013,Ettumanoor,J,new_built,131120.76988418587,131120.76988418587,4996.764737514635,0.03810811011808498,0.03810811011808498,4508.3879502706395,0.14865989588208467
IND_FUA_09013,Ettumanoor,J,stable_built,131120.76988418587,131120.76988418587,107886.94957947519,0.8228059496200926,0.8228059496200926,17132.12356603355,0.5649158266010954
IND_FUA_09013,Ettumanoor,J,absent_both,131120.76988418587,131120.76988418587,18237.05557948454,0.13908594035554137,0.13908594035554137,8686.349243918612,0.28642428035032963
IND_FUA_09013,Ettumanoor,J,built_loss,131120.76988418587,131120.76988418587,0.0,0.0,0.0,0.0,0.0
IND_FUA_09013,Ettumanoor,J,missing_pair,131120.76988418587,131120.76988418587,0.0,0.0,,0.0,0.0
IND_FUA_09013,Ettumanoor,F,new_built,141576.81559568393,141576.81559568393,5110.835442715285,0.03609938125258337,0.03609938125258337,4542.247400590005,0.1405328986559302
IND_FUA_09013,Ettumanoor,F,stable_built,141576.81559568393,141576.81559568393,117308.9969075088,0.8285890342562914,0.8285890342562914,18762.821469189606,0.5805041987995708
IND_FUA_09013,Ettumanoor,F,absent_both,141576.81559568393,141576.81559568393,19156.983264759354,0.13531158462744353,0.13531158462744353,9016.525971381996,0.2789629051029231
IND_FUA_09013,Ettumanoor,F,built_loss,141576.81559568393,141576.81559568393,0.0,0.0,0.0,0.0,0.0
IND_FUA_09013,Ettumanoor,F,missing_pair,141576.81559568393,141576.81559568393,0.0,0.0,,0.0,0.0
IND_FUA_09013,Ettumanoor,A,new_built,142069.6633967748,142069.6633967748,5203.689762107414,0.036627733449149186,0.036627733449149186,4542.584144834596,0.1410325251315592
IND_FUA_09013,Ettumanoor,A,stable_built,142069.6633967748,142069.6633967748,117707.71327977697,0.8285210963796028,0.8285210963796028,18521.544665127254,0.5750339740938291
IND_FUA_09013,Ettumanoor,A,absent_both,142069.6633967748,142069.6633967748,19158.260363498037,0.13485117023183543,0.13485117023183543,9145.350197059017,0.2839335035698275
IND_FUA_09013,Ettumanoor,A,built_loss,142069.6633967748,142069.6633967748,0.0,0.0,0.0,0.0,0.0
IND_FUA_09013,Ettumanoor,A,missing_pair,142069.6633967748,142069.6633967748,0.0,0.0,,0.0,0.0
IND_FUA_09045,Hyderabad,G,new_built,18623822.0,18623822.0,2686883.684762569,0.14427133618236734,0.14427133618236734,6334.428465525456,0.03439750471719432
IND_FUA_09045,Hyderabad,G,stable_built,18623822.0,18623822.0,13893723.853961641,0.7460189349942048,0.7460189349942048,153430.83284978633,0.8331671634523361
IND_FUA_09045,Hyderabad,G,absent_both,18623822.0,18623822.0,2043214.4614784927,0.10970972883431192,0.10970972883431192,24388.458939034907,0.13243533113779732
IND_FUA_09045,Hyderabad,G,built_loss,18623822.0,18623822.0,0.0,0.0,0.0,0.0,0.0
IND_FUA_09045,Hyderabad,G,missing_pair,18623822.0,18623822.0,0.0,0.0,,0.0,0.0
IND_FUA_09045,Hyderabad,J,new_built,4595754.315134635,4595754.315134635,829582.7273172946,0.18051067799367154,0.18051067799367154,851.0457198433088,0.032438005014364966
IND_FUA_09045,Hyderabad,J,stable_built,4595754.315134635,4595754.315134635,3569936.108511386,0.7767900248181137,0.7767900248181137,23696.037462969674,0.9031855329534018
IND_FUA_09045,Hyderabad,J,absent_both,4595754.315134635,4595754.315134635,196235.4801344822,0.042699297368495946,0.042699297368495946,1688.9852686450813,0.06437646219945144
IND_FUA_09045,Hyderabad,J,built_loss,4595754.315134635,4595754.315134635,0.0,0.0,0.0,0.0,0.0
IND_FUA_09045,Hyderabad,J,missing_pair,4595754.315134635,4595754.315134635,0.0,0.0,,0.0,0.0
IND_FUA_09045,Hyderabad,F,new_built,4737323.0196257895,4737323.019625789,834598.7481748051,0.17617518263315127,0.1761751826331513,965.4801710761402,0.030821572306962468
IND_FUA_09045,Hyderabad,F,stable_built,4737323.0196257895,4737323.019625789,3699306.013354162,0.7808853223706028,0.7808853223706029,28547.27765632645,0.9113309716870516
IND_FUA_09045,Hyderabad,F,absent_both,4737323.0196257895,4737323.019625789,203418.2589051294,0.042939495166871226,0.04293949516687123,1812.0610968520966,0.05784745642057945
IND_FUA_09045,Hyderabad,F,built_loss,4737323.0196257895,4737323.019625789,0.0,0.0,0.0,0.0,0.0
IND_FUA_09045,Hyderabad,F,missing_pair,4737323.0196257895,4737323.019625789,0.0,0.0,,0.0,0.0
IND_FUA_09045,Hyderabad,A,new_built,4819983.325566195,4819983.325566196,853377.8289344994,0.17704995459382727,0.17704995459382725,968.1859936462043,0.03035420808473907
IND_FUA_09045,Hyderabad,A,stable_built,4819983.325566195,4819983.325566196,3765558.337318116,0.7812388722062191,0.781238872206219,28975.40437305809,0.9084261282968538
IND_FUA_09045,Hyderabad,A,absent_both,4819983.325566195,4819983.325566196,201047.1602382883,0.041711173391802484,0.04171117339180248,1952.6788849637915,0.06121966397556299
IND_FUA_09045,Hyderabad,A,built_loss,4819983.325566195,4819983.325566196,0.0,0.0,0.0,0.0,0.0
IND_FUA_09045,Hyderabad,A,missing_pair,4819983.325566195,4819983.325566196,0.0,0.0,,0.0,0.0
IND_FUA_09069,Coimbatore,G,new_built,7721634.0,7721634.0,1227907.7167616815,0.15902174549605452,0.15902174549605452,248.8924255659282,0.03111302876894523
IND_FUA_09069,Coimbatore,G,stable_built,7721634.0,7721634.0,4672926.854145084,0.6051733161847718,0.6051733161847718,4736.490454477182,0.5920893873684703
IND_FUA_09069,Coimbatore,G,absent_both,7721634.0,7721634.0,1820799.4311925047,0.23580493859104235,0.23580493859104235,3014.237699085162,0.37679758246895445
IND_FUA_09069,Coimbatore,G,built_loss,7721634.0,7721634.0,0.0,0.0,0.0,0.0,0.0
IND_FUA_09069,Coimbatore,G,missing_pair,7721634.0,7721634.0,0.0,0.0,,0.0,0.0
IND_FUA_09069,Coimbatore,J,new_built,1758507.1272424795,1758507.1272424795,349218.0230181559,0.19858777801245864,0.19858777801245864,3.8815850795113853,0.013167406210316587
IND_FUA_09069,Coimbatore,J,stable_built,1758507.1272424795,1758507.1272424795,1244267.9796741211,0.7075706207829033,0.7075706207829033,276.383647644615,0.9375694938738184
IND_FUA_09069,Coimbatore,J,absent_both,1758507.1272424795,1758507.1272424795,165021.12514477584,0.09384160154275063,0.09384160154275063,14.522140050300806,0.049263100812797
IND_FUA_09069,Coimbatore,J,built_loss,1758507.1272424795,1758507.1272424795,0.0,0.0,0.0,0.0,0.0
IND_FUA_09069,Coimbatore,J,missing_pair,1758507.1272424795,1758507.1272424795,0.0,0.0,,0.0,0.0
IND_FUA_09069,Coimbatore,F,new_built,1824271.1264415793,1824271.1264415795,352588.3393407691,0.19327628126665986,0.19327628126665983,23.04209818025079,0.03654596856415907
IND_FUA_09069,Coimbatore,F,stable_built,1824271.1264415793,1824271.1264415795,1300141.6593530367,0.7126910252036336,0.7126910252036335,526.0261534870667,0.8343048935422347
IND_FUA_09069,Coimbatore,F,absent_both,1824271.1264415793,1824271.1264415795,171541.12835635338,0.09403269386330818,0.09403269386330816,81.42805423966695,0.1291491376872138
IND_FUA_09069,Coimbatore,F,built_loss,1824271.1264415793,1824271.1264415795,0.0,0.0,0.0,0.0,0.0
IND_FUA_09069,Coimbatore,F,missing_pair,1824271.1264415793,1824271.1264415795,0.0,0.0,,0.0,0.0
IND_FUA_09069,Coimbatore,A,new_built,1858024.215897566,1858024.2158975662,360686.79490661476,0.19412383962518798,0.19412383962518798,22.540023894804108,0.03512786426546149
IND_FUA_09069,Coimbatore,A,stable_built,1858024.215897566,1858024.2158975662,1325435.2089865634,0.7133573382122353,0.7133573382122352,539.137323571887,0.840227269113196
IND_FUA_09069,Coimbatore,A,absent_both,1858024.215897566,1858024.2158975662,171902.2125940384,0.0925188224799302,0.09251882247993018,79.97919351237611,0.12464486581185336
IND_FUA_09069,Coimbatore,A,built_loss,1858024.215897566,1858024.2158975662,0.0,0.0,0.0,0.0,0.0
IND_FUA_09069,Coimbatore,A,missing_pair,1858024.215897566,1858024.2158975662,0.0,0.0,,0.0,0.0
IND_FUA_09099,Bengaluru,G,new_built,26136148.0,26136148.0,3547925.1057658168,0.13574781967739916,0.13574781967739916,18716.746495232608,0.13144031410770834
IND_FUA_09099,Bengaluru,G,stable_built,26136148.0,26136148.0,18710110.080319308,0.7158709875808519,0.7158709875808519,74459.17473139791,0.5228973591851842
IND_FUA_09099,Bengaluru,G,absent_both,26136148.0,26136148.0,3878112.8121155407,0.14838119267290423,0.14838119267290423,49221.38369482776,0.34566232626552396
IND_FUA_09099,Bengaluru,G,built_loss,26136148.0,26136148.0,0.0,0.0,0.0,0.0,0.0
IND_FUA_09099,Bengaluru,G,missing_pair,26136148.0,26136148.0,0.0,0.0,,0.0,0.0
IND_FUA_09099,Bengaluru,J,new_built,5963062.517343504,5963062.517343504,724747.2569636618,0.1215394362973291,0.1215394362973291,1935.9052016111903,0.13753235839174477
IND_FUA_09099,Bengaluru,J,stable_built,5963062.517343504,5963062.517343504,4923484.612949904,0.8256637589543965,0.8256637589543965,9941.289574940653,0.7062582401033571
IND_FUA_09099,Bengaluru,J,absent_both,5963062.517343504,5963062.517343504,314830.6469743426,0.05279680467187137,0.05279680467187137,2198.8032409318935,0.15620940277090636
IND_FUA_09099,Bengaluru,J,built_loss,5963062.517343504,5963062.517343504,0.0,0.0,0.0,0.0,0.0
IND_FUA_09099,Bengaluru,J,missing_pair,5963062.517343504,5963062.517343504,0.0,0.0,,0.0,0.0
IND_FUA_09099,Bengaluru,F,new_built,6083319.079772582,6083319.079772582,728770.421742834,0.11979815823997157,0.11979815823997157,1937.1697742270965,0.13432101770150148
IND_FUA_09099,Bengaluru,F,stable_built,6083319.079772582,6083319.079772582,5031158.924786709,0.8270417610537031,0.8270417610537031,10171.546981327505,0.705282810163431
IND_FUA_09099,Bengaluru,F,absent_both,6083319.079772582,6083319.079772582,323389.73281883204,0.05316008063659248,0.05316008063659248,2313.2241297967576,0.16039617354134145
IND_FUA_09099,Bengaluru,F,built_loss,6083319.079772582,6083319.079772582,0.0,0.0,0.0,0.0,0.0
IND_FUA_09099,Bengaluru,F,missing_pair,6083319.079772582,6083319.079772582,0.0,0.0,,0.0,0.0
IND_FUA_09099,Bengaluru,A,new_built,6183908.920092452,6183908.920092453,743555.2485986073,0.12024032989597958,0.12024032989597956,2098.002110170588,0.14123684554944232
IND_FUA_09099,Bengaluru,A,stable_built,6183908.920092452,6183908.920092453,5118098.315694761,0.8276477519041862,0.827647751904186,10410.830862962628,0.7008538759353596
IND_FUA_09099,Bengaluru,A,absent_both,6183908.920092452,6183908.920092453,322255.3553597239,0.05211191812878545,0.05211191812878544,2345.6627231384796,0.15790928051643205
IND_FUA_09099,Bengaluru,A,built_loss,6183908.920092452,6183908.920092453,0.0,0.0,0.0,0.0,0.0
IND_FUA_09099,Bengaluru,A,missing_pair,6183908.920092452,6183908.920092453,0.0,0.0,,0.0,0.0
IND_FUA_09129,Gonda,G,new_built,1208202.0,1208202.0,54185.94231693307,0.044848413027733,0.044848413027733,889.8438557088487,0.3321311586982658
IND_FUA_09129,Gonda,G,stable_built,1208202.0,1208202.0,1016303.0841184622,0.8411698409028144,0.8411698409028144,1213.5228839609192,0.45294324276221815
IND_FUA_09129,Gonda,G,absent_both,1208202.0,1208202.0,137712.97337008518,0.11398174590845338,0.11398174590845338,575.8274180494409,0.21492560334042174
IND_FUA_09129,Gonda,G,built_loss,1208202.0,1208202.0,0.0,0.0,0.0,0.0,0.0
IND_FUA_09129,Gonda,G,missing_pair,1208202.0,1208202.0,0.0,0.0,,0.0,0.0
IND_FUA_09129,Gonda,J,new_built,322967.6683792025,322967.6683792025,7438.3896793167205,0.02303137560687086,0.02303137560687086,131.10173485958435,0.38186823936825387
IND_FUA_09129,Gonda,J,stable_built,322967.6683792025,322967.6683792025,302007.19412214565,0.9351003945309884,0.9351003945309884,197.63103389784501,0.5756522981173999
IND_FUA_09129,Gonda,J,absent_both,322967.6683792025,322967.6683792025,13522.084587553978,0.04186822989252733,0.04186822989252733,14.58391004034408,0.04247946875894492
IND_FUA_09129,Gonda,J,built_loss,322967.6683792025,322967.6683792025,0.0,0.0,0.0,0.0,0.0
IND_FUA_09129,Gonda,J,missing_pair,322967.6683792025,322967.6683792025,0.0,0.0,,0.0,0.0
IND_FUA_09129,Gonda,F,new_built,326245.6143268753,326245.6143268753,7519.481352001105,0.023048528537358698,0.023048528537358698,136.47556443758162,0.37803011793458796
IND_FUA_09129,Gonda,F,stable_built,326245.6143268753,326245.6143268753,305022.8179846291,0.9349484087746771,0.9349484087746771,202.13430565823302,0.5599013693147685
IND_FUA_09129,Gonda,F,absent_both,326245.6143268753,326245.6143268753,13703.314998718595,0.04200306271393684,0.04200306271393684,22.40783399819174,0.06206851874109163
IND_FUA_09129,Gonda,F,built_loss,326245.6143268753,326245.6143268753,0.0,0.0,0.0,0.0,0.0
IND_FUA_09129,Gonda,F,missing_pair,326245.6143268753,326245.6143268753,0.0,0.0,,0.0,0.0
IND_FUA_09129,Gonda,A,new_built,339474.1209379397,339474.12093793973,7807.138400797876,0.022997742447133762,0.02299774244713376,148.59106189223468,0.4275719089831079
IND_FUA_09129,Gonda,A,stable_built,339474.1209379397,339474.12093793973,319340.04388434725,0.9406903919569374,0.9406903919569373,183.49676122872478,0.5280133238948445
IND_FUA_09129,Gonda,A,absent_both,339474.1209379397,339474.12093793973,12326.938631783025,0.03631186553403448,0.036311865534034475,15.435154471026339,0.04441477420366143
IND_FUA_09129,Gonda,A,built_loss,339474.1209379397,339474.12093793973,0.0,0.0,0.0,0.0,0.0
IND_FUA_09129,Gonda,A,missing_pair,339474.1209379397,339474.12093793973,0.0,0.0,,0.0,0.0
IND_FUA_09157,Thiruvananthapuram,G,new_built,2457935.0,2457935.0,117634.39591973506,0.04785903448208967,0.04785903448208967,1787.9810886208472,0.02218189656627189
IND_FUA_09157,Thiruvananthapuram,G,stable_built,2457935.0,2457935.0,2088475.3183870378,0.8496869601462357,0.8496869601462357,47770.042843872536,0.5926405799663681
IND_FUA_09157,Thiruvananthapuram,G,absent_both,2457935.0,2457935.0,251825.28512637853,0.1024540051410548,0.1024540051410548,31047.3962064881,0.3851775254712565
IND_FUA_09157,Thiruvananthapuram,G,built_loss,2457935.0,2457935.0,0.0,0.0,0.0,0.0,0.0
IND_FUA_09157,Thiruvananthapuram,G,missing_pair,2457935.0,2457935.0,0.0,0.0,,0.0,0.0
IND_FUA_09157,Thiruvananthapuram,J,new_built,267151.79895011894,267151.79895011894,22540.378993839382,0.08437292611324693,0.08437292611324693,95.13504133215167,0.03950978506830311
IND_FUA_09157,Thiruvananthapuram,J,stable_built,267151.79895011894,267151.79895011894,234304.1795073051,0.8770451122848438,0.8770451122848438,1672.0953059136764,0.6944247379860125
IND_FUA_09157,Thiruvananthapuram,J,absent_both,267151.79895011894,267151.79895011894,10307.240442785594,0.038581961578743114,0.038581961578743114,640.6552454846764,0.2660654864657748
IND_FUA_09157,Thiruvananthapuram,J,built_loss,267151.79895011894,267151.79895011894,0.0,0.0,0.0,0.0,0.0
IND_FUA_09157,Thiruvananthapuram,J,missing_pair,267151.79895011894,267151.79895011894,0.0,0.0,,0.0,0.0
IND_FUA_09157,Thiruvananthapuram,F,new_built,289119.1534126333,289119.1534126332,23057.43073545551,0.07975061653057537,0.07975061653057539,94.62917001096814,0.04009957658044313
IND_FUA_09157,Thiruvananthapuram,F,stable_built,289119.1534126333,289119.1534126332,253785.01492258895,0.8777869329202996,0.8777869329202997,1610.9136253258296,0.6826325780490853
IND_FUA_09157,Thiruvananthapuram,F,absent_both,289119.1534126333,289119.1534126332,12276.707764495877,0.04246245058339133,0.042462450583391334,654.3118190092506,0.2772678539905758
IND_FUA_09157,Thiruvananthapuram,F,built_loss,289119.1534126333,289119.1534126332,0.0,0.0,0.0,0.0,0.0
IND_FUA_09157,Thiruvananthapuram,F,missing_pair,289119.1534126333,289119.1534126332,0.0,0.0,,0.0,0.0
IND_FUA_09157,Thiruvananthapuram,A,new_built,291474.1682280228,291474.1682280228,23239.797213080798,0.07973192737580813,0.07973192737580813,93.21124514770177,0.03597069477100638
IND_FUA_09157,Thiruvananthapuram,A,stable_built,291474.1682280228,291474.1682280228,256184.38474088433,0.8789265487858569,0.8789265487858569,1849.376126297398,0.7136836767969091
IND_FUA_09157,Thiruvananthapuram,A,absent_both,291474.1682280228,291474.1682280228,12049.986283083528,0.04134152386930123,0.04134152386930123,648.7233185574637,0.25034563636274115
IND_FUA_09157,Thiruvananthapuram,A,built_loss,291474.1682280228,291474.1682280228,0.0,0.0,0.0,0.0,0.0
IND_FUA_09157,Thiruvananthapuram,A,missing_pair,291474.1682280228,291474.1682280228,0.0,0.0,,0.0,0.0
IND_FUA_09165,Tiruppur,G,new_built,5777389.0,5777389.0,1359785.6351667384,0.235363351016651,0.235363351016651,1450.5569030259903,0.045724771139267935
IND_FUA_09165,Tiruppur,G,stable_built,5777389.0,5777389.0,3218320.5763361463,0.557054506168123,0.557054506168123,27268.175407881252,0.8595533738178655
IND_FUA_09165,Tiruppur,G,absent_both,5777389.0,5777389.0,1199282.7885343744,0.20758214282167506,0.20758214282167506,3004.92355803183,0.09472185592676352
IND_FUA_09165,Tiruppur,G,built_loss,5777389.0,5777389.0,0.0,0.0,0.0,0.0,0.0
IND_FUA_09165,Tiruppur,G,missing_pair,5777389.0,5777389.0,0.0,0.0,,0.0,0.0
IND_FUA_09165,Tiruppur,J,new_built,1315387.758814877,1315387.758814877,347636.8104475448,0.2642846629200462,0.2642846629200462,345.5007915224387,0.05570133217267124
IND_FUA_09165,Tiruppur,J,stable_built,1315387.758814877,1315387.758814877,838382.9075705861,0.6373655995749442,0.6373655995749442,5690.797398208694,0.9174653256457417
IND_FUA_09165,Tiruppur,J,absent_both,1315387.758814877,1315387.758814877,129368.04111110508,0.09834973774399544,0.09834973774399544,166.44021459756314,0.026833344257584556
IND_FUA_09165,Tiruppur,J,built_loss,1315387.758814877,1315387.758814877,0.0,0.0,0.0,0.0,0.0
IND_FUA_09165,Tiruppur,J,missing_pair,1315387.758814877,1315387.758814877,0.0,0.0,,0.0,0.0
IND_FUA_09165,Tiruppur,F,new_built,1364452.854504228,1364452.854504228,351863.696088102,0.257878969527277,0.257878969527277,347.3119593563948,0.05242528386770023
IND_FUA_09165,Tiruppur,F,stable_built,1364452.854504228,1364452.854504228,878991.0467746081,0.644207708513306,0.644207708513306,6106.99728162158,0.9218256309445166
IND_FUA_09165,Tiruppur,F,absent_both,1364452.854504228,1364452.854504228,133598.11194692622,0.09791332218324897,0.09791332218324897,170.58497860261937,0.0257490871992434
IND_FUA_09165,Tiruppur,F,built_loss,1364452.854504228,1364452.854504228,0.0,0.0,0.0,0.0,0.0
IND_FUA_09165,Tiruppur,F,missing_pair,1364452.854504228,1364452.854504228,0.0,0.0,,0.0,0.0
IND_FUA_09165,Tiruppur,A,new_built,1386059.1634799354,1386059.1634799354,357968.7331760189,0.25826367489052776,0.25826367489052776,338.4926553774562,0.051987211962149685
IND_FUA_09165,Tiruppur,A,stable_built,1386059.1634799354,1386059.1634799354,894123.9545036315,0.6450835419310547,0.6450835419310547,6004.099901676837,0.9221364460104156
IND_FUA_09165,Tiruppur,A,absent_both,1386059.1634799354,1386059.1634799354,133966.47611172,0.09665278340310854,0.09665278340310854,168.48282541075739,0.025876343895390338
IND_FUA_09165,Tiruppur,A,built_loss,1386059.1634799354,1386059.1634799354,0.0,0.0,0.0,0.0,0.0
IND_FUA_09165,Tiruppur,A,missing_pair,1386059.1634799354,1386059.1634799354,0.0,0.0,,0.0,0.0
IND_FUA_09195,Faizabad,G,new_built,2166283.0,2166283.0,160277.74267315582,0.07398744424119832,0.07398744424119832,73398.03600899989,0.15301567698202484
IND_FUA_09195,Faizabad,G,stable_built,2166283.0,2166283.0,1603656.137505062,0.7402800730583502,0.7402800730583502,230061.65817497054,0.47961828800070067
IND_FUA_09195,Faizabad,G,absent_both,2166283.0,2166283.0,402349.11821192486,0.18573248195730885,0.18573248195730885,176216.88102361432,0.367366033366111
IND_FUA_09195,Faizabad,G,built_loss,2166283.0,2166283.0,0.0,0.0,0.0,0.0,0.0
IND_FUA_09195,Faizabad,G,missing_pair,2166283.0,2166283.0,0.0,0.0,,0.0,0.0
IND_FUA_09195,Faizabad,J,new_built,536219.1782141533,536219.1782141533,34043.06934168324,0.06348722821712885,0.06348722821712885,12456.883768328695,0.1597908544434957
IND_FUA_09195,Faizabad,J,stable_built,536219.1782141533,536219.1782141533,462848.16316804854,0.8631697297913464,0.8631697297913464,50593.15243502318,0.6489843854156014
IND_FUA_09195,Faizabad,J,absent_both,536219.1782141533,536219.1782141533,39327.9449320395,0.0733430405511025,0.0733430405511025,14907.389963650556,0.1912247576613384
IND_FUA_09195,Faizabad,J,built_loss,536219.1782141533,536219.1782141533,0.0,0.0,0.0,0.0,0.0
IND_FUA_09195,Faizabad,J,missing_pair,536219.1782141533,536219.1782141533,0.0,0.0,,0.0,0.0
IND_FUA_09195,Faizabad,F,new_built,561389.1719751445,561389.1719751447,35010.52495159059,0.062364090187939494,0.06236409018793948,12862.072791469072,0.15772329229467258
IND_FUA_09195,Faizabad,F,stable_built,561389.1719751445,561389.1719751447,485161.53418761963,0.8642160526193764,0.8642160526193762,52935.80150231465,0.6491340104015004
IND_FUA_09195,Faizabad,F,absent_both,561389.1719751445,561389.1719751447,41217.11210454685,0.07341985588986696,0.07341985588986695,15750.466303242247,0.19314269486729652
IND_FUA_09195,Faizabad,F,built_loss,561389.1719751445,561389.1719751447,0.0,0.0,0.0,0.0,0.0
IND_FUA_09195,Faizabad,F,missing_pair,561389.1719751445,561389.1719751447,0.0,0.0,,0.0,0.0
IND_FUA_09195,Faizabad,A,new_built,592292.4093890724,592292.4093890724,37193.71038932005,0.06279619627015645,0.06279619627015645,14582.396427601892,0.16875226282907052
IND_FUA_09195,Faizabad,A,stable_built,592292.4093890724,592292.4093890724,516065.9678180537,0.8713026870466845,0.8713026870466845,57219.626549501896,0.6621642407269782
IND_FUA_09195,Faizabad,A,absent_both,592292.4093890724,592292.4093890724,39032.73038359777,0.0659011153356812,0.0659011153356812,14611.019142102266,0.1690834942466382
IND_FUA_09195,Faizabad,A,built_loss,592292.4093890724,592292.4093890724,0.0,0.0,0.0,0.0,0.0
IND_FUA_09195,Faizabad,A,missing_pair,592292.4093890724,592292.4093890724,0.0,0.0,,0.0,0.0
IND_FUA_09258,Sultanpur,G,new_built,1832581.0,1832581.0,160860.39033015253,0.08777805200978976,0.08777805200978976,90978.38341481087,0.08528196936221888
IND_FUA_09258,Sultanpur,G,stable_built,1832581.0,1832581.0,1089982.9712270577,0.59478024230692,0.59478024230692,543970.0249597434,0.5099105222728112
IND_FUA_09258,Sultanpur,G,absent_both,1832581.0,1832581.0,581737.6370167532,0.3174417049051328,0.3174417049051328,431846.6492316904,0.4048075084059842
IND_FUA_09258,Sultanpur,G,built_loss,1832581.0,1832581.0,0.0,0.0,0.0,0.0,0.0
IND_FUA_09258,Sultanpur,G,missing_pair,1832581.0,1832581.0,0.0,0.0,,0.0,0.0
IND_FUA_09258,Sultanpur,J,new_built,387777.29958958924,387777.29958958924,37889.485570460834,0.09770939560041761,0.09770939560041761,16417.37223461907,0.09430174739709314
IND_FUA_09258,Sultanpur,J,stable_built,387777.29958958924,387777.29958958924,292001.20428785856,0.7530126301794949,0.7530126301794949,129379.91633997511,0.7431610865971492
IND_FUA_09258,Sultanpur,J,absent_both,387777.29958958924,387777.29958958924,57886.60890833257,0.14927797209789706,0.14927797209789706,28296.751877649094,0.1625371654848271
IND_FUA_09258,Sultanpur,J,built_loss,387777.29958958924,387777.29958958924,0.0,0.0,0.0,0.0,0.0
IND_FUA_09258,Sultanpur,J,missing_pair,387777.29958958924,387777.29958958924,0.0,0.0,,0.0,0.0
IND_FUA_09258,Sultanpur,F,new_built,406091.8895202829,406091.88952028286,38634.90173250706,0.09513832393487726,0.09513832393487727,16560.27711416028,0.09260206893600659
IND_FUA_09258,Sultanpur,F,stable_built,406091.8895202829,406091.88952028286,308276.6938309625,0.7591303884328504,0.7591303884328505,133348.0508407541,0.7456581379232413
IND_FUA_09258,Sultanpur,F,absent_both,406091.8895202829,406091.88952028286,59180.29312148175,0.145731285575271,0.145731285575271,28924.36225268215,0.16173979268514888
IND_FUA_09258,Sultanpur,F,built_loss,406091.8895202829,406091.88952028286,0.0,0.0,0.0,0.0,0.0
IND_FUA_09258,Sultanpur,F,missing_pair,406091.8895202829,406091.88952028286,0.0,0.0,,0.0,0.0
IND_FUA_09258,Sultanpur,A,new_built,413211.48187085305,413211.48187085305,39927.19220576175,0.0966265313465824,0.0966265313465824,16682.63582417222,0.0937767437313007
IND_FUA_09258,Sultanpur,A,stable_built,413211.48187085305,413211.48187085305,317294.1300727272,0.7678734594599086,0.7678734594599086,134208.69397111208,0.7544164143897225
IND_FUA_09258,Sultanpur,A,absent_both,413211.48187085305,413211.48187085305,55990.15871818088,0.135500007077926,0.135500007077926,27006.03742512227,0.15180684140716533
IND_FUA_09258,Sultanpur,A,built_loss,413211.48187085305,413211.48187085305,0.0,0.0,0.0,0.0,0.0
IND_FUA_09258,Sultanpur,A,missing_pair,413211.48187085305,413211.48187085305,0.0,0.0,,0.0,0.0
IND_FUA_09266,Erode,G,new_built,3313105.0,3313105.0,444289.1785372454,0.13410054270457633,0.13410054270457633,1772.300536944875,0.051145132328596646
IND_FUA_09266,Erode,G,stable_built,3313105.0,3313105.0,1548159.3632754497,0.4672835190177944,0.4672835190177944,17408.814790939916,0.5023843967804127
IND_FUA_09266,Erode,G,absent_both,3313105.0,3313105.0,1320656.4577845,0.39861593815604995,0.39861593815604995,15471.264024786331,0.44647046555793335
IND_FUA_09266,Erode,G,built_loss,3313105.0,3313105.0,0.0,0.0,0.0,0.0,0.0
IND_FUA_09266,Erode,G,missing_pair,3313105.0,3313105.0,0.0,0.0,,0.0,0.0
IND_FUA_09266,Erode,J,new_built,343644.3201566767,343644.3201566767,56995.01459446674,0.16585466789755518,0.16585466789755518,377.75614282691,0.35553792928606964
IND_FUA_09266,Erode,J,stable_built,343644.3201566767,343644.3201566767,218121.34162740275,0.6347299484768303,0.6347299484768303,328.8933433615559,0.3095490582354864
IND_FUA_09266,Erode,J,absent_both,343644.3201566767,343644.3201566767,68527.96382003208,0.19941538329162062,0.19941538329162062,355.84233035840725,0.3349130058910193
IND_FUA_09266,Erode,J,built_loss,343644.3201566767,343644.3201566767,0.0,0.0,0.0,0.0,0.0
IND_FUA_09266,Erode,J,missing_pair,343644.3201566767,343644.3201566767,0.0,0.0,,0.0,0.0
IND_FUA_09266,Erode,F,new_built,364689.3904577951,364689.3904577951,58008.8040999427,0.1590635911484131,0.1590635911484131,394.6801950066213,0.16793757228024225
IND_FUA_09266,Erode,F,stable_built,364689.3904577951,364689.3904577951,236138.83019333048,0.6475067176944881,0.6475067176944881,1206.9437515029356,0.5135580808730739
IND_FUA_09266,Erode,F,absent_both,364689.3904577951,364689.3904577951,70541.75604729692,0.19342969083566086,0.19342969083566086,748.5362162098372,0.3185043397275347
IND_FUA_09266,Erode,F,built_loss,364689.3904577951,364689.3904577951,0.0,0.0,0.0,0.0,0.0
IND_FUA_09266,Erode,F,missing_pair,364689.3904577951,364689.3904577951,0.0,0.0,,0.0,0.0
IND_FUA_09266,Erode,A,new_built,369442.24701593333,369442.24701593333,59985.28819941247,0.16236715937044802,0.16236715937044802,412.8775770719232,0.1892377656699562
IND_FUA_09266,Erode,A,stable_built,369442.24701593333,369442.24701593333,239143.44974568073,0.6473094284080806,0.6473094284080806,1080.3495215380053,0.495165978855869
IND_FUA_09266,Erode,A,absent_both,369442.24701593333,369442.24701593333,70313.50892330382,0.1903234118221226,0.1903234118221226,688.5655947669918,0.3155962491230453
IND_FUA_09266,Erode,A,built_loss,369442.24701593333,369442.24701593333,0.0,0.0,0.0,0.0,0.0
IND_FUA_09266,Erode,A,missing_pair,369442.24701593333,369442.24701593333,0.0,0.0,,0.0,0.0
IND_FUA_09282,Prayagraj,G,new_built,2283637.0,2283637.0,469796.199333698,0.20572280066126886,0.20572280066126886,67673.80501071745,0.17069565912107443
IND_FUA_09282,Prayagraj,G,stable_built,2283637.0,2283637.0,1347194.133077616,0.5899335722260658,0.5899335722260658,200090.8467655787,0.5046951175175581
IND_FUA_09282,Prayagraj,G,absent_both,2283637.0,2283637.0,466646.66734880937,0.20434362700762396,0.20434362700762396,128694.2005223099,0.3246092247914304
IND_FUA_09282,Prayagraj,G,built_loss,2283637.0,2283637.0,0.0,0.0,0.0,0.0,0.0
IND_FUA_09282,Prayagraj,G,missing_pair,2283637.0,2283637.0,0.0,0.0,,0.0,0.0
IND_FUA_09282,Prayagraj,J,new_built,536845.9592433851,536845.9592433851,112126.8613887573,0.20886226199184882,0.20886226199184882,13159.440992942076,0.24394502510203214
IND_FUA_09282,Prayagraj,J,stable_built,536845.9592433851,536845.9592433851,377652.1097793846,0.7034645660957128,0.7034645660957128,35204.393840297766,0.6526065008140779
IND_FUA_09282,Prayagraj,J,absent_both,536845.9592433851,536845.9592433851,47066.98818020404,0.08767317210795228,0.08767317210795228,5580.454589237669,0.10344847745299098
IND_FUA_09282,Prayagraj,J,built_loss,536845.9592433851,536845.9592433851,0.0,0.0,0.0,0.0,0.0
IND_FUA_09282,Prayagraj,J,missing_pair,536845.9592433851,536845.9592433851,0.0,0.0,,0.0,0.0
IND_FUA_09282,Prayagraj,F,new_built,560575.837580865,560575.837580865,114010.52731081897,0.20338109434545965,0.20338109434545965,13274.93213896876,0.20922679699344862
IND_FUA_09282,Prayagraj,F,stable_built,560575.837580865,560575.837580865,397574.4862312844,0.7092251566656811,0.7092251566656811,42271.483261614114,0.6662427313678723
IND_FUA_09282,Prayagraj,F,absent_both,560575.837580865,560575.837580865,48990.82413912939,0.08739374916790325,0.08739374916790325,7901.156189769958,0.12453047479449862
IND_FUA_09282,Prayagraj,F,built_loss,560575.837580865,560575.837580865,0.0,0.0,0.0,0.0,0.0
IND_FUA_09282,Prayagraj,F,missing_pair,560575.837580865,560575.837580865,0.0,0.0,,0.0,0.0
IND_FUA_09282,Prayagraj,A,new_built,578475.2714182278,578475.2714182278,119249.70428810337,0.2061448607746758,0.2061448607746758,14591.171947903389,0.22424552707857817
IND_FUA_09282,Prayagraj,A,stable_built,578475.2714182278,578475.2714182278,412036.6515954884,0.7122804931407222,0.7122804931407222,43120.97344851482,0.6627079341966785
IND_FUA_09282,Prayagraj,A,absent_both,578475.2714182278,578475.2714182278,47188.91569653033,0.08157464636446583,0.08157464636446583,7355.694237618732,0.11304654192500879
IND_FUA_09282,Prayagraj,A,built_loss,578475.2714182278,578475.2714182278,0.0,0.0,0.0,0.0,0.0
IND_FUA_09282,Prayagraj,A,missing_pair,578475.2714182278,578475.2714182278,0.0,0.0,,0.0,0.0
IND_FUA_09368,Salem,G,new_built,4170866.0,4170866.0,567642.0962600122,0.13609693916323667,0.13609693916323667,0.0,0.0
IND_FUA_09368,Salem,G,stable_built,4170866.0,4170866.0,2432028.8353702044,0.5830992497409901,0.5830992497409901,421.35200399160385,0.4584896670202436
IND_FUA_09368,Salem,G,absent_both,4170866.0,4170866.0,1171195.0670805732,0.2808038107866743,0.2808038107866743,497.64800003170967,0.541510337357682
IND_FUA_09368,Salem,G,built_loss,4170866.0,4170866.0,0.0,0.0,0.0,0.0,0.0
IND_FUA_09368,Salem,G,missing_pair,4170866.0,4170866.0,0.0,0.0,,0.0,0.0
IND_FUA_09368,Salem,J,new_built,459616.9497051928,459616.9497051928,45494.56534301991,0.09898365448054298,0.09898365448054298,0.0,
IND_FUA_09368,Salem,J,stable_built,459616.9497051928,459616.9497051928,359398.78609613905,0.7819528551474535,0.7819528551474535,0.0,
IND_FUA_09368,Salem,J,absent_both,459616.9497051928,459616.9497051928,54723.59773640844,0.11906348921968438,0.11906348921968438,0.0,
IND_FUA_09368,Salem,J,built_loss,459616.9497051928,459616.9497051928,0.0,0.0,0.0,0.0,
IND_FUA_09368,Salem,J,missing_pair,459616.9497051928,459616.9497051928,0.0,0.0,,0.0,
IND_FUA_09368,Salem,F,new_built,474839.2584338853,474839.25843388523,46342.58599317176,0.09759636586498525,0.09759636586498527,0.0,
IND_FUA_09368,Salem,F,stable_built,474839.2584338853,474839.25843388523,372699.72749236744,0.7848966168501011,0.7848966168501013,0.0,
IND_FUA_09368,Salem,F,absent_both,474839.2584338853,474839.25843388523,55796.94439154427,0.11750701611230237,0.11750701611230238,0.0,
IND_FUA_09368,Salem,F,built_loss,474839.2584338853,474839.25843388523,0.0,0.0,0.0,0.0,
IND_FUA_09368,Salem,F,missing_pair,474839.2584338853,474839.25843388523,0.0,0.0,,0.0,
IND_FUA_09368,Salem,A,new_built,482588.1220762817,482588.1220762817,46745.06833704783,0.09686327988333483,0.09686327988333483,0.0,
IND_FUA_09368,Salem,A,stable_built,482588.1220762817,482588.1220762817,380218.3585708099,0.787873429074389,0.787873429074389,0.0,
IND_FUA_09368,Salem,A,absent_both,482588.1220762817,482588.1220762817,55624.69456480012,0.11526328979147075,0.11526328979147075,0.0,
IND_FUA_09368,Salem,A,built_loss,482588.1220762817,482588.1220762817,0.0,0.0,0.0,0.0,
IND_FUA_09368,Salem,A,missing_pair,482588.1220762817,482588.1220762817,0.0,0.0,,0.0,
IND_FUA_09444,Madurai,G,new_built,1974352.0,1974352.0,395185.677647442,0.2001596866452598,0.2001596866452598,17846.411619055347,0.05656889628697848
IND_FUA_09444,Madurai,G,stable_built,1974352.0,1974352.0,1196565.4147040574,0.6060547535110544,0.6060547535110544,270141.4055753458,0.8562842481170575
IND_FUA_09444,Madurai,G,absent_both,1974352.0,1974352.0,382078.8638237058,0.1935211471022927,0.1935211471022927,27493.176446421123,0.08714685507626545
IND_FUA_09444,Madurai,G,built_loss,1974352.0,1974352.0,522.044408865273,0.0002644130372219711,0.0002644130372219711,0.0,0.0
IND_FUA_09444,Madurai,G,missing_pair,1974352.0,1974352.0,0.0,0.0,,0.0,0.0
IND_FUA_09444,Madurai,J,new_built,353006.3199451957,353006.3199451957,80998.10760285684,0.22945228747018412,0.22945228747018412,2760.4165433381736,0.05714603032483911
IND_FUA_09444,Madurai,J,stable_built,353006.3199451957,353006.3199451957,240720.9408996111,0.6819168023308565,0.6819168023308565,44245.24823664346,0.9159633184938157
IND_FUA_09444,Madurai,J,absent_both,353006.3199451957,353006.3199451957,31225.67927471191,0.08845643126038,0.08845643126038,1298.9423819752756,0.026890652039352068
IND_FUA_09444,Madurai,J,built_loss,353006.3199451957,353006.3199451957,61.592440335769695,0.00017447971001009822,0.00017447971001009822,0.0,0.0
IND_FUA_09444,Madurai,J,missing_pair,353006.3199451957,353006.3199451957,0.0,0.0,,0.0,0.0
IND_FUA_09444,Madurai,F,new_built,363687.3383080657,363687.3383080657,81435.5733806492,0.2239164381127512,0.2239164381127512,2812.3530039401658,0.05379505594487255
IND_FUA_09444,Madurai,F,stable_built,363687.3383080657,363687.3383080657,250377.84260599798,0.6884425610492726,0.6884425610492726,47920.0135248296,0.9166202837394956
IND_FUA_09444,Madurai,F,absent_both,363687.3383080657,363687.3383080657,31812.33016702877,0.08747164615360284,0.08747164615360284,1546.6571945817013,0.029584661027080805
IND_FUA_09444,Madurai,F,built_loss,363687.3383080657,363687.3383080657,61.592440335769695,0.00016935547061469892,0.00016935547061469892,0.0,0.0
IND_FUA_09444,Madurai,F,missing_pair,363687.3383080657,363687.3383080657,0.0,0.0,,0.0,0.0
IND_FUA_09444,Madurai,A,new_built,368232.9429519295,368232.9429519295,83370.8569480325,0.22640792613418087,0.22640792613418087,2884.8937580609136,0.05527417195388785
IND_FUA_09444,Madurai,A,stable_built,368232.9429519295,368232.9429519295,253224.74802440038,0.6876754317373969,0.6876754317373969,47862.46196260281,0.917038260166482
IND_FUA_09444,Madurai,A,absent_both,368232.9429519295,368232.9429519295,31579.042332527446,0.08575833025523165,0.08575833025523165,1445.0816919847011,0.02768756863471678
IND_FUA_09444,Madurai,A,built_loss,368232.9429519295,368232.9429519295,58.29594841628828,0.00015831269182208516,0.00015831269182208516,0.0,0.0
IND_FUA_09444,Madurai,A,missing_pair,368232.9429519295,368232.9429519295,0.0,0.0,,0.0,0.0
IND_FUA_09500,Gorakhpur,G,new_built,3389028.0,3389028.0,524542.5053955306,0.15477668092312327,0.15477668092312327,582995.7909856363,0.27248569918035703
IND_FUA_09500,Gorakhpur,G,stable_built,3389028.0,3389028.0,1753153.1762288827,0.5173026532176431,0.5173026532176431,911062.2500598463,0.42582028557132906
IND_FUA_09500,Gorakhpur,G,absent_both,3389028.0,3389028.0,1111332.316290263,0.32792066524391744,0.32792066524391744,645488.3360795643,0.3016940144148293
IND_FUA_09500,Gorakhpur,G,built_loss,3389028.0,3389028.0,0.0,0.0,0.0,0.0,0.0
IND_FUA_09500,Gorakhpur,G,missing_pair,3389028.0,3389028.0,0.0,0.0,,0.0,0.0
IND_FUA_09500,Gorakhpur,J,new_built,681627.0188368149,681627.0188368149,124754.96761177381,0.18302526772583938,0.18302526772583938,171395.68742596914,0.4224072767482256
IND_FUA_09500,Gorakhpur,J,stable_built,681627.0188368149,681627.0188368149,475774.59249088535,0.697998435130677,0.697998435130677,192033.28378533857,0.47326894665200114
IND_FUA_09500,Gorakhpur,J,absent_both,681627.0188368149,681627.0188368149,81097.45812837032,0.11897629625474906,0.11897629625474906,42330.34359039316,0.1043237751682513
IND_FUA_09500,Gorakhpur,J,built_loss,681627.0188368149,681627.0188368149,0.0,0.0,0.0,0.0,0.0
IND_FUA_09500,Gorakhpur,J,missing_pair,681627.0188368149,681627.0188368149,0.0,0.0,,0.0,0.0
IND_FUA_09500,Gorakhpur,F,new_built,697777.5807604836,697777.5807604836,125572.27865475768,0.179960322769185,0.179960322769185,171707.33157009122,0.41468636230232014
IND_FUA_09500,Gorakhpur,F,stable_built,697777.5807604836,697777.5807604836,489629.12075966335,0.7016979826523425,0.7016979826523425,198397.5239691875,0.4791452220022758
IND_FUA_09500,Gorakhpur,F,absent_both,697777.5807604836,697777.5807604836,82576.18072010328,0.11834169368139681,0.11834169368139681,43960.68153518958,0.10616841426317937
IND_FUA_09500,Gorakhpur,F,built_loss,697777.5807604836,697777.5807604836,0.0,0.0,0.0,0.0,0.0
IND_FUA_09500,Gorakhpur,F,missing_pair,697777.5807604836,697777.5807604836,0.0,0.0,,0.0,0.0
IND_FUA_09500,Gorakhpur,A,new_built,724776.4661031612,724776.4661031611,130311.84761956913,0.17979591462206937,0.1797959146220694,177899.2932729479,0.4212710834210431
IND_FUA_09500,Gorakhpur,A,stable_built,724776.4661031612,724776.4661031611,515480.200889395,0.7112264608437548,0.711226460843755,204030.38912880814,0.48315033465161183
IND_FUA_09500,Gorakhpur,A,absent_both,724776.4661031612,724776.4661031611,78984.41681268615,0.1089776234558972,0.10897762345589722,40362.04396532029,0.09557858087873504
IND_FUA_09500,Gorakhpur,A,built_loss,724776.4661031612,724776.4661031611,0.0,0.0,0.0,0.0,0.0
IND_FUA_09500,Gorakhpur,A,missing_pair,724776.4661031612,724776.4661031611,0.0,0.0,,0.0,0.0
IND_FUA_09544,Tiruchirappalli,G,new_built,2002696.0,2002696.0,319701.22035966086,0.1596354216314712,0.1596354216314712,230530.53912363708,0.18029964550602132
IND_FUA_09544,Tiruchirappalli,G,stable_built,2002696.0,2002696.0,1328342.5547312787,0.6632771797273669,0.6632771797273669,838590.1232286388,0.6558675588828808
IND_FUA_09544,Tiruchirappalli,G,absent_both,2002696.0,2002696.0,354652.2246351397,0.17708739850438593,0.17708739850438593,209476.07854543912,0.16383279563441416
IND_FUA_09544,Tiruchirappalli,G,built_loss,2002696.0,2002696.0,0.0,0.0,0.0,0.0,0.0
IND_FUA_09544,Tiruchirappalli,G,missing_pair,2002696.0,2002696.0,0.0,0.0,,0.0,0.0
IND_FUA_09544,Tiruchirappalli,J,new_built,283094.1194879059,283094.1194879059,45186.27823011589,0.1596157430322261,0.1596157430322261,27400.74230704784,0.1570184878651739
IND_FUA_09544,Tiruchirappalli,J,stable_built,283094.1194879059,283094.1194879059,218938.66770906447,0.7733776600697557,0.7733776600697557,136236.67660405015,0.7806969866886577
IND_FUA_09544,Tiruchirappalli,J,absent_both,283094.1194879059,283094.1194879059,18969.173369466855,0.06700659626480598,0.06700659626480598,10869.05258662608,0.062284524359039445
IND_FUA_09544,Tiruchirappalli,J,built_loss,283094.1194879059,283094.1194879059,0.0,0.0,0.0,0.0,0.0
IND_FUA_09544,Tiruchirappalli,J,missing_pair,283094.1194879059,283094.1194879059,0.0,0.0,,0.0,0.0
IND_FUA_09544,Tiruchirappalli,F,new_built,296240.34659255465,296240.3465925547,46086.86184379236,0.15557253552359518,0.15557253552359515,27588.254983273688,0.15382595100976304
IND_FUA_09544,Tiruchirappalli,F,stable_built,296240.34659255465,296240.3465925547,230023.3821286744,0.7764755367540996,0.7764755367540995,140645.68151063228,0.78420892248916
IND_FUA_09544,Tiruchirappalli,F,absent_both,296240.34659255465,296240.3465925547,20130.102441964547,0.0679519271210253,0.06795192712102528,11113.272314633428,0.06196512550958391
IND_FUA_09544,Tiruchirappalli,F,built_loss,296240.34659255465,296240.3465925547,0.0,0.0,0.0,0.0,0.0
IND_FUA_09544,Tiruchirappalli,F,missing_pair,296240.34659255465,296240.3465925547,0.0,0.0,,0.0,0.0
IND_FUA_09544,Tiruchirappalli,A,new_built,298092.4773390867,298092.4773390867,46936.552402965855,0.15745634650677381,0.15745634650677381,28170.12791038217,0.15562495945919091
IND_FUA_09544,Tiruchirappalli,A,stable_built,298092.4773390867,298092.4773390867,231049.8323790138,0.7750944755180439,0.7750944755180439,141599.9489208933,0.7822643326413837
IND_FUA_09544,Tiruchirappalli,A,absent_both,298092.4773390867,298092.4773390867,20106.092424655468,0.06744917753085176,0.06744917753085176,11242.840308441497,0.062110707227655916
IND_FUA_09544,Tiruchirappalli,A,built_loss,298092.4773390867,298092.4773390867,0.0,0.0,0.0,0.0,0.0
IND_FUA_09544,Tiruchirappalli,A,missing_pair,298092.4773390867,298092.4773390867,0.0,0.0,,0.0,0.0
IND_FUA_09562,Varanasi,G,new_built,10435276.0,10435276.0,909435.295560617,0.08715009507756355,0.08715009507756355,188389.72093731645,0.1047971270747474
IND_FUA_09562,Varanasi,G,stable_built,10435276.0,10435276.0,5879130.773062311,0.5633900601251286,0.5633900601251286,1036894.0040852294,0.5768017074844514
IND_FUA_09562,Varanasi,G,absent_both,10435276.0,10435276.0,3646709.9295427087,0.3494598446215231,0.3494598446215231,572377.3959231876,0.31840116539709623
IND_FUA_09562,Varanasi,G,built_loss,10435276.0,10435276.0,0.0,0.0,0.0,0.0,0.0
IND_FUA_09562,Varanasi,G,missing_pair,10435276.0,10435276.0,0.0,0.0,,0.0,0.0
IND_FUA_09562,Varanasi,J,new_built,1971610.5467735864,1971610.5467735864,162878.667076347,0.08261198812457533,0.08261198812457533,38401.084718109814,0.10460462555431888
IND_FUA_09562,Varanasi,J,stable_built,1971610.5467735864,1971610.5467735864,1511496.3641088218,0.7666302894262197,0.7666302894262197,272071.10651379975,0.741122195634324
IND_FUA_09562,Varanasi,J,absent_both,1971610.5467735864,1971610.5467735864,297235.51580217446,0.15075772255762235,0.15075772255762235,56634.75568780032,0.15427317888467942
IND_FUA_09562,Varanasi,J,built_loss,1971610.5467735864,1971610.5467735864,0.0,0.0,0.0,0.0,0.0
IND_FUA_09562,Varanasi,J,missing_pair,1971610.5467735864,1971610.5467735864,0.0,0.0,,0.0,0.0
IND_FUA_09562,Varanasi,F,new_built,2033964.1508895047,2033964.1508895047,165647.41044346814,0.08144067355908229,0.08144067355908229,40528.11665887448,0.10247484416341923
IND_FUA_09562,Varanasi,F,stable_built,2033964.1508895047,2033964.1508895047,1566870.3829916455,0.7703529987519263,0.7703529987519263,295631.6851658368,0.747501077391033
IND_FUA_09562,Varanasi,F,absent_both,2033964.1508895047,2033964.1508895047,301446.3576832653,0.14820632780151757,0.14820632780151757,59333.52138109321,0.150024078551971
IND_FUA_09562,Varanasi,F,built_loss,2033964.1508895047,2033964.1508895047,0.0,0.0,0.0,0.0,0.0
IND_FUA_09562,Varanasi,F,missing_pair,2033964.1508895047,2033964.1508895047,0.0,0.0,,0.0,0.0
IND_FUA_09562,Varanasi,A,new_built,2112978.2667815867,2112978.2667815867,174323.1768666352,0.08250116889851312,0.08250116889851312,40714.84513518606,0.10078573203857566
IND_FUA_09562,Varanasi,A,stable_built,2112978.2667815867,2112978.2667815867,1637100.534259712,0.7747834229990852,0.7747834229990852,303824.27916386165,0.7520881458581148
IND_FUA_09562,Varanasi,A,absent_both,2112978.2667815867,2112978.2667815867,301554.5557851264,0.14271540816387268,0.14271540816387268,59435.171602273105,0.14712612215235152
IND_FUA_09562,Varanasi,A,built_loss,2112978.2667815867,2112978.2667815867,0.0,0.0,0.0,0.0,0.0
IND_FUA_09562,Varanasi,A,missing_pair,2112978.2667815867,2112978.2667815867,0.0,0.0,,0.0,0.0
IND_FUA_09564,Durg,G,new_built,740363.0,740363.0,168368.02764245414,0.22741280647797654,0.22741280647797654,21524.941966656857,0.13993119966636616
IND_FUA_09564,Durg,G,stable_built,740363.0,740363.0,250029.59830232587,0.33771217403128717,0.33771217403128717,26933.814387043964,0.17509366411340235
IND_FUA_09564,Durg,G,absent_both,740363.0,740363.0,321965.3736126325,0.43487501889293834,0.43487501889293834,105366.42280122841,0.6849751311742756
IND_FUA_09564,Durg,G,built_loss,740363.0,740363.0,0.0,0.0,0.0,0.0,0.0
IND_FUA_09564,Durg,G,missing_pair,740363.0,740363.0,0.0,0.0,,0.0,0.0
IND_FUA_09564,Durg,J,new_built,117960.68990208767,117960.68990208767,40999.34131565862,0.34756783255243584,0.34756783255243584,4107.14327279969,0.2136983887721
IND_FUA_09564,Durg,J,stable_built,117960.68990208767,117960.68990208767,31677.77458896433,0.26854517903598407,0.26854517903598407,4299.675767626726,0.22371602906317367
IND_FUA_09564,Durg,J,absent_both,117960.68990208767,117960.68990208767,45283.57385086513,0.3838869871687966,0.3838869871687966,10812.526790107651,0.56258557350645
IND_FUA_09564,Durg,J,built_loss,117960.68990208767,117960.68990208767,0.0,0.0,0.0,0.0,0.0
IND_FUA_09564,Durg,J,missing_pair,117960.68990208767,117960.68990208767,0.0,0.0,,0.0,0.0
IND_FUA_09564,Durg,F,new_built,128028.10092740654,128028.10092740654,42476.29561143076,0.33177322247023977,0.33177322247023977,4447.9420014391,0.20849358637269577
IND_FUA_09564,Durg,F,stable_built,128028.10092740654,128028.10092740654,37198.3663355081,0.29054845042652017,0.29054845042652017,4981.57227717465,0.23350706225640971
IND_FUA_09564,Durg,F,absent_both,128028.10092740654,128028.10092740654,48353.43883167002,0.37767832594101347,0.37767832594101347,11904.196945245752,0.5579993428867012
IND_FUA_09564,Durg,F,built_loss,128028.10092740654,128028.10092740654,0.0,0.0,0.0,0.0,0.0
IND_FUA_09564,Durg,F,missing_pair,128028.10092740654,128028.10092740654,0.0,0.0,,0.0,0.0
IND_FUA_09564,Durg,A,new_built,132305.06794758103,132305.06794758103,43574.84067746895,0.3293512588250452,0.3293512588250452,4729.837238422258,0.2197706662072308
IND_FUA_09564,Durg,A,stable_built,132305.06794758103,132305.06794758103,38754.11214579583,0.2929147971954492,0.2929147971954492,5255.953944385159,0.24421654312514132
IND_FUA_09564,Durg,A,absent_both,132305.06794758103,132305.06794758103,49976.114941316904,0.3777339425963435,0.3777339425963435,11535.903574089123,0.5360127814092882
IND_FUA_09564,Durg,A,built_loss,132305.06794758103,132305.06794758103,0.0,0.0,0.0,0.0,0.0
IND_FUA_09564,Durg,A,missing_pair,132305.06794758103,132305.06794758103,0.0,0.0,,0.0,0.0
IND_FUA_09570,Vellore,G,new_built,1847021.0,1847021.0,177147.52840703918,0.09590986155925632,0.09590986155925632,10376.216853596898,0.04410196572861098
IND_FUA_09570,Vellore,G,stable_built,1847021.0,1847021.0,1053418.3304370907,0.5703337051593299,0.5703337051593299,159209.06253637274,0.6766852234038869
IND_FUA_09570,Vellore,G,absent_both,1847021.0,1847021.0,616455.1421582659,0.33375643382412323,0.33375643382412323,65692.59766861759,0.2792128125194784
IND_FUA_09570,Vellore,G,built_loss,1847021.0,1847021.0,0.0,0.0,0.0,0.0,0.0
IND_FUA_09570,Vellore,G,missing_pair,1847021.0,1847021.0,0.0,0.0,,0.0,0.0
IND_FUA_09570,Vellore,J,new_built,234733.810096737,234733.810096737,31611.812657987735,0.13467089655708345,0.13467089655708345,1860.018749988876,0.0673097881656782
IND_FUA_09570,Vellore,J,stable_built,234733.810096737,234733.810096737,158303.5736334789,0.674396132232676,0.674396132232676,21755.71185591432,0.7872890294379475
IND_FUA_09570,Vellore,J,absent_both,234733.810096737,234733.810096737,44818.42420986203,0.19093297293385963,0.19093297293385963,4017.9733005034973,0.14540118572130453
IND_FUA_09570,Vellore,J,built_loss,234733.810096737,234733.810096737,0.0,0.0,0.0,0.0,0.0
IND_FUA_09570,Vellore,J,missing_pair,234733.810096737,234733.810096737,0.0,0.0,,0.0,0.0
IND_FUA_09570,Vellore,F,new_built,250688.91761830193,250688.91761830193,32043.884156549313,0.1278232977388303,0.1278232977388303,1883.489805726292,0.0598317489558936
IND_FUA_09570,Vellore,F,stable_built,250688.91761830193,250688.91761830193,172090.06211499014,0.6864685672982715,0.6864685672982715,25414.617051878377,0.8073316790115576
IND_FUA_09570,Vellore,F,absent_both,250688.91761830193,250688.91761830193,46554.97174395225,0.1857081365472912,0.1857081365472912,4181.665071532803,0.13283657496680817
IND_FUA_09570,Vellore,F,built_loss,250688.91761830193,250688.91761830193,0.0,0.0,0.0,0.0,0.0
IND_FUA_09570,Vellore,F,missing_pair,250688.91761830193,250688.91761830193,0.0,0.0,,0.0,0.0
IND_FUA_09570,Vellore,A,new_built,253867.80997807166,253867.8099780717,32524.076631557647,0.1281142206818855,0.1281142206818855,2008.7710139799992,0.05984589317046609
IND_FUA_09570,Vellore,A,stable_built,253867.80997807166,253867.8099780717,174501.18433240778,0.6873702670199923,0.6873702670199922,27098.507553659638,0.8073266573685886
IND_FUA_09570,Vellore,A,absent_both,253867.80997807166,253867.8099780717,46842.5494113474,0.18451551386287815,0.18451551386287812,4458.450242538374,0.13282745273794896
IND_FUA_09570,Vellore,A,built_loss,253867.80997807166,253867.8099780717,0.0,0.0,0.0,0.0,0.0
IND_FUA_09570,Vellore,A,missing_pair,253867.80997807166,253867.8099780717,0.0,0.0,,0.0,0.0
IND_FUA_09620,Raipur,G,new_built,3038998.0,3038998.0,886546.8905034162,0.29172342018764613,0.29172342018764613,52002.85077484637,0.19010487062172413
IND_FUA_09620,Raipur,G,stable_built,3038998.0,3038998.0,929389.4960965943,0.3058210291999515,0.3058210291999515,94254.7227440423,0.34456345384452775
IND_FUA_09620,Raipur,G,absent_both,3038998.0,3038998.0,1223061.613061105,0.4024555505008904,0.4024555505008904,127290.6561083503,0.46533167605759596
IND_FUA_09620,Raipur,G,built_loss,3038998.0,3038998.0,0.0,0.0,0.0,0.0,0.0
IND_FUA_09620,Raipur,G,missing_pair,3038998.0,3038998.0,0.0,0.0,,0.0,0.0
IND_FUA_09620,Raipur,J,new_built,631011.8003181908,631011.8003181908,256441.4401727014,0.4063972179971746,0.4063972179971746,8465.28478857921,0.2107238526978223
IND_FUA_09620,Raipur,J,stable_built,631011.8003181908,631011.8003181908,181693.95267215322,0.2879406574972657,0.2879406574972657,15481.519976866552,0.38537693847523347
IND_FUA_09620,Raipur,J,absent_both,631011.8003181908,631011.8003181908,192876.40726283728,0.30566212417197014,0.30566212417197014,16225.604200041853,0.40389920891918885
IND_FUA_09620,Raipur,J,built_loss,631011.8003181908,631011.8003181908,0.0,0.0,0.0,0.0,0.0
IND_FUA_09620,Raipur,J,missing_pair,631011.8003181908,631011.8003181908,0.0,0.0,,0.0,0.0
IND_FUA_09620,Raipur,F,new_built,659271.5870897928,659271.5870897928,262446.8888403052,0.39808615141268017,0.39808615141268017,8805.82485728434,0.2125355931974883
IND_FUA_09620,Raipur,F,stable_built,659271.5870897928,659271.5870897928,196172.23774306974,0.29755906607325255,0.29755906607325255,16128.308150083802,0.3892695568563772
IND_FUA_09620,Raipur,F,absent_both,659271.5870897928,659271.5870897928,200652.46031477582,0.30435478222337975,0.30435478222337975,16498.103012002826,0.3981948502403727
IND_FUA_09620,Raipur,F,built_loss,659271.5870897928,659271.5870897928,0.0,0.0,0.0,0.0,0.0
IND_FUA_09620,Raipur,F,missing_pair,659271.5870897928,659271.5870897928,0.0,0.0,,0.0,0.0
IND_FUA_09620,Raipur,A,new_built,681520.871471043,681520.8714710429,273917.36054673354,0.40192072174618937,0.4019207217461894,8723.361886923793,0.20700387383383942
IND_FUA_09620,Raipur,A,stable_built,681520.871471043,681520.8714710429,204748.62244100383,0.30042898319322175,0.3004289831932218,16700.31694377002,0.39629564225638103
IND_FUA_09620,Raipur,A,absent_both,681520.871471043,681520.8714710429,202854.88824170415,0.2976502947060855,0.2976502947060855,16717.377407397184,0.3967004841173518
IND_FUA_09620,Raipur,A,built_loss,681520.871471043,681520.8714710429,0.0,0.0,0.0,0.0,0.0
IND_FUA_09620,Raipur,A,missing_pair,681520.871471043,681520.8714710429,0.0,0.0,,0.0,0.0
IND_FUA_09710,Bilaspur,G,new_built,1698534.0,1698534.0,328268.1131052937,0.19326555318015048,0.19326555318015048,16526.50532624257,0.18683519560733286
IND_FUA_09710,Bilaspur,G,stable_built,1698534.0,1698534.0,658854.1828778455,0.3878957871186832,0.3878957871186832,35454.201410495065,0.40081629629908333
IND_FUA_09710,Bilaspur,G,absent_both,1698534.0,1698534.0,711411.7036431354,0.4188386594811381,0.4188386594811381,36474.283365974174,0.4123485112426029
IND_FUA_09710,Bilaspur,G,built_loss,1698534.0,1698534.0,0.0,0.0,0.0,0.0,0.0
IND_FUA_09710,Bilaspur,G,missing_pair,1698534.0,1698534.0,0.0,0.0,,0.0,0.0
IND_FUA_09710,Bilaspur,J,new_built,350684.0904498957,350684.0904498957,79591.75542874442,0.22696140941733473,0.22696140941733473,3519.238097272385,0.34032483489872684
IND_FUA_09710,Bilaspur,J,stable_built,350684.0904498957,350684.0904498957,166082.70518096123,0.4735963498312463,0.4735963498312463,5253.535634747468,0.5080385578104941
IND_FUA_09710,Bilaspur,J,absent_both,350684.0904498957,350684.0904498957,105009.62967906125,0.299442240291949,0.299442240291949,1568.0469638455884,0.1516366069399527
IND_FUA_09710,Bilaspur,J,built_loss,350684.0904498957,350684.0904498957,0.0,0.0,0.0,0.0,0.0
IND_FUA_09710,Bilaspur,J,missing_pair,350684.0904498957,350684.0904498957,0.0,0.0,,0.0,0.0
IND_FUA_09710,Bilaspur,F,new_built,357314.90621774143,357314.90621774143,80928.27687693972,0.22649006651746975,0.22649006651746975,3502.7922014513783,0.32536577274718265
IND_FUA_09710,Bilaspur,F,stable_built,357314.90621774143,357314.90621774143,169940.3898447973,0.4756039753383213,0.4756039753383213,5678.917674658371,0.5275007283667159
IND_FUA_09710,Bilaspur,F,absent_both,357314.90621774143,357314.90621774143,106446.23931737608,0.2979059576442904,0.2979059576442904,1583.995967708507,0.14713349876945406
IND_FUA_09710,Bilaspur,F,built_loss,357314.90621774143,357314.90621774143,0.0,0.0,0.0,0.0,0.0
IND_FUA_09710,Bilaspur,F,missing_pair,357314.90621774143,357314.90621774143,0.0,0.0,,0.0,0.0
IND_FUA_09710,Bilaspur,A,new_built,370964.4279579795,370964.4279579794,84615.64229623963,0.22809637776327266,0.2280963777632727,3861.43936995116,0.34881345781095835
IND_FUA_09710,Bilaspur,A,stable_built,370964.4279579795,370964.4279579794,176782.2230252238,0.47654764096477886,0.47654764096477903,5780.014621714061,0.5221231497475203
IND_FUA_09710,Bilaspur,A,absent_both,370964.4279579795,370964.4279579794,109566.56247436255,0.2953559808348351,0.29535598083483516,1428.7592721516703,0.12906339174373613
IND_FUA_09710,Bilaspur,A,built_loss,370964.4279579795,370964.4279579794,0.0,0.0,0.0,0.0,0.0
IND_FUA_09710,Bilaspur,A,missing_pair,370964.4279579795,370964.4279579794,0.0,0.0,,0.0,0.0
IND_FUA_09782,Kuchai Kot,G,new_built,4379570.0,4379570.0,350665.13655464863,0.08006839405572891,0.08006839405572891,71113.57982949309,0.09801010543132031
IND_FUA_09782,Kuchai Kot,G,stable_built,4379570.0,4379570.0,2104847.8714990416,0.4806060575579433,0.4806060575579433,290250.4176896647,0.400028716139118
IND_FUA_09782,Kuchai Kot,G,absent_both,4379570.0,4379570.0,1924056.9918883126,0.4393255483730852,0.4393255483730852,364209.9570051009,0.5019611777496567
IND_FUA_09782,Kuchai Kot,G,built_loss,4379570.0,4379570.0,0.0,0.0,0.0,0.0,0.0
IND_FUA_09782,Kuchai Kot,G,missing_pair,4379570.0,4379570.0,0.0,0.0,,0.0,0.0
IND_FUA_09782,Kuchai Kot,J,new_built,933031.2603361104,933031.2603361104,56152.294698205886,0.06018265098425306,0.06018265098425306,12424.313231559103,0.10659930578205376
IND_FUA_09782,Kuchai Kot,J,stable_built,933031.2603361104,933031.2603361104,685973.1589781508,0.7352091919525177,0.7352091919525177,72628.48483173116,0.6231447902809688
IND_FUA_09782,Kuchai Kot,J,absent_both,933031.2603361104,933031.2603361104,190905.80669931576,0.204608157105631,0.204608157105631,31498.74156321703,0.2702559023639411
IND_FUA_09782,Kuchai Kot,J,built_loss,933031.2603361104,933031.2603361104,0.0,0.0,0.0,0.0,0.0
IND_FUA_09782,Kuchai Kot,J,missing_pair,933031.2603361104,933031.2603361104,0.0,0.0,,0.0,0.0
IND_FUA_09782,Kuchai Kot,F,new_built,940556.4701757214,940556.4701757216,56364.10527760974,0.059926338359119896,0.05992633835911989,12466.377640082046,0.10653314404196174
IND_FUA_09782,Kuchai Kot,F,stable_built,940556.4701757214,940556.4701757216,692543.6398324512,0.7363126636118567,0.7363126636118565,72893.00625063691,0.6229172064853004
IND_FUA_09782,Kuchai Kot,F,absent_both,940556.4701757214,940556.4701757216,191648.72508925706,0.20376099805411138,0.20376099805411138,31659.387429263184,0.2705496479135835
IND_FUA_09782,Kuchai Kot,F,built_loss,940556.4701757214,940556.4701757216,0.0,0.0,0.0,0.0,0.0
IND_FUA_09782,Kuchai Kot,F,missing_pair,940556.4701757214,940556.4701757216,0.0,0.0,,0.0,0.0
IND_FUA_09782,Kuchai Kot,A,new_built,996293.2486677059,996293.248667706,58642.38924268659,0.05886057074170299,0.058860570741702985,12940.87620250135,0.10357145839026695
IND_FUA_09782,Kuchai Kot,A,stable_built,996293.2486677059,996293.248667706,750175.0816304199,0.7529661398725649,0.7529661398725648,81476.59916493976,0.6520926456711568
IND_FUA_09782,Kuchai Kot,A,absent_both,996293.2486677059,996293.248667706,187475.77779162943,0.1881732893827511,0.18817328938275107,30528.879376026034,0.24433589430245764
IND_FUA_09782,Kuchai Kot,A,built_loss,996293.2486677059,996293.248667706,0.0,0.0,0.0,0.0,0.0
IND_FUA_09782,Kuchai Kot,A,missing_pair,996293.2486677059,996293.248667706,0.0,0.0,,0.0,0.0
IND_FUA_09794,Vijayawada,G,new_built,2767238.0,2767238.0,447277.2323203821,0.16163309130634304,0.16163309130634304,653226.9127830397,0.21677431546327128
IND_FUA_09794,Vijayawada,G,stable_built,2767238.0,2767238.0,2088777.1950893071,0.7548238333996957,0.7548238333996957,2038981.5696662057,0.6766390443460217
IND_FUA_09794,Vijayawada,G,absent_both,2767238.0,2767238.0,231183.5728528133,0.0835430753888221,0.0835430753888221,321187.78485701594,0.10658664062218322
IND_FUA_09794,Vijayawada,G,built_loss,2767238.0,2767238.0,0.0,0.0,0.0,0.0,0.0
IND_FUA_09794,Vijayawada,G,missing_pair,2767238.0,2767238.0,0.0,0.0,,0.0,0.0
IND_FUA_09794,Vijayawada,J,new_built,760032.4984324891,760032.4984324891,145351.36920305816,0.19124362379613322,0.19124362379613322,174793.43831000634,0.2468220580646929
IND_FUA_09794,Vijayawada,J,stable_built,760032.4984324891,760032.4984324891,589581.642399248,0.7757321477900176,0.7757321477900176,500442.2745797964,0.7066637818251006
IND_FUA_09794,Vijayawada,J,absent_both,760032.4984324891,760032.4984324891,25099.48698182424,0.03302422861336861,0.03302422861336861,32940.20869584669,0.04651416084034968
IND_FUA_09794,Vijayawada,J,built_loss,760032.4984324891,760032.4984324891,0.0,0.0,0.0,0.0,0.0
IND_FUA_09794,Vijayawada,J,missing_pair,760032.4984324891,760032.4984324891,0.0,0.0,,0.0,0.0
IND_FUA_09794,Vijayawada,F,new_built,780225.043416722,780225.043416722,146001.99850749547,0.18712805970458332,0.18712805970458332,175545.17103177367,0.2408217918652816
IND_FUA_09794,Vijayawada,F,stable_built,780225.043416722,780225.043416722,606773.4504548925,0.7776903030409545,0.7776903030409545,517917.4219598518,0.7105054548725998
IND_FUA_09794,Vijayawada,F,absent_both,780225.043416722,780225.043416722,27449.594613736695,0.03518163745876551,0.03518163745876551,35479.62525041826,0.04867275401137582
IND_FUA_09794,Vijayawada,F,built_loss,780225.043416722,780225.043416722,0.0,0.0,0.0,0.0,0.0
IND_FUA_09794,Vijayawada,F,missing_pair,780225.043416722,780225.043416722,0.0,0.0,,0.0,0.0
IND_FUA_09794,Vijayawada,A,new_built,796996.5777105951,796996.577710595,151069.73899036134,0.18954879257363347,0.1895487925736335,184163.2549209457,0.24482888597195998
IND_FUA_09794,Vijayawada,A,stable_built,796996.5777105951,796996.577710595,619131.6276725447,0.7768309739183891,0.7768309739183892,533690.1736125832,0.709494251260053
IND_FUA_09794,Vijayawada,A,absent_both,796996.5777105951,796996.577710595,26795.21119010771,0.03362023368667158,0.03362023368667158,34358.69024006987,0.045676863490183815
IND_FUA_09794,Vijayawada,A,built_loss,796996.5777105951,796996.577710595,0.0,0.0,0.0,0.0,0.0
IND_FUA_09794,Vijayawada,A,missing_pair,796996.5777105951,796996.577710595,0.0,0.0,,0.0,0.0
IND_FUA_09834,Puducherry,G,new_built,611885.0,611885.0,21243.1533100401,0.03471755854456327,0.03471755854456327,18290.70505763353,0.049116625503183714
IND_FUA_09834,Puducherry,G,stable_built,611885.0,611885.0,469220.8144958616,0.7668447739295154,0.7668447739295154,262862.2561022783,0.7058725703145746
IND_FUA_09834,Puducherry,G,absent_both,611885.0,611885.0,121421.03176002245,0.19843766681651365,0.19843766681651365,91240.39564424833,0.2450108035474861
IND_FUA_09834,Puducherry,G,built_loss,611885.0,611885.0,0.0,0.0,0.0,0.0,0.0
IND_FUA_09834,Puducherry,G,missing_pair,611885.0,611885.0,0.0,0.0,,0.0,0.0
IND_FUA_09834,Puducherry,J,new_built,82062.51978220232,82062.51978220232,2030.396846817935,0.024742072900109588,0.024742072900109588,2307.6739226079508,0.05770956737657941
IND_FUA_09834,Puducherry,J,stable_built,82062.51978220232,82062.51978220232,74005.40705964915,0.9018173857695679,0.9018173857695679,32324.4762733369,0.8083601080436074
IND_FUA_09834,Puducherry,J,absent_both,82062.51978220232,82062.51978220232,6026.715823950481,0.07344054069928221,0.07344054069928221,5355.568039981061,0.1339303233508219
IND_FUA_09834,Puducherry,J,built_loss,82062.51978220232,82062.51978220232,0.0,0.0,0.0,0.0,0.0
IND_FUA_09834,Puducherry,J,missing_pair,82062.51978220232,82062.51978220232,0.0,0.0,,0.0,0.0
IND_FUA_09834,Puducherry,F,new_built,90060.86151617073,90060.86151617073,2165.7570663537144,0.024047705406025296,0.024047705406025296,2370.2191879946818,0.0539337472713069
IND_FUA_09834,Puducherry,F,stable_built,90060.86151617073,90060.86151617073,80601.03740567279,0.894961874101111,0.894961874101111,35495.48697379405,0.8076909652124841
IND_FUA_09834,Puducherry,F,absent_both,90060.86151617073,90060.86151617073,7294.066992936515,0.08099041992427355,0.08099041992427355,6081.160237994627,0.13837528657837303
IND_FUA_09834,Puducherry,F,built_loss,90060.86151617073,90060.86151617073,0.0,0.0,0.0,0.0,0.0
IND_FUA_09834,Puducherry,F,missing_pair,90060.86151617073,90060.86151617073,0.0,0.0,,0.0,0.0
IND_FUA_09834,Puducherry,A,new_built,90516.47162903305,90516.47162903305,2173.7660949815,0.024015143938556558,0.024015143938556558,2378.218305869887,0.05427653956953036
IND_FUA_09834,Puducherry,A,stable_built,90516.47162903305,90516.47162903305,81208.23136765692,0.8971652330912274,0.8971652330912274,35570.414098246045,0.8118005750535409
IND_FUA_09834,Puducherry,A,absent_both,90516.47162903305,90516.47162903305,7134.474113850383,0.07881962238972215,0.07881962238972215,5868.057506535785,0.1339228844819069
IND_FUA_09834,Puducherry,A,built_loss,90516.47162903305,90516.47162903305,0.0,0.0,0.0,0.0,0.0
IND_FUA_09834,Puducherry,A,missing_pair,90516.47162903305,90516.47162903305,0.0,0.0,,0.0,0.0
IND_FUA_09850,Chennai,G,new_built,9614438.0,9614438.0,1106364.6480363202,0.11507325212730274,0.11507325212730274,546741.6999685267,0.10438216179376512
IND_FUA_09850,Chennai,G,stable_built,9614438.0,9614438.0,7327509.978054151,0.7621360684893024,0.7621360684893024,4030779.5854155715,0.7695434368076804
IND_FUA_09850,Chennai,G,absent_both,9614438.0,9614438.0,1180563.3754294296,0.12279067954148018,0.12279067954148018,660363.1464403868,0.12607440185804053
IND_FUA_09850,Chennai,G,built_loss,9614438.0,9614438.0,0.0,0.0,0.0,0.0,0.0
IND_FUA_09850,Chennai,G,missing_pair,9614438.0,9614438.0,0.0,0.0,,0.0,0.0
IND_FUA_09850,Chennai,J,new_built,1905561.9689828474,1905561.9689828474,354599.76933527953,0.18608671620611641,0.18608671620611641,187367.89407708263,0.158354706284558
IND_FUA_09850,Chennai,J,stable_built,1905561.9689828474,1905561.9689828474,1405664.998565714,0.737664280378156,0.737664280378156,895673.2668956289,0.756981754023652
IND_FUA_09850,Chennai,J,absent_both,1905561.9689828474,1905561.9689828474,145297.20173677473,0.07624900375941676,0.07624900375941676,100175.29410429143,0.08466354042666561
IND_FUA_09850,Chennai,J,built_loss,1905561.9689828474,1905561.9689828474,0.0,0.0,0.0,0.0,0.0
IND_FUA_09850,Chennai,J,missing_pair,1905561.9689828474,1905561.9689828474,0.0,0.0,,0.0,0.0
IND_FUA_09850,Chennai,F,new_built,2010919.69454723,2010919.69454723,359876.5956725327,0.17896119703256522,0.17896119703256522,190444.6352323999,0.15389275807679956
IND_FUA_09850,Chennai,F,stable_built,2010919.69454723,2010919.69454723,1492635.526268435,0.7422651090025305,0.7422651090025305,937394.1765238456,0.7574809080568032
IND_FUA_09850,Chennai,F,absent_both,2010919.69454723,2010919.69454723,158407.57331032242,0.07877369431502275,0.07877369431502275,109676.44079503093,0.08862633462684509
IND_FUA_09850,Chennai,F,built_loss,2010919.69454723,2010919.69454723,0.0,0.0,0.0,0.0,0.0
IND_FUA_09850,Chennai,F,missing_pair,2010919.69454723,2010919.69454723,0.0,0.0,,0.0,0.0
IND_FUA_09850,Chennai,A,new_built,2030567.3796170424,2030567.3796170426,366227.62558967667,0.18035728795108777,0.18035728795108774,195093.38753228652,0.1560981861126719
IND_FUA_09850,Chennai,A,stable_built,2030567.3796170424,2030567.3796170426,1506609.4163866313,0.7419647491189247,0.7419647491189247,945138.1237002163,0.756224229850548
IND_FUA_09850,Chennai,A,absent_both,2030567.3796170424,2030567.3796170426,157730.33839859185,0.07767796330321194,0.07767796330321193,109580.49834490093,0.08767758477785864
IND_FUA_09850,Chennai,A,built_loss,2030567.3796170424,2030567.3796170426,0.0,0.0,0.0,0.0,0.0
IND_FUA_09850,Chennai,A,missing_pair,2030567.3796170424,2030567.3796170426,0.0,0.0,,0.0,0.0
IND_FUA_10007,Muzaffarpur,G,new_built,4557955.0,4557955.0,370245.929699518,0.08123071195295214,0.08123071195295214,277935.25795166224,0.10706012313835672
IND_FUA_10007,Muzaffarpur,G,stable_built,4557955.0,4557955.0,2658014.445868222,0.5831594313388838,0.5831594313388838,1212825.483543409,0.4671780276112963
IND_FUA_10007,Muzaffarpur,G,absent_both,4557955.0,4557955.0,1529694.6248120063,0.33560985679147914,0.33560985679147914,1105306.3086382307,0.42576184964986297
IND_FUA_10007,Muzaffarpur,G,built_loss,4557955.0,4557955.0,0.0,0.0,0.0,0.0,0.0
IND_FUA_10007,Muzaffarpur,G,missing_pair,4557955.0,4557955.0,0.0,0.0,,0.0,0.0
IND_FUA_10007,Muzaffarpur,J,new_built,860465.9586662184,860465.9586662184,60345.97360769456,0.07013173850739544,0.07013173850739544,46419.937326603234,0.11550391886897392
IND_FUA_10007,Muzaffarpur,J,stable_built,860465.9586662184,860465.9586662184,645256.8529256289,0.749892365208522,0.749892365208522,266620.2482443005,0.6634150172448937
IND_FUA_10007,Muzaffarpur,J,absent_both,860465.9586662184,860465.9586662184,154863.1320275593,0.1799758961616655,0.1799758961616655,88850.39786509736,0.22108106424789994
IND_FUA_10007,Muzaffarpur,J,built_loss,860465.9586662184,860465.9586662184,0.0,0.0,0.0,0.0,0.0
IND_FUA_10007,Muzaffarpur,J,missing_pair,860465.9586662184,860465.9586662184,0.0,0.0,,0.0,0.0
IND_FUA_10007,Muzaffarpur,F,new_built,869495.2955077328,869495.295507733,60490.21040629931,0.06956933604911189,0.06956933604911188,46484.446249858665,0.11430791036523327
IND_FUA_10007,Muzaffarpur,F,stable_built,869495.2955077328,869495.295507733,653512.8212190196,0.7516001806972487,0.7516001806972484,270824.052675585,0.665971825749868
IND_FUA_10007,Muzaffarpur,F,absent_both,869495.2955077328,869495.295507733,155492.2637754683,0.17883048313064215,0.1788304831306421,89351.42615491468,0.21972026421531912
IND_FUA_10007,Muzaffarpur,F,built_loss,869495.2955077328,869495.295507733,0.0,0.0,0.0,0.0,0.0
IND_FUA_10007,Muzaffarpur,F,missing_pair,869495.2955077328,869495.295507733,0.0,0.0,,0.0,0.0
IND_FUA_10007,Muzaffarpur,A,new_built,906736.5046709699,906736.5046709698,63863.680521324866,0.07043245771217656,0.07043245771217656,48926.29489866804,0.11617709763156833
IND_FUA_10007,Muzaffarpur,A,stable_built,906736.5046709699,906736.5046709698,690536.0615377543,0.761561995111613,0.7615619951116132,285407.6610965494,0.6777098853834131
IND_FUA_10007,Muzaffarpur,A,absent_both,906736.5046709699,906736.5046709698,152336.76254354228,0.16800554710083185,0.16800554710083188,86801.49936128665,0.20611301727932907
IND_FUA_10007,Muzaffarpur,A,built_loss,906736.5046709699,906736.5046709698,0.0,0.0,0.0,0.0,0.0
IND_FUA_10007,Muzaffarpur,A,missing_pair,906736.5046709699,906736.5046709698,0.0,0.0,,0.0,0.0
IND_FUA_10017,Patna,G,new_built,2677195.0,2677195.0,548177.6191326821,0.20475819622129957,0.20475819622129957,796827.5306506787,0.20756450535144855
IND_FUA_10017,Patna,G,stable_built,2677195.0,2677195.0,1474202.3932628972,0.5506518551180983,0.5506518551180983,2022471.824572381,0.5268308984151316
IND_FUA_10017,Patna,G,absent_both,2677195.0,2677195.0,654814.9876437737,0.24458994867530146,0.24458994867530146,1019639.9154734043,0.26560459641624923
IND_FUA_10017,Patna,G,built_loss,2677195.0,2677195.0,0.0,0.0,0.0,0.0,0.0
IND_FUA_10017,Patna,G,missing_pair,2677195.0,2677195.0,0.0,0.0,,0.0,0.0
IND_FUA_10017,Patna,J,new_built,670899.1277710572,670899.1277710572,138001.70440524575,0.20569665198959466,0.20569665198959466,198108.44206165767,0.2197267041447178
IND_FUA_10017,Patna,J,stable_built,670899.1277710572,670899.1277710572,448544.35759157344,0.668571979042188,0.668571979042188,599801.3773873722,0.665253728832875
IND_FUA_10017,Patna,J,absent_both,670899.1277710572,670899.1277710572,84353.06587787566,0.12573136912269314,0.12573136912269314,103703.1317073989,0.11501956757834934
IND_FUA_10017,Patna,J,built_loss,670899.1277710572,670899.1277710572,0.0,0.0,0.0,0.0,0.0
IND_FUA_10017,Patna,J,missing_pair,670899.1277710572,670899.1277710572,0.0,0.0,,0.0,0.0
IND_FUA_10017,Patna,F,new_built,685952.6238218998,685952.6238218998,139894.01436917429,0.2039412191322068,0.2039412191322068,202989.99631217963,0.217424176823249
IND_FUA_10017,Patna,F,stable_built,685952.6238218998,685952.6238218998,459949.1444394394,0.6705261099181395,0.6705261099181395,621405.7449921734,0.6655925662975856
IND_FUA_10017,Patna,F,absent_both,685952.6238218998,685952.6238218998,86109.46512707967,0.12553267111554497,0.12553267111554497,109217.06753362306,0.11698325747554277
IND_FUA_10017,Patna,F,built_loss,685952.6238218998,685952.6238218998,0.0,0.0,0.0,0.0,0.0
IND_FUA_10017,Patna,F,missing_pair,685952.6238218998,685952.6238218998,0.0,0.0,,0.0,0.0
IND_FUA_10017,Patna,A,new_built,706343.8856600106,706343.8856600106,143003.0726578325,0.2024553132844207,0.2024553132844207,208906.27161345916,0.2175886165431634
IND_FUA_10017,Patna,A,stable_built,706343.8856600106,706343.8856600106,476068.1970382101,0.6739892659980627,0.6739892659980627,638054.5093662988,0.6645726664876023
IND_FUA_10017,Patna,A,absent_both,706343.8856600106,706343.8856600106,87272.61607842887,0.12355542087956346,0.12355542087956346,113136.6499323832,0.11783871756930743
IND_FUA_10017,Patna,A,built_loss,706343.8856600106,706343.8856600106,0.0,0.0,0.0,0.0,0.0
IND_FUA_10017,Patna,A,missing_pair,706343.8856600106,706343.8856600106,0.0,0.0,,0.0,0.0
IND_FUA_10065,Gaya,G,new_built,789658.0,789658.0,175652.37639787688,0.2224410775270774,0.2224410775270774,3209.9242598500846,0.10653873712296649
IND_FUA_10065,Gaya,G,stable_built,789658.0,789658.0,276490.92163837457,0.3501400880360543,0.3501400880360543,12788.286165917834,0.4244485999640442
IND_FUA_10065,Gaya,G,absent_both,789658.0,789658.0,337514.7021619913,0.4274188346879172,0.4274188346879172,14130.96468458947,0.469012665082544
IND_FUA_10065,Gaya,G,built_loss,789658.0,789658.0,0.0,0.0,0.0,0.0,0.0
IND_FUA_10065,Gaya,G,missing_pair,789658.0,789658.0,0.0,0.0,,0.0,0.0
IND_FUA_10065,Gaya,J,new_built,173378.8797589019,173378.8797589019,37999.884732119535,0.2191725127360473,0.2191725127360473,569.2745450720658,0.14324946488573928
IND_FUA_10065,Gaya,J,stable_built,173378.8797589019,173378.8797589019,85941.35963493981,0.4956852862035364,0.4956852862035364,2637.951776043773,0.6638012951462965
IND_FUA_10065,Gaya,J,absent_both,173378.8797589019,173378.8797589019,49437.63533883525,0.2851422007546853,0.2851422007546853,766.7818668316061,0.19294924225675805
IND_FUA_10065,Gaya,J,built_loss,173378.8797589019,173378.8797589019,0.0,0.0,0.0,0.0,0.0
IND_FUA_10065,Gaya,J,missing_pair,173378.8797589019,173378.8797589019,0.0,0.0,,0.0,0.0
IND_FUA_10065,Gaya,F,new_built,175209.02764277358,175209.02764277358,38170.658092293204,0.21785782733819958,0.21785782733819958,570.0584378613765,0.14303141830710359
IND_FUA_10065,Gaya,F,stable_built,175209.02764277358,175209.02764277358,87142.05305710621,0.49736051977171253,0.49736051977171253,2647.2675452366325,0.664216870561674
IND_FUA_10065,Gaya,F,absent_both,175209.02764277358,175209.02764277358,49896.31643317058,0.28478165254647786,0.28478165254647786,768.2210099925385,0.19275171339410693
IND_FUA_10065,Gaya,F,built_loss,175209.02764277358,175209.02764277358,0.0,0.0,0.0,0.0,0.0
IND_FUA_10065,Gaya,F,missing_pair,175209.02764277358,175209.02764277358,0.0,0.0,,0.0,0.0
IND_FUA_10065,Gaya,A,new_built,179297.3491025654,179297.3491025654,40716.17537020412,0.22708743645123722,0.22708743645123722,543.1489585816938,0.14862760598409233
IND_FUA_10065,Gaya,A,stable_built,179297.3491025654,179297.3491025654,89378.77442391728,0.4984946786513222,0.4984946786513222,2444.919655064221,0.6690292771701825
IND_FUA_10065,Gaya,A,absent_both,179297.3491025654,179297.3491025654,49202.39921980981,0.2744178844030986,0.2744178844030986,666.3598983132977,0.182343121247488
IND_FUA_10065,Gaya,A,built_loss,179297.3491025654,179297.3491025654,0.0,0.0,0.0,0.0,0.0
IND_FUA_10065,Gaya,A,missing_pair,179297.3491025654,179297.3491025654,0.0,0.0,,0.0,0.0
IND_FUA_10142,Visakhapatnam,G,new_built,7311928.0,7311928.0,674700.8936739346,0.09227400675634861,0.09227400675634861,11453.265942860846,0.1626740527537123
IND_FUA_10142,Visakhapatnam,G,stable_built,7311928.0,7311928.0,5441421.047497446,0.7441841669526076,0.7441841669526076,32706.995228190503,0.46454692431922007
IND_FUA_10142,Visakhapatnam,G,absent_both,7311928.0,7311928.0,1195806.0577939912,0.16354182614954513,0.16354182614954513,26245.964126302264,0.3727790286329169
IND_FUA_10142,Visakhapatnam,G,built_loss,7311928.0,7311928.0,0.0,0.0,0.0,0.0,0.0
IND_FUA_10142,Visakhapatnam,G,missing_pair,7311928.0,7311928.0,0.0,0.0,,0.0,0.0
IND_FUA_10142,Visakhapatnam,J,new_built,2329922.8094870374,2329922.8094870374,219830.05753681835,0.09435078992390172,0.09435078992390172,1020.34656361557,0.15986182521589531
IND_FUA_10142,Visakhapatnam,J,stable_built,2329922.8094870374,2329922.8094870374,1761962.373831985,0.7562320805897874,0.7562320805897874,3165.1558545414755,0.49589777634652293
IND_FUA_10142,Visakhapatnam,J,absent_both,2329922.8094870374,2329922.8094870374,348130.37776891264,0.14941712933638263,0.14941712933638263,2197.175666020189,0.34424040303062575
IND_FUA_10142,Visakhapatnam,J,built_loss,2329922.8094870374,2329922.8094870374,0.0,0.0,0.0,0.0,0.0
IND_FUA_10142,Visakhapatnam,J,missing_pair,2329922.8094870374,2329922.8094870374,0.0,0.0,,0.0,0.0
IND_FUA_10142,Visakhapatnam,F,new_built,2411385.916464649,2411385.916464649,222594.65207007108,0.09230984163514513,0.09230984163514513,1030.7172523367217,0.14123044706322718
IND_FUA_10142,Visakhapatnam,F,stable_built,2411385.916464649,2411385.916464649,1833906.558615752,0.7605197268898609,0.7605197268898609,3682.081448759055,0.5045244056529794
IND_FUA_10142,Visakhapatnam,F,absent_both,2411385.916464649,2411385.916464649,354884.70540081046,0.14717043131823113,0.14717043131823113,2585.3248822401283,0.35424515122327305
IND_FUA_10142,Visakhapatnam,F,built_loss,2411385.916464649,2411385.916464649,0.0,0.0,0.0,0.0,0.0
IND_FUA_10142,Visakhapatnam,F,missing_pair,2411385.916464649,2411385.916464649,0.0,0.0,,0.0,0.0
IND_FUA_10142,Visakhapatnam,A,new_built,2443744.135813537,2443744.1358135366,227904.95568652448,0.09326056371718046,0.09326056371718049,964.4939118054122,0.1402713819945911
IND_FUA_10142,Visakhapatnam,A,stable_built,2443744.135813537,2443744.1358135366,1860669.4532850627,0.7614010918805273,0.7614010918805274,3526.9577948894766,0.5129438745752862
IND_FUA_10142,Visakhapatnam,A,absent_both,2443744.135813537,2443744.1358135366,355169.7263826171,0.14533834421432953,0.14533834421432956,2384.46197399901,0.3467847461891206
IND_FUA_10142,Visakhapatnam,A,built_loss,2443744.135813537,2443744.1358135366,0.0,0.0,0.0,0.0,0.0
IND_FUA_10142,Visakhapatnam,A,missing_pair,2443744.135813537,2443744.1358135366,0.0,0.0,,0.0,0.0
IND_FUA_10152,Begusarai,G,new_built,345601.0,345601.0,60099.746671255416,0.1738992267709162,0.1738992267709162,78289.5506235704,0.20997724320300756
IND_FUA_10152,Begusarai,G,stable_built,345601.0,345601.0,121524.10743053115,0.35163123784517736,0.35163123784517736,90548.39199027348,0.24285618674708168
IND_FUA_10152,Begusarai,G,absent_both,345601.0,345601.0,163977.14584464004,0.47446953522889124,0.47446953522889124,204009.84531355606,0.5471665703023665
IND_FUA_10152,Begusarai,G,built_loss,345601.0,345601.0,0.0,0.0,0.0,0.0,0.0
IND_FUA_10152,Begusarai,G,missing_pair,345601.0,345601.0,0.0,0.0,,0.0,0.0
IND_FUA_10152,Begusarai,J,new_built,50915.31981490366,50915.31981490366,11043.036414506772,0.21689024943086607,0.21689024943086607,16569.248731936434,0.34802043195466476
IND_FUA_10152,Begusarai,J,stable_built,50915.31981490366,50915.31981490366,30941.898955422963,0.6077129450999896,0.6077129450999896,19384.48340377895,0.40715160937853573
IND_FUA_10152,Begusarai,J,absent_both,50915.31981490366,50915.31981490366,8930.384387166805,0.1753968043337862,0.1753968043337862,11656.256290854502,0.24482795900688792
IND_FUA_10152,Begusarai,J,built_loss,50915.31981490366,50915.31981490366,0.0,0.0,0.0,0.0,0.0
IND_FUA_10152,Begusarai,J,missing_pair,50915.31981490366,50915.31981490366,0.0,0.0,,0.0,0.0
IND_FUA_10152,Begusarai,F,new_built,52726.81051048573,52726.81051048573,11246.538422312533,0.21329828816548546,0.21329828816548546,16694.19355839257,0.341630249481799
IND_FUA_10152,Begusarai,F,stable_built,52726.81051048573,52726.81051048573,32055.065780321944,0.607946232096614,0.607946232096614,20019.61982142678,0.40968182681016746
IND_FUA_10152,Begusarai,F,absent_both,52726.81051048573,52726.81051048573,9425.206237893923,0.17875547841111195,0.17875547841111195,12152.449441629122,0.24868792374050167
IND_FUA_10152,Begusarai,F,built_loss,52726.81051048573,52726.81051048573,0.0,0.0,0.0,0.0,0.0
IND_FUA_10152,Begusarai,F,missing_pair,52726.81051048573,52726.81051048573,0.0,0.0,,0.0,0.0
IND_FUA_10152,Begusarai,A,new_built,53184.39817528798,53184.39817528797,12214.539521860348,0.22966396050215737,0.2296639605021574,18277.13423691164,0.36174827016133915
IND_FUA_10152,Begusarai,A,stable_built,53184.39817528798,53184.39817528797,31975.714583458255,0.6012235858732666,0.6012235858732667,20348.316724393146,0.40274193318985435
IND_FUA_10152,Begusarai,A,absent_both,53184.39817528798,53184.39817528797,8994.143995113154,0.16911245221709145,0.16911245221709148,11899.004134793651,0.23550979637229846
IND_FUA_10152,Begusarai,A,built_loss,53184.39817528798,53184.39817528797,0.0,0.0,0.0,0.0,0.0
IND_FUA_10152,Begusarai,A,missing_pair,53184.39817528798,53184.39817528797,0.0,0.0,,0.0,0.0
IND_FUA_10168,Ranchi,G,new_built,3981456.0,3981456.0,657492.8491750106,0.1651387957508536,0.1651387957508536,32.728885182252284,0.019845877257977252
IND_FUA_10168,Ranchi,G,stable_built,3981456.0,3981456.0,2190423.9959925157,0.5501565246463895,0.5501565246463895,955.9668021434022,0.5796714343428608
IND_FUA_10168,Ranchi,G,absent_both,3981456.0,3981456.0,1133539.1549163726,0.2847046796238292,0.2847046796238292,660.4571737129495,0.4004826907689911
IND_FUA_10168,Ranchi,G,built_loss,3981456.0,3981456.0,0.0,0.0,0.0,0.0,0.0
IND_FUA_10168,Ranchi,G,missing_pair,3981456.0,3981456.0,0.0,0.0,,0.0,0.0
IND_FUA_10168,Ranchi,J,new_built,594695.5001891106,594695.5001891106,82669.98937938765,0.13901230016554514,0.13901230016554514,0.01560160035785435,0.0005725357845347408
IND_FUA_10168,Ranchi,J,stable_built,594695.5001891106,594695.5001891106,448370.03422924096,0.7539489269494408,0.7539489269494408,27.10803983789594,0.9947904381472844
IND_FUA_10168,Ranchi,J,absent_both,594695.5001891106,594695.5001891106,63655.476954023856,0.10703877351313687,0.10703877351313687,0.12635896221491028,0.004637026068180787
IND_FUA_10168,Ranchi,J,built_loss,594695.5001891106,594695.5001891106,0.0,0.0,0.0,0.0,0.0
IND_FUA_10168,Ranchi,J,missing_pair,594695.5001891106,594695.5001891106,0.0,0.0,,0.0,0.0
IND_FUA_10168,Ranchi,F,new_built,605147.9536305286,605147.9536305286,83216.86823724695,0.13751491306877123,0.13751491306877123,0.01560160035785435,0.0004436911040283331
IND_FUA_10168,Ranchi,F,stable_built,605147.9536305286,605147.9536305286,456930.9316257527,0.7550730840027439,0.7550730840027439,35.021242432045014,0.9959628091162659
IND_FUA_10168,Ranchi,F,absent_both,605147.9536305286,605147.9536305286,65000.15413257012,0.10741200353171115,0.10741200353171115,0.12635896221491028,0.0035934997797058277
IND_FUA_10168,Ranchi,F,built_loss,605147.9536305286,605147.9536305286,0.0,0.0,0.0,0.0,0.0
IND_FUA_10168,Ranchi,F,missing_pair,605147.9536305286,605147.9536305286,0.0,0.0,,0.0,0.0
IND_FUA_10168,Ranchi,A,new_built,620634.0740857662,620634.0740857662,85635.06522416076,0.13797996081717992,0.13797996081717992,0.06092025372390347,0.0010279999836477016
IND_FUA_10168,Ranchi,A,stable_built,620634.0740857662,620634.0740857662,472554.30336300406,0.7614056705782821,0.7614056705782821,58.99226010913631,0.9954660186147253
IND_FUA_10168,Ranchi,A,absent_both,620634.0740857662,620634.0740857662,62444.70585071573,0.10061436917188407,0.10061436917188407,0.20776778436468896,0.003505981440875291
IND_FUA_10168,Ranchi,A,built_loss,620634.0740857662,620634.0740857662,0.0,0.0,0.0,0.0,0.0
IND_FUA_10168,Ranchi,A,missing_pair,620634.0740857662,620634.0740857662,0.0,0.0,,0.0,0.0
IND_FUA_10243,Dhanbad,G,new_built,3148475.0,3148475.0,464637.2344363972,0.14757532914709415,0.14757532914709415,204.412149061168,0.0035847541307729544
IND_FUA_10243,Dhanbad,G,stable_built,3148475.0,3148475.0,472708.42250699585,0.15013885214492598,0.15013885214492598,350.2255727379194,0.006141868643036939
IND_FUA_10243,Dhanbad,G,absent_both,3148475.0,3148475.0,2211129.3414872447,0.7022858182095283,0.7022858182095283,56468.003608489336,0.9902733772025517
IND_FUA_10243,Dhanbad,G,built_loss,3148475.0,3148475.0,0.0,0.0,0.0,0.0,0.0
IND_FUA_10243,Dhanbad,G,missing_pair,3148475.0,3148475.0,0.0,0.0,,0.0,0.0
IND_FUA_10243,Dhanbad,J,new_built,440532.0292568207,440532.0292568207,84343.04039519158,0.19145722624863085,0.19145722624863085,4.774407085454303,0.010671762879701492
IND_FUA_10243,Dhanbad,J,stable_built,440532.0292568207,440532.0292568207,92693.13829430615,0.2104118024078291,0.2104118024078291,18.447453677785678,0.04123377999822848
IND_FUA_10243,Dhanbad,J,absent_both,440532.0292568207,440532.0292568207,263495.8501734148,0.5981309704493755,0.5981309704493755,424.16505561475316,0.948094457459804
IND_FUA_10243,Dhanbad,J,built_loss,440532.0292568207,440532.0292568207,0.0,0.0,0.0,0.0,0.0
IND_FUA_10243,Dhanbad,J,missing_pair,440532.0292568207,440532.0292568207,0.0,0.0,,0.0,0.0
IND_FUA_10243,Dhanbad,F,new_built,462522.4534236731,462522.4534236731,86544.32395069215,0.18711377860701842,0.18711377860701842,8.721174189694878,0.015494697656881242
IND_FUA_10243,Dhanbad,F,stable_built,462522.4534236731,462522.4534236731,97595.53910017449,0.21100713787569667,0.21100713787569667,39.66540956404162,0.07047256656763247
IND_FUA_10243,Dhanbad,F,absent_both,462522.4534236731,462522.4534236731,278382.58997624676,0.6018790826599001,0.6018790826599001,514.4623586508429,0.9140327357020379
IND_FUA_10243,Dhanbad,F,built_loss,462522.4534236731,462522.4534236731,0.0,0.0,0.0,0.0,0.0
IND_FUA_10243,Dhanbad,F,missing_pair,462522.4534236731,462522.4534236731,0.0,0.0,,0.0,0.0
IND_FUA_10243,Dhanbad,A,new_built,474796.57079524134,474796.57079524134,92547.93798987566,0.19492124350196174,0.19492124350196174,9.318255421609706,0.011754954822264435
IND_FUA_10243,Dhanbad,A,stable_built,474796.57079524134,474796.57079524134,101566.00233972877,0.2139147765317995,0.2139147765317995,39.7407093110696,0.050132800767943284
IND_FUA_10243,Dhanbad,A,absent_both,474796.57079524134,474796.57079524134,280682.6300513421,0.5911639790936654,0.5911639790936654,743.6497751099995,0.9381122446732701
IND_FUA_10243,Dhanbad,A,built_loss,474796.57079524134,474796.57079524134,0.0,0.0,0.0,0.0,0.0
IND_FUA_10243,Dhanbad,A,missing_pair,474796.57079524134,474796.57079524134,0.0,0.0,,0.0,0.0
IND_FUA_10285,Jamshedpur,G,new_built,534462.0,534462.0,108821.40866202005,0.20360925315928927,0.20360925315928927,14208.11226083259,0.1439057010188615
IND_FUA_10285,Jamshedpur,G,stable_built,534462.0,534462.0,213374.34158094542,0.3992320157110242,0.3992320157110242,40935.78907918351,0.41461478597966495
IND_FUA_10285,Jamshedpur,G,absent_both,534462.0,534462.0,212266.2499034274,0.39715873140359353,0.39715873140359353,43588.20015584752,0.44147951426800686
IND_FUA_10285,Jamshedpur,G,built_loss,534462.0,534462.0,0.0,0.0,0.0,0.0,0.0
IND_FUA_10285,Jamshedpur,G,missing_pair,534462.0,534462.0,0.0,0.0,,0.0,0.0
IND_FUA_10285,Jamshedpur,J,new_built,83123.97953006811,83123.97953006811,23287.774070240266,0.2801571123266117,0.2801571123266117,2406.9862388138017,0.14028140836099962
IND_FUA_10285,Jamshedpur,J,stable_built,83123.97953006811,83123.97953006811,35806.76884938797,0.4307634096901692,0.4307634096901692,8950.502638707287,0.5216436618746413
IND_FUA_10285,Jamshedpur,J,absent_both,83123.97953006811,83123.97953006811,24029.43666009503,0.28907947858058164,0.28907947858058164,5800.780910611137,0.3380749347927955
IND_FUA_10285,Jamshedpur,J,built_loss,83123.97953006811,83123.97953006811,0.0,0.0,0.0,0.0,0.0
IND_FUA_10285,Jamshedpur,J,missing_pair,83123.97953006811,83123.97953006811,0.0,0.0,,0.0,0.0
IND_FUA_10285,Jamshedpur,F,new_built,89213.29871896197,89213.29871896199,24662.534259277214,0.2764445952947963,0.27644459529479626,2458.964172333235,0.1365905505726611
IND_FUA_10285,Jamshedpur,F,stable_built,89213.29871896197,89213.29871896199,39168.29395029575,0.43904097833757905,0.439040978337579,9506.679380982117,0.5280770599979846
IND_FUA_10285,Jamshedpur,F,absent_both,89213.29871896197,89213.29871896199,25382.470554633062,0.28451442687476936,0.2845144268747693,6036.803720877802,0.33533239451446695
IND_FUA_10285,Jamshedpur,F,built_loss,89213.29871896197,89213.29871896199,0.0,0.0,0.0,0.0,0.0
IND_FUA_10285,Jamshedpur,F,missing_pair,89213.29871896197,89213.29871896199,0.0,0.0,,0.0,0.0
IND_FUA_10285,Jamshedpur,A,new_built,91900.35363646618,91900.35363646617,25424.828218975857,0.2766564785980024,0.2766564785980024,2866.2481647556306,0.14930020116543882
IND_FUA_10285,Jamshedpur,A,stable_built,91900.35363646618,91900.35363646617,41699.89489662742,0.4537511907906396,0.4537511907906397,10463.310139699202,0.5450240938389416
IND_FUA_10285,Jamshedpur,A,absent_both,91900.35363646618,91900.35363646617,24775.630613066023,0.26959233161465246,0.2695923316146525,5868.327278388831,0.30567571012916195
IND_FUA_10285,Jamshedpur,A,built_loss,91900.35363646618,91900.35363646617,0.0,0.0,0.0,0.0,0.0
IND_FUA_10285,Jamshedpur,A,missing_pair,91900.35363646618,91900.35363646617,0.0,0.0,,0.0,0.0
IND_FUA_10313,Asansol,G,new_built,1422481.0,1422481.0,96831.4464985865,0.0680722248652787,0.0680722248652787,2415.8011844202297,0.09431029045584072
IND_FUA_10313,Asansol,G,stable_built,1422481.0,1422481.0,346159.9398319995,0.24334942950520919,0.24334942950520919,2849.544593836833,0.11124316853752925
IND_FUA_10313,Asansol,G,absent_both,1422481.0,1422481.0,979489.6139700002,0.6885783458408233,0.6885783458408233,20350.1110769953,0.7944465375947918
IND_FUA_10313,Asansol,G,built_loss,1422481.0,1422481.0,0.0,0.0,0.0,0.0,0.0
IND_FUA_10313,Asansol,G,missing_pair,1422481.0,1422481.0,0.0,0.0,,0.0,0.0
IND_FUA_10313,Asansol,J,new_built,142781.16006678715,142781.16006678715,13766.57865078269,0.0964173329614583,0.0964173329614583,24.339301961600384,0.0517183397934897
IND_FUA_10313,Asansol,J,stable_built,142781.16006678715,142781.16006678715,46776.29369439702,0.3276083040123571,0.3276083040123571,98.27339449981882,0.20882015504881385
IND_FUA_10313,Asansol,J,absent_both,142781.16006678715,142781.16006678715,82238.28784266135,0.5759743638740129,0.5759743638740129,347.99989436676674,0.7394615019507955
IND_FUA_10313,Asansol,J,built_loss,142781.16006678715,142781.16006678715,0.0,0.0,0.0,0.0,0.0
IND_FUA_10313,Asansol,J,missing_pair,142781.16006678715,142781.16006678715,0.0,0.0,,0.0,0.0
IND_FUA_10313,Asansol,F,new_built,154781.1385139105,154781.1385139105,14750.5623639724,0.09529948225989264,0.09529948225989264,45.68648280345878,0.04594823812817754
IND_FUA_10313,Asansol,F,stable_built,154781.1385139105,154781.1385139105,52847.86073254578,0.3414360511878276,0.3414360511878276,230.14614579749968,0.23146474104557674
IND_FUA_10313,Asansol,F,absent_both,154781.1385139105,154781.1385139105,87182.71551490997,0.5632644671823155,0.5632644671823155,718.4706258478775,0.722587018715736
IND_FUA_10313,Asansol,F,built_loss,154781.1385139105,154781.1385139105,0.0,0.0,0.0,0.0,0.0
IND_FUA_10313,Asansol,F,missing_pair,154781.1385139105,154781.1385139105,0.0,0.0,,0.0,0.0
IND_FUA_10313,Asansol,A,new_built,161881.80110738295,161881.80110738298,15715.261061018726,0.09707861509765472,0.09707861509765471,41.08087388208947,0.038928280398755816
IND_FUA_10313,Asansol,A,stable_built,161881.80110738295,161881.80110738298,54897.778114167886,0.3391226051268845,0.33912260512688447,227.46818499385057,0.21554909743770745
IND_FUA_10313,Asansol,A,absent_both,161881.80110738295,161881.80110738298,91268.76204599437,0.5637987804784307,0.5637987804784306,786.7473319158572,0.745522620275763
IND_FUA_10313,Asansol,A,built_loss,161881.80110738295,161881.80110738298,0.0,0.0,0.0,0.0,0.0
IND_FUA_10313,Asansol,A,missing_pair,161881.80110738295,161881.80110738298,0.0,0.0,,0.0,0.0
IND_FUA_10354,Bhubaneshwar,G,new_built,1450407.0,1450407.0,168604.15007497306,0.11624609511328411,0.11624609511328411,98844.70225668783,0.19650427325412867
IND_FUA_10354,Bhubaneshwar,G,stable_built,1450407.0,1450407.0,1102230.478564051,0.7599456418536665,0.7599456418536665,320871.84991264564,0.6378965006243027
IND_FUA_10354,Bhubaneshwar,G,absent_both,1450407.0,1450407.0,179572.37229584242,0.12380826367760389,0.12380826367760389,83298.98387886428,0.16559922703208008
IND_FUA_10354,Bhubaneshwar,G,built_loss,1450407.0,1450407.0,0.0,0.0,0.0,0.0,0.0
IND_FUA_10354,Bhubaneshwar,G,missing_pair,1450407.0,1450407.0,0.0,0.0,,0.0,0.0
IND_FUA_10354,Bhubaneshwar,J,new_built,241665.43998518214,241665.43998518214,33684.510460182006,0.1393848887215623,0.1393848887215623,19952.648070488503,0.21122333785286906
IND_FUA_10354,Bhubaneshwar,J,stable_built,241665.43998518214,241665.43998518214,192895.98714549217,0.7981943432098512,0.7981943432098512,67061.09367438398,0.7099242163709706
IND_FUA_10354,Bhubaneshwar,J,absent_both,241665.43998518214,241665.43998518214,15084.942420430472,0.06242076823792188,0.06242076823792188,7448.585575723352,0.07885244615295323
IND_FUA_10354,Bhubaneshwar,J,built_loss,241665.43998518214,241665.43998518214,0.0,0.0,0.0,0.0,0.0
IND_FUA_10354,Bhubaneshwar,J,missing_pair,241665.43998518214,241665.43998518214,0.0,0.0,,0.0,0.0
IND_FUA_10354,Bhubaneshwar,F,new_built,257237.31869220396,257237.318692204,34543.432705226965,0.1342862415175449,0.13428624151754487,20259.854926772256,0.20734526544413845
IND_FUA_10354,Bhubaneshwar,F,stable_built,257237.31869220396,257237.318692204,206579.40472804106,0.8030693438195203,0.8030693438195202,69586.82631670813,0.7121718801148255
IND_FUA_10354,Bhubaneshwar,F,absent_both,257237.31869220396,257237.318692204,16114.481338689286,0.06264441497297284,0.06264441497297282,7864.03760673366,0.08048285493279472
IND_FUA_10354,Bhubaneshwar,F,built_loss,257237.31869220396,257237.318692204,0.0,0.0,0.0,0.0,0.0
IND_FUA_10354,Bhubaneshwar,F,missing_pair,257237.31869220396,257237.318692204,0.0,0.0,,0.0,0.0
IND_FUA_10354,Bhubaneshwar,A,new_built,263233.4391641144,263233.4391641144,35803.356113061396,0.13601370793449835,0.13601370793449835,21718.168441358088,0.2133590988751184
IND_FUA_10354,Bhubaneshwar,A,stable_built,263233.4391641144,263233.4391641144,212680.86756781244,0.8079553579635272,0.8079553579635272,72893.26693204994,0.7161028237109074
IND_FUA_10354,Bhubaneshwar,A,absent_both,263233.4391641144,263233.4391641144,14749.215517727742,0.056030934232987994,0.056030934232987994,7180.185197601458,0.07053807726250944
IND_FUA_10354,Bhubaneshwar,A,built_loss,263233.4391641144,263233.4391641144,0.0,0.0,0.0,0.0,0.0
IND_FUA_10354,Bhubaneshwar,A,missing_pair,263233.4391641144,263233.4391641144,0.0,0.0,,0.0,0.0
IND_FUA_10432,Berhampore,G,new_built,258040.0,258040.0,32269.026398195216,0.12505435745696486,0.12505435745696486,24655.753170430784,0.1233367075392986
IND_FUA_10432,Berhampore,G,stable_built,258040.0,258040.0,81162.66545661303,0.314535209489277,0.314535209489277,47033.99272647348,0.23528049478803256
IND_FUA_10432,Berhampore,G,absent_both,258040.0,258040.0,144608.30835749122,0.5604104338764967,0.5604104338764967,128216.29738125837,0.6413827986747201
IND_FUA_10432,Berhampore,G,built_loss,258040.0,258040.0,0.0,0.0,0.0,0.0,0.0
IND_FUA_10432,Berhampore,G,missing_pair,258040.0,258040.0,0.0,0.0,,0.0,0.0
IND_FUA_10432,Berhampore,J,new_built,10627.010003848001,10627.010003848001,2018.7732659863582,0.1899662525259097,0.1899662525259097,1428.2124266780909,0.22108284665738545
IND_FUA_10432,Berhampore,J,stable_built,10627.010003848001,10627.010003848001,5040.760703274596,0.4743348036229716,0.4743348036229716,2308.203398081344,0.35730271518432377
IND_FUA_10432,Berhampore,J,absent_both,10627.010003848001,10627.010003848001,3567.4760409276046,0.3356989444477642,0.3356989444477642,2723.6621424646955,0.4216144381194141
IND_FUA_10432,Berhampore,J,built_loss,10627.010003848001,10627.010003848001,0.0,0.0,0.0,0.0,0.0
IND_FUA_10432,Berhampore,J,missing_pair,10627.010003848001,10627.010003848001,0.0,0.0,,0.0,0.0
IND_FUA_10432,Berhampore,F,new_built,11787.687792643766,11787.687792643768,2127.085959484016,0.18044980465222762,0.1804498046522276,1456.240239588218,0.19185650876915442
IND_FUA_10432,Berhampore,F,stable_built,11787.687792643766,11787.687792643768,5801.707707640034,0.4921836928240203,0.49218369282402025,2993.0237422674863,0.39432441862546325
IND_FUA_10432,Berhampore,F,absent_both,11787.687792643766,11787.687792643768,3858.8941374472415,0.327366503535615,0.32736650353561497,3140.993192892435,0.41381907440383947
IND_FUA_10432,Berhampore,F,built_loss,11787.687792643766,11787.687792643768,0.0,0.0,0.0,0.0,0.0
IND_FUA_10432,Berhampore,F,missing_pair,11787.687792643766,11787.687792643768,0.0,0.0,,0.0,0.0
IND_FUA_10432,Berhampore,A,new_built,12169.74077992252,12169.740779922522,2321.2941173487343,0.19074310285872112,0.1907431028587211,1808.9564452038362,0.2366090461702736
IND_FUA_10432,Berhampore,A,stable_built,12169.74077992252,12169.740779922522,6177.018845202512,0.5075719324599977,0.5075719324599975,3051.954835308723,0.39919154739835744
IND_FUA_10432,Berhampore,A,absent_both,12169.74077992252,12169.740779922522,3671.4278246296026,0.30168496527770555,0.3016849652777055,2784.428048463629,0.364199407024694
IND_FUA_10432,Berhampore,A,built_loss,12169.74077992252,12169.740779922522,0.0,0.0,0.0,0.0,0.0
IND_FUA_10432,Berhampore,A,missing_pair,12169.74077992252,12169.740779922522,0.0,0.0,,0.0,0.0
IND_FUA_10441,Tamluk,G,new_built,2897193.0,2897193.0,193371.94873286138,0.06674458647831241,0.06674458647831241,130779.12069224591,0.07817579567749104
IND_FUA_10441,Tamluk,G,stable_built,2897193.0,2897193.0,916103.9798807491,0.31620398774978026,0.31620398774978026,431562.3750145012,0.25797491122928745
IND_FUA_10441,Tamluk,G,absent_both,2897193.0,2897193.0,1787717.0713496387,0.6170514257592223,0.6170514257592223,1110543.5650715753,0.6638492931780011
IND_FUA_10441,Tamluk,G,built_loss,2897193.0,2897193.0,0.0,0.0,0.0,0.0,0.0
IND_FUA_10441,Tamluk,G,missing_pair,2897193.0,2897193.0,0.0,0.0,,0.0,0.0
IND_FUA_10441,Tamluk,J,new_built,199477.05919965357,199477.05919965357,19984.03145296908,0.10018210381258612,0.10018210381258612,14885.884617244354,0.12230597734111182
IND_FUA_10441,Tamluk,J,stable_built,199477.05919965357,199477.05919965357,96100.28541073564,0.48176108970280296,0.48176108970280296,51292.65229015042,0.42143266121365275
IND_FUA_10441,Tamluk,J,absent_both,199477.05919965357,199477.05919965357,83392.74239898006,0.4180568068005932,0.4180568068005932,55531.66041452793,0.4562613626942692
IND_FUA_10441,Tamluk,J,built_loss,199477.05919965357,199477.05919965357,0.0,0.0,0.0,0.0,0.0
IND_FUA_10441,Tamluk,J,missing_pair,199477.05919965357,199477.05919965357,0.0,0.0,,0.0,0.0
IND_FUA_10441,Tamluk,F,new_built,205709.53736645723,205709.5373664572,20492.783452984007,0.0996199967942057,0.09961999679420572,15447.924314653197,0.12316709947135068
IND_FUA_10441,Tamluk,F,stable_built,205709.53736645723,205709.5373664572,99851.44579095728,0.48540017672140734,0.4854001767214074,53261.86304645097,0.42465958857974617
IND_FUA_10441,Tamluk,F,absent_both,205709.53736645723,205709.5373664572,85365.30818963292,0.41497982681065765,0.4149798268106577,56712.70290052856,0.45217331320122894
IND_FUA_10441,Tamluk,F,built_loss,205709.53736645723,205709.5373664572,0.0,0.0,0.0,0.0,0.0
IND_FUA_10441,Tamluk,F,missing_pair,205709.53736645723,205709.5373664572,0.0,0.0,,0.0,0.0
IND_FUA_10441,Tamluk,A,new_built,212983.24504791718,212983.24504791718,20985.162698435786,0.0985296411166734,0.0985296411166734,15847.878340323254,0.12262524374138176
IND_FUA_10441,Tamluk,A,stable_built,212983.24504791718,212983.24504791718,107843.03832778495,0.5063451742578263,0.5063451742578263,58055.601105531336,0.4492135845089408
IND_FUA_10441,Tamluk,A,absent_both,212983.24504791718,212983.24504791718,84155.04411754676,0.3951251850755371,0.3951251850755371,55334.823209869886,0.42816117323614933
IND_FUA_10441,Tamluk,A,built_loss,212983.24504791718,212983.24504791718,0.0,0.0,0.0,0.0,0.0
IND_FUA_10441,Tamluk,A,missing_pair,212983.24504791718,212983.24504791718,0.0,0.0,,0.0,0.0
IND_FUA_10452,Kolkata,G,new_built,10554134.0,10554134.0,1187292.391906703,0.11249548204586969,0.11249548204586969,725813.4345501125,0.1351119767201091
IND_FUA_10452,Kolkata,G,stable_built,10554134.0,10554134.0,4101434.605562968,0.38860929807817185,0.38860929807817185,1708380.4785123707,0.31801927665464774
IND_FUA_10452,Kolkata,G,absent_both,10554134.0,10554134.0,5265407.0010747835,0.4988952197380461,0.4988952197380461,2937746.102302635,0.5468687462776634
IND_FUA_10452,Kolkata,G,built_loss,10554134.0,10554134.0,0.0,0.0,0.0,0.0,0.0
IND_FUA_10452,Kolkata,G,missing_pair,10554134.0,10554134.0,0.0,0.0,,0.0,0.0
IND_FUA_10452,Kolkata,J,new_built,533871.8286426421,533871.8286426421,156697.96895399393,0.29351233863078185,0.29351233863078185,138749.3636202703,0.4218325664727713
IND_FUA_10452,Kolkata,J,stable_built,533871.8286426421,533871.8286426421,303378.50230163604,0.5682609308548261,0.5682609308548261,150191.8978773115,0.456620715885913
IND_FUA_10452,Kolkata,J,absent_both,533871.8286426421,533871.8286426421,73795.35662761645,0.13822672909196124,0.13822672909196124,39979.20263787929,0.12154671714694494
IND_FUA_10452,Kolkata,J,built_loss,533871.8286426421,533871.8286426421,0.0,0.0,0.0,0.0,0.0
IND_FUA_10452,Kolkata,J,missing_pair,533871.8286426421,533871.8286426421,0.0,0.0,,0.0,0.0
IND_FUA_10452,Kolkata,F,new_built,663768.8602225508,663768.8602225508,168953.11161523362,0.2545360617829924,0.2545360617829924,148615.69547008627,0.36632248297757464
IND_FUA_10452,Kolkata,F,stable_built,663768.8602225508,663768.8602225508,403916.35919965274,0.6085195968130024,0.6085195968130024,201364.0352916525,0.4963417434282339
IND_FUA_10452,Kolkata,F,absent_both,663768.8602225508,663768.8602225508,90899.388662617,0.13694434028155514,0.13694434028155514,55716.622333095554,0.13733577312694792
IND_FUA_10452,Kolkata,F,built_loss,663768.8602225508,663768.8602225508,0.0,0.0,0.0,0.0,0.0
IND_FUA_10452,Kolkata,F,missing_pair,663768.8602225508,663768.8602225508,0.0,0.0,,0.0,0.0
IND_FUA_10452,Kolkata,A,new_built,664236.04210071,664236.0421007101,175005.79012459607,0.2634692775344191,0.26346927753441907,157152.28513194734,0.3835472815507052
IND_FUA_10452,Kolkata,A,stable_built,664236.04210071,664236.0421007101,404401.2176024882,0.60882155133216,0.6088215513321599,202337.89501196585,0.4938276877194134
IND_FUA_10452,Kolkata,A,absent_both,664236.04210071,664236.0421007101,84829.03361051781,0.12770916998457038,0.12770916998457035,50243.619616980075,0.12262503025762779
IND_FUA_10452,Kolkata,A,built_loss,664236.04210071,664236.0421007101,0.0,0.0,0.0,0.0,0.0
IND_FUA_10452,Kolkata,A,missing_pair,664236.04210071,664236.0421007101,0.0,0.0,,0.0,0.0
IND_FUA_10453,Kolkata,G,new_built,754460.0,754460.0,52711.82525259893,0.06986695815894671,0.06986695815894671,17810.019772594234,0.07609863033481137
IND_FUA_10453,Kolkata,G,stable_built,754460.0,754460.0,216944.62939666264,0.28754954457050425,0.28754954457050425,58293.874981577406,0.24907799652378496
IND_FUA_10453,Kolkata,G,absent_both,754460.0,754460.0,484803.5453263123,0.6425834972381734,0.6425834972381734,157934.7427970537,0.6748233726068376
IND_FUA_10453,Kolkata,G,built_loss,754460.0,754460.0,0.0,0.0,0.0,0.0,0.0
IND_FUA_10453,Kolkata,G,missing_pair,754460.0,754460.0,0.0,0.0,,0.0,0.0
IND_FUA_10453,Kolkata,J,new_built,12994.489888267592,12994.489888267592,1703.8338588644517,0.13111971870498754,0.13111971870498754,774.9843226044504,0.12367763484748642
IND_FUA_10453,Kolkata,J,stable_built,12994.489888267592,12994.489888267592,8444.221388289228,0.6498309253303826,0.6498309253303826,3989.548498320729,0.6366811663021058
IND_FUA_10453,Kolkata,J,absent_both,12994.489888267592,12994.489888267592,2846.4346366283553,0.2190493556194408,0.2190493556194408,1501.630995274084,0.2396411959470898
IND_FUA_10453,Kolkata,J,built_loss,12994.489888267592,12994.489888267592,0.0,0.0,0.0,0.0,0.0
IND_FUA_10453,Kolkata,J,missing_pair,12994.489888267592,12994.489888267592,0.0,0.0,,0.0,0.0
IND_FUA_10453,Kolkata,F,new_built,14371.696749882618,14371.69674988262,1817.0042019006482,0.12642934467118427,0.12642934467118425,785.2694198606707,0.12384205643737017
IND_FUA_10453,Kolkata,F,stable_built,14371.696749882618,14371.69674988262,9477.231140799446,0.6594371775118935,0.6594371775118933,4009.62482614532,0.6323437172687475
IND_FUA_10453,Kolkata,F,absent_both,14371.696749882618,14371.69674988262,3077.461398404998,0.21413347720617146,0.21413347720617143,1546.0002798249982,0.24381422358233173
IND_FUA_10453,Kolkata,F,built_loss,14371.696749882618,14371.69674988262,0.0,0.0,0.0,0.0,0.0
IND_FUA_10453,Kolkata,F,missing_pair,14371.696749882618,14371.69674988262,0.0,0.0,,0.0,0.0
IND_FUA_10453,Kolkata,A,new_built,13784.515629267371,13784.515629267371,1781.775160773272,0.12925917810199988,0.12925917810199988,981.0597138341009,0.15304477135960695
IND_FUA_10453,Kolkata,A,stable_built,13784.515629267371,13784.515629267371,9210.282469636813,0.668161487668198,0.668161487668198,3908.7531618952526,0.6097633258484395
IND_FUA_10453,Kolkata,A,absent_both,13784.515629267371,13784.515629267371,2792.457989227695,0.20257933353122184,0.20257933353122184,1520.4663002398556,0.2371918997374569
IND_FUA_10453,Kolkata,A,built_loss,13784.515629267371,13784.515629267371,0.0,0.0,0.0,0.0,0.0
IND_FUA_10453,Kolkata,A,missing_pair,13784.515629267371,13784.515629267371,0.0,0.0,,0.0,0.0
IND_FUA_10496,Guwahati,G,new_built,788595.0,788595.0,139465.56723130425,0.1768532227966247,0.1768532227966247,135553.5179965,0.19680105934293443
IND_FUA_10496,Guwahati,G,stable_built,788595.0,788595.0,399575.95840831305,0.5066934971795574,0.5066934971795574,336891.6350829795,0.48911036502804406
IND_FUA_10496,Guwahati,G,absent_both,788595.0,788595.0,249553.47476882683,0.316453280541757,0.316453280541757,216339.3410180736,0.3140885763732708
IND_FUA_10496,Guwahati,G,built_loss,788595.0,788595.0,0.0,0.0,0.0,0.0,0.0
IND_FUA_10496,Guwahati,G,missing_pair,788595.0,788595.0,0.0,0.0,,0.0,0.0
IND_FUA_10496,Guwahati,J,new_built,92813.91976500303,92813.91976500303,20015.98135113889,0.21565710619503686,0.21565710619503686,21184.15100002831,0.19700675055689965
IND_FUA_10496,Guwahati,J,stable_built,92813.91976500303,92813.91976500303,59033.13318439059,0.6360374966799967,0.6360374966799967,74162.31705207568,0.6896890555670819
IND_FUA_10496,Guwahati,J,absent_both,92813.91976500303,92813.91976500303,13764.805237708935,0.14830539721369657,0.14830539721369657,12183.60883410784,0.11330419550260544
IND_FUA_10496,Guwahati,J,built_loss,92813.91976500303,92813.91976500303,0.0,0.0,0.0,0.0,0.0
IND_FUA_10496,Guwahati,J,missing_pair,92813.91976500303,92813.91976500303,0.0,0.0,,0.0,0.0
IND_FUA_10496,Guwahati,F,new_built,101227.36804425225,101227.36804425223,20656.39132926964,0.20405935399050934,0.20405935399050937,21621.264401352102,0.19301059610129626
IND_FUA_10496,Guwahati,F,stable_built,101227.36804425225,101227.36804425223,66282.91600288199,0.6547924467808544,0.6547924467808544,77615.1323703961,0.692861559213639
IND_FUA_10496,Guwahati,F,absent_both,101227.36804425225,101227.36804425223,14288.060728671964,0.1411481993923406,0.14114819939234063,12784.729889155265,0.11412784613769417
IND_FUA_10496,Guwahati,F,built_loss,101227.36804425225,101227.36804425223,0.0,0.0,0.0,0.0,0.0
IND_FUA_10496,Guwahati,F,missing_pair,101227.36804425225,101227.36804425223,0.0,0.0,,0.0,0.0
IND_FUA_10496,Guwahati,A,new_built,108363.74781495257,108363.74781495256,22987.431046731283,0.21213211530839432,0.21213211530839435,22864.500418412645,0.19210012550163516
IND_FUA_10496,Guwahati,A,stable_built,108363.74781495257,108363.74781495256,71006.38733922713,0.6552596119181965,0.6552596119181966,83337.49440410628,0.7001746305870986
IND_FUA_10496,Guwahati,A,absent_both,108363.74781495257,108363.74781495256,14369.929436661103,0.13260827284416116,0.13260827284416118,12821.875624443408,0.10772524531690308
IND_FUA_10496,Guwahati,A,built_loss,108363.74781495257,108363.74781495256,0.0,0.0,0.0,0.0,0.0
IND_FUA_10496,Guwahati,A,missing_pair,108363.74781495257,108363.74781495256,0.0,0.0,,0.0,0.0
IND_FUA_10533,Imphal,G,new_built,738716.0,738716.0,130147.69720708745,0.1761809642773237,0.1761809642773237,28859.87260584678,0.09665144879164837
IND_FUA_10533,Imphal,G,stable_built,738716.0,738716.0,424746.93478160014,0.574980012320838,0.574980012320838,163882.21661648114,0.5488400411012454
IND_FUA_10533,Imphal,G,absent_both,738716.0,738716.0,183821.36833810393,0.24883902384421608,0.24883902384421608,105855.32408863508,0.35450850997184663
IND_FUA_10533,Imphal,G,built_loss,738716.0,738716.0,0.0,0.0,0.0,0.0,0.0
IND_FUA_10533,Imphal,G,missing_pair,738716.0,738716.0,0.0,0.0,,0.0,0.0
IND_FUA_10533,Imphal,J,new_built,127985.44001894072,127985.44001894072,40968.67385604202,0.3201041763030155,0.3201041763030155,3522.383199606704,0.09512688144016097
IND_FUA_10533,Imphal,J,stable_built,127985.44001894072,127985.44001894072,69933.726188723,0.5464193909742657,0.5464193909742657,28136.534897664664,0.7598664505457415
IND_FUA_10533,Imphal,J,absent_both,127985.44001894072,127985.44001894072,17083.04031163562,0.13347643535942433,0.13347643535942433,5369.345114743247,0.14500666940454376
IND_FUA_10533,Imphal,J,built_loss,127985.44001894072,127985.44001894072,0.0,0.0,0.0,0.0,0.0
IND_FUA_10533,Imphal,J,missing_pair,127985.44001894072,127985.44001894072,0.0,0.0,,0.0,0.0
IND_FUA_10533,Imphal,F,new_built,138183.4648263473,138183.46482634734,41323.21623881141,0.2990460276180045,0.2990460276180044,3728.7175716283755,0.08804350934424127
IND_FUA_10533,Imphal,F,stable_built,138183.4648263473,138183.46482634734,78834.59678972702,0.570506730952195,0.5705067309521948,32898.939571324976,0.7768188493553903
IND_FUA_10533,Imphal,F,absent_both,138183.4648263473,138183.46482634734,18025.652139382026,0.13044724390168203,0.130447243901682,5723.194174611454,0.13513764185986765
IND_FUA_10533,Imphal,F,built_loss,138183.4648263473,138183.46482634734,0.0,0.0,0.0,0.0,0.0
IND_FUA_10533,Imphal,F,missing_pair,138183.4648263473,138183.46482634734,0.0,0.0,,0.0,0.0
IND_FUA_10533,Imphal,A,new_built,142812.30668686965,142812.30668686965,43504.434110351795,0.30462664681790796,0.30462664681790796,3920.9243172154684,0.0883434183326764
IND_FUA_10533,Imphal,A,stable_built,142812.30668686965,142812.30668686965,81308.98661282858,0.5693415959669829,0.5693415959669829,34673.16335857574,0.7812305282340273
IND_FUA_10533,Imphal,A,absent_both,142812.30668686965,142812.30668686965,17998.88631997107,0.12603175970986477,0.12603175970986477,5788.667671132497,0.1304260547479461
IND_FUA_10533,Imphal,A,built_loss,142812.30668686965,142812.30668686965,0.0,0.0,0.0,0.0,0.0
IND_FUA_10533,Imphal,A,missing_pair,142812.30668686965,142812.30668686965,0.0,0.0,,0.0,0.0
ALL91_POOLED,Pooled 91-city allocation,G,new_built,400535818.0,400535818.0,58959346.110179596,0.14720118266721305,0.14720118266721305,13622381.46849822,0.16740890882187792
ALL91_POOLED,Pooled 91-city allocation,G,stable_built,400535818.0,400535818.0,250781204.97597137,0.62611430415437,0.62611430415437,45942405.837594666,0.5645979043906116
ALL91_POOLED,Pooled 91-city allocation,G,absent_both,400535818.0,400535818.0,90787996.43567717,0.22666636129824766,0.22666636129824766,21806563.495311454,0.2679864022562527
ALL91_POOLED,Pooled 91-city allocation,G,built_loss,400535818.0,400535818.0,7270.4783209190355,1.8151880541477657e-05,1.8151880541477657e-05,552.0746501847718,6.784585719419115e-06
ALL91_POOLED,Pooled 91-city allocation,G,missing_pair,400535818.0,400535818.0,0.0,0.0,,0.0,0.0
ALL91_POOLED,Pooled 91-city allocation,J,new_built,84434391.74211985,84434391.74211986,16174282.295155816,0.19156035782854255,0.1915603578285425,4122249.5385779245,0.24846261732423228
ALL91_POOLED,Pooled 91-city allocation,J,stable_built,84434391.74211985,84434391.74211986,59094096.167097636,0.6998818247851334,0.6998818247851333,10513364.877005946,0.633677832887014
ALL91_POOLED,Pooled 91-city allocation,J,absent_both,84434391.74211985,84434391.74211986,9164329.987102412,0.10853788128292766,0.10853788128292764,1955352.1418509693,0.11785601681998986
ALL91_POOLED,Pooled 91-city allocation,J,built_loss,84434391.74211985,84434391.74211986,1683.292395153889,1.993609902816631e-05,1.9936099028166306e-05,58.618039275878,3.533117373074812e-06
ALL91_POOLED,Pooled 91-city allocation,J,missing_pair,84434391.74211985,84434391.74211986,0.0,0.0,,0.0,0.0
ALL91_POOLED,Pooled 91-city allocation,F,new_built,87955643.72305201,87955643.72305201,16400944.719246717,0.18646836092620453,0.18646836092620453,4180216.346154378,0.24114341774742612
ALL91_POOLED,Pooled 91-city allocation,F,stable_built,87955643.72305201,87955643.72305201,62002718.82962709,0.7049316701592964,0.7049316701592964,11089155.891799163,0.6396982190030654
ALL91_POOLED,Pooled 91-city allocation,F,absent_both,87955643.72305201,87955643.72305201,9550147.553232528,0.1085791331742543,0.1085791331742543,2065505.8055844537,0.11915247635304839
ALL91_POOLED,Pooled 91-city allocation,F,built_loss,87955643.72305201,87955643.72305201,1832.6209032828758,2.083573976279785e-05,2.083573976279785e-05,102.05182457245735,5.887045962920671e-06
ALL91_POOLED,Pooled 91-city allocation,F,missing_pair,87955643.72305201,87955643.72305201,0.0,0.0,,0.0,0.0
ALL91_POOLED,Pooled 91-city allocation,A,new_built,90243923.12804443,90243923.12804443,16929986.43819729,0.18760250941413342,0.18760250941413342,4333118.116959182,0.243478093068522
ALL91_POOLED,Pooled 91-city allocation,A,stable_built,90243923.12804443,90243923.12804443,63840287.97941172,0.7074192451588195,0.7074192451588195,11427556.310046446,0.6421148797937267
ALL91_POOLED,Pooled 91-city allocation,A,absent_both,90243923.12804443,90243923.12804443,9471724.243874738,0.1049569202619393,0.1049569202619393,2035951.8443069053,0.11440022156124745
ALL91_POOLED,Pooled 91-city allocation,A,built_loss,90243923.12804443,90243923.12804443,1924.4652117921185,2.1325150160654605e-05,2.1325150160654605e-05,121.11934974022121,6.80570146311713e-06
ALL91_POOLED,Pooled 91-city allocation,A,missing_pair,90243923.12804443,90243923.12804443,0.0,0.0,,0.0,0.0
