unit_key,eFUA_name,grid_row,grid_column,g,h,t,s,p,cov_SP,cell_difference_t_minus_f,signed_representation_effect_contribution_m,absolute_representation_effect_rank,diagnostic_scope
IND_FUA_02091,Srinagar,176,154,1387.0,5.986212730407715,0.019999999552965164,0.38999998569488525,0.4000000059604645,0.21399998953938493,-0.21399998953938493,-0.07239672872075545,1,IND_FUA_02091
IND_FUA_02091,Srinagar,167,126,1055.0,5.87504243850708,0.0,0.33000001311302185,0.5099999904632568,0.16170000957250608,-0.16170000957250608,-0.04070088071687307,2,IND_FUA_02091
IND_FUA_02091,Srinagar,176,157,952.0,5.987586975097656,0.05999999865889549,0.3700000047683716,0.4000000059604645,0.16200000199675557,-0.16200000199675557,-0.03762685325317614,3,IND_FUA_02091
IND_FUA_02091,Srinagar,64,11,2401.0,2.868753433227539,0.0,0.25999999046325684,0.5400000214576721,0.1195999900341036,-0.1195999900341036,-0.027156783001017815,4,IND_FUA_02091
IND_FUA_02091,Srinagar,150,108,1332.0,4.571817874908447,0.05000000074505806,0.1899999976158142,0.17000000178813934,0.10769999693632126,-0.10769999693632126,-0.025270441338081488,5,IND_FUA_02091
IND_FUA_02091,Srinagar,175,130,1635.0,5.69468355178833,0.05999999865889549,0.14000000059604645,0.15000000596046448,0.05900000101327896,-0.05900000101327896,-0.022181553950257414,6,IND_FUA_02091
IND_FUA_02091,Srinagar,190,155,547.0,6.018426895141602,0.0,0.25999999046325684,0.3799999952316284,0.1611999953269958,-0.1611999953269958,-0.02164313474180695,7,IND_FUA_02091
IND_FUA_02091,Srinagar,148,110,777.0,5.44243049621582,0.03999999910593033,0.23000000417232513,0.28999999165534973,0.12330000577569011,-0.12330000577569011,-0.020871891478190487,8,IND_FUA_02091
IND_FUA_02091,Srinagar,177,131,1389.0,2.5255935192108154,0.07000000029802322,0.4099999964237213,0.4000000059604645,0.17599999511241915,-0.17599999511241915,-0.019100358086218513,9,IND_FUA_02091
IND_FUA_02091,Srinagar,152,107,607.0,4.140185356140137,0.0,0.2800000011920929,0.38999998569488525,0.1708000047326088,-0.1708000047326088,-0.016119190965369165,10,IND_FUA_02091
IND_FUA_03357,Jammu,117,146,609.0,12.643465995788574,0.0,0.41999998688697815,0.7699999809265137,0.09660000499486898,-0.09660000499486898,-0.001694455155332085,1,IND_FUA_03357
IND_FUA_03357,Jammu,119,142,802.0,7.413571357727051,0.009999999776482582,0.4300000071525574,0.6899999976158142,0.12330000346601011,-0.12330000346601011,-0.0016615670586570858,2,IND_FUA_03357
IND_FUA_03357,Jammu,130,128,949.0,4.557413101196289,0.019999999552965164,0.10999999940395355,0.15000000596046448,0.07349999928474427,-0.07349999928474427,-0.0007148993868767241,3,IND_FUA_03357
IND_FUA_03357,Jammu,118,145,252.0,10.382058143615723,0.0,0.3799999952316284,0.7300000190734863,0.10259999146461496,-0.10259999146461496,-0.0006105449256215054,4,IND_FUA_03357
IND_FUA_03357,Jammu,119,143,844.0,2.277608871459961,0.0,0.18000000715255737,0.4000000059604645,0.10800000321865078,-0.10800000321865078,-0.0004574164010938321,5,IND_FUA_03357
IND_FUA_03357,Jammu,116,147,317.0,8.815010070800781,0.0,0.18000000715255737,0.6800000071525574,0.05760000100135798,-0.05760000100135798,-0.0003655196886608133,6,IND_FUA_03357
IND_FUA_03357,Jammu,121,137,437.0,8.107156753540039,0.0,0.07999999821186066,0.4699999988079071,0.04239999914765358,-0.04239999914765358,-0.0003408224292454567,7,IND_FUA_03357
IND_FUA_03357,Jammu,115,147,397.0,8.317411422729492,0.009999999776482582,0.05000000074505806,0.14000000059604645,0.033000000834465026,-0.033000000834465026,-0.00024730277661020184,8,IND_FUA_03357
IND_FUA_03357,Jammu,108,146,217.0,12.866411209106445,0.029999999329447746,0.23999999463558197,0.7599999904632568,0.027600001671910235,-0.027600001671910235,-0.00017556990124236696,9,IND_FUA_03357
IND_FUA_03357,Jammu,66,152,940.0,1.0,0.019999999552965164,0.15000000596046448,0.27000001072883606,0.08950000318884843,-0.08950000318884843,-0.00017555152911038672,10,IND_FUA_03357
IND_FUA_03722,Rajkot,154,143,932.0,1.0,0.17000000178813934,0.2800000011920929,0.12999999523162842,0.07360000058412552,-0.07360000058412552,-0.00010851148887667762,1,IND_FUA_03722
IND_FUA_03722,Rajkot,87,143,65.0,1.0,0.0,0.03999999910593033,0.12999999523162842,0.034799999412894245,-0.034799999412894245,-3.578282179365441e-06,2,IND_FUA_03722
IND_FUA_03722,Rajkot,78,144,46.0,1.0,0.0,0.029999999329447746,0.11999999731779099,0.026399999490380285,-0.026399999490380285,-1.9210724438767513e-06,3,IND_FUA_03722
IND_FUA_03722,Rajkot,104,153,25.0,1.0,0.0,0.05000000074505806,0.12999999523162842,0.043500000886619095,-0.043500000886619095,-1.7203280349359821e-06,4,IND_FUA_03722
IND_FUA_03722,Rajkot,55,156,29.0,1.0,0.0,0.029999999329447746,0.4399999976158142,0.01679999969601631,-0.01679999969601631,-7.707069299973565e-07,5,IND_FUA_03722
IND_FUA_03722,Rajkot,103,153,20.0,1.0,0.0,0.019999999552965164,0.019999999552965164,0.019599999570846557,-0.019599999570846557,-6.201090217785733e-07,6,IND_FUA_03722
IND_FUA_03722,Rajkot,89,61,2642.0,0.0,0.5099999904632568,0.5899999737739563,0.3499999940395355,-0.12650000399351136,0.12650000399351136,-2.0255998481584983e-07,7,IND_FUA_03722
IND_FUA_03722,Rajkot,46,120,4670.0,0.0,0.6600000262260437,0.6800000071525574,0.12999999523162842,-0.06840001676082608,0.06840001676082608,-1.93599125833256e-07,8,IND_FUA_03722
IND_FUA_03722,Rajkot,197,124,1447.0,0.0,0.0,0.5400000214576721,0.6000000238418579,0.21599999570846506,-0.21599999570846506,1.8943166518845692e-07,9,IND_FUA_03722
IND_FUA_03722,Rajkot,54,63,3485.0,0.0,0.550000011920929,0.6200000047683716,0.25,-0.08500000834465027,0.08500000834465027,-1.7953621043610708e-07,10,IND_FUA_03722
IND_FUA_04396,Amritsar,229,219,3422.0,0.728503406047821,0.2800000011920929,0.5,0.27000001072883606,0.08499999344348907,-0.08499999344348907,-0.0002597771751669961,1,IND_FUA_04396
IND_FUA_04396,Amritsar,164,237,2173.0,0.5096122622489929,0.019999999552965164,0.27000001072883606,0.36000001430511475,0.15280000345110878,-0.15280000345110878,-0.00020106127063155275,2,IND_FUA_04396
IND_FUA_04396,Amritsar,184,270,1087.0,1.0346003770828247,0.009999999776482582,0.30000001192092896,0.550000011920929,0.12500000201165662,-0.12500000201165662,-0.00017598915978192482,3,IND_FUA_04396
IND_FUA_04396,Amritsar,138,232,2525.0,0.5532737970352173,0.05999999865889549,0.20999999344348907,0.27000001072883606,0.09329999430179603,-0.09329999430179603,-0.00015616817280162879,4,IND_FUA_04396
IND_FUA_04396,Amritsar,227,219,1402.0,0.8542041182518005,0.05000000074505806,0.4300000071525574,0.6800000071525574,0.08759999846816058,-0.08759999846816058,-0.00012996784016101228,5,IND_FUA_04396
IND_FUA_04396,Amritsar,195,263,1215.0,0.6568316221237183,0.05999999865889549,0.2800000011920929,0.4099999964237213,0.10520000304579735,-0.10520000304579735,-0.00010211991311525691,6,IND_FUA_04396
IND_FUA_04396,Amritsar,196,263,5244.0,0.4597567915916443,0.5799999833106995,0.800000011920929,0.23000000417232513,0.036000022530555675,-0.036000022530555675,-0.00010195240742094276,7,IND_FUA_04396
IND_FUA_04396,Amritsar,172,240,2607.0,0.2932431995868683,0.20999999344348907,0.5899999737739563,0.4399999976158142,0.120399993276596,-0.120399993276596,-0.00010084932558616321,8,IND_FUA_04396
IND_FUA_04396,Amritsar,155,243,1459.0,0.37479081749916077,0.30000001192092896,0.3499999940395355,0.5799999833106995,-0.15300000858306895,0.15300000858306895,9.563636515197335e-05,9,IND_FUA_04396
IND_FUA_04396,Amritsar,182,272,952.0,0.8099642992019653,0.03999999910593033,0.2199999988079071,0.3700000047683716,0.0985999990940094,-0.0985999990940094,-9.387851380287598e-05,10,IND_FUA_04396
IND_FUA_05324,Jodhpur,240,160,902.0,1.0745476484298706,0.05000000074505806,0.5199999809265137,0.6399999856948853,0.13719999982714626,-0.13719999982714626,-9.889959604503279e-05,1,IND_FUA_05324
IND_FUA_05324,Jodhpur,279,141,1020.0,3.025151252746582,0.17000000178813934,0.3700000047683716,0.4300000071525574,0.040899998283386196,-0.040899998283386196,-9.55842863653063e-05,2,IND_FUA_05324
IND_FUA_05324,Jodhpur,231,156,1705.0,1.2730578184127808,0.33000001311302185,0.4300000071525574,0.10000000149011612,0.05699999268352984,-0.05699999268352984,-9.242321845467885e-05,3,IND_FUA_05324
IND_FUA_05324,Jodhpur,281,136,1862.0,0.9052466154098511,0.2800000011920929,0.3799999952316284,0.10000000149011612,0.06199999395012856,-0.06199999395012856,-7.730820548296112e-05,4,IND_FUA_05324
IND_FUA_05324,Jodhpur,239,160,632.0,1.3411275148391724,0.20999999344348907,0.30000001192092896,0.09000000357627869,0.06300001633167263,-0.06300001633167263,-3.993825987228372e-05,5,IND_FUA_05324
IND_FUA_05324,Jodhpur,262,147,545.0,1.2060034275054932,0.019999999552965164,0.1899999976158142,0.4699999988079071,0.08069999940991401,-0.08069999940991401,-3.957069777719948e-05,6,IND_FUA_05324
IND_FUA_05324,Jodhpur,286,134,607.0,3.0254709720611572,0.23000000417232513,0.23000000417232513,0.10000000149011612,-0.023000000759959227,0.023000000759959227,3.199086145622274e-05,7,IND_FUA_05324
IND_FUA_05324,Jodhpur,87,190,585.0,0.561700701713562,0.09000000357627869,0.3799999952316284,0.6200000047683716,0.054399992799758934,-0.054399992799758934,-1.294846762817099e-05,8,IND_FUA_05324
IND_FUA_05324,Jodhpur,282,136,469.0,0.5617414712905884,0.07999999821186066,0.4300000071525574,0.6700000166893005,0.061899996972083926,-0.061899996972083926,-1.1813005952328718e-05,9,IND_FUA_05324
IND_FUA_05324,Jodhpur,245,52,2296.0,0.0,0.0,0.41999998688697815,0.49000000953674316,0.21419998930692685,-0.21419998930692685,1.1200362446508354e-05,10,IND_FUA_05324
IND_FUA_05617,Jalandhar,213,263,3232.0,1.228785753250122,0.3199999928474426,0.3199999928474426,0.05000000074505806,-0.015999999880790705,0.015999999880790705,0.00021283914436995256,1,IND_FUA_05617
IND_FUA_05617,Jalandhar,206,259,454.0,0.6576428413391113,0.029999999329447746,0.20000000298023224,0.2800000011920929,0.11400000257790088,-0.11400000257790088,-0.00011358248332829112,2,IND_FUA_05617
IND_FUA_05617,Jalandhar,214,263,1332.0,0.3053809404373169,0.029999999329447746,0.10999999940395355,0.23000000417232513,0.05469999975264073,-0.05469999975264073,-7.355947546625071e-05,3,IND_FUA_05617
IND_FUA_05617,Jalandhar,225,276,599.0,1.027438759803772,0.009999999776482582,0.05000000074505806,0.1599999964237213,0.032000001028180125,-0.032000001028180125,-6.590994707537744e-05,4,IND_FUA_05617
IND_FUA_05617,Jalandhar,218,272,619.0,0.6272789239883423,0.10999999940395355,0.17000000178813934,0.12999999523162842,0.037900002962350854,-0.037900002962350854,-4.9088721026955875e-05,5,IND_FUA_05617
IND_FUA_05617,Jalandhar,221,275,892.0,0.21200169622898102,0.009999999776482582,0.07000000029802322,0.28999999165534973,0.03970000101923943,-0.03970000101923943,-2.4628414171906283e-05,6,IND_FUA_05617
IND_FUA_05617,Jalandhar,212,263,760.0,0.9717227816581726,0.07999999821186066,0.09000000357627869,0.019999999552965164,0.008200005333125593,-0.008200005333125593,-2.0260970324741294e-05,7,IND_FUA_05617
IND_FUA_05617,Jalandhar,220,272,339.0,1.4040340185165405,0.09000000357627869,0.09000000357627869,0.10999999940395355,-0.009900000339746473,0.009900000339746473,1.5791717675704514e-05,8,IND_FUA_05617
IND_FUA_05617,Jalandhar,224,276,330.0,0.8380424976348877,0.05999999865889549,0.10000000149011612,0.23000000417232513,0.0170000020712614,-0.0170000020712614,-1.5716003909079928e-05,9,IND_FUA_05617
IND_FUA_05617,Jalandhar,222,275,260.0,0.18026700615882874,0.009999999776482582,0.14000000059604645,0.3799999952316284,0.07680000126063824,-0.07680000126063824,-1.1755586685986988e-05,10,IND_FUA_05617
IND_FUA_05991,Ahmedabad,311,194,1511.0,16.851285934448242,0.0,0.17000000178813934,0.6299999952316284,0.06290000147223473,-0.06290000147223473,-0.0006871324998202345,1,IND_FUA_05991
IND_FUA_05991,Ahmedabad,326,198,1690.0,10.412431716918945,0.05000000074505806,0.20999999344348907,0.36000001430511475,0.08439999205470095,-0.08439999205470095,-0.0006260659952906386,2,IND_FUA_05991
IND_FUA_05991,Ahmedabad,331,203,1094.0,12.960497856140137,0.0,0.25999999046325684,0.6600000262260437,0.08839998993873621,-0.08839998993873621,-0.0005331935353175311,3,IND_FUA_05991
IND_FUA_05991,Ahmedabad,325,198,1844.0,8.628205299377441,0.05999999865889549,0.23999999463558197,0.47999998927116394,0.06480000112652773,-0.06480000112652773,-0.00043042378742858987,4,IND_FUA_05991
IND_FUA_05991,Ahmedabad,300,193,499.0,15.506879806518555,0.0,0.44999998807907104,0.75,0.11249999701976776,-0.11249999701976776,-0.0003725674181852338,5,IND_FUA_05991
IND_FUA_05991,Ahmedabad,234,229,2393.0,3.9333910942077637,0.15000000596046448,0.38999998569488525,0.36000001430511475,0.09959997930526754,-0.09959997930526754,-0.00036490291739076384,6,IND_FUA_05991
IND_FUA_05991,Ahmedabad,325,203,1264.0,8.131355285644531,0.2800000011920929,0.4699999988079071,0.5699999928474426,-0.07789999834299088,0.07789999834299088,0.00033310423447565935,7,IND_FUA_05991
IND_FUA_05991,Ahmedabad,340,201,732.0,7.170907974243164,0.0,0.1599999964237213,0.25,0.11999999731779099,-0.11999999731779099,-0.0002599400751259191,8,IND_FUA_05991
IND_FUA_05991,Ahmedabad,296,192,522.0,7.996726036071777,0.029999999329447746,0.4099999964237213,0.6200000047683716,0.12579999735653402,-0.12579999735653402,-0.00021825008207128894,9,IND_FUA_05991
IND_FUA_05991,Ahmedabad,326,203,1175.0,6.616275310516357,0.07000000029802322,0.25999999046325684,0.49000000953674316,0.06259999235868463,-0.06259999235868463,-0.000199669910820532,10,IND_FUA_05991
IND_FUA_06065,Ludhiana,118,160,3139.0,1.9802312850952148,0.17000000178813934,0.5199999809265137,0.47999998927116394,0.10039999387264231,-0.10039999387264231,-0.0009991432589642171,1,IND_FUA_06065
IND_FUA_06065,Ludhiana,133,185,710.0,1.7942839860916138,0.0,0.30000001192092896,0.30000001192092896,0.21000000476837144,-0.21000000476837144,-0.000425532490034649,2,IND_FUA_06065
IND_FUA_06065,Ludhiana,116,112,2212.0,0.7576632499694824,0.10000000149011612,0.6000000238418579,0.550000011920929,0.17000000208616228,-0.17000000208616228,-0.00041012343802869413,3,IND_FUA_06065
IND_FUA_06065,Ludhiana,116,111,2019.0,1.0621309280395508,0.07000000029802322,0.49000000953674316,0.6200000047683716,0.11620000098943706,-0.11620000098943706,-0.00037738074821092374,4,IND_FUA_06065
IND_FUA_06065,Ludhiana,110,156,1432.0,1.9279676675796509,0.17000000178813934,0.5,0.5,0.07999999821186066,-0.07999999821186066,-0.0003530066876133107,5,IND_FUA_06065
IND_FUA_06065,Ludhiana,116,110,2155.0,0.9610748291015625,0.15000000596046448,0.33000001311302185,0.2800000011920929,0.08760000308752058,-0.08760000308752058,-0.0002712090760719559,6,IND_FUA_06065
IND_FUA_06065,Ludhiana,118,213,1539.0,1.1026480197906494,0.3499999940395355,0.3499999940395355,0.30000001192092896,-0.10500000238418572,0.10500000238418572,0.0002710728231267925,7,IND_FUA_06065
IND_FUA_06065,Ludhiana,105,158,510.0,1.9112499952316284,0.03999999910593033,0.4300000071525574,0.5099999904632568,0.1707000084996224,-0.1707000084996224,-0.00026578287365861794,8,IND_FUA_06065
IND_FUA_06065,Ludhiana,95,128,1552.0,1.058954119682312,0.1599999964237213,0.6000000238418579,0.5600000023841858,0.10400001263618464,-0.10400001263618464,-0.0002587622521911374,9,IND_FUA_06065
IND_FUA_06065,Ludhiana,112,166,2085.0,0.5169183611869812,0.05000000074505806,0.3799999952316284,0.47999998927116394,0.14760000085234637,-0.14760000085234637,-0.00020960971357333012,10,IND_FUA_06065
IND_FUA_06611,Surat,227,58,2542.0,7.498572826385498,0.28999999165534973,0.6100000143051147,0.4000000059604645,0.0760000132918357,-0.0760000132918357,-0.0011738398053785786,1,IND_FUA_06611
IND_FUA_06611,Surat,268,34,3112.0,3.2298436164855957,0.41999998688697815,0.699999988079071,0.5799999833106995,-0.12599998021125813,0.12599998021125813,0.0007951453660098274,2,IND_FUA_06611
IND_FUA_06611,Surat,249,161,1489.0,4.16167688369751,0.009999999776482582,0.49000000953674316,0.6499999761581421,0.16150001524388813,-0.16150001524388813,-0.0007001483733439665,3,IND_FUA_06611
IND_FUA_06611,Surat,237,28,4340.0,7.339637756347656,0.05000000074505806,0.10999999940395355,0.30000001192092896,0.02699999752640725,-0.02699999752640725,-0.0006943269060890881,4,IND_FUA_06611
IND_FUA_06611,Surat,278,115,1120.0,4.96656608581543,0.10999999940395355,0.3499999940395355,0.27000001072883606,0.14549999248981482,-0.14549999248981482,-0.0005988523279995055,5,IND_FUA_06611
IND_FUA_06611,Surat,224,87,1090.0,6.9193434715271,0.029999999329447746,0.18000000715255737,0.28999999165534973,0.0978000072509051,-0.0978000072509051,-0.0005891598896559322,6,IND_FUA_06611
IND_FUA_06611,Surat,267,34,2812.0,4.230071544647217,0.33000001311302185,0.7900000214576721,0.6700000166893005,-0.06930001921653783,0.06930001921653783,0.0005800162326079311,7,IND_FUA_06611
IND_FUA_06611,Surat,151,211,624.0,8.20993709564209,0.019999999552965164,0.27000001072883606,0.4399999976158142,0.13120000709891322,-0.13120000709891322,-0.000552666457029908,8,IND_FUA_06611
IND_FUA_06611,Surat,193,92,1460.0,4.1027140617370605,0.03999999910593033,0.4000000059604645,0.5699999928474426,0.1320000063180924,-0.1320000063180924,-0.0005503358933081931,9,IND_FUA_06611
IND_FUA_06611,Surat,238,28,7890.0,7.339637756347656,0.019999999552965164,0.029999999329447746,0.03999999910593033,0.008799999830126762,-0.008799999830126762,-0.0004114056087179725,10,IND_FUA_06611
IND_FUA_06651,Vadodara,160,199,2987.0,2.4762840270996094,0.6800000071525574,0.7400000095367432,0.15000000596046448,-0.051000003457069454,0.051000003457069454,0.00031646780743001886,1,IND_FUA_06651
IND_FUA_06651,Vadodara,160,200,3609.0,2.876284122467041,0.6700000166893005,0.7599999904632568,0.15000000596046448,-0.024000029325485173,0.024000029325485173,0.00021153747102912828,2,IND_FUA_06651
IND_FUA_06651,Vadodara,152,195,347.0,3.4865987300872803,0.029999999329447746,0.3799999952316284,0.6200000047683716,0.11439999704658987,-0.11439999704658987,-0.00011904606379040735,3,IND_FUA_06651
IND_FUA_06651,Vadodara,157,198,2227.0,1.6816020011901855,0.6200000047683716,0.6399999856948853,0.09000000357627869,-0.03760002007484431,0.03760002007484431,0.00011326230951078178,4,IND_FUA_06651
IND_FUA_06651,Vadodara,175,187,1300.0,2.716625690460205,0.33000001311302185,0.9100000262260437,0.6000000238418579,0.033999975681304306,-0.033999975681304306,-0.0001015107189078303,5,IND_FUA_06651
IND_FUA_06651,Vadodara,281,185,1100.0,0.992760181427002,0.09000000357627869,0.5899999737739563,0.6899999976158142,0.09289998970031732,-0.09289998970031732,-7.402248240699165e-05,6,IND_FUA_06651
IND_FUA_06651,Vadodara,157,202,1197.0,1.4791003465652466,0.23999999463558197,0.4099999964237213,0.30000001192092896,0.04699999797344212,-0.04699999797344212,-6.570663466479363e-05,7,IND_FUA_06651
IND_FUA_06651,Vadodara,264,187,4935.0,1.1995867490768433,0.6000000238418579,0.6399999856948853,0.03999999910593033,0.01439996299743651,-0.01439996299743651,-6.488118853223944e-05,8,IND_FUA_06651
IND_FUA_06651,Vadodara,176,187,134.0,4.114273548126221,0.10999999940395355,0.3700000047683716,0.36000001430511475,0.12679999835491174,-0.12679999835491174,-6.068165969777776e-05,9,IND_FUA_06651
IND_FUA_06651,Vadodara,351,224,2493.0,0.5831139087677002,0.07999999821186066,0.18000000715255737,0.18000000715255737,0.06760000636577601,-0.06760000636577601,-5.910923363952605e-05,10,IND_FUA_06651
IND_FUA_06781,Chandigarh,276,357,930.0,2.225292444229126,0.07000000029802322,0.20999999344348907,0.5600000023841858,0.02239999631643297,-0.02239999631643297,-2.9360100378812755e-05,1,IND_FUA_06781
IND_FUA_06781,Chandigarh,262,375,75.0,1.0,0.009999999776482582,0.12999999523162842,0.6600000262260437,0.034199995192885524,-0.034199995192885524,-1.6239256209658062e-06,2,IND_FUA_06781
IND_FUA_06781,Chandigarh,267,370,380.0,2.0788655281066895,0.03999999910593033,0.15000000596046448,0.75,-0.002499997615814209,0.002499997615814209,1.2507770348172526e-06,3,IND_FUA_06781
IND_FUA_06781,Chandigarh,128,297,217.0,1.0,0.0,0.019999999552965164,0.7200000286102295,0.005599999302625669,-0.005599999302625669,-7.693545599324634e-07,4,IND_FUA_06781
IND_FUA_06781,Chandigarh,119,277,124.0,1.0,0.019999999552965164,0.029999999329447746,0.029999999329447746,0.009099999816715717,-0.009099999816715717,-7.144007373707251e-07,5,IND_FUA_06781
IND_FUA_06781,Chandigarh,275,357,199.0,1.1788146495819092,0.05999999865889549,0.05999999865889549,0.03999999910593033,-0.0023999998927116406,0.0023999998927116406,3.56478163335121e-07,6,IND_FUA_06781
IND_FUA_06781,Chandigarh,256,342,4414.0,0.0,0.4000000059604645,0.5,0.5299999713897705,-0.16499999165534973,0.16499999165534973,-3.099655232114692e-07,7,IND_FUA_06781
IND_FUA_06781,Chandigarh,103,150,2922.0,0.0,0.6100000143051147,0.6299999952316284,0.23999999463558197,-0.13120001454949382,0.13120001454949382,-1.6315907504378503e-07,8,IND_FUA_06781
IND_FUA_06781,Chandigarh,331,376,3357.0,0.0,0.33000001311302185,0.5299999713897705,0.20000000298023224,0.09399996241927155,-0.09399996241927155,1.3430004588086078e-07,9,IND_FUA_06781
IND_FUA_06781,Chandigarh,106,129,2167.0,0.0,0.5699999928474426,0.6100000143051147,0.30000001192092896,-0.14299999010562914,0.14299999010562914,-1.3188398416884505e-07,10,IND_FUA_06781
IND_FUA_07108,Silvassa,49,14,1413.0,5.0005202293396,0.05000000074505806,0.3799999952316284,0.5600000023841858,0.11719999625086785,-0.11719999625086785,-0.002656853806500298,1,IND_FUA_07108
IND_FUA_07108,Silvassa,46,22,807.0,5.8618879318237305,0.07999999821186066,0.7200000286102295,0.6800000071525574,0.15040000579357127,-0.15040000579357127,-0.00229334384126747,2,IND_FUA_07108
IND_FUA_07108,Silvassa,104,40,1218.0,5.321678638458252,0.4300000071525574,0.5199999809265137,0.09000000357627869,0.04319997363090522,-0.04319997363090522,-0.0009001108189709009,3,IND_FUA_07108
IND_FUA_07108,Silvassa,106,38,382.0,7.021678447723389,0.009999999776482582,0.23999999463558197,0.5400000214576721,0.10039999260604393,-0.10039999260604393,-0.0008719339764374334,4,IND_FUA_07108
IND_FUA_07108,Silvassa,47,20,2384.0,2.0676138401031494,0.38999998569488525,0.8600000143051147,0.6100000143051147,-0.05459999241828939,0.05459999241828939,0.0008244712338163713,5,IND_FUA_07108
IND_FUA_07108,Silvassa,194,98,1267.0,3.7581276893615723,0.3799999952316284,0.3799999952316284,0.10999999940395355,-0.04179999924898148,0.04179999924898148,0.0006318452046617114,6,IND_FUA_07108
IND_FUA_07108,Silvassa,143,12,592.0,6.279175281524658,0.0,0.09000000357627869,0.41999998688697815,0.05220000325441365,-0.05220000325441365,-0.000626591967494453,7,IND_FUA_07108
IND_FUA_07108,Silvassa,84,84,1165.0,1.9952312707901,0.30000001192092896,0.5600000023841858,0.33000001311302185,0.07519998233318326,-0.07519998233318326,-0.0005339141379332983,8,IND_FUA_07108
IND_FUA_07108,Silvassa,266,188,1542.0,1.8149642944335938,0.18000000715255737,0.25,0.5199999809265137,-0.06000000238418579,0.06000000238418579,0.000508635738240225,9,IND_FUA_07108
IND_FUA_07108,Silvassa,95,42,959.0,4.521678447723389,0.1899999976158142,0.3199999928474426,0.30000001192092896,0.03399999356269845,-0.03399999356269845,-0.00047142511305374625,10,IND_FUA_07108
IND_FUA_07139,Vasai-Virar,85,125,2242.0,0.0,0.0,0.44999998807907104,0.6100000143051147,0.17549998891353624,-0.17549998891353624,0.006105086100308412,1,IND_FUA_07139
IND_FUA_07139,Vasai-Virar,126,65,2311.0,0.09673639386892319,0.019999999552965164,0.30000001192092896,0.5099999904632568,0.1270000091493131,-0.1270000091493131,0.004152824838352557,2,IND_FUA_07139
IND_FUA_07139,Vasai-Virar,200,151,1127.0,3.8496224880218506,0.0,0.23999999463558197,0.6100000143051147,0.0935999944746495,-0.0935999944746495,-0.004099698642561866,3,IND_FUA_07139
IND_FUA_07139,Vasai-Virar,188,92,892.0,5.561518669128418,0.029999999329447746,0.12999999523162842,0.28999999165534973,0.062299998369812926,-0.062299998369812926,-0.00350361954280824,4,IND_FUA_07139
IND_FUA_07139,Vasai-Virar,150,88,967.0,2.776576519012451,0.0,0.3400000035762787,0.5600000023841858,0.14960000076293944,-0.14960000076293944,-0.003429443373776356,5,IND_FUA_07139
IND_FUA_07139,Vasai-Virar,177,172,3667.0,0.0,0.3400000035762787,0.6800000071525574,0.5799999833106995,-0.054399989223480105,0.054399989223480105,-0.0030952007019041366,6,IND_FUA_07139
IND_FUA_07139,Vasai-Virar,92,47,2392.0,3.0467381477355957,0.6200000047683716,0.6299999952316284,0.09000000357627869,-0.04670001136064528,0.04670001136064528,0.0030744675132792173,7,IND_FUA_07139
IND_FUA_07139,Vasai-Virar,186,163,545.0,4.646151542663574,0.25,0.5799999833106995,0.3799999952316284,0.1095999924182891,-0.1095999924182891,-0.002993547813761472,8,IND_FUA_07139
IND_FUA_07139,Vasai-Virar,86,118,2364.0,0.0,0.0,0.38999998569488525,0.800000011920929,0.07799999248981493,-0.07799999248981493,0.0028610215211058087,9,IND_FUA_07139
IND_FUA_07139,Vasai-Virar,71,47,392.0,4.5425920486450195,0.0,0.36000001430511475,0.6000000238418579,0.1439999971389767,-0.1439999971389767,-0.002746388286824676,10,IND_FUA_07139
IND_FUA_07163,Mumbai,459,172,1792.0,3.393345355987549,0.03999999910593033,0.38999998569488525,0.5600000023841858,0.13159999366998676,-0.13159999366998676,-0.0008922153524746656,1,IND_FUA_07163
IND_FUA_07163,Mumbai,200,393,1035.0,7.444428443908691,0.0,0.17000000178813934,0.4300000071525574,0.09689999980330466,-0.09689999980330466,-0.0008801877736635151,2,IND_FUA_07163
IND_FUA_07163,Mumbai,286,235,1072.0,4.192440509796143,0.0,0.4300000071525574,0.6100000143051147,0.16769999663829793,-0.16769999663829793,-0.0008572051129416562,3,IND_FUA_07163
IND_FUA_07163,Mumbai,164,111,1258.0,4.492550849914551,0.09000000357627869,0.36000001430511475,0.4000000059604645,0.12600000286102286,-0.12600000286102286,-0.0008144319122793432,4,IND_FUA_07163
IND_FUA_07163,Mumbai,216,264,1757.0,4.759557723999023,0.0,0.25999999046325684,0.6800000071525574,0.08319999508857734,-0.08319999508857734,-0.0007992080216001848,5,IND_FUA_07163
IND_FUA_07163,Mumbai,138,425,2112.0,3.0990936756134033,0.5400000214576721,0.5699999928474426,0.2199999988079071,-0.09540002635717393,0.09540002635717393,0.000689215083021751,6,IND_FUA_07163
IND_FUA_07163,Mumbai,271,286,2237.0,2.358501672744751,0.0,0.3100000023841858,0.6100000143051147,0.12089999649524685,-0.12089999649524685,-0.0006782701710947882,7,IND_FUA_07163
IND_FUA_07163,Mumbai,215,263,2100.0,4.559557914733887,0.0,0.18000000715255737,0.6700000166893005,0.05939999935626972,-0.05939999935626972,-0.0006512298979235466,8,IND_FUA_07163
IND_FUA_07163,Mumbai,202,247,1034.0,4.760557651519775,0.11999999731779099,0.3199999928474426,0.2800000011920929,0.11039999715089799,-0.11039999715089799,-0.0006242409575287813,9,IND_FUA_07163
IND_FUA_07163,Mumbai,214,264,2297.0,4.359557628631592,0.0,0.07000000029802322,0.25999999046325684,0.05180000088810921,-0.05180000088810921,-0.0005918530148204441,10,IND_FUA_07163
IND_FUA_07320,Jaipur,183,173,399.0,1.0,0.009999999776482582,0.28999999165534973,0.7300000190734863,0.06829999243915097,-0.06829999243915097,-8.174422002408675e-06,1,IND_FUA_07320
IND_FUA_07320,Jaipur,346,214,430.0,1.0,0.029999999329447746,0.07000000029802322,0.07999999821186066,0.034400001069903374,-0.034400001069903374,-4.437010072979623e-06,2,IND_FUA_07320
IND_FUA_07320,Jaipur,148,182,363.0,1.0,0.0,0.03999999910593033,0.44999998807907104,0.021999999985098828,-0.021999999985098828,-2.395481430283495e-06,3,IND_FUA_07320
IND_FUA_07320,Jaipur,346,215,592.0,1.0,0.029999999329447746,0.03999999910593033,0.10000000149011612,0.005999999806284906,-0.005999999806284906,-1.065458273405704e-06,4,IND_FUA_07320
IND_FUA_07320,Jaipur,122,178,337.0,1.0,0.009999999776482582,0.009999999776482582,0.10000000149011612,-0.000999999992549419,0.000999999992549419,1.0108655604027589e-07,5,IND_FUA_07320
IND_FUA_07320,Jaipur,138,77,2961.0,0.0,0.0,0.38999998569488525,0.6000000238418579,0.15599998497962986,-0.15599998497962986,6.483814614808209e-09,6,IND_FUA_07320
IND_FUA_07320,Jaipur,175,33,3653.0,0.0,0.07999999821186066,0.47999998927116394,0.5699999928474426,0.1264000006079673,-0.1264000006079673,6.4813335668154865e-09,7,IND_FUA_07320
IND_FUA_07320,Jaipur,306,227,2503.0,0.0,0.0,0.3400000035762787,0.5,0.17000000178813934,-0.17000000178813934,5.972792134086177e-09,8,IND_FUA_07320
IND_FUA_07320,Jaipur,206,75,3458.0,0.0,0.009999999776482582,0.7099999785423279,0.8199999928474426,0.11780000143945202,-0.11780000143945202,5.717917827218369e-09,9,IND_FUA_07320
IND_FUA_07320,Jaipur,342,146,2115.0,0.0,0.0,0.4300000071525574,0.5799999833106995,0.18060001018047345,-0.18060001018047345,5.3616167499520175e-09,10,IND_FUA_07320
IND_FUA_07466,Delhi [New Delhi],625,251,4122.0,1.9443997144699097,0.25999999046325684,0.47999998927116394,0.23000000417232513,0.10959999927282338,-0.10959999927282338,-6.363486855829455e-05,1,IND_FUA_07466
IND_FUA_07466,Delhi [New Delhi],700,582,1802.0,3.5785322189331055,0.20999999344348907,0.6100000143051147,0.44999998807907104,0.12550002169609087,-0.12550002169609087,-6.358650940591862e-05,2,IND_FUA_07466
IND_FUA_07466,Delhi [New Delhi],737,351,1821.0,3.756671905517578,0.0,0.30000001192092896,0.6100000143051147,0.1170000003576277,-0.1170000003576277,-6.316372612978727e-05,3,IND_FUA_07466
IND_FUA_07466,Delhi [New Delhi],765,634,1987.0,4.412661552429199,0.18000000715255737,0.33000001311302185,0.20000000298023224,0.08400000235438343,-0.08400000235438343,-5.8883371165471796e-05,4,IND_FUA_07466
IND_FUA_07466,Delhi [New Delhi],603,284,3657.0,1.5584132671356201,0.15000000596046448,0.4300000071525574,0.3199999928474426,0.14240000197887426,-0.14240000197887426,-5.609298649108111e-05,5,IND_FUA_07466
IND_FUA_07466,Delhi [New Delhi],580,244,1387.0,2.6563503742218018,0.07000000029802322,0.3799999952316284,0.33000001311302185,0.18459999152421958,-0.18459999152421958,-5.1716738931463893e-05,6,IND_FUA_07466
IND_FUA_07466,Delhi [New Delhi],532,413,1399.0,6.045907974243164,0.14000000059604645,0.7400000095367432,0.7099999785423279,0.07460001804828664,-0.07460001804828664,-5.145478616220383e-05,7,IND_FUA_07466
IND_FUA_07466,Delhi [New Delhi],553,435,4162.0,3.1855664253234863,0.7599999904632568,0.8899999856948853,0.20000000298023224,-0.04800000455975528,0.04800000455975528,4.942998294875413e-05,8,IND_FUA_07466
IND_FUA_07466,Delhi [New Delhi],538,505,1795.0,2.7425103187561035,0.05000000074505806,0.30000001192092896,0.4000000059604645,0.1300000046193599,-0.1300000046193599,-4.8859938946070594e-05,9,IND_FUA_07466
IND_FUA_07466,Delhi [New Delhi],691,571,2079.0,2.8827126026153564,0.17000000178813934,0.8199999928474426,0.6700000166893005,0.1005999821662904,-0.1005999821662904,-4.6310036076467526e-05,10,IND_FUA_07466
IND_FUA_07490,Saharanpur,0,87,7.0,0.0,0.0,0.0,0.0,0.0,0.0,0.0,1,IND_FUA_07490
IND_FUA_07490,Saharanpur,1,85,15.0,0.0,0.0,0.0,0.019999999552965164,0.0,0.0,0.0,2,IND_FUA_07490
IND_FUA_07490,Saharanpur,2,77,2.0,0.0,0.0,0.0,0.0,0.0,0.0,0.0,3,IND_FUA_07490
IND_FUA_07490,Saharanpur,2,86,4.0,0.0,0.0,0.0,0.0,0.0,0.0,0.0,4,IND_FUA_07490
IND_FUA_07490,Saharanpur,3,86,1.0,0.0,0.0,0.0,0.0,0.0,0.0,0.0,5,IND_FUA_07490
IND_FUA_07490,Saharanpur,3,88,7.0,0.0,0.05000000074505806,0.05000000074505806,0.0,0.0,0.0,0.0,6,IND_FUA_07490
IND_FUA_07490,Saharanpur,4,88,2.0,0.0,0.0,0.0,0.0,0.0,0.0,0.0,7,IND_FUA_07490
IND_FUA_07490,Saharanpur,5,80,15.0,0.0,0.05000000074505806,0.05000000074505806,0.0,0.0,0.0,0.0,8,IND_FUA_07490
IND_FUA_07490,Saharanpur,5,82,3.0,0.0,0.0,0.0,0.009999999776482582,0.0,0.0,0.0,9,IND_FUA_07490
IND_FUA_07490,Saharanpur,5,89,9.0,0.0,0.009999999776482582,0.009999999776482582,0.0,0.0,0.0,0.0,10,IND_FUA_07490
IND_FUA_07499,Nashik,140,214,2312.0,5.913363933563232,0.0,0.30000001192092896,0.8399999737739563,0.048000009775162056,-0.048000009775162056,-0.0018055409115626724,1,IND_FUA_07499
IND_FUA_07499,Nashik,115,145,1334.0,3.238835096359253,0.0,0.36000001430511475,0.6899999976158142,0.11160000529289249,-0.11160000529289249,-0.001325108692585724,2,IND_FUA_07499
IND_FUA_07499,Nashik,113,138,707.0,5.192811012268066,0.0,0.8299999833106995,0.8999999761581421,0.08300001811981161,-0.08300001811981161,-0.0008382229559013313,3,IND_FUA_07499
IND_FUA_07499,Nashik,137,206,549.0,7.162391185760498,0.0,0.11999999731779099,0.5899999737739563,0.04920000204741948,-0.04920000204741948,-0.0005324082655023025,4,IND_FUA_07499
IND_FUA_07499,Nashik,142,216,628.0,5.169736385345459,0.0,0.09000000357627869,0.38999998569488525,0.05490000346899038,-0.05490000346899038,-0.0004902942091646238,5,IND_FUA_07499
IND_FUA_07499,Nashik,123,160,894.0,1.8660578727722168,0.10999999940395355,0.38999998569488525,0.5,0.08499999344348907,-0.08499999344348907,-0.00038896282596320405,6,IND_FUA_07499
IND_FUA_07499,Nashik,113,137,334.0,5.192811012268066,0.0,0.5199999809265137,0.8799999952316284,0.06240000019073477,-0.06240000019073477,-0.0002977097151930037,7,IND_FUA_07499
IND_FUA_07499,Nashik,112,141,274.0,5.15147590637207,0.0,0.09000000357627869,0.18000000715255737,0.07380000228881833,-0.07380000228881833,-0.0002865447806931875,8,IND_FUA_07499
IND_FUA_07499,Nashik,140,215,312.0,8.101865768432617,0.0,0.05000000074505806,0.25999999046325684,0.03700000102818013,-0.03700000102818013,-0.0002574237940925556,9,IND_FUA_07499
IND_FUA_07499,Nashik,204,234,387.0,6.284078121185303,0.009999999776482582,0.05999999865889549,0.23000000417232513,0.036199998940527445,-0.036199998940527445,-0.00024223697443362437,10,IND_FUA_07499
IND_FUA_07581,Dehradun,0,101,2.0,0.0,0.0,0.0,0.0,0.0,0.0,0.0,1,IND_FUA_07581
IND_FUA_07581,Dehradun,0,102,77.0,0.0,0.029999999329447746,0.029999999329447746,0.0,0.0,0.0,0.0,2,IND_FUA_07581
IND_FUA_07581,Dehradun,0,104,672.0,0.0,0.20999999344348907,0.20999999344348907,0.0,0.0,0.0,0.0,3,IND_FUA_07581
IND_FUA_07581,Dehradun,0,106,229.0,0.0,0.0,0.0,0.1599999964237213,0.0,0.0,0.0,4,IND_FUA_07581
IND_FUA_07581,Dehradun,0,108,482.0,0.0,0.009999999776482582,0.009999999776482582,0.0,0.0,0.0,0.0,5,IND_FUA_07581
IND_FUA_07581,Dehradun,0,109,1300.0,0.0,0.009999999776482582,0.009999999776482582,0.18000000715255737,-0.001800000031292437,0.001800000031292437,0.0,6,IND_FUA_07581
IND_FUA_07581,Dehradun,0,110,193.0,0.0,0.0,0.009999999776482582,0.18000000715255737,0.008199999745190145,-0.008199999745190145,-0.0,7,IND_FUA_07581
IND_FUA_07581,Dehradun,0,114,1042.0,0.0,0.12999999523162842,0.2800000011920929,0.18000000715255737,0.09960000374317168,-0.09960000374317168,-0.0,8,IND_FUA_07581
IND_FUA_07581,Dehradun,0,115,1490.0,0.0,0.0,0.05000000074505806,0.30000001192092896,0.034999999925494185,-0.034999999925494185,-0.0,9,IND_FUA_07581
IND_FUA_07581,Dehradun,0,127,2.0,0.0,0.0,0.0,0.0,0.0,0.0,0.0,10,IND_FUA_07581
IND_FUA_07601,Kota,27,132,327.0,13.291914939880371,0.0,0.11999999731779099,0.3700000047683716,0.07559999773800374,-0.07559999773800374,-0.000548314308463301,1,IND_FUA_07601
IND_FUA_07601,Kota,85,105,294.0,10.392515182495117,0.019999999552965164,0.20999999344348907,0.4300000071525574,0.09969999520778661,-0.09969999520778661,-0.000508251127257268,2,IND_FUA_07601
IND_FUA_07601,Kota,154,215,2202.0,0.7530680298805237,0.03999999910593033,0.25999999046325684,0.46000000834465027,0.10039999357461937,-0.10039999357461937,-0.000275629785560507,3,IND_FUA_07601
IND_FUA_07601,Kota,126,96,1320.0,1.6757313013076782,0.05000000074505806,0.3100000023841858,0.6000000238418579,0.07399999281764025,-0.07399999281764025,-0.00027224325087309755,4,IND_FUA_07601
IND_FUA_07601,Kota,127,96,762.0,1.7506921291351318,0.07999999821186066,0.23000000417232513,0.4300000071525574,0.051100002521276444,-0.051100002521276444,-0.00011339730871438045,5,IND_FUA_07601
IND_FUA_07601,Kota,135,152,564.0,1.0,0.03999999910593033,0.5,0.6800000071525574,0.11999999731779099,-0.11999999731779099,-0.0001122799348469406,6,IND_FUA_07601
IND_FUA_07601,Kota,119,95,240.0,4.930297374725342,0.019999999552965164,0.09000000357627869,0.18000000715255737,0.05380000273585317,-0.05380000273585317,-0.00010614287636694382,7,IND_FUA_07601
IND_FUA_07601,Kota,101,98,100.0,15.071452140808105,0.0,0.03999999910593033,0.07000000029802322,0.03719999915659428,-0.03719999915659428,-9.356097891762744e-05,8,IND_FUA_07601
IND_FUA_07601,Kota,156,216,1158.0,0.5496105551719666,0.029999999329447746,0.14000000059604645,0.44999998807907104,0.04700000266730786,-0.04700000266730786,-4.936832567480437e-05,9,IND_FUA_07601
IND_FUA_07601,Kota,100,190,627.0,0.7661479711532593,0.019999999552965164,0.12999999523162842,0.41999998688697815,0.055399999386072096,-0.055399999386072096,-4.406494557605414e-05,10,IND_FUA_07601
IND_FUA_07617,Pune,409,341,1310.0,9.84489631652832,0.0,0.1599999964237213,0.41999998688697815,0.09280000002384181,-0.09280000002384181,-0.00034956103878314637,1,IND_FUA_07617
IND_FUA_07617,Pune,244,296,1799.0,3.9885103702545166,0.07000000029802322,0.3799999952316284,0.4000000059604645,0.15799999457597735,-0.15799999457597735,-0.00032948259207584725,2,IND_FUA_07617
IND_FUA_07617,Pune,245,296,1542.0,7.706215858459473,0.07000000029802322,0.1599999964237213,0.1899999976158142,0.05959999718666076,-0.05959999718666076,-0.00020666032917462216,3,IND_FUA_07617
IND_FUA_07617,Pune,465,469,1227.0,5.72035551071167,0.10999999940395355,0.3400000035762787,0.3799999952316284,0.10080000443458559,-0.10080000443458559,-0.00020613979409298604,4,IND_FUA_07617
IND_FUA_07617,Pune,403,384,1320.0,11.725934982299805,0.05000000074505806,0.28999999165534973,0.699999988079071,0.03700000020861616,-0.03700000020861616,-0.00016735973477127703,5,IND_FUA_07617
IND_FUA_07617,Pune,244,295,644.0,8.192085266113281,0.0,0.20000000298023224,0.6000000238418579,0.07999999642372124,-0.07999999642372124,-0.0001231875625722871,6,IND_FUA_07617
IND_FUA_07617,Pune,393,293,574.0,7.0366034507751465,0.10999999940395355,0.2800000011920929,0.27000001072883606,0.09439999846220015,-0.09439999846220015,-0.00011121254143645096,7,IND_FUA_07617
IND_FUA_07617,Pune,467,473,1771.0,2.9074387550354004,0.10999999940395355,0.20000000298023224,0.10000000149011612,0.07000000298023223,-0.07000000298023223,-0.0001044252837324043,8,IND_FUA_07617
IND_FUA_07617,Pune,465,470,517.0,7.212719440460205,0.05999999865889549,0.2800000011920929,0.46000000834465027,0.09119999964833259,-0.09119999964833259,-9.920679106653469e-05,9,IND_FUA_07617
IND_FUA_07617,Pune,365,184,1509.0,1.732273817062378,0.20999999344348907,0.5299999713897705,0.4000000059604645,0.10799998623132723,-0.10799998623132723,-8.115173318082459e-05,10,IND_FUA_07617
IND_FUA_07631,Haridwar,48,214,722.0,2.8172550201416016,0.03999999910593033,0.33000001311302185,0.3700000047683716,0.16790000758171075,-0.16790000758171075,-0.0007732249000834048,1,IND_FUA_07631
IND_FUA_07631,Haridwar,66,211,1837.0,1.0933350324630737,0.07999999821186066,0.41999998688697815,0.4399999976158142,0.1551999954462051,-0.1551999954462051,-0.0006969526276441187,2,IND_FUA_07631
IND_FUA_07631,Haridwar,66,212,1652.0,1.1929047107696533,0.10999999940395355,0.550000011920929,0.5899999737739563,0.11550001990795167,-0.11550001990795167,-0.0005097924761556668,3,IND_FUA_07631
IND_FUA_07631,Haridwar,67,213,1904.0,0.9812567830085754,0.10999999940395355,0.4000000059604645,0.41999998688697815,0.12200000929832466,-0.12200000929832466,-0.000508434610162071,4,IND_FUA_07631
IND_FUA_07631,Haridwar,286,117,1224.0,1.0,0.05000000074505806,0.28999999165534973,0.3100000023841858,0.1500999928057194,-0.1500999928057194,-0.000409991673253175,5,IND_FUA_07631
IND_FUA_07631,Haridwar,53,209,537.0,3.7298145294189453,0.0,0.20999999344348907,0.6200000047683716,0.07979999650716785,-0.07979999650716785,-0.0003625722879563626,6,IND_FUA_07631
IND_FUA_07631,Haridwar,256,151,780.0,1.0,0.0,0.44999998807907104,0.550000011920929,0.20249998927116408,-0.20249998927116408,-0.0003524784373771591,7,IND_FUA_07631
IND_FUA_07631,Haridwar,49,213,897.0,3.7340714931488037,0.14000000059604645,0.20999999344348907,0.14000000059604645,0.040599993640184406,-0.040599993640184406,-0.00030848510420908233,8,IND_FUA_07631
IND_FUA_07631,Haridwar,67,212,1014.0,0.9817619323730469,0.03999999910593033,0.699999988079071,0.7799999713897705,0.1140000182986256,-0.1140000182986256,-0.0002531511090191437,9,IND_FUA_07631
IND_FUA_07631,Haridwar,61,213,999.0,0.7550578117370605,0.009999999776482582,0.7200000286102295,0.7900000214576721,0.14119999078214107,-0.14119999078214107,-0.00023593966991964426,10,IND_FUA_07631
IND_FUA_07643,Meerut,142,116,3182.0,1.4368877410888672,0.09000000357627869,0.44999998807907104,0.5799999833106995,0.0989999989271162,-0.0989999989271162,-0.000324772626785773,1,IND_FUA_07643
IND_FUA_07643,Meerut,127,133,3622.0,0.8659048080444336,0.44999998807907104,0.44999998807907104,0.2199999988079071,-0.09899999684095384,0.09899999684095384,0.00020705350194545066,2,IND_FUA_07643
IND_FUA_07643,Meerut,126,133,2620.0,0.8659048080444336,0.25999999046325684,0.6000000238418579,0.3700000047683716,0.11800002169609058,-0.11800002169609058,-0.000178518131267871,3,IND_FUA_07643
IND_FUA_07643,Meerut,129,134,1286.0,1.1659047603607178,0.0,0.27000001072883606,0.5099999904632568,0.13230000783205043,-0.13230000783205043,-0.00013878508498339746,4,IND_FUA_07643
IND_FUA_07643,Meerut,203,120,3045.0,0.4653894603252411,0.019999999552965164,0.46000000834465027,0.5799999833106995,0.17320001162886633,-0.17320001162886633,-0.0001367518360270235,5,IND_FUA_07643
IND_FUA_07643,Meerut,206,108,1833.0,1.0396292209625244,0.07999999821186066,0.23000000417232513,0.20000000298023224,0.10400000444054602,-0.10400000444054602,-0.0001363819561511391,6,IND_FUA_07643
IND_FUA_07643,Meerut,298,263,1792.0,1.0584694147109985,0.28999999165534973,0.4699999988079071,0.1899999976158142,0.09070000849962234,-0.09070000849962234,-0.00011871268689844559,7,IND_FUA_07643
IND_FUA_07643,Meerut,183,136,1647.0,1.0109132528305054,0.17000000178813934,0.4699999988079071,0.44999998807907104,0.08850000315904616,-0.08850000315904616,-0.00010095459681726952,8,IND_FUA_07643
IND_FUA_07643,Meerut,134,139,1117.0,1.1659047603607178,0.27000001072883606,0.4699999988079071,0.20000000298023224,0.10599998691678048,-0.10599998691678048,-9.658305580076212e-05,9,IND_FUA_07643
IND_FUA_07643,Meerut,135,139,1325.0,1.1659047603607178,0.27000001072883606,0.6700000166893005,0.4699999988079071,0.08509999891519548,-0.08509999891519548,-9.197872603336354e-05,10,IND_FUA_07643
IND_FUA_07839,Indore,153,213,690.0,1.0,0.07999999821186066,0.20000000298023224,0.12999999523162842,0.09400000533461572,-0.09400000533461572,-6.633082469171254e-05,1,IND_FUA_07839
IND_FUA_07839,Indore,157,214,307.0,1.0,0.07000000029802322,0.3499999940395355,0.5,0.10499999672174454,-0.10499999672174454,-3.2965987447369525e-05,2,IND_FUA_07839
IND_FUA_07839,Indore,255,66,645.0,1.0,0.029999999329447746,0.09000000357627869,0.38999998569488525,0.02490000413954263,-0.02490000413954263,-1.642470438802709e-05,3,IND_FUA_07839
IND_FUA_07839,Indore,260,68,692.0,1.0,0.019999999552965164,0.05000000074505806,0.1599999964237213,0.022000001251697543,-0.022000001251697543,-1.5569233352638895e-05,4,IND_FUA_07839
IND_FUA_07839,Indore,152,213,327.0,1.0,0.029999999329447746,0.10000000149011612,0.3799999952316284,0.03200000207126141,-0.03200000207126141,-1.0701291321459931e-05,5,IND_FUA_07839
IND_FUA_07839,Indore,192,177,1110.0,1.0,0.0,0.03999999910593033,0.7799999713897705,0.008800000947713826,-0.008800000947713826,-9.989508612333443e-06,6,IND_FUA_07839
IND_FUA_07839,Indore,168,134,312.0,1.0,0.05999999865889549,0.10000000149011612,0.12999999523162842,0.027000003114342697,-0.027000003114342697,-8.615030834783362e-06,7,IND_FUA_07839
IND_FUA_07839,Indore,159,132,90.0,1.0,0.0,0.12999999523162842,0.4099999964237213,0.07669999765157698,-0.07669999765157698,-7.0595381258401085e-06,8,IND_FUA_07839
IND_FUA_07839,Indore,169,133,72.0,1.0,0.0,0.12999999523162842,0.46000000834465027,0.07019999634027485,-0.07019999634027485,-5.169017635168776e-06,9,IND_FUA_07839
IND_FUA_07839,Indore,169,134,304.0,1.0,0.019999999552965164,0.8700000047683716,0.9599999785423279,0.014800019305944545,-0.014800019305944545,-4.601233715886917e-06,10,IND_FUA_07839
IND_FUA_07881,Kolhapur,142,79,832.0,2.2333638668060303,0.03999999910593033,0.14000000059604645,0.30000001192092896,0.057999999642372124,-0.057999999642372124,-0.002628609727145961,1,IND_FUA_07881
IND_FUA_07881,Kolhapur,146,128,1536.0,1.3120986223220825,0.03999999910593033,0.14000000059604645,0.3499999940395355,0.05100000211596489,-0.05100000211596489,-0.0024865876352252363,2,IND_FUA_07881
IND_FUA_07881,Kolhapur,158,75,1236.0,1.2586174011230469,0.15000000596046448,0.23000000417232513,0.20000000298023224,0.0339999966919422,-0.0339999966919422,-0.0012784999480962493,3,IND_FUA_07881
IND_FUA_07881,Kolhapur,158,110,517.0,0.9243417978286743,0.009999999776482582,0.30000001192092896,0.6899999976158142,0.08300000463426116,-0.08300000463426116,-0.000951585607019346,4,IND_FUA_07881
IND_FUA_07881,Kolhapur,148,127,501.0,1.3578622341156006,0.0,0.029999999329447746,0.10999999940395355,0.026699999421089887,-0.026699999421089887,-0.00043971454864686623,5,IND_FUA_07881
IND_FUA_07881,Kolhapur,158,111,232.0,2.2243266105651855,0.09000000357627869,0.12999999523162842,0.14000000059604645,0.021799992245435718,-0.021799992245435718,-0.00027437073786806403,6,IND_FUA_07881
IND_FUA_07881,Kolhapur,155,77,177.0,1.3585187196731567,0.0,0.2199999988079071,0.7900000214576721,0.04619999502897265,-0.04619999502897265,-0.0002689372690105407,7,IND_FUA_07881
IND_FUA_07881,Kolhapur,154,55,642.0,1.213219404220581,0.0,0.019999999552965164,0.3400000035762787,0.013199999633431436,-0.013199999633431436,-0.00024832556583698684,8,IND_FUA_07881
IND_FUA_07881,Kolhapur,144,128,552.0,0.8927465677261353,0.019999999552965164,0.03999999910593033,0.1599999964237213,0.013599999839067456,-0.013599999839067456,-0.0001606260993135765,9,IND_FUA_07881
IND_FUA_07881,Kolhapur,141,34,303.0,1.373318076133728,0.009999999776482582,0.029999999329447746,0.1599999964237213,0.015199999767541883,-0.015199999767541883,-0.00015315004021872937,10,IND_FUA_07881
IND_FUA_07895,Aligarh,113,93,2104.0,1.4130016565322876,0.0,0.23000000417232513,0.49000000953674316,0.11729999993443485,-0.11729999993443485,-0.0004053899206639508,1,IND_FUA_07895
IND_FUA_07895,Aligarh,112,93,1334.0,1.6130578517913818,0.09000000357627869,0.5299999713897705,0.5600000023841858,0.14319998257160194,-0.14319998257160194,-0.0003661084052942212,2,IND_FUA_07895
IND_FUA_07895,Aligarh,127,84,1992.0,2.4279403686523438,0.27000001072883606,0.4000000059604645,0.18000000715255737,0.05799999129772182,-0.05799999129772182,-0.00035033457077530825,3,IND_FUA_07895
IND_FUA_07895,Aligarh,113,91,1792.0,1.7204421758651733,0.15000000596046448,0.3400000035762787,0.3400000035762787,0.07439999518394469,-0.07439999518394469,-0.00027512116739938106,4,IND_FUA_07895
IND_FUA_07895,Aligarh,50,71,3962.0,0.8266734480857849,0.5299999713897705,0.5699999928474426,0.20000000298023224,-0.07399997881054876,0.07399997881054876,0.0002462142891841986,5,IND_FUA_07895
IND_FUA_07895,Aligarh,143,175,2222.0,1.8092041015625,0.25999999046325684,0.3400000035762787,0.10999999940395355,0.04260001292228699,-0.04260001292228699,-0.00020683311924311835,6,IND_FUA_07895
IND_FUA_07895,Aligarh,58,26,2887.0,0.7964370846748352,0.25999999046325684,0.5299999713897705,0.3499999940395355,0.08449999409914,-0.08449999409914,-0.00019476677927939484,7,IND_FUA_07895
IND_FUA_07895,Aligarh,117,102,2002.0,0.9573094844818115,0.1599999964237213,0.6200000047683716,0.5899999737739563,0.09420002179145825,-0.09420002179145825,-0.0001921058961686737,8,IND_FUA_07895
IND_FUA_07895,Aligarh,121,64,657.0,1.537333369255066,0.10999999940395355,0.41999998688697815,0.3700000047683716,0.15459999033212668,-0.15459999033212668,-0.0001841327551768622,9,IND_FUA_07895
IND_FUA_07895,Aligarh,113,89,1252.0,1.9225561618804932,0.05999999865889549,0.14000000059604645,0.12999999523162842,0.06180000252723694,-0.06180000252723694,-0.0001810757100944664,10,IND_FUA_07895
IND_FUA_07933,Moradabad,101,240,824.0,4.0363450050354,0.0,0.2199999988079071,0.46000000834465027,0.11879999752044679,-0.11879999752044679,-0.0006905895870902053,1,IND_FUA_07933
IND_FUA_07933,Moradabad,95,185,2260.0,2.1732211112976074,0.33000001311302185,0.5,0.20000000298023224,0.06999998539686203,-0.06999998539686203,-0.0005694027398413397,2,IND_FUA_07933
IND_FUA_07933,Moradabad,110,189,1651.0,1.8732211589813232,0.009999999776482582,0.2199999988079071,0.4699999988079071,0.10659999985396862,-0.10659999985396862,-0.0005355348895987447,3,IND_FUA_07933
IND_FUA_07933,Moradabad,94,185,2646.0,1.6732211112976074,0.25,0.3799999952316284,0.17000000178813934,0.06539999536275865,-0.06539999536275865,-0.00046237570418129975,4,IND_FUA_07933
IND_FUA_07933,Moradabad,93,194,2850.0,1.1729915142059326,0.23000000417232513,0.5099999904632568,0.3700000047683716,0.09129998738765721,-0.09129998738765721,-0.0004538504962321004,5,IND_FUA_07933
IND_FUA_07933,Moradabad,108,173,2422.0,1.0129966735839844,0.10000000149011612,0.38999998569488525,0.41999998688697815,0.12619999532699566,-0.12619999532699566,-0.0004424292545245271,6,IND_FUA_07933
IND_FUA_07933,Moradabad,110,188,959.0,1.9733707904815674,0.009999999776482582,0.2800000011920929,0.5199999809265137,0.1244000061362982,-0.1244000061362982,-0.00038517203882499,7,IND_FUA_07933
IND_FUA_07933,Moradabad,97,195,1672.0,1.7729915380477905,0.10000000149011612,0.25999999046325684,0.33000001311302185,0.0741999887108804,-0.0741999887108804,-0.00035444396610752354,8,IND_FUA_07933
IND_FUA_07933,Moradabad,104,252,1363.0,1.8704540729522705,0.019999999552965164,0.2800000011920929,0.6600000262260437,0.07519999350905415,-0.07519999350905415,-0.00031136090331737847,9,IND_FUA_07933
IND_FUA_07933,Moradabad,129,201,1067.0,1.5285271406173706,0.009999999776482582,0.28999999165534973,0.6000000238418579,0.10599998997151872,-0.10599998997151872,-0.0002718509046206789,10,IND_FUA_07933
IND_FUA_07957,Agra,107,230,467.0,10.833513259887695,0.019999999552965164,0.4699999988079071,0.5,0.2149999998509884,-0.2149999998509884,-0.0017041619136505051,1,IND_FUA_07957
IND_FUA_07957,Agra,86,190,1064.0,6.470013618469238,0.03999999910593033,0.5899999737739563,0.75,0.10749999433755875,-0.10749999433755875,-0.0011527796116098134,2,IND_FUA_07957
IND_FUA_07957,Agra,58,196,1979.0,3.7913553714752197,0.11999999731779099,0.3100000023841858,0.30000001192092896,0.09700000065565106,-0.09700000065565106,-0.0011222543734879457,3,IND_FUA_07957
IND_FUA_07957,Agra,132,232,679.0,10.390542030334473,0.009999999776482582,0.33000001311302185,0.7300000190734863,0.07909999746978258,-0.07909999746978258,-0.0008740038362995781,4,IND_FUA_07957
IND_FUA_07957,Agra,73,171,2242.0,3.0536751747131348,0.27000001072883606,0.4300000071525574,0.1899999976158142,0.07829999608993532,-0.07829999608993532,-0.0008216831971798979,5,IND_FUA_07957
IND_FUA_07957,Agra,57,194,1107.0,3.0730526447296143,0.15000000596046448,0.47999998927116394,0.3700000047683716,0.1523999849915505,-0.1523999849915505,-0.0007948242500738271,6,IND_FUA_07957
IND_FUA_07957,Agra,85,213,1127.0,3.646510124206543,0.0,0.27000001072883606,0.6000000238418579,0.10799999785423253,-0.10799999785423253,-0.0006837206948054236,7,IND_FUA_07957
IND_FUA_07957,Agra,58,193,1037.0,5.595612049102783,0.07000000029802322,0.14000000059604645,0.10999999940395355,0.05460000031590462,-0.05460000031590462,-0.0004924227358724823,8,IND_FUA_07957
IND_FUA_07957,Agra,87,190,542.0,6.471482753753662,0.0,0.41999998688697815,0.7900000214576721,0.0881999882340434,-0.0881999882340434,-0.0004819078990257808,9,IND_FUA_07957
IND_FUA_07957,Agra,76,186,810.0,4.556486129760742,0.0,0.1899999976158142,0.6200000047683716,0.07219999818801881,-0.07219999818801881,-0.00041259725023869116,10,IND_FUA_07957
IND_FUA_07961,Aurangabad,0,124,82.0,0.0,0.23999999463558197,0.23999999463558197,0.0,0.0,0.0,0.0,1,IND_FUA_07961
IND_FUA_07961,Aurangabad,0,125,23.0,0.0,0.0,0.0,0.0,0.0,0.0,0.0,2,IND_FUA_07961
IND_FUA_07961,Aurangabad,0,134,16.0,0.0,0.0,0.0,0.0,0.0,0.0,0.0,3,IND_FUA_07961
IND_FUA_07961,Aurangabad,0,135,355.0,0.0,0.05000000074505806,0.05000000074505806,0.0,0.0,0.0,0.0,4,IND_FUA_07961
IND_FUA_07961,Aurangabad,0,136,10.0,0.0,0.029999999329447746,0.029999999329447746,0.0,0.0,0.0,0.0,5,IND_FUA_07961
IND_FUA_07961,Aurangabad,0,137,14.0,0.0,0.0,0.0,0.0,0.0,0.0,0.0,6,IND_FUA_07961
IND_FUA_07961,Aurangabad,0,138,32.0,0.0,0.09000000357627869,0.09000000357627869,0.0,0.0,0.0,0.0,7,IND_FUA_07961
IND_FUA_07961,Aurangabad,0,139,64.0,0.0,0.09000000357627869,0.09000000357627869,0.0,0.0,0.0,0.0,8,IND_FUA_07961
IND_FUA_07961,Aurangabad,1,126,5.0,0.0,0.029999999329447746,0.029999999329447746,0.0,0.0,0.0,0.0,9,IND_FUA_07961
IND_FUA_07961,Aurangabad,1,134,7.0,0.0,0.009999999776482582,0.009999999776482582,0.0,0.0,0.0,0.0,10,IND_FUA_07961
IND_FUA_07996,Sangli,74,22,1357.0,8.474336624145508,0.09000000357627869,0.1599999964237213,0.11999999731779099,0.0507999937057495,-0.0507999937057495,-0.005206983826090537,1,IND_FUA_07996
IND_FUA_07996,Sangli,99,35,1899.0,1.8698962926864624,0.07000000029802322,0.25999999046325684,0.28999999165534973,0.11459999510049812,-0.11459999510049812,-0.0032556530774716583,2,IND_FUA_07996
IND_FUA_07996,Sangli,73,25,860.0,4.5007805824279785,0.029999999329447746,0.14000000059604645,0.30000001192092896,0.0679999994188547,-0.0679999994188547,-0.002285963109182115,3,IND_FUA_07996
IND_FUA_07996,Sangli,78,23,970.0,11.197578430175781,0.10000000149011612,0.10000000149011612,0.07000000029802322,-0.007000000134110451,0.007000000134110451,0.0006824688960186985,4,IND_FUA_07996
IND_FUA_07996,Sangli,107,51,2351.0,0.0,0.009999999776482582,0.3199999928474426,0.6100000143051147,0.11479999285638343,-0.11479999285638343,0.0005911476494842457,5,IND_FUA_07996
IND_FUA_07996,Sangli,126,43,891.0,1.458056092262268,0.03999999910593033,0.10000000149011612,0.05999999865889549,0.05400000242888928,-0.05400000242888928,-0.0005380400303033,6,IND_FUA_07996
IND_FUA_07996,Sangli,105,11,401.0,8.458986282348633,0.07999999821186066,0.07999999821186066,0.20999999344348907,-0.016799999099969876,0.016799999099969876,0.0005079092349106774,7,IND_FUA_07996
IND_FUA_07996,Sangli,122,38,982.0,1.3334354162216187,0.3199999928474426,0.5,0.25999999046325684,0.050000011920928955,-0.050000011920928955,-0.0004929455016314224,8,IND_FUA_07996
IND_FUA_07996,Sangli,92,21,1241.0,3.4124369621276855,0.12999999523162842,0.2199999988079071,0.3499999940395355,0.013000005304813378,-0.013000005304813378,-0.0004695941111136168,9,IND_FUA_07996
IND_FUA_07996,Sangli,101,32,797.0,0.5877737998962402,0.3499999940395355,0.38999998569488525,0.5600000023841858,-0.17840000126361844,0.17840000126361844,0.0004550786004374633,10,IND_FUA_07996
IND_FUA_08144,Gwalior,0,2,7.0,0.0,0.009999999776482582,0.009999999776482582,0.0,0.0,0.0,0.0,1,IND_FUA_08144
IND_FUA_08144,Gwalior,0,3,4287.0,0.0,0.47999998927116394,0.47999998927116394,0.0,0.0,0.0,0.0,2,IND_FUA_08144
IND_FUA_08144,Gwalior,0,4,7.0,0.0,0.0,0.0,0.0,0.0,0.0,0.0,3,IND_FUA_08144
IND_FUA_08144,Gwalior,0,18,1002.0,0.0,0.2800000011920929,0.800000011920929,0.6700000166893005,-0.01600001060962697,0.01600001060962697,0.0,4,IND_FUA_08144
IND_FUA_08144,Gwalior,0,45,2.0,0.0,0.009999999776482582,0.009999999776482582,0.0,0.0,0.0,0.0,5,IND_FUA_08144
IND_FUA_08144,Gwalior,0,126,5.0,0.0,0.0,0.0,0.0,0.0,0.0,0.0,6,IND_FUA_08144
IND_FUA_08144,Gwalior,0,127,7.0,0.0,0.0,0.0,0.0,0.0,0.0,0.0,7,IND_FUA_08144
IND_FUA_08144,Gwalior,1,2,1.0,0.0,0.0,0.0,0.0,0.0,0.0,0.0,8,IND_FUA_08144
IND_FUA_08144,Gwalior,1,3,7.0,0.0,0.0,0.0,0.0,0.0,0.0,0.0,9,IND_FUA_08144
IND_FUA_08144,Gwalior,1,8,157.0,0.0,0.0,0.0,0.0,0.0,0.0,0.0,10,IND_FUA_08144
IND_FUA_08224,Bareilly,198,187,2255.0,0.8249728083610535,0.18000000715255737,0.36000001430511475,0.25,0.09000000357627869,-0.09000000357627869,-0.00018528365503206186,1,IND_FUA_08224
IND_FUA_08224,Bareilly,227,203,1080.0,0.90606290102005,0.019999999552965164,0.3199999928474426,0.49000000953674316,0.14319999374747283,-0.14319999374747283,-0.00015655789428774584,2,IND_FUA_08224
IND_FUA_08224,Bareilly,212,272,780.0,1.0,0.05000000074505806,0.4399999976158142,0.5699999928474426,0.13920000137686728,-0.13920000137686728,-0.00012240665412488455,3,IND_FUA_08224
IND_FUA_08224,Bareilly,86,207,3222.0,1.2151241302490234,0.4300000071525574,0.550000011920929,0.17000000178813934,0.026500001758337,-0.026500001758337,-0.00011876229567009739,4,IND_FUA_08224
IND_FUA_08224,Bareilly,157,237,1072.0,1.1792958974838257,0.1599999964237213,0.6200000047683716,0.6100000143051147,0.08179999656677239,-0.08179999656677239,-0.00011812156564280122,5,IND_FUA_08224
IND_FUA_08224,Bareilly,236,207,2105.0,0.43549829721450806,0.0,0.23000000417232513,0.6200000047683716,0.08740000048875807,-0.08740000048875807,-8.017673041347494e-05,6,IND_FUA_08224
IND_FUA_08224,Bareilly,169,172,1667.0,0.43088945746421814,0.17000000178813934,0.41999998688697815,0.3499999940395355,0.10299999219179146,-0.10299999219179146,-7.38573807071877e-05,7,IND_FUA_08224
IND_FUA_08224,Bareilly,41,38,2842.0,0.37378910183906555,0.38999998569488525,0.5400000214576721,0.15000000596046448,0.0690000293254851,-0.0690000293254851,-7.063377427178139e-05,8,IND_FUA_08224
IND_FUA_08224,Bareilly,192,189,611.0,1.3249472379684448,0.03999999910593033,0.11999999731779099,0.10000000149011612,0.06799999830126763,-0.06799999830126763,-6.338076323351619e-05,9,IND_FUA_08224
IND_FUA_08224,Bareilly,160,162,2773.0,0.9937840104103088,0.20000000298023224,0.27000001072883606,0.1899999976158142,0.01870000635385516,-0.01870000635385516,-5.8065642767457885e-05,10,IND_FUA_08224
IND_FUA_08258,Bhopal,128,140,299.0,1.0,0.019999999552965164,0.3799999952316284,0.6200000047683716,0.12439999682307246,-0.12439999682307246,-4.7238026504581953e-05,1,IND_FUA_08258
IND_FUA_08258,Bhopal,155,138,1707.0,1.0,0.23000000417232513,0.23000000417232513,0.03999999910593033,-0.009199999961256977,0.009199999961256977,1.9944425664856533e-05,2,IND_FUA_08258
IND_FUA_08258,Bhopal,146,149,422.0,1.0,0.09000000357627869,0.10999999940395355,0.41999998688697815,-0.02620000247955323,0.02620000247955323,1.4041515098878273e-05,3,IND_FUA_08258
IND_FUA_08258,Bhopal,143,151,125.0,1.0,0.0,0.12999999523162842,0.4099999964237213,0.07669999765157698,-0.07669999765157698,-1.2176025573235644e-05,4,IND_FUA_08258
IND_FUA_08258,Bhopal,129,141,352.0,1.0,0.07000000029802322,0.09000000357627869,0.03999999910593033,0.01640000321567059,-0.01640000321567059,-7.331397795417616e-06,5,IND_FUA_08258
IND_FUA_08258,Bhopal,144,165,842.0,1.0,0.17000000178813934,0.2800000011920929,0.4000000059604645,-0.0020000027418136668,0.0020000027418136668,2.138665533538402e-06,6,IND_FUA_08258
IND_FUA_08258,Bhopal,235,245,3144.0,0.0,0.12999999523162842,0.5,0.4300000071525574,0.1550000011920929,-0.1550000011920929,1.4771872649473667e-06,7,IND_FUA_08258
IND_FUA_08258,Bhopal,137,257,2169.0,0.0,0.0,0.3400000035762787,0.5,0.17000000178813934,-0.17000000178813934,1.1177116919973708e-06,8,IND_FUA_08258
IND_FUA_08258,Bhopal,108,25,1974.0,0.0,0.07000000029802322,0.3499999940395355,0.3100000023841858,0.17149999475479127,-0.17149999475479127,1.0262013353064645e-06,9,IND_FUA_08258
IND_FUA_08258,Bhopal,233,202,3722.0,0.0,0.5,0.6000000238418579,0.30000001192092896,-0.07999999046325712,0.07999999046325712,-9.025839780719385e-07,10,IND_FUA_08258
IND_FUA_08319,Mangaluru,210,65,5877.0,3.2123825550079346,0.47999998927116394,0.6800000071525574,0.20000000298023224,0.06400001442432401,-0.06400001442432401,-0.005626194431188748,1,IND_FUA_08319
IND_FUA_08319,Mangaluru,211,65,2797.0,3.012382745742798,0.12999999523162842,0.38999998569488525,0.3400000035762787,0.1273999939322472,-0.1273999939322472,-0.004950064646815666,2,IND_FUA_08319
IND_FUA_08319,Mangaluru,209,65,2859.0,2.6123247146606445,0.36000001430511475,0.6700000166893005,0.3100000023841858,0.1022999956130981,-0.1022999956130981,-0.003438870448166045,3,IND_FUA_08319
IND_FUA_08319,Mangaluru,212,66,3472.0,3.012382745742798,0.49000000953674316,0.6899999976158142,0.20000000298023224,0.061999986499547965,-0.061999986499547965,-0.002990338198348496,4,IND_FUA_08319
IND_FUA_08319,Mangaluru,212,65,1727.0,3.112382650375366,0.019999999552965164,0.27000001072883606,0.49000000953674316,0.11770000334382047,-0.11770000334382047,-0.002932107309077715,5,IND_FUA_08319
IND_FUA_08319,Mangaluru,211,66,1607.0,2.112438678741455,0.23999999463558197,0.7900000214576721,0.5600000023841858,0.10760001292228694,-0.10760001292228694,-0.0015720706492958394,6,IND_FUA_08319
IND_FUA_08319,Mangaluru,233,88,5095.0,3.91420578956604,0.5,0.5,0.029999999329447746,-0.014999999664723873,0.014999999664723873,0.0014292497259687468,7,IND_FUA_08319
IND_FUA_08319,Mangaluru,219,190,1091.0,5.924229621887207,0.019999999552965164,0.11999999731779099,0.4699999988079071,0.0435999991685152,-0.0435999991685152,-0.0013995211580889138,8,IND_FUA_08319
IND_FUA_08319,Mangaluru,206,82,1718.0,2.11464786529541,0.07999999821186066,0.25999999046325684,0.41999998688697815,0.07079999966621386,-0.07079999966621386,-0.0011072934900057045,9,IND_FUA_08319
IND_FUA_08319,Mangaluru,232,89,519.0,6.214205741882324,0.1899999976158142,0.6700000166893005,0.6200000047683716,0.06460000553131096,-0.06460000553131096,-0.0010382870037446703,10,IND_FUA_08319
IND_FUA_08341,Solapur,84,96,312.0,1.0,0.029999999329447746,0.5,0.6700000166893005,0.13499999232590199,-0.13499999232590199,-0.0003034935362523794,1,IND_FUA_08341
IND_FUA_08341,Solapur,86,51,92.0,1.0,0.07000000029802322,0.20000000298023224,0.15000000596046448,0.10000000104308127,-0.10000000104308127,-6.629014058323603e-05,2,IND_FUA_08341
IND_FUA_08341,Solapur,84,95,72.0,1.0,0.009999999776482582,0.75,0.949999988079071,0.027500009164214134,-0.027500009164214134,-1.4266795731032947e-05,3,IND_FUA_08341
IND_FUA_08341,Solapur,83,96,70.0,1.0,0.009999999776482582,0.029999999329447746,0.05000000074505806,0.018499999564141036,-0.018499999564141036,-9.331057514927096e-06,4,IND_FUA_08341
IND_FUA_08341,Solapur,107,183,2169.0,0.0,0.029999999329447746,0.23999999463558197,0.28999999165534973,0.14039999886453147,-0.14039999886453147,3.694322409068469e-06,5,IND_FUA_08341
IND_FUA_08341,Solapur,24,21,2422.0,0.0,0.49000000953674316,0.6499999761581421,0.4000000059604645,-0.10000002771615968,0.10000002771615968,-2.9382070548191893e-06,6,IND_FUA_08341
IND_FUA_08341,Solapur,53,59,1914.0,0.0,0.1899999976158142,0.5899999737739563,0.4699999988079071,0.1226999891877174,-0.1226999891877174,2.8490140822183077e-06,7,IND_FUA_08341
IND_FUA_08341,Solapur,112,98,75.0,1.0,0.0,0.009999999776482582,0.5099999904632568,0.004899999985843895,-0.004899999985843895,-2.648002863026838e-06,8,IND_FUA_08341
IND_FUA_08341,Solapur,165,87,1583.0,0.0,0.0,0.25,0.4699999988079071,0.13250000029802322,-0.13250000029802322,2.5445145120037457e-06,9,IND_FUA_08341
IND_FUA_08341,Solapur,57,145,2082.0,0.0,0.14000000059604645,0.4000000059604645,0.41999998688697815,0.09200000810623177,-0.09200000810623177,2.323682187083115e-06,10,IND_FUA_08341
IND_FUA_08419,Farrukhabad,42,70,432.0,2.868772029876709,0.05000000074505806,0.33000001311302185,0.38999998569488525,0.15130001197457332,-0.15130001197457332,-0.0003976375438336898,1,IND_FUA_08419
IND_FUA_08419,Farrukhabad,41,69,885.0,0.9877262115478516,0.14000000059604645,0.3799999952316284,0.3700000047683716,0.09939999458789828,-0.09939999458789828,-0.0001751164946031068,2,IND_FUA_08419
IND_FUA_08419,Farrukhabad,25,24,1464.0,0.9761853814125061,0.20000000298023224,0.25,0.05000000074505806,0.037499996833503246,-0.037499996833503246,-0.00010790866781456726,3,IND_FUA_08419
IND_FUA_08419,Farrukhabad,1,83,477.0,1.4033129215240479,0.1599999964237213,0.25999999046325684,0.12999999523162842,0.0661999965190887,-0.0661999965190887,-9.141475770919584e-05,4,IND_FUA_08419
IND_FUA_08419,Farrukhabad,41,35,2920.0,0.0,0.0,0.6499999761581421,0.7799999713897705,0.14300001335143975,-0.14300001335143975,6.620256769280058e-05,5,IND_FUA_08419
IND_FUA_08419,Farrukhabad,32,36,3992.0,0.0,0.3100000023841858,0.5299999713897705,0.2199999988079071,0.1033999759316444,-0.1033999759316444,6.544355379239015e-05,6,IND_FUA_08419
IND_FUA_08419,Farrukhabad,28,80,895.0,0.6200935244560242,0.18000000715255737,0.33000001311302185,0.27000001072883606,0.06089999887943254,-0.06089999887943254,-6.49010192582078e-05,7,IND_FUA_08419
IND_FUA_08419,Farrukhabad,32,20,400.0,1.8769676685333252,0.0,0.05999999865889549,0.33000001311302185,0.04019999831467869,-0.04019999831467869,-6.3123241460507e-05,8,IND_FUA_08419
IND_FUA_08419,Farrukhabad,24,23,232.0,1.476780652999878,0.09000000357627869,0.33000001311302185,0.46000000834465027,0.08820000075101841,-0.08820000075101841,-6.250858435495974e-05,9,IND_FUA_08419
IND_FUA_08419,Farrukhabad,31,20,668.0,1.8769676685333252,0.009999999776482582,0.03999999910593033,0.20000000298023224,0.021999999389052394,-0.021999999389052394,-5.7690246867713695e-05,10,IND_FUA_08419
IND_FUA_08433,Shahjahanpur,83,80,1444.0,4.382986545562744,0.25,0.6000000238418579,0.4000000059604645,0.11000001072883592,-0.11000001072883592,-0.0007896729635444362,1,IND_FUA_08433
IND_FUA_08433,Shahjahanpur,109,46,1476.0,1.4002805948257446,0.3100000023841858,0.4000000059604645,0.550000011920929,-0.13000000447034843,0.13000000447034843,0.00027942926581604565,2,IND_FUA_08433
IND_FUA_08433,Shahjahanpur,120,40,3220.0,1.0561343431472778,0.25,0.46000000834465027,0.30000001192092896,0.07200000035762777,-0.07200000035762777,-0.00024359010148183787,3,IND_FUA_08433
IND_FUA_08433,Shahjahanpur,105,44,1684.0,1.3247636556625366,0.019999999552965164,0.2199999988079071,0.4399999976158142,0.10320000030398369,-0.10320000030398369,-0.00023761645736942408,4,IND_FUA_08433
IND_FUA_08433,Shahjahanpur,116,38,2167.0,0.8302397727966309,0.029999999329447746,0.5099999904632568,0.6700000166893005,0.1382999890118839,-0.1382999890118839,-0.00023509866257978812,5,IND_FUA_08433
IND_FUA_08433,Shahjahanpur,90,62,2200.0,0.994540810585022,0.0,0.4699999988079071,0.7900000214576721,0.09869998966455462,-0.09869998966455462,-0.00021238281093673617,6,IND_FUA_08433
IND_FUA_08433,Shahjahanpur,102,40,1959.0,1.0688588619232178,0.3400000035762787,0.5699999928474426,0.23999999463558197,0.09319999404549595,-0.09319999404549595,-0.00019457024321200615,7,IND_FUA_08433
IND_FUA_08433,Shahjahanpur,102,98,362.0,3.6284337043762207,0.009999999776482582,0.17000000178813934,0.23999999463558197,0.1192000024944544,-0.1192000024944544,-0.0001761498953134414,8,IND_FUA_08433
IND_FUA_08433,Shahjahanpur,120,39,2692.0,0.9593877196311951,0.30000001192092896,0.5699999928474426,0.36000001430511475,0.06479997534751902,-0.06479997534751902,-0.0001633928436131391,9,IND_FUA_08433
IND_FUA_08433,Shahjahanpur,87,65,2614.0,1.2552874088287354,0.05999999865889549,0.3499999940395355,0.6899999976158142,0.04850000032782553,-0.04850000032782553,-0.00016296060027684638,10,IND_FUA_08433
IND_FUA_08497,Kannur,378,268,865.0,3.951054334640503,0.07000000029802322,0.3700000047683716,0.4000000059604645,0.15200000035762784,-0.15200000035762784,-0.0038490257578644924,1,IND_FUA_08497
IND_FUA_08497,Kannur,382,287,924.0,0.9565816521644592,0.05999999865889549,0.33000001311302185,0.30000001192092896,0.1710000065863131,-0.1710000065863131,-0.0010314491067355722,2,IND_FUA_08497
IND_FUA_08497,Kannur,262,179,442.0,3.051846981048584,0.0,0.41999998688697815,0.8299999833106995,0.07140000478029229,-0.07140000478029229,-0.0007083073411205549,3,IND_FUA_08497
IND_FUA_08497,Kannur,275,188,495.0,1.9516597986221313,0.10999999940395355,0.28999999165534973,0.30000001192092896,0.09299999129772196,-0.09299999129772196,-0.000648486105972132,4,IND_FUA_08497
IND_FUA_08497,Kannur,364,283,1709.0,2.0514626502990723,0.3700000047683716,0.44999998807907104,0.12999999523162842,0.021499987006187382,-0.021499987006187382,-0.0005454543438648952,5,IND_FUA_08497
IND_FUA_08497,Kannur,170,67,992.0,1.0,0.07000000029802322,0.27000001072883606,0.49000000953674316,0.06770000259876241,-0.06770000259876241,-0.0004605594230603748,6,IND_FUA_08497
IND_FUA_08497,Kannur,378,266,454.0,4.251054286956787,0.019999999552965164,0.5199999809265137,0.8999999761581421,0.03200001093745186,-0.03200001093745186,-0.0004584089714326272,7,IND_FUA_08497
IND_FUA_08497,Kannur,170,77,1207.0,1.0,0.09000000357627869,0.1599999964237213,0.10999999940395355,0.05239999333620071,-0.05239999333620071,-0.00043373434888093783,8,IND_FUA_08497
IND_FUA_08497,Kannur,376,283,261.0,3.8514626026153564,0.0,0.05999999865889549,0.10000000149011612,0.05399999870359898,-0.05399999870359898,-0.0004019339701085218,9,IND_FUA_08497
IND_FUA_08497,Kannur,386,356,436.0,2.6516497135162354,0.0,0.07999999821186066,0.4099999964237213,0.047199999231100076,-0.047199999231100076,-0.0003993202582172232,10,IND_FUA_08497
IND_FUA_08587,Hardoi,0,0,1815.0,0.0,0.20000000298023224,0.5799999833106995,0.5400000214576721,0.06679997689724004,-0.06679997689724004,-0.0,1,IND_FUA_08587
IND_FUA_08587,Hardoi,0,1,537.0,0.0,0.07000000029802322,0.33000001311302185,0.4000000059604645,0.12800000560283653,-0.12800000560283653,-0.0,2,IND_FUA_08587
IND_FUA_08587,Hardoi,1,0,64.0,0.0,0.0,0.0,0.15000000596046448,0.0,0.0,0.0,3,IND_FUA_08587
IND_FUA_08587,Hardoi,1,1,1517.0,0.0,0.20000000298023224,0.20000000298023224,0.0,0.0,0.0,0.0,4,IND_FUA_08587
IND_FUA_08587,Hardoi,1,16,4.0,0.0,0.05000000074505806,0.05000000074505806,0.0,0.0,0.0,0.0,5,IND_FUA_08587
IND_FUA_08587,Hardoi,1,17,492.0,0.0,0.12999999523162842,0.12999999523162842,0.0,0.0,0.0,0.0,6,IND_FUA_08587
IND_FUA_08587,Hardoi,1,18,510.0,0.0,0.07999999821186066,0.07999999821186066,0.0,0.0,0.0,0.0,7,IND_FUA_08587
IND_FUA_08587,Hardoi,2,0,62.0,0.0,0.0,0.0,0.14000000059604645,0.0,0.0,0.0,8,IND_FUA_08587
IND_FUA_08587,Hardoi,2,2,7.0,0.0,0.0,0.0,0.0,0.0,0.0,0.0,9,IND_FUA_08587
IND_FUA_08587,Hardoi,2,15,2.0,0.0,0.009999999776482582,0.009999999776482582,0.0,0.0,0.0,0.0,10,IND_FUA_08587
IND_FUA_08595,Thalassery,182,53,267.0,3.1844098567962646,0.0,0.009999999776482582,0.15000000596046448,0.008499999750405551,-0.008499999750405551,-0.00014339521488827763,1,IND_FUA_08595
IND_FUA_08595,Thalassery,182,88,1239.0,0.0,0.05000000074505806,0.6399999856948853,0.699999988079071,0.14200000259280188,-0.14200000259280188,3.343150895640852e-05,2,IND_FUA_08595
IND_FUA_08595,Thalassery,207,67,980.0,0.0,0.0,0.30000001192092896,0.4699999988079071,0.15900000667572023,-0.15900000667572023,2.9608713576293593e-05,3,IND_FUA_08595
IND_FUA_08595,Thalassery,226,89,985.0,0.0,0.03999999910593033,0.5099999904632568,0.6299999952316284,0.14869999979734416,-0.14869999979734416,2.7831942530934826e-05,4,IND_FUA_08595
IND_FUA_08595,Thalassery,333,229,1024.0,0.0,0.029999999329447746,0.27000001072883606,0.38999998569488525,0.13470001107752338,-0.13470001107752338,2.6209812170255483e-05,5,IND_FUA_08595
IND_FUA_08595,Thalassery,177,74,1711.0,0.0,0.0,0.1899999976158142,0.5799999833106995,0.07980000216960903,-0.07980000216960903,2.5944734647124653e-05,6,IND_FUA_08595
IND_FUA_08595,Thalassery,230,187,1620.0,0.0,0.0,0.10999999940395355,0.33000001311302185,0.07369999815821648,-0.07369999815821648,2.2687090950848268e-05,7,IND_FUA_08595
IND_FUA_08595,Thalassery,161,149,2028.0,0.0,0.03999999910593033,0.10999999940395355,0.11999999731779099,0.05680000066459179,-0.05680000066459179,2.1888329207079492e-05,8,IND_FUA_08595
IND_FUA_08595,Thalassery,194,66,227.0,0.15104252099990845,0.0,0.07000000029802322,0.5299999713897705,0.03290000214278699,-0.03290000214278699,-2.1030073210323407e-05,9,IND_FUA_08595
IND_FUA_08595,Thalassery,184,177,1778.0,0.0,0.05000000074505806,0.1599999964237213,0.30000001192092896,0.06199999484419827,-0.06199999484419827,2.0946898609509966e-05,10,IND_FUA_08595
IND_FUA_08673,Kozhikode,534,345,751.0,7.746120929718018,0.029999999329447746,0.20999999344348907,0.3700000047683716,0.10229999553859237,-0.10229999553859237,-0.004693649988128146,1,IND_FUA_08673
IND_FUA_08673,Kozhikode,258,150,1274.0,2.155285596847534,0.3199999928474426,0.4000000059604645,0.6200000047683716,-0.1679999924898148,0.1679999924898148,0.003387557960559027,2,IND_FUA_08673
IND_FUA_08673,Kozhikode,536,334,1092.0,13.817007064819336,0.05000000074505806,0.14000000059604645,0.46000000834465027,0.02559999840855598,-0.02559999840855598,-0.003081960679821338,3,IND_FUA_08673
IND_FUA_08673,Kozhikode,367,202,2532.0,1.5017755031585693,0.3799999952316284,0.6200000047683716,0.5699999928474426,-0.11339998874664303,0.11339998874664303,0.0030252468037132644,4,IND_FUA_08673
IND_FUA_08673,Kozhikode,371,203,545.0,6.799438953399658,0.05999999865889549,0.1599999964237213,0.20000000298023224,0.06799999800324441,-0.06799999800324441,-0.001980068053308579,5,IND_FUA_08673
IND_FUA_08673,Kozhikode,470,293,702.0,6.7633233070373535,0.0,0.05000000074505806,0.05999999865889549,0.0470000007674098,-0.0470000007674098,-0.0017531792104815316,6,IND_FUA_08673
IND_FUA_08673,Kozhikode,368,211,427.0,5.210345268249512,0.07000000029802322,0.550000011920929,0.6899999976158142,0.10050000470876697,-0.10050000470876697,-0.0017406841834913475,7,IND_FUA_08673
IND_FUA_08673,Kozhikode,363,192,871.0,4.475870609283447,0.019999999552965164,0.10000000149011612,0.27000001072883606,0.05300000046193598,-0.05300000046193598,-0.0015979761777598688,8,IND_FUA_08673
IND_FUA_08673,Kozhikode,546,345,777.0,3.5461208820343018,0.029999999329447746,0.10000000149011612,0.10000000149011612,0.06000000186264515,-0.06000000186264515,-0.0012628536216397373,9,IND_FUA_08673
IND_FUA_08673,Kozhikode,272,155,649.0,2.611408233642578,0.009999999776482582,0.7699999809265137,0.8999999761581421,0.06700001667439892,-0.06700001667439892,-0.0008488031209260127,10,IND_FUA_08673
IND_FUA_08674,Guruvayur,89,49,1213.0,8.604243278503418,0.019999999552965164,0.12999999523162842,0.3799999952316284,0.06059999811053274,-0.06059999811053274,-0.0023431632509386866,1,IND_FUA_08674
IND_FUA_08674,Guruvayur,337,229,454.0,8.034307479858398,0.029999999329447746,0.3700000047683716,0.5600000023841858,0.132800001886487,-0.132800001886487,-0.001790711808859916,2,IND_FUA_08674
IND_FUA_08674,Guruvayur,253,411,1312.0,3.9694626331329346,0.019999999552965164,0.09000000357627869,0.20999999344348907,0.051100003862381005,-0.051100003862381005,-0.0009510924419204304,3,IND_FUA_08674
IND_FUA_08674,Guruvayur,92,47,1965.0,2.1041853427886963,0.5699999928474426,0.5699999928474426,0.11999999731779099,-0.068399997612834,0.068399997612834,0.0009498245539916888,4,IND_FUA_08674
IND_FUA_08674,Guruvayur,449,246,1639.0,0.0,0.09000000357627869,0.5199999809265137,0.4399999976158142,0.20119998698234554,-0.20119998698234554,0.00031804929680226646,5,IND_FUA_08674
IND_FUA_08674,Guruvayur,162,442,2938.0,0.0,0.019999999552965164,0.20999999344348907,0.38999998569488525,0.10809999945163717,-0.10809999945163717,0.00030631271243499695,6,IND_FUA_08674
IND_FUA_08674,Guruvayur,659,275,1267.0,0.6319813132286072,0.03999999910593033,0.28999999165534973,0.3100000023841858,0.16009999444484713,-0.16009999444484713,-0.0002936595898821346,7,IND_FUA_08674
IND_FUA_08674,Guruvayur,403,465,496.0,4.120260238647461,0.019999999552965164,0.05999999865889549,0.10000000149011612,0.033999999150633814,-0.033999999150633814,-0.0002489434786209162,8,IND_FUA_08674
IND_FUA_08674,Guruvayur,109,63,2129.0,0.0,0.03999999910593033,0.20999999344348907,0.25,0.11749999597668648,-0.11749999597668648,0.00024126873714459192,9,IND_FUA_08674
IND_FUA_08674,Guruvayur,161,373,1802.0,0.0,0.03999999910593033,0.25,0.30000001192092896,0.13499999791383743,-0.13499999791383743,0.00023462597278871148,10,IND_FUA_08674
IND_FUA_08675,Malappuram,42,189,1265.0,16.543210983276367,0.07000000029802322,0.14000000059604645,0.09000000357627869,0.057399999743700025,-0.057399999743700025,-0.011620542835284147,1,IND_FUA_08675
IND_FUA_08675,Malappuram,247,150,1822.0,6.494625568389893,0.2800000011920929,0.6800000071525574,0.5199999809265137,0.04640001521110548,-0.04640001521110548,-0.005050429213562048,2,IND_FUA_08675
IND_FUA_08675,Malappuram,232,150,1382.0,6.094625949859619,0.23000000417232513,0.28999999165534973,0.05999999865889549,0.04259998837262391,-0.04259998837262391,-0.0032820021322643284,3,IND_FUA_08675
IND_FUA_08675,Malappuram,270,129,913.0,4.228379249572754,0.05000000074505806,0.18000000715255737,0.2800000011920929,0.07960000419020652,-0.07960000419020652,-0.0026976343853333763,4,IND_FUA_08675
IND_FUA_08675,Malappuram,261,170,2053.0,3.2437398433685303,0.23000000417232513,0.23000000417232513,0.1899999976158142,-0.043700000244379034,0.043700000244379034,0.002448458933066585,5,IND_FUA_08675
IND_FUA_08675,Malappuram,233,150,837.0,2.9946258068084717,0.03999999910593033,0.7099999785423279,0.7799999713897705,0.11620001648664413,-0.11620001648664413,-0.00241248908323258,6,IND_FUA_08675
IND_FUA_08675,Malappuram,234,105,1117.0,5.970767021179199,0.15000000596046448,0.44999998807907104,0.5899999737739563,0.034500000953674004,-0.034500000953674004,-0.002100651460065431,7,IND_FUA_08675
IND_FUA_08675,Malappuram,217,172,422.0,5.038984775543213,0.03999999910593033,0.2800000011920929,0.5,0.10000000149011612,-0.10000000149011612,-0.0019078712287171448,8,IND_FUA_08675
IND_FUA_08675,Malappuram,217,142,991.0,2.9522790908813477,0.12999999523162842,0.23000000417232513,0.12999999523162842,0.07010000949501993,-0.07010000949501993,-0.0016937962237638174,9,IND_FUA_08675
IND_FUA_08675,Malappuram,247,142,777.0,3.594625949859619,0.09000000357627869,0.3400000035762787,0.5400000214576721,0.06639999077320091,-0.06639999077320091,-0.0015887235363758827,10,IND_FUA_08675
IND_FUA_08686,Lakhimpur,12,20,2457.0,0.0,0.20999999344348907,0.36000001430511475,0.15000000596046448,0.09600001657009116,-0.09600001657009116,1.4664327150195838e-05,1,IND_FUA_08686
IND_FUA_08686,Lakhimpur,93,89,1452.0,0.0,0.09000000357627869,0.3799999952316284,0.3799999952316284,0.1455999952793121,-0.1455999952793121,1.3143579417603443e-05,2,IND_FUA_08686
IND_FUA_08686,Lakhimpur,60,20,2326.0,0.0,0.12999999523162842,0.6200000047683716,0.6499999761581421,0.08700002121925365,-0.08700002121925365,1.2580987918591707e-05,3,IND_FUA_08686
IND_FUA_08686,Lakhimpur,96,36,2112.0,0.0,0.019999999552965164,0.18000000715255737,0.3700000047683716,0.09340000409483906,-0.09340000409483906,1.2263840271997659e-05,4,IND_FUA_08686
IND_FUA_08686,Lakhimpur,36,3,2852.0,0.0,0.30000001192092896,0.5699999928474426,0.36000001430511475,0.06479997534751902,-0.06479997534751902,1.148973568751761e-05,5,IND_FUA_08686
IND_FUA_08686,Lakhimpur,38,19,1742.0,0.0,0.09000000357627869,0.3100000023841858,0.3799999952316284,0.1021999993801117,-0.1021999993801117,1.106839680197245e-05,6,IND_FUA_08686
IND_FUA_08686,Lakhimpur,48,39,937.0,0.0,0.009999999776482582,0.41999998688697815,0.5299999713897705,0.18740000607669316,-0.18740000607669316,1.091678778231688e-05,7,IND_FUA_08686
IND_FUA_08686,Lakhimpur,44,34,1350.0,0.0,0.009999999776482582,0.3499999940395355,0.6100000143051147,0.1264999928921462,-0.1264999928921462,1.0617198718400923e-05,8,IND_FUA_08686
IND_FUA_08686,Lakhimpur,86,48,1517.0,0.0,0.15000000596046448,0.3499999940395355,0.25,0.11249998956918716,-0.11249998956918716,1.0610204128758305e-05,9,IND_FUA_08686
IND_FUA_08686,Lakhimpur,11,22,1582.0,0.0,0.23999999463558197,0.550000011920929,0.3799999952316284,0.10100001537799841,-0.10100001537799841,9.933758449650574e-06,10,IND_FUA_08686
IND_FUA_08722,Kanpur,189,295,1000.0,5.580875873565674,0.0,0.38999998569488525,0.6000000238418579,0.15599998497962986,-0.15599998497962986,-0.00027317766448763315,1,IND_FUA_08722
IND_FUA_08722,Kanpur,153,196,3230.0,2.6752772331237793,0.49000000953674316,0.8700000047683716,0.5,-0.05500000715255737,0.05500000715255737,0.00014413795525190036,2,IND_FUA_08722
IND_FUA_08722,Kanpur,183,299,1082.0,2.78725004196167,0.05000000074505806,0.5699999928474426,0.6499999761581421,0.1495000103414057,-0.1495000103414057,-0.00013710293903221313,3,IND_FUA_08722
IND_FUA_08722,Kanpur,165,307,5602.0,1.088935375213623,0.6399999856948853,0.6899999976158142,0.18000000715255737,-0.07419999258518217,0.07419999258518217,0.00012398405319385866,4,IND_FUA_08722
IND_FUA_08722,Kanpur,189,280,1759.0,3.006387710571289,0.1599999964237213,0.25999999046325684,0.10999999940395355,0.07139999524354934,-0.07139999524354934,-0.00011535084870403488,5,IND_FUA_08722
IND_FUA_08722,Kanpur,148,230,1410.0,3.661590099334717,0.30000001192092896,0.3799999952316284,0.36000001430511475,-0.0568000204086303,0.0568000204086303,9.052908662552812e-05,6,IND_FUA_08722
IND_FUA_08722,Kanpur,124,161,1585.0,1.9924999475479126,0.20000000298023224,0.46000000834465027,0.3700000047683716,0.08980000008344646,-0.08980000008344646,-8.405093567885019e-05,7,IND_FUA_08722
IND_FUA_08722,Kanpur,150,247,1602.0,1.10979425907135,0.1599999964237213,0.49000000953674316,0.3499999940395355,0.1585000126957894,-0.1585000126957894,-7.745051306076466e-05,8,IND_FUA_08722
IND_FUA_08722,Kanpur,190,319,2597.0,1.9678622484207153,0.07000000029802322,0.36000001430511475,0.6700000166893005,0.04879999841451621,-0.04879999841451621,-7.382921635812838e-05,9,IND_FUA_08722
IND_FUA_08722,Kanpur,160,314,2616.0,1.6708639860153198,0.11999999731779099,0.36000001430511475,0.5199999809265137,0.052800016415119444,-0.052800016415119444,-6.719690738009292e-05,10,IND_FUA_08722
IND_FUA_08848,Lucknow,266,243,3589.0,4.892790794372559,0.5299999713897705,0.7699999809265137,0.4300000071525574,-0.09109998776912676,0.09109998776912676,0.0002552179654808881,1,IND_FUA_08848
IND_FUA_08848,Lucknow,220,156,1314.0,9.065470695495605,0.03999999910593033,0.4000000059604645,0.6299999952316284,0.10800000500679019,-0.10800000500679019,-0.0002142209907876775,2,IND_FUA_08848
IND_FUA_08848,Lucknow,172,118,2494.0,6.7617669105529785,0.28999999165534973,0.5600000023841858,0.3499999940395355,0.07400001323223115,-0.07400001323223115,-0.00020431944258768003,3,IND_FUA_08848
IND_FUA_08848,Lucknow,144,75,1050.0,6.162022113800049,0.07000000029802322,0.4399999976158142,0.4000000059604645,0.19399999564886095,-0.19399999564886095,-0.00020417120318019915,4,IND_FUA_08848
IND_FUA_08848,Lucknow,220,152,1512.0,9.087367057800293,0.14000000059604645,0.3100000023841858,0.30000001192092896,0.0769999973773956,-0.0769999973773956,-0.00017619131948096682,5,IND_FUA_08848
IND_FUA_08848,Lucknow,149,83,2155.0,7.5620222091674805,0.009999999776482582,0.28999999165534973,0.7699999809265137,0.05670000383555873,-0.05670000383555873,-0.00015235533409301257,6,IND_FUA_08848
IND_FUA_08848,Lucknow,179,124,977.0,7.461751461029053,0.05000000074505806,0.6499999761581421,0.7300000190734863,0.12549998041987465,-0.12549998041987465,-0.0001507374198994371,7,IND_FUA_08848
IND_FUA_08848,Lucknow,264,243,1340.0,5.090989589691162,0.0,0.25,0.5,0.125,-0.125,-0.00013654737400336668,8,IND_FUA_08848
IND_FUA_08848,Lucknow,134,71,2332.0,5.0620222091674805,0.3700000047683716,0.5699999928474426,0.23000000417232513,0.06889998734593394,-0.06889998734593394,-0.00013017029882036058,9,IND_FUA_08848
IND_FUA_08848,Lucknow,153,83,1117.0,7.962021827697754,0.019999999552965164,0.14000000059604645,0.28999999165534973,0.07940000203847886,-0.07940000203847886,-0.00011678370713226082,10,IND_FUA_08848
IND_FUA_08896,Mysuru,169,109,3128.0,0.0,0.20000000298023224,0.49000000953674316,0.3700000047683716,0.10870000069141383,-0.10870000069141383,9.72592723821867e-07,1,IND_FUA_08896
IND_FUA_08896,Mysuru,211,197,1917.0,0.0,0.009999999776482582,0.2800000011920929,0.41999998688697815,0.15240000458657743,-0.15240000458657743,8.356834817279681e-07,2,IND_FUA_08896
IND_FUA_08896,Mysuru,146,198,1442.0,0.0,0.47999998927116394,0.5099999904632568,0.4399999976158142,-0.19439999339580538,0.19439999339580538,-8.018557192723183e-07,3,IND_FUA_08896
IND_FUA_08896,Mysuru,114,181,3068.0,0.0,0.0,0.4699999988079071,0.8100000023841858,0.08929999865293503,-0.08929999865293503,7.836849968753561e-07,4,IND_FUA_08896
IND_FUA_08896,Mysuru,205,146,2635.0,0.0,0.029999999329447746,0.4699999988079071,0.7300000190734863,0.09689999138414862,-0.09689999138414862,7.303635366420268e-07,5,IND_FUA_08896
IND_FUA_08896,Mysuru,210,196,3026.0,0.0,0.019999999552965164,0.4300000071525574,0.7599999904632568,0.08320000626444823,-0.08320000626444823,7.201567035120889e-07,6,IND_FUA_08896
IND_FUA_08896,Mysuru,181,122,2337.0,0.0,0.23999999463558197,0.30000001192092896,0.5400000214576721,-0.10199999558925654,0.10199999558925654,-6.818574505497305e-07,7,IND_FUA_08896
IND_FUA_08896,Mysuru,170,225,1784.0,0.0,0.0,0.20999999344348907,0.4099999964237213,0.12389999688267705,-0.12389999688267705,6.322675171661738e-07,8,IND_FUA_08896
IND_FUA_08896,Mysuru,154,111,2269.0,0.0,0.09000000357627869,0.25999999046325684,0.28999999165534973,0.09459999182224266,-0.09459999182224266,6.139886170806174e-07,9,IND_FUA_08896
IND_FUA_08896,Mysuru,211,161,2894.0,0.0,0.03999999910593033,0.38999998569488525,0.7099999785423279,0.07310000511407821,-0.07310000511407821,6.051327518666718e-07,10,IND_FUA_08896
IND_FUA_08900,Kochi,563,351,1422.0,7.2363433837890625,0.03999999910593033,0.38999998569488525,0.49000000953674316,0.15889998987913145,-0.15889998987913145,-0.0016781077434721446,1,IND_FUA_08900
IND_FUA_08900,Kochi,564,330,1759.0,4.3943963050842285,0.17000000178813934,0.5899999737739563,0.46000000834465027,0.14859997912645362,-0.14859997912645362,-0.0011420954605854104,2,IND_FUA_08900
IND_FUA_08900,Kochi,605,313,2110.0,3.1083571910858154,0.05999999865889549,0.36000001430511475,0.36000001430511475,0.17040000534653643,-0.17040000534653643,-0.001073543479745813,3,IND_FUA_08900
IND_FUA_08900,Kochi,564,368,1109.0,5.13701868057251,0.3799999952316284,0.4699999988079071,0.47999998927116394,-0.1355999908089638,0.1355999908089638,0.0007772062031598871,4,IND_FUA_08900
IND_FUA_08900,Kochi,575,351,3024.0,7.2363433837890625,0.2199999988079071,0.6399999856948853,0.7099999785423279,-0.03439998922348053,0.03439998922348053,0.0007725675610518942,5,IND_FUA_08900
IND_FUA_08900,Kochi,568,366,1257.0,4.937018871307373,0.2800000011920929,0.30000001192092896,0.3499999940395355,-0.08499999165534966,0.08499999165534966,0.0005292149635076603,6,IND_FUA_08900
IND_FUA_08900,Kochi,558,350,692.0,7.8772382736206055,0.07000000029802322,0.1899999976158142,0.18000000715255737,0.08579999638795854,-0.08579999638795854,-0.00048188675086773816,7,IND_FUA_08900
IND_FUA_08900,Kochi,567,367,2835.0,7.037018775939941,0.4000000059604645,0.4099999964237213,0.07999999821186066,-0.022800008517503745,0.022800008517503745,0.0004661872903844976,8,IND_FUA_08900
IND_FUA_08900,Kochi,504,379,1241.0,3.3137824535369873,0.009999999776482582,0.18000000715255737,0.30000001192092896,0.11600000308454028,-0.11600000308454028,-0.0004616442153732043,9,IND_FUA_08900
IND_FUA_08900,Kochi,560,328,702.0,4.248175144195557,0.0,0.27000001072883606,0.47999998927116394,0.1404000084757806,-0.1404000084757806,-0.0004151436434582489,10,IND_FUA_08900
IND_FUA_08952,Nagpur,204,50,1286.0,1.0,0.0,0.38999998569488525,0.75,0.09749999642372131,-0.09749999642372131,-0.00010061987799809475,1,IND_FUA_08952
IND_FUA_08952,Nagpur,100,176,157.0,3.7874372005462646,0.05000000074505806,0.1899999976158142,0.30000001192092896,0.08299999532103541,-0.08299999532103541,-3.965253556601184e-05,2,IND_FUA_08952
IND_FUA_08952,Nagpur,78,138,332.0,3.4461734294891357,0.07999999821186066,0.12999999523162842,0.20000000298023224,0.0239999975860119,-0.0239999975860119,-2.206053906525412e-05,3,IND_FUA_08952
IND_FUA_08952,Nagpur,119,208,157.0,4.515857219696045,0.0,0.14000000059604645,0.75,0.03500000014901161,-0.03500000014901161,-1.9938164437124576e-05,4,IND_FUA_08952
IND_FUA_08952,Nagpur,248,38,207.0,1.0,0.03999999910593033,0.2199999988079071,0.30000001192092896,0.11399999743700029,-0.11399999743700029,-1.893709705873567e-05,5,IND_FUA_08952
IND_FUA_08952,Nagpur,118,208,202.0,2.088874101638794,0.019999999552965164,0.07999999821186066,0.27000001072883606,0.03839999828338625,-0.03839999828338625,-1.3013497972946064e-05,6,IND_FUA_08952
IND_FUA_08952,Nagpur,89,148,326.0,1.6050747632980347,0.019999999552965164,0.019999999552965164,0.699999988079071,-0.013999999448657041,0.013999999448657041,5.8822055371765965e-06,7,IND_FUA_08952
IND_FUA_08952,Nagpur,71,150,856.0,0.10024319589138031,0.05000000074505806,0.18000000715255737,0.5199999809265137,0.036400006121397155,-0.036400006121397155,-2.4706143122565522e-06,8,IND_FUA_08952
IND_FUA_08952,Nagpur,114,213,30.0,4.208586692810059,0.019999999552965164,0.09000000357627869,0.5199999809265137,0.023200003880262443,-0.023200003880262443,-2.353486304452777e-06,9,IND_FUA_08952
IND_FUA_08952,Nagpur,94,171,72.0,4.542639255523682,0.0,0.009999999776482582,0.20000000298023224,0.007999999791383744,-0.007999999791383744,-2.102368775412714e-06,10,IND_FUA_08952
IND_FUA_08997,Kollam,7,159,1190.0,2.7146072387695312,0.07000000029802322,0.17000000178813934,0.46000000834465027,0.02179999924898146,-0.02179999924898146,-0.00042970961995445064,1,IND_FUA_08997
IND_FUA_08997,Kollam,573,266,927.0,1.0,0.14000000059604645,0.6399999856948853,0.6600000262260437,0.07759997775554694,-0.07759997775554694,-0.0004013550519195597,2,IND_FUA_08997
IND_FUA_08997,Kollam,13,163,895.0,1.446962594985962,0.10999999940395355,0.17000000178813934,0.05999999865889549,0.0498000025048852,-0.0498000025048852,-0.0003763094322842534,3,IND_FUA_08997
IND_FUA_08997,Kollam,115,38,534.0,1.6303503513336182,0.0,0.11999999731779099,0.4399999976158142,0.06719999878406524,-0.06719999878406524,-0.0003451334403363002,4,IND_FUA_08997
IND_FUA_08997,Kollam,479,199,599.0,1.7180136442184448,0.0,0.1899999976158142,0.7400000095367432,0.049399997568130516,-0.049399997568130516,-0.00030121581285193644,5,IND_FUA_08997
IND_FUA_08997,Kollam,35,231,328.0,4.67154598236084,0.0,0.029999999329447746,0.1599999964237213,0.025199999544024465,-0.025199999544024465,-0.00024054232642428008,6,IND_FUA_08997
IND_FUA_08997,Kollam,143,258,1141.0,0.44286224246025085,0.05999999865889549,0.1899999976158142,0.17000000178813934,0.09769999902248383,-0.09769999902248383,-0.00022406905350302888,7,IND_FUA_08997
IND_FUA_08997,Kollam,385,430,2408.0,0.0,0.009999999776482582,0.18000000715255737,0.41999998688697815,0.09440000673234472,-0.09440000673234472,0.0001880411436964299,8,IND_FUA_08997
IND_FUA_08997,Kollam,497,212,2425.0,0.0,0.0,0.25,0.6299999952316284,0.0925000011920929,-0.0925000011920929,0.00018555722002242366,9,IND_FUA_08997
IND_FUA_08997,Kollam,14,216,362.0,1.037770390510559,0.12999999523162842,0.3400000035762787,0.36000001430511475,0.08760000219345088,-0.08760000219345088,-0.00018460293460470246,10,IND_FUA_08997
IND_FUA_09007,Jabalpur,236,189,590.0,1.529397964477539,0.0,0.2199999988079071,0.6800000071525574,0.07039999804496766,-0.07039999804496766,-0.0001807010985072033,1,IND_FUA_09007
IND_FUA_09007,Jabalpur,178,84,404.0,1.0,0.019999999552965164,0.30000001192092896,0.41999998688697815,0.15400001129508034,-0.15400001129508034,-0.00017604138798734117,2,IND_FUA_09007
IND_FUA_09007,Jabalpur,239,184,974.0,0.9108452200889587,0.07999999821186066,0.1899999976158142,0.23000000417232513,0.06629999915957452,-0.06629999915957452,-0.00016617905816478776,3,IND_FUA_09007
IND_FUA_09007,Jabalpur,220,179,1441.0,0.6836139559745789,0.11999999731779099,0.1899999976158142,0.15000000596046448,0.041499999523162856,-0.041499999523162856,-0.00011485166711005666,4,IND_FUA_09007
IND_FUA_09007,Jabalpur,240,186,349.0,5.63154411315918,0.019999999552965164,0.5699999928474426,0.9399999976158142,0.014200001376867277,-0.014200001376867277,-7.996608754415125e-05,5,IND_FUA_09007
IND_FUA_09007,Jabalpur,238,132,914.0,5.855062961578369,0.05000000074505806,0.05999999865889549,0.07999999821186066,0.005199998128414152,-0.005199998128414152,-7.974255572007401e-05,6,IND_FUA_09007
IND_FUA_09007,Jabalpur,221,179,1348.0,0.3080306053161621,0.0,0.14000000059604645,0.6299999952316284,0.05180000088810921,-0.05180000088810921,-5.875923148309987e-05,7,IND_FUA_09007
IND_FUA_09007,Jabalpur,239,186,282.0,1.9317737817764282,0.0,0.6700000166893005,0.949999988079071,0.033500008821487626,-0.033500008821487626,-5.201980186057033e-05,8,IND_FUA_09007
IND_FUA_09007,Jabalpur,222,172,256.0,1.5393333435058594,0.009999999776482582,0.07000000029802322,0.30000001192092896,0.038999999597668644,-0.038999999597668644,-4.372007243899402e-05,9,IND_FUA_09007
IND_FUA_09007,Jabalpur,226,117,1730.0,0.31137585639953613,0.07000000029802322,0.41999998688697815,0.8899999856948853,-0.02379999573230762,0.02379999573230762,3.50438172089424e-05,10,IND_FUA_09007
IND_FUA_09013,Ettumanoor,168,102,1278.0,4.838454246520996,0.019999999552965164,0.09000000357627869,0.1599999964237213,0.05560000377297403,-0.05560000377297403,-0.0024983305669091967,1,IND_FUA_09013
IND_FUA_09013,Ettumanoor,169,103,1282.0,6.038454055786133,0.009999999776482582,0.05000000074505806,0.11999999731779099,0.03400000101327896,-0.03400000101327896,-0.0019314493311505467,2,IND_FUA_09013
IND_FUA_09013,Ettumanoor,72,126,463.0,6.268527030944824,0.0,0.05999999865889549,0.12999999523162842,0.05219999911934137,-0.05219999911934137,-0.0011133544719563397,3,IND_FUA_09013
IND_FUA_09013,Ettumanoor,154,60,452.0,6.01921272277832,0.0,0.05999999865889549,0.18000000715255737,0.04919999847114087,-0.04919999847114087,-0.0009821532562555243,4,IND_FUA_09013
IND_FUA_09013,Ettumanoor,178,28,992.0,3.9685170650482178,0.0,0.05000000074505806,0.44999998807907104,0.02750000100582839,-0.02750000100582839,-0.0007781620023774033,5,IND_FUA_09013
IND_FUA_09013,Ettumanoor,433,159,1416.0,1.5609643459320068,0.019999999552965164,0.12999999523162842,0.4399999976158142,0.05279999808669089,-0.05279999808669089,-0.0007598840893469766,6,IND_FUA_09013
IND_FUA_09013,Ettumanoor,151,47,578.0,6.345386028289795,0.0,0.03999999910593033,0.30000001192092896,0.027999998897314082,-0.027999998897314082,-0.000755021201513001,7,IND_FUA_09013
IND_FUA_09013,Ettumanoor,114,108,1256.0,1.960411548614502,0.05000000074505806,0.10000000149011612,0.14000000059604645,0.03600000047683716,-0.03600000047683716,-0.0005973064538954307,8,IND_FUA_09013
IND_FUA_09013,Ettumanoor,441,191,322.0,4.613600254058838,0.0,0.07000000029802322,0.20999999344348907,0.055300000694394114,-0.055300000694394114,-0.0005955375177178061,9,IND_FUA_09013
IND_FUA_09013,Ettumanoor,195,27,1592.0,1.5860799551010132,0.0,0.07000000029802322,0.5600000023841858,0.030799999964237212,-0.030799999964237212,-0.0005077530816569174,10,IND_FUA_09013
IND_FUA_09045,Hyderabad,379,310,1750.0,5.541627407073975,0.019999999552965164,0.27000001072883606,0.3700000047683716,0.15010000591874118,-0.15010000591874118,-0.00031635941323291436,1,IND_FUA_09045
IND_FUA_09045,Hyderabad,378,265,1392.0,2.801284074783325,0.0,0.28999999165534973,0.550000011920929,0.13049999278783808,-0.13049999278783808,-0.00011046475174612942,2,IND_FUA_09045
IND_FUA_09045,Hyderabad,367,353,2235.0,2.843471050262451,0.36000001430511475,0.5299999713897705,0.20000000298023224,0.06399996122717866,-0.06399996122717866,-8.829541254789047e-05,3,IND_FUA_09045
IND_FUA_09045,Hyderabad,365,421,1304.0,6.331476211547852,0.029999999329447746,0.1899999976158142,0.6299999952316284,0.0403000006943941,-0.0403000006943941,-7.232309843104246e-05,4,IND_FUA_09045
IND_FUA_09045,Hyderabad,378,263,1289.0,1.7248690128326416,0.0,0.23000000417232513,0.4000000059604645,0.13800000113248823,-0.13800000113248823,-6.650636956626612e-05,5,IND_FUA_09045
IND_FUA_09045,Hyderabad,367,419,668.0,2.5971734523773193,0.009999999776482582,0.23000000417232513,0.3700000047683716,0.13490000175535677,-0.13490000175535677,-5.079552520034021e-05,6,IND_FUA_09045
IND_FUA_09045,Hyderabad,378,259,2535.0,1.9364303350448608,0.23000000417232513,0.30000001192092896,0.11999999731779099,0.03400000712275508,-0.03400000712275508,-3.619232794349301e-05,7,IND_FUA_09045
IND_FUA_09045,Hyderabad,367,193,1050.0,3.926353693008423,0.18000000715255737,0.4099999964237213,0.6499999761581421,-0.036499998629093255,0.036499998629093255,3.268757883491949e-05,8,IND_FUA_09045
IND_FUA_09045,Hyderabad,192,217,1627.0,1.0,0.10999999940395355,0.47999998927116394,0.6000000238418579,0.08199998486042048,-0.08199998486042048,-2.8837876638731108e-05,9,IND_FUA_09045
IND_FUA_09045,Hyderabad,363,378,640.0,3.975743293762207,0.1599999964237213,0.23000000417232513,0.09000000357627869,0.049300006550550446,-0.049300006550550446,-2.724994151480758e-05,10,IND_FUA_09045
IND_FUA_09069,Coimbatore,214,172,660.0,1.0,0.019999999552965164,0.3799999952316284,0.6200000047683716,0.12439999682307246,-0.12439999682307246,-4.667346536198569e-05,1,IND_FUA_09069
IND_FUA_09069,Coimbatore,237,112,407.0,1.0,0.0,0.25999999046325684,0.4000000059604645,0.1559999927282334,-0.1559999927282334,-3.609314528289839e-05,2,IND_FUA_09069
IND_FUA_09069,Coimbatore,208,89,437.0,1.0,0.0,0.3700000047683716,0.6299999952316284,0.136900003528595,-0.136900003528595,-3.400874757136431e-05,3,IND_FUA_09069
IND_FUA_09069,Coimbatore,245,122,539.0,1.0,0.0,0.07999999821186066,0.15000000596046448,0.06799999800324441,-0.06799999800324441,-2.0835475079196722e-05,4,IND_FUA_09069
IND_FUA_09069,Coimbatore,175,268,269.0,1.0,0.019999999552965164,0.38999998569488525,0.6800000071525574,0.10479999307990084,-0.10479999307990084,-1.6025783682064955e-05,5,IND_FUA_09069
IND_FUA_09069,Coimbatore,237,116,250.0,1.0,0.0,0.20000000298023224,0.5799999833106995,0.0840000045895577,-0.0840000045895577,-1.1937820948860359e-05,6,IND_FUA_09069
IND_FUA_09069,Coimbatore,217,235,284.0,1.0,0.05000000074505806,0.25,0.6000000238418579,0.04999999329447746,-0.04999999329447746,-8.072239308466957e-06,7,IND_FUA_09069
IND_FUA_09069,Coimbatore,114,331,332.0,0.4134659767150879,0.009999999776482582,0.33000001311302185,0.7200000286102295,0.08239999445378743,-0.08239999445378743,-6.426843635138761e-06,8,IND_FUA_09069
IND_FUA_09069,Coimbatore,245,123,112.0,1.0,0.0,0.33000001311302185,0.7699999809265137,0.07590000931024576,-0.07590000931024576,-4.832430248834572e-06,9,IND_FUA_09069
IND_FUA_09069,Coimbatore,173,271,182.0,1.0,0.0,0.03999999910593033,0.07999999821186066,0.036799999248981474,-0.036799999248981474,-3.8073687422298573e-06,10,IND_FUA_09069
IND_FUA_09099,Bengaluru,256,202,1063.0,2.443420171737671,0.05000000074505806,0.10999999940395355,0.20000000298023224,0.03799999845027924,-0.03799999845027924,-1.6535756017466444e-05,1,IND_FUA_09099
IND_FUA_09099,Bengaluru,445,446,811.0,1.0,0.10999999940395355,0.2800000011920929,0.20000000298023224,0.11400000071525573,-0.11400000071525573,-1.5467692368639705e-05,2,IND_FUA_09099
IND_FUA_09099,Bengaluru,260,201,347.0,4.272059440612793,0.029999999329447746,0.10000000149011612,0.3400000035762787,0.03600000129640102,-0.03600000129640102,-8.944557107881104e-06,3,IND_FUA_09099
IND_FUA_09099,Bengaluru,731,741,203.0,5.937142848968506,0.0,0.03999999910593033,0.07999999821186066,0.036799999248981474,-0.036799999248981474,-7.434958221930888e-06,4,IND_FUA_09099
IND_FUA_09099,Bengaluru,262,355,884.0,1.0,0.0,0.10000000149011612,0.5,0.05000000074505806,-0.05000000074505806,-7.394726118847266e-06,5,IND_FUA_09099
IND_FUA_09099,Bengaluru,172,213,737.0,1.2857040166854858,0.12999999523162842,0.38999998569488525,0.7599999904632568,-0.03639999494552626,0.03639999494552626,5.773496485297609e-06,6,IND_FUA_09099
IND_FUA_09099,Bengaluru,331,515,998.0,0.25597620010375977,0.019999999552965164,0.20000000298023224,0.4000000059604645,0.10000000104308127,-0.10000000104308127,-4.244434055799138e-06,7,IND_FUA_09099
IND_FUA_09099,Bengaluru,690,692,385.0,4.462540626525879,0.15000000596046448,0.7699999809265137,0.8199999928474426,-0.011400003886222976,0.011400003886222976,3.28282527104174e-06,8,IND_FUA_09099
IND_FUA_09099,Bengaluru,689,692,584.0,1.5875051021575928,0.07000000029802322,0.2199999988079071,0.6100000143051147,0.01579999608993532,-0.01579999608993532,-2.4528248974935107e-06,9,IND_FUA_09099
IND_FUA_09099,Bengaluru,691,694,187.0,1.9763197898864746,0.07000000029802322,0.1599999964237213,0.7699999809265137,-0.03319999806880958,0.03319999806880958,2.055162856397961e-06,10,IND_FUA_09099
IND_FUA_09129,Gonda,89,3,419.0,0.8007636070251465,0.0,0.05000000074505806,0.05000000074505806,0.04750000067055225,-0.04750000067055225,-4.927791761408997e-05,1,IND_FUA_09129
IND_FUA_09129,Gonda,88,3,538.0,0.21456632018089294,0.0,0.009999999776482582,0.20000000298023224,0.007999999791383744,-0.007999999791383744,-2.8446521951909983e-06,2,IND_FUA_09129
IND_FUA_09129,Gonda,89,21,247.0,0.18693196773529053,0.0,0.019999999552965164,0.09000000357627869,0.018199999521672727,-0.018199999521672727,-2.586510961996972e-06,3,IND_FUA_09129
IND_FUA_09129,Gonda,94,51,2677.0,0.0,0.1599999964237213,0.4399999976158142,0.3400000035762787,0.13040000042915345,-0.13040000042915345,1.1960538434089255e-06,4,IND_FUA_09129
IND_FUA_09129,Gonda,64,48,2767.0,0.0,0.009999999776482582,0.4300000071525574,0.7300000190734863,0.10609999395310865,-0.10609999395310865,1.0058872080914126e-06,5,IND_FUA_09129
IND_FUA_09129,Gonda,89,74,5054.0,0.0,0.6200000047683716,0.6700000166893005,0.14000000059604645,-0.04379999081492425,0.04379999081492425,-7.584623441425864e-07,6,IND_FUA_09129
IND_FUA_09129,Gonda,74,28,1022.0,0.0,0.2800000011920929,0.36000001430511475,0.699999988079071,-0.17199999260902388,0.17199999260902388,-6.022878344594559e-07,7,IND_FUA_09129
IND_FUA_09129,Gonda,97,51,1565.0,0.0,0.15000000596046448,0.6000000238418579,0.5699999928474426,0.10800000858306902,-0.10800000858306902,5.791124462120625e-07,8,IND_FUA_09129
IND_FUA_09129,Gonda,44,55,3842.0,0.0,0.47999998927116394,0.6700000166893005,0.23000000417232513,0.035900020784139564,-0.035900020784139564,4.725816208399347e-07,9,IND_FUA_09129
IND_FUA_09129,Gonda,115,74,1451.0,0.0,0.029999999329447746,0.14000000059604645,0.20999999344348907,0.08060000205934048,-0.08060000205934048,4.007072796113735e-07,10,IND_FUA_09129
IND_FUA_09157,Thiruvananthapuram,119,82,580.0,4.876168251037598,0.05999999865889549,0.05999999865889549,0.8199999928474426,-0.04919999847114087,0.04919999847114087,0.0005199793386598533,1,IND_FUA_09157
IND_FUA_09157,Thiruvananthapuram,119,81,2065.0,4.875086784362793,0.05000000074505806,0.2800000011920929,0.800000011920929,0.005999996155500398,-0.005999996155500398,-0.00022571869974985831,2,IND_FUA_09157
IND_FUA_09157,Thiruvananthapuram,122,93,1254.0,4.292627334594727,0.0,0.009999999776482582,0.1899999976158142,0.008099999842792749,-0.008099999842792749,-0.00016289998894000298,3,IND_FUA_09157
IND_FUA_09157,Thiruvananthapuram,118,82,914.0,6.377561092376709,0.10999999940395355,0.1899999976158142,0.44999998807907104,-0.005499998450279264,0.005499998450279264,0.00011985305443351124,4,IND_FUA_09157
IND_FUA_09157,Thiruvananthapuram,161,78,1274.0,5.133304595947266,0.03999999910593033,0.03999999910593033,0.10000000149011612,-0.003999999970197676,0.003999999970197676,9.776361397456027e-05,5,IND_FUA_09157
IND_FUA_09157,Thiruvananthapuram,421,246,907.0,1.0,0.23999999463558197,0.46000000834465027,0.4300000071525574,0.02220000683069223,-0.02220000683069223,-7.475546347392781e-05,6,IND_FUA_09157
IND_FUA_09157,Thiruvananthapuram,122,77,281.0,2.943025588989258,0.0,0.05000000074505806,0.5400000214576721,0.022999999269843086,-0.022999999269843086,-7.100091190076993e-05,7,IND_FUA_09157
IND_FUA_09157,Thiruvananthapuram,118,90,213.0,4.089173316955566,0.05000000074505806,0.05000000074505806,0.36000001430511475,-0.01800000098347665,0.01800000098347665,5.856819027998662e-05,8,IND_FUA_09157
IND_FUA_09157,Thiruvananthapuram,164,68,823.0,2.9328997135162354,0.019999999552965164,0.019999999552965164,0.25,-0.004999999888241291,0.004999999888241291,4.505039665685794e-05,9,IND_FUA_09157
IND_FUA_09157,Thiruvananthapuram,191,54,389.0,1.0,0.05999999865889549,0.25,0.6600000262260437,0.024999994784593582,-0.024999994784593582,-3.6105391843810824e-05,10,IND_FUA_09157
IND_FUA_09165,Tiruppur,141,74,922.0,2.0061683654785156,0.07999999821186066,0.2800000011920929,0.41999998688697815,0.08240000615119936,-0.08240000615119936,-0.00011558976727803324,1,IND_FUA_09165
IND_FUA_09165,Tiruppur,116,238,394.0,2.9843757152557373,0.009999999776482582,0.17000000178813934,0.550000011920929,0.06649999900162218,-0.06649999900162218,-5.934859240747979e-05,2,IND_FUA_09165
IND_FUA_09165,Tiruppur,145,148,399.0,2.8589744567871094,0.0,0.20999999344348907,0.6899999976158142,0.06509999846816061,-0.06509999846816061,-5.6360154017670114e-05,3,IND_FUA_09165
IND_FUA_09165,Tiruppur,145,149,445.0,2.8360679149627686,0.0,0.4699999988079071,0.8899999856948853,0.051700006592273695,-0.051700006592273695,-4.951870638746211e-05,4,IND_FUA_09165
IND_FUA_09165,Tiruppur,113,210,250.0,2.6893537044525146,0.0,0.4300000071525574,0.8999999761581421,0.04300001096725481,-0.04300001096725481,-2.193905522749297e-05,5,IND_FUA_09165
IND_FUA_09165,Tiruppur,144,122,1162.0,0.9555714130401611,0.15000000596046448,0.6800000071525574,0.8100000023841858,-0.02080000622272493,0.02080000622272493,1.746894306446668e-05,6,IND_FUA_09165
IND_FUA_09165,Tiruppur,108,216,259.0,1.4742380380630493,0.09000000357627869,0.09000000357627869,0.5,-0.04500000178813934,0.04500000178813934,1.3019473392443897e-05,7,IND_FUA_09165
IND_FUA_09165,Tiruppur,145,122,290.0,1.0555152893066406,0.07000000029802322,0.33000001311302185,0.6600000262260437,0.04219999550580944,-0.04219999550580944,-9.775045342572943e-06,8,IND_FUA_09165
IND_FUA_09165,Tiruppur,116,239,395.0,2.0765578746795654,0.09000000357627869,0.12999999523162842,0.20000000298023224,0.013999992221593871,-0.013999992221593871,-8.709605610517776e-06,9,IND_FUA_09165
IND_FUA_09165,Tiruppur,140,74,170.0,1.0659847259521484,0.0,0.09000000357627869,0.3799999952316284,0.055800002646446245,-0.055800002646446245,-7.652400354083584e-06,10,IND_FUA_09165
IND_FUA_09195,Faizabad,79,191,792.0,3.466416597366333,0.009999999776482582,0.11999999731779099,0.23999999463558197,0.08119999882876872,-0.08119999882876872,-0.0003983162222565161,1,IND_FUA_09195
IND_FUA_09195,Faizabad,113,292,2915.0,2.2570817470550537,0.5099999904632568,0.6100000143051147,0.10999999940395355,0.03290002263188363,-0.03290002263188363,-0.00037770203348343195,2,IND_FUA_09195
IND_FUA_09195,Faizabad,94,235,1236.0,2.448646306991577,0.029999999329447746,0.25,0.6000000238418579,0.06999999471008778,-0.06999999471008778,-0.0003716555281045439,3,IND_FUA_09195
IND_FUA_09195,Faizabad,72,262,695.0,3.5789387226104736,0.0,0.10000000149011612,0.3799999952316284,0.06200000140070916,-0.06200000140070916,-0.00027592662220598315,4,IND_FUA_09195
IND_FUA_09195,Faizabad,26,262,3012.0,0.7918894290924072,0.25,0.3700000047683716,0.11999999731779099,0.07560000518858434,-0.07560000518858434,-0.00027459256890248436,5,IND_FUA_09195
IND_FUA_09195,Faizabad,71,263,955.0,3.5534558296203613,0.019999999552965164,0.07000000029802322,0.07000000029802322,0.04510000070333481,-0.04510000070333481,-0.00027375490074323946,6,IND_FUA_09195
IND_FUA_09195,Faizabad,33,292,1517.0,1.1532363891601562,0.07000000029802322,0.20000000298023224,0.25999999046325684,0.0780000038146973,-0.0780000038146973,-0.00022242699391640823,7,IND_FUA_09195
IND_FUA_09195,Faizabad,82,192,367.0,1.783734679222107,0.0,0.3100000023841858,0.46000000834465027,0.16739999870061872,-0.16739999870061872,-0.00018772341997113306,8,IND_FUA_09195
IND_FUA_09195,Faizabad,34,288,1137.0,1.177139401435852,0.20000000298023224,0.4000000059604645,0.30000001192092896,0.07999999642372124,-0.07999999642372124,-0.0001750396033927092,9,IND_FUA_09195
IND_FUA_09195,Faizabad,31,279,1187.0,0.6941547393798828,0.09000000357627869,0.5899999737739563,0.6200000047683716,0.1341999836444856,-0.1341999836444856,-0.0001630604247132095,10,IND_FUA_09195
IND_FUA_09258,Sultanpur,40,97,529.0,7.800557613372803,0.14000000059604645,0.3799999952316284,0.3499999940395355,0.1069999985694885,-0.1069999985694885,-0.001074349671572755,1,IND_FUA_09258
IND_FUA_09258,Sultanpur,33,86,1342.0,5.0052361488342285,0.36000001430511475,0.7599999904632568,0.44999998807907104,0.057999989509582406,-0.057999989509582406,-0.0009162745560164522,2,IND_FUA_09258
IND_FUA_09258,Sultanpur,31,77,822.0,4.73405122756958,0.1599999964237213,0.3400000035762787,0.28999999165534973,0.08140000895261768,-0.08140000895261768,-0.000740872009373192,3,IND_FUA_09258
IND_FUA_09258,Sultanpur,23,81,559.0,3.403090000152588,0.05000000074505806,0.6700000166893005,0.7200000286102295,0.13759998475909185,-0.13759998475909185,-0.0005876756512272168,4,IND_FUA_09258
IND_FUA_09258,Sultanpur,37,82,417.0,3.413149833679199,0.0,0.5600000023841858,0.699999988079071,0.16800000739097598,-0.16800000739097598,-0.0005370627098079239,5,IND_FUA_09258
IND_FUA_09258,Sultanpur,41,98,1152.0,4.500557899475098,0.6100000143051147,0.6399999856948853,0.10999999940395355,-0.04040002665519715,0.04040002665519715,0.00048730105679786105,6,IND_FUA_09258
IND_FUA_09258,Sultanpur,26,83,854.0,2.9032533168792725,0.14000000059604645,0.5699999928474426,0.6100000143051147,0.08229998846054087,-0.08229998846054087,-0.00044639387745234766,7,IND_FUA_09258
IND_FUA_09258,Sultanpur,37,87,229.0,10.50691032409668,0.019999999552965164,0.12999999523162842,0.30000001192092896,0.07099999555945402,-0.07099999555945402,-0.0004220767662122176,8,IND_FUA_09258
IND_FUA_09258,Sultanpur,24,82,722.0,4.103295803070068,0.14000000059604645,0.27000001072883606,0.25999999046325684,0.05980000991821299,-0.05980000991821299,-0.00040783416806442684,9,IND_FUA_09258
IND_FUA_09258,Sultanpur,43,100,1322.0,3.1005425453186035,0.41999998688697815,0.6100000143051147,0.23999999463558197,0.04360002725720413,-0.04360002725720413,-0.00039540743830188,10,IND_FUA_09258
IND_FUA_09266,Erode,209,154,450.0,4.680705547332764,0.0,0.14000000059604645,0.41999998688697815,0.08120000218153,-0.08120000218153,-0.000497018286977002,1,IND_FUA_09266
IND_FUA_09266,Erode,110,79,392.0,3.1762568950653076,0.0,0.20999999344348907,0.38999998569488525,0.12809999900460234,-0.12809999900460234,-0.0004631904673092262,2,IND_FUA_09266
IND_FUA_09266,Erode,89,61,894.0,1.7695798873901367,0.0,0.14000000059604645,0.30000001192092896,0.09799999874830245,-0.09799999874830245,-0.0004495108048900943,3,IND_FUA_09266
IND_FUA_09266,Erode,205,147,687.0,3.429203987121582,0.019999999552965164,0.10999999940395355,0.3199999928474426,0.05480000082850456,-0.05480000082850456,-0.00037497692462080116,4,IND_FUA_09266
IND_FUA_09266,Erode,106,72,272.0,3.7401835918426514,0.03999999910593033,0.25999999046325684,0.4000000059604645,0.11599999362230307,-0.11599999362230307,-0.00034281648033101066,5,IND_FUA_09266
IND_FUA_09266,Erode,205,151,224.0,3.602984666824341,0.0,0.33000001311302185,0.5899999737739563,0.13530001403093372,-0.13530001403093372,-0.0003171915662564364,6,IND_FUA_09266
IND_FUA_09266,Erode,206,152,607.0,1.4436122179031372,0.0,0.46000000834465027,0.8199999928474426,0.0828000047922135,-0.0828000047922135,-0.0002101925906700319,7,IND_FUA_09266
IND_FUA_09266,Erode,195,136,332.0,2.5912959575653076,0.0,0.1599999964237213,0.5199999809265137,0.07680000133514397,-0.07680000133514397,-0.00019178991602476994,8,IND_FUA_09266
IND_FUA_09266,Erode,201,148,365.0,6.354605197906494,0.03999999910593033,0.07000000029802322,0.07999999821186066,0.024400001293420792,-0.024400001293420792,-0.0001645210493075714,9,IND_FUA_09266
IND_FUA_09266,Erode,245,168,838.0,0.8941105604171753,0.019999999552965164,0.10000000149011612,0.17000000178813934,0.06300000150501728,-0.06300000150501728,-0.00013637197541762196,10,IND_FUA_09266
IND_FUA_09282,Prayagraj,105,170,637.0,15.08652400970459,0.17000000178813934,0.5,0.3400000035762787,0.1599999964237213,-0.1599999964237213,-0.0028426830276513447,1,IND_FUA_09282
IND_FUA_09282,Prayagraj,106,167,540.0,10.586161613464355,0.03999999910593033,0.5400000214576721,0.6899999976158142,0.1274000088334084,-0.1274000088334084,-0.0013420965260274233,2,IND_FUA_09282
IND_FUA_09282,Prayagraj,107,162,690.0,7.885416507720947,0.029999999329447746,0.800000011920929,0.800000011920929,0.12999999351799474,-0.12999999351799474,-0.0012986394183648398,3,IND_FUA_09282
IND_FUA_09282,Prayagraj,99,179,684.0,16.386919021606445,0.0,0.09000000357627869,0.3199999928474426,0.061200003075599696,-0.061200003075599696,-0.0012689518056427092,4,IND_FUA_09282
IND_FUA_09282,Prayagraj,107,164,720.0,4.685654640197754,0.009999999776482582,0.5799999833106995,0.6600000262260437,0.18719997933805033,-0.18719997933805033,-0.0011479940549560515,5,IND_FUA_09282
IND_FUA_09282,Prayagraj,93,208,681.0,7.383056163787842,0.2199999988079071,0.25999999046325684,0.5099999904632568,-0.09260000100135812,0.09260000100135812,0.0008539555343664553,6,IND_FUA_09282
IND_FUA_09282,Prayagraj,41,145,1898.0,3.4764440059661865,0.10000000149011612,0.1899999976158142,0.1599999964237213,0.05959999718666076,-0.05959999718666076,-0.0007086851786274574,7,IND_FUA_09282
IND_FUA_09282,Prayagraj,136,237,1104.0,3.966702461242676,0.12999999523162842,0.4099999964237213,0.4699999988079071,0.08730000336170196,-0.08730000336170196,-0.0006918169824046346,8,IND_FUA_09282
IND_FUA_09282,Prayagraj,107,165,234.0,17.085710525512695,0.0,0.11999999731779099,0.27000001072883606,0.08759999675452712,-0.08759999675452712,-0.0006480623396847815,9,IND_FUA_09282
IND_FUA_09282,Prayagraj,39,154,1564.0,5.876443862915039,0.15000000596046448,0.2199999988079071,0.15000000596046448,0.03699999171495438,-0.03699999171495438,-0.0006212365164106637,10,IND_FUA_09282
IND_FUA_09368,Salem,0,20,312.0,0.0,0.0,0.0,0.0,0.0,0.0,0.0,1,IND_FUA_09368
IND_FUA_09368,Salem,0,25,25.0,0.0,0.03999999910593033,0.03999999910593033,0.0,0.0,0.0,0.0,2,IND_FUA_09368
IND_FUA_09368,Salem,0,26,202.0,0.0,0.0,0.0,0.0,0.0,0.0,0.0,3,IND_FUA_09368
IND_FUA_09368,Salem,0,27,72.0,0.0,0.009999999776482582,0.009999999776482582,0.0,0.0,0.0,0.0,4,IND_FUA_09368
IND_FUA_09368,Salem,0,28,115.0,0.0,0.1899999976158142,0.1899999976158142,0.0,0.0,0.0,0.0,5,IND_FUA_09368
IND_FUA_09368,Salem,1,20,1080.0,0.0,0.10999999940395355,0.10999999940395355,0.0,0.0,0.0,0.0,6,IND_FUA_09368
IND_FUA_09368,Salem,1,22,295.0,0.0,0.0,0.0,0.0,0.0,0.0,0.0,7,IND_FUA_09368
IND_FUA_09368,Salem,1,27,540.0,0.0,0.05000000074505806,0.05000000074505806,0.0,0.0,0.0,0.0,8,IND_FUA_09368
IND_FUA_09368,Salem,1,28,482.0,0.0,0.10999999940395355,0.10999999940395355,0.0,0.0,0.0,0.0,9,IND_FUA_09368
IND_FUA_09368,Salem,1,29,2.0,0.0,0.0,0.0,0.0,0.0,0.0,0.0,10,IND_FUA_09368
IND_FUA_09444,Madurai,116,63,2290.0,2.0762176513671875,0.0,0.3499999940395355,0.7200000286102295,0.0979999883174898,-0.0979999883174898,-0.0012285473387734492,1,IND_FUA_09444
IND_FUA_09444,Madurai,137,71,1575.0,3.5210018157958984,0.10000000149011612,0.3199999928474426,0.5099999904632568,0.05679999805688851,-0.05679999805688851,-0.0008558747356316154,2,IND_FUA_09444
IND_FUA_09444,Madurai,122,144,2073.0,1.5693588256835938,0.05999999865889549,0.2199999988079071,0.3700000047683716,0.07859999954104424,-0.07859999954104424,-0.0006580222880697248,3,IND_FUA_09444
IND_FUA_09444,Madurai,103,98,702.0,4.726345539093018,0.0,0.3400000035762787,0.7900000214576721,0.07139999345540993,-0.07139999345540993,-0.0006506757181751894,4,IND_FUA_09444
IND_FUA_09444,Madurai,84,49,861.0,3.494783878326416,0.009999999776482582,0.10000000149011612,0.20000000298023224,0.07000000111758709,-0.07000000111758709,-0.0005721341929277196,5,IND_FUA_09444
IND_FUA_09444,Madurai,81,40,1159.0,1.3463315963745117,0.019999999552965164,0.2199999988079071,0.27000001072883606,0.1405999972164631,-0.1405999972164631,-0.0005551391353638787,6,IND_FUA_09444
IND_FUA_09444,Madurai,122,77,3371.0,1.9088248014450073,0.0,0.5400000214576721,0.9399999976158142,0.032400002574920705,-0.032400002574920705,-0.0005461162873150118,7,IND_FUA_09444
IND_FUA_09444,Madurai,179,111,1513.0,1.4373570680618286,0.05999999865889549,0.27000001072883606,0.47999998927116394,0.08040000981688511,-0.08040000981688511,-0.000445775176676129,8,IND_FUA_09444
IND_FUA_09444,Madurai,105,99,339.0,6.52590799331665,0.009999999776482582,0.20000000298023224,0.5899999737739563,0.07200000669062145,-0.07200000669062145,-0.00044128330622176805,9,IND_FUA_09444
IND_FUA_09444,Madurai,129,77,494.0,3.819178581237793,0.05999999865889549,0.5,0.7300000190734863,0.07499999180436134,-0.07499999180436134,-0.0003857571703721929,10,IND_FUA_09444
IND_FUA_09500,Gorakhpur,16,142,1140.0,3.847020387649536,0.03999999910593033,0.36000001430511475,0.3700000047683716,0.18680000818967812,-0.18680000818967812,-0.0010164850588904842,1,IND_FUA_09500
IND_FUA_09500,Gorakhpur,144,92,1957.0,2.756648063659668,0.4399999976158142,0.6299999952316284,0.4300000071525574,-0.08090000483989712,0.08090000483989712,0.0005024555603329798,2,IND_FUA_09500
IND_FUA_09500,Gorakhpur,144,91,3852.0,3.2544422149658203,0.47999998927116394,0.5099999904632568,0.11999999731779099,-0.031199996295571353,0.031199996295571353,0.0004691857112653953,3,IND_FUA_09500
IND_FUA_09500,Gorakhpur,158,247,770.0,5.960275650024414,0.029999999329447746,0.4699999988079071,0.7799999713897705,0.07340001385509964,-0.07340001385509964,-0.00044500111769814544,4,IND_FUA_09500
IND_FUA_09500,Gorakhpur,131,85,1499.0,2.4859795570373535,0.0,0.20999999344348907,0.6000000238418579,0.08399999237060563,-0.08399999237060563,-0.0003496123825682674,5,IND_FUA_09500
IND_FUA_09500,Gorakhpur,7,128,894.0,2.9475698471069336,0.17000000178813934,0.3400000035762787,0.18000000715255737,0.10879999871253965,-0.10879999871253965,-0.0003359357800557223,6,IND_FUA_09500
IND_FUA_09500,Gorakhpur,127,257,744.0,6.259665012359619,0.05000000074505806,0.12999999523162842,0.23000000417232513,0.050099995040893575,-0.050099995040893575,-0.00030985622781738075,7,IND_FUA_09500
IND_FUA_09500,Gorakhpur,149,107,1280.0,1.8664251565933228,0.029999999329447746,0.20999999344348907,0.3199999928474426,0.11279999771416183,-0.11279999771416183,-0.0002696541675350962,8,IND_FUA_09500
IND_FUA_09500,Gorakhpur,160,247,2367.0,4.360530853271484,0.4000000059604645,0.4000000059604645,0.05000000074505806,-0.020000000596046452,0.020000000596046452,0.0002616323617022403,9,IND_FUA_09500
IND_FUA_09500,Gorakhpur,161,248,1765.0,4.360571384429932,0.30000001192092896,0.3100000023841858,0.10999999940395355,-0.0241000096142292,0.0241000096142292,0.00023508763835359037,10,IND_FUA_09500
IND_FUA_09544,Tiruchirappalli,92,65,2358.0,2.8069913387298584,0.07999999821186066,0.3799999952316284,0.5299999713897705,0.09860001041889177,-0.09860001041889177,-0.001808108225402084,1,IND_FUA_09544
IND_FUA_09544,Tiruchirappalli,67,90,937.0,4.543588638305664,0.17000000178813934,0.41999998688697815,0.30000001192092896,0.12399998402595536,-0.12399998402595536,-0.0016163137117169949,2,IND_FUA_09544
IND_FUA_09544,Tiruchirappalli,49,68,1717.0,4.10144567489624,0.0,0.23000000417232513,0.699999988079071,0.06900000399351125,-0.06900000399351125,-0.0014630672052013524,3,IND_FUA_09544
IND_FUA_09544,Tiruchirappalli,73,87,852.0,6.03673791885376,0.0,0.10999999940395355,0.23999999463558197,0.08360000013709068,-0.08360000013709068,-0.001366535621953572,4,IND_FUA_09544
IND_FUA_09544,Tiruchirappalli,185,205,7503.0,0.0,0.4000000059604645,0.5,0.10000000149011612,0.04999999329447746,-0.04999999329447746,0.0008022772178195746,5,IND_FUA_09544
IND_FUA_09544,Tiruchirappalli,181,207,3737.0,0.0,0.4399999976158142,0.5299999713897705,0.30000001192092896,-0.06900002396106686,0.06900002396106686,-0.0005514319259702279,6,IND_FUA_09544
IND_FUA_09544,Tiruchirappalli,41,61,1387.0,3.5002806186676025,0.2800000011920929,0.36000001430511475,0.33000001311302185,-0.03879999632835407,0.03879999632835407,0.0005503085790092949,7,IND_FUA_09544
IND_FUA_09544,Tiruchirappalli,162,233,2197.0,0.0,0.05999999865889549,0.2800000011920929,0.3799999952316284,0.11360000341534615,-0.11360000341534615,0.000533737809075579,8,IND_FUA_09544
IND_FUA_09544,Tiruchirappalli,102,180,2273.0,0.0019285714952275157,0.10999999940395355,0.3400000035762787,0.36000001430511475,0.10759999802112574,-0.10759999802112574,0.0005213694603029848,9,IND_FUA_09544
IND_FUA_09544,Tiruchirappalli,87,73,1500.0,3.3070068359375,0.23000000417232513,0.3700000047683716,0.2800000011920929,0.03639999881982803,-0.03639999881982803,-0.0005210532805198041,10,IND_FUA_09544
IND_FUA_09562,Varanasi,226,194,1842.0,9.044127464294434,0.12999999523162842,0.3499999940395355,0.25,0.13250000029802322,-0.13250000029802322,-0.001095499240138975,1,IND_FUA_09562
IND_FUA_09562,Varanasi,282,262,1112.0,8.803205490112305,0.10000000149011612,0.3499999940395355,0.36000001430511475,0.12399998968839654,-0.12399998968839654,-0.0006020685608402984,2,IND_FUA_09562
IND_FUA_09562,Varanasi,216,230,647.0,8.916637420654297,0.0,0.4099999964237213,0.5699999928474426,0.17630000139474866,-0.17630000139474866,-0.0005046161521426343,3,IND_FUA_09562
IND_FUA_09562,Varanasi,211,247,865.0,9.059857368469238,0.029999999329447746,0.2800000011920929,0.47999998927116394,0.11560000429451467,-0.11560000429451467,-0.0004496263827881411,4,IND_FUA_09562
IND_FUA_09562,Varanasi,210,248,587.0,9.023292541503906,0.019999999552965164,0.1899999976158142,0.17000000178813934,0.13769999812841416,-0.13769999812841416,-0.00036195530024536244,5,IND_FUA_09562
IND_FUA_09562,Varanasi,210,249,762.0,9.017833709716797,0.07999999821186066,0.49000000953674316,0.6299999952316284,0.10130000765323643,-0.10130000765323643,-0.0003454448713715587,6,IND_FUA_09562
IND_FUA_09562,Varanasi,262,252,1987.0,3.541409969329834,0.27000001072883606,0.5199999809265137,0.30000001192092896,0.09399996972084068,-0.09399996972084068,-0.0003170703765402241,7,IND_FUA_09562
IND_FUA_09562,Varanasi,249,252,862.0,4.496358871459961,0.09000000357627869,0.41999998688697815,0.4000000059604645,0.1619999860525132,-0.1619999860525132,-0.0003046932708569867,8,IND_FUA_09562
IND_FUA_09562,Varanasi,252,251,930.0,5.834850311279297,0.15000000596046448,0.75,0.6600000262260437,0.10499997437000275,-0.10499997437000275,-0.00027935815480760684,9,IND_FUA_09562
IND_FUA_09562,Varanasi,212,210,587.0,7.116695404052734,0.0,0.36000001430511475,0.6299999952316284,0.1332000070095063,-0.1332000070095063,-0.00027451655957262547,10,IND_FUA_09562
IND_FUA_09564,Durg,135,66,1519.0,3.5345544815063477,0.009999999776482582,0.18000000715255737,0.550000011920929,0.07100000129640094,-0.07100000129640094,-0.003079220430943181,1,IND_FUA_09564
IND_FUA_09564,Durg,139,47,432.0,6.814766883850098,0.0,0.15000000596046448,0.25999999046325684,0.11100000584125524,-0.11100000584125524,-0.0027025217571856283,2,IND_FUA_09564
IND_FUA_09564,Durg,117,58,945.0,4.893273830413818,0.05999999865889549,0.11999999731779099,0.10000000149011612,0.047999998748302464,-0.047999998748302464,-0.0018175582130932778,3,IND_FUA_09564
IND_FUA_09564,Durg,142,50,2624.0,2.231750011444092,0.47999998927116394,0.5600000023841858,0.10000000149011612,0.02400001204013824,-0.02400001204013824,-0.001102510267382106,4,IND_FUA_09564
IND_FUA_09564,Durg,134,66,360.0,3.5341598987579346,0.0,0.1899999976158142,0.5,0.0949999988079071,-0.0949999988079071,-0.0009763372636161885,5,IND_FUA_09564
IND_FUA_09564,Durg,116,60,510.0,2.1932737827301025,0.009999999776482582,0.46000000834465027,0.7400000095367432,0.10959999800622455,-0.10959999800622455,-0.0009603293190436154,6,IND_FUA_09564
IND_FUA_09564,Durg,134,60,367.0,2.4487192630767822,0.0,0.28999999165534973,0.6000000238418579,0.1159999897480013,-0.1159999897480013,-0.000823604594623668,7,IND_FUA_09564
IND_FUA_09564,Durg,137,45,830.0,4.408486366271973,0.07999999821186066,0.07999999821186066,0.28999999165534973,-0.023199998813867584,0.023199998813867584,0.0006924435893114032,8,IND_FUA_09564
IND_FUA_09564,Durg,141,56,807.0,1.3441309928894043,0.2199999988079071,0.4000000059604645,0.23999999463558197,0.08400000786781314,-0.08400000786781314,-0.0006766681248617449,9,IND_FUA_09564
IND_FUA_09564,Durg,123,62,780.0,3.02116322517395,0.23999999463558197,0.4300000071525574,0.36000001430511475,0.035200003790855305,-0.035200003790855305,-0.0006644076880612251,10,IND_FUA_09564
IND_FUA_09570,Vellore,119,68,1902.0,2.1598470211029053,0.029999999329447746,0.30000001192092896,0.44999998807907104,0.135000010803342,-0.135000010803342,-0.0022252464154967557,1,IND_FUA_09570
IND_FUA_09570,Vellore,103,194,1615.0,2.882622480392456,0.30000001192092896,0.49000000953674316,0.20999999344348907,0.08709999882578856,-0.08709999882578856,-0.0016521884444178363,2,IND_FUA_09570
IND_FUA_09570,Vellore,113,81,780.0,2.2126173973083496,0.019999999552965164,0.3700000047683716,0.6600000262260437,0.10579999236464488,-0.10579999236464488,-0.0007337299866007451,3,IND_FUA_09570
IND_FUA_09570,Vellore,135,271,489.0,2.484619140625,0.23999999463558197,0.6600000262260437,0.41999998688697815,0.14280002923011814,-0.14280002923011814,-0.0007017750658262239,4,IND_FUA_09570
IND_FUA_09570,Vellore,119,67,1370.0,1.4278758764266968,0.029999999329447746,0.5600000023841858,0.800000011920929,0.08199999447166917,-0.08199999447166917,-0.0006232621098093879,5,IND_FUA_09570
IND_FUA_09570,Vellore,135,270,767.0,1.7441904544830322,0.2199999988079071,0.5600000023841858,0.4300000071525574,0.09919999854564665,-0.09919999854564665,-0.00052465714024583,6,IND_FUA_09570
IND_FUA_09570,Vellore,114,80,622.0,2.625901222229004,0.0,0.4000000059604645,0.8199999928474426,0.0720000039339066,-0.0720000039339066,-0.00047702843899538404,7,IND_FUA_09570
IND_FUA_09570,Vellore,134,264,1579.0,1.4368196725845337,0.1599999964237213,0.25999999046325684,0.18000000715255737,0.05319999389648444,-0.05319999389648444,-0.00046924801823545754,8,IND_FUA_09570
IND_FUA_09570,Vellore,128,289,975.0,1.0380475521087646,0.009999999776482582,0.46000000834465027,0.7200000286102295,0.11879998939931369,-0.11879998939931369,-0.0004502628410192092,9,IND_FUA_09570
IND_FUA_09570,Vellore,118,217,729.0,1.9658452272415161,0.09000000357627869,0.27000001072883606,0.38999998569488525,0.07470000683069244,-0.07470000683069244,-0.0004269279441275312,10,IND_FUA_09570
IND_FUA_09620,Raipur,173,42,1170.0,1.0,0.0,0.4399999976158142,0.699999988079071,0.13200000452995297,-0.13200000452995297,-0.00022936837273686273,1,IND_FUA_09620
IND_FUA_09620,Raipur,245,114,1199.0,1.4862159490585327,0.0,0.25,0.699999988079071,0.07500000298023224,-0.07500000298023224,-0.00020284342528366456,2,IND_FUA_09620
IND_FUA_09620,Raipur,209,82,2792.0,1.6824506521224976,0.05000000074505806,0.14000000059604645,0.47999998927116394,0.022800001066923148,-0.022800001066923148,-0.00016338867719967108,3,IND_FUA_09620
IND_FUA_09620,Raipur,240,128,685.0,2.2374916076660156,0.0,0.14000000059604645,0.6000000238418579,0.05599999690055846,-0.05599999690055846,-0.0001321994628185328,4,IND_FUA_09620
IND_FUA_09620,Raipur,175,247,1637.0,1.0,0.03999999910593033,0.10000000149011612,0.05999999865889549,0.05400000242888928,-0.05400000242888928,-0.00013128532523546204,5,IND_FUA_09620
IND_FUA_09620,Raipur,201,70,1202.0,4.7923383712768555,0.6000000238418579,0.6299999952316284,0.07000000029802322,-0.014100028464198111,0.014100028464198111,0.00012702861226990272,6,IND_FUA_09620
IND_FUA_09620,Raipur,237,128,2087.0,1.9340016841888428,0.23000000417232513,0.3499999940395355,0.4000000059604645,-0.020000009834766352,0.020000009834766352,0.00012377280193541176,7,IND_FUA_09620
IND_FUA_09620,Raipur,259,149,1127.0,0.9725799560546875,0.3100000023841858,0.46000000834465027,0.1899999976158142,0.06260000547170641,-0.06260000547170641,-0.00010171276538240958,8,IND_FUA_09620
IND_FUA_09620,Raipur,258,148,1182.0,0.8631462454795837,0.14000000059604645,0.30000001192092896,0.33000001311302185,0.06100000345706924,-0.06100000345706924,-9.144565822438619e-05,9,IND_FUA_09620
IND_FUA_09620,Raipur,199,70,446.0,5.2923383712768555,0.3499999940395355,0.44999998807907104,0.17000000178813934,0.02349999526143076,-0.02349999526143076,-8.686098099404024e-05,10,IND_FUA_09620
IND_FUA_09710,Bilaspur,123,152,872.0,2.734428644180298,0.03999999910593033,0.75,0.8100000023841858,0.10249999910593033,-0.10249999910593033,-0.0006892535629312452,1,IND_FUA_09710
IND_FUA_09710,Bilaspur,146,188,1770.0,1.748613953590393,0.3199999928474426,0.5,0.27000001072883606,0.04500000178813934,-0.04500000178813934,-0.0003903150982080841,2,IND_FUA_09710
IND_FUA_09710,Bilaspur,128,175,1302.0,2.3682942390441895,0.30000001192092896,0.49000000953674316,0.4699999988079071,-0.04030000628232955,0.04030000628232955,0.0003498445787051716,3,IND_FUA_09710
IND_FUA_09710,Bilaspur,116,142,171.0,7.7895002365112305,0.009999999776482582,0.09000000357627869,0.3799999952316284,0.04580000286996366,-0.04580000286996366,-0.00017328942343188173,4,IND_FUA_09710
IND_FUA_09710,Bilaspur,132,167,403.0,5.092945575714111,0.019999999552965164,0.05000000074505806,0.07999999821186066,0.02600000122189522,-0.02600000122189522,-0.00015127059133414707,5,IND_FUA_09710
IND_FUA_09710,Bilaspur,219,118,1611.0,1.0,0.029999999329447746,0.05000000074505806,0.9200000166893005,-0.02600000010430814,0.02600000010430814,0.00011584214576335213,6,IND_FUA_09710
IND_FUA_09710,Bilaspur,145,185,620.0,1.355171799659729,0.009999999776482582,0.11999999731779099,0.6600000262260437,0.03079999616444118,-0.03079999616444118,-7.2153274187089e-05,7,IND_FUA_09710
IND_FUA_09710,Bilaspur,114,141,129.0,1.3146682977676392,0.029999999329447746,0.3199999928474426,0.47999998927116394,0.13640000038444988,-0.13640000038444988,-6.445183063623197e-05,8,IND_FUA_09710
IND_FUA_09710,Bilaspur,205,114,3059.0,0.0,0.5600000023841858,0.5600000023841858,0.23999999463558197,-0.13439999756813048,0.13439999756813048,-3.532271272927504e-05,9,IND_FUA_09710
IND_FUA_09710,Bilaspur,130,173,592.0,0.5753231048583984,0.25,0.4699999988079071,0.41999998688697815,0.022600005471706375,-0.022600005471706375,-2.0800078340690093e-05,10,IND_FUA_09710
IND_FUA_09782,Kuchai Kot,255,417,319.0,1.5332635641098022,0.05999999865889549,0.3199999928474426,0.4099999964237213,0.1287999982655048,-0.1287999982655048,-6.204043631044678e-05,1,IND_FUA_09782
IND_FUA_09782,Kuchai Kot,113,394,460.0,2.0067074298858643,0.0,0.10000000149011612,0.3499999940395355,0.06500000156462193,-0.06500000156462193,-6.032012565732721e-05,2,IND_FUA_09782
IND_FUA_09782,Kuchai Kot,186,158,2767.0,0.0,0.4000000059604645,0.6100000143051147,0.20999999344348907,0.08190000934004793,-0.08190000934004793,3.0218129283918367e-05,3,IND_FUA_09782
IND_FUA_09782,Kuchai Kot,198,252,3707.0,0.0,0.5099999904632568,0.699999988079071,0.1899999976158142,0.057000001549720736,-0.057000001549720736,2.8175518572476952e-05,4,IND_FUA_09782
IND_FUA_09782,Kuchai Kot,110,140,1352.0,0.0,0.05999999865889549,0.49000000953674316,0.5899999737739563,0.14090001810193087,-0.14090001810193087,2.5401666217217613e-05,5,IND_FUA_09782
IND_FUA_09782,Kuchai Kot,256,417,327.0,1.2249200344085693,0.09000000357627869,0.8399999737739563,0.8199999928474426,0.06119999771118145,-0.06119999771118145,-2.3604523251589538e-05,6,IND_FUA_09782
IND_FUA_09782,Kuchai Kot,115,24,1695.0,0.0,0.1899999976158142,0.41999998688697815,0.30000001192092896,0.10399998819828049,-0.10399998819828049,2.3505931004398282e-05,7,IND_FUA_09782
IND_FUA_09782,Kuchai Kot,158,434,368.0,1.8249982595443726,0.019999999552965164,0.11999999731779099,0.550000011920929,0.033999997809529336,-0.033999997809529336,-2.2804920638506687e-05,8,IND_FUA_09782
IND_FUA_09782,Kuchai Kot,186,328,1152.0,0.0,0.12999999523162842,0.5799999833106995,0.5199999809265137,0.14840000782012908,-0.14840000782012908,2.2796116481190422e-05,9,IND_FUA_09782
IND_FUA_09782,Kuchai Kot,219,378,2840.0,1.0732687711715698,0.6000000238418579,0.6200000047683716,0.019999999552965164,0.007599981108307841,-0.007599981108307841,-2.1949984582530068e-05,10,IND_FUA_09782
IND_FUA_09794,Vijayawada,23,85,2090.0,3.649979591369629,0.0,0.30000001192092896,0.6100000143051147,0.1170000003576277,-0.1170000003576277,-0.0008737416380740976,1,IND_FUA_09794
IND_FUA_09794,Vijayawada,43,76,3329.0,3.1560051441192627,0.49000000953674316,0.5600000023841858,0.27000001072883606,-0.08120001380443576,0.08120001380443576,0.0007901866315983785,2,IND_FUA_09794
IND_FUA_09794,Vijayawada,38,60,2277.0,3.8010425567626953,0.25,0.4000000059604645,0.1599999964237213,0.08600000643730166,-0.08600000643730166,-0.0007386221455685164,3,IND_FUA_09794
IND_FUA_09794,Vijayawada,40,81,1121.0,3.6479814052581787,0.009999999776482582,0.23999999463558197,0.3199999928474426,0.1531999982923269,-0.1531999982923269,-0.0006131907429690359,4,IND_FUA_09794
IND_FUA_09794,Vijayawada,121,154,3162.0,2.5704879760742188,0.4000000059604645,0.7200000286102295,0.3499999940395355,0.06800001692771929,-0.06800001692771929,-0.0004628917264693125,5,IND_FUA_09794
IND_FUA_09794,Vijayawada,45,67,2127.0,2.7754948139190674,0.41999998688697815,0.41999998688697815,0.20999999344348907,-0.08819999449253091,0.08819999449253091,0.0004544753065287014,6,IND_FUA_09794
IND_FUA_09794,Vijayawada,45,77,2019.0,2.6565968990325928,0.10999999940395355,0.3799999952316284,0.44999998807907104,0.09900000250339502,-0.09900000250339502,-0.000452954422706453,7,IND_FUA_09794
IND_FUA_09794,Vijayawada,37,112,2015.0,2.769045829772949,0.33000001311302185,0.3499999940395355,0.3199999928474426,-0.09200001466274266,0.09200001466274266,0.00044752095941157094,8,IND_FUA_09794
IND_FUA_09794,Vijayawada,43,113,2159.0,2.6857516765594482,0.3700000047683716,0.5099999904632568,0.4399999976158142,-0.08440000889301302,0.08440000889301302,0.0004199215239892506,9,IND_FUA_09794
IND_FUA_09794,Vijayawada,43,53,3858.0,2.3274829387664795,0.20999999344348907,0.5899999737739563,0.550000011920929,0.05549998772144349,-0.05549998772144349,-0.0003925002166011915,10,IND_FUA_09794
IND_FUA_09834,Puducherry,196,124,1931.0,2.398966073989868,0.0,0.23000000417232513,0.44999998807907104,0.12650000503659253,-0.12650000503659253,-0.005688373398112937,1,IND_FUA_09834
IND_FUA_09834,Puducherry,203,110,2197.0,1.3877432346343994,0.05000000074505806,0.3799999952316284,0.44999998807907104,0.15900000116229052,-0.15900000116229052,-0.0038301529292765336,2,IND_FUA_09834
IND_FUA_09834,Puducherry,212,152,2541.0,2.7302074432373047,0.23000000417232513,0.47999998927116394,0.4099999964237213,0.05319999121427532,-0.05319999121427532,-0.003693628923055159,3,IND_FUA_09834
IND_FUA_09834,Puducherry,189,114,1710.0,2.823690414428711,0.15000000596046448,0.3499999940395355,0.3799999952316284,0.06699999201297757,-0.06699999201297757,-0.003260972546390604,4,IND_FUA_09834
IND_FUA_09834,Puducherry,149,132,2902.0,0.0,0.09000000357627869,0.4399999976158142,0.3799999952316284,0.1827999970436096,-0.1827999970436096,0.0031544275792563343,5,IND_FUA_09834
IND_FUA_09834,Puducherry,223,162,1714.0,2.4311020374298096,0.0,0.25999999046325684,0.7300000190734863,0.07019999246597308,-0.07019999246597308,-0.0028490867645806087,6,IND_FUA_09834
IND_FUA_09834,Puducherry,161,132,2628.0,2.9046719074249268,0.10999999940395355,0.3700000047683716,0.800000011920929,-0.036000002861023006,0.036000002861023006,0.0027861622048715373,7,IND_FUA_09834
IND_FUA_09834,Puducherry,144,114,2685.0,1.0350136756896973,0.11999999731779099,0.5400000214576721,0.49000000953674316,0.15540000847578028,-0.15540000847578028,-0.002781465301744568,8,IND_FUA_09834
IND_FUA_09834,Puducherry,165,100,1909.0,1.9056190252304077,0.0,0.28999999165534973,0.75,0.07249999791383743,-0.07249999791383743,-0.0023909376311838297,9,IND_FUA_09834
IND_FUA_09834,Puducherry,201,108,1550.0,1.8880442380905151,0.15000000596046448,0.2800000011920929,0.7699999809265137,-0.08560000034570692,0.08560000034570692,0.0022636648965251934,10,IND_FUA_09834
IND_FUA_09850,Chennai,666,353,2533.0,5.800743103027344,0.0,0.23999999463558197,0.6499999761581421,0.08400000384449946,-0.08400000384449946,-0.0005789874018671934,1,IND_FUA_09850
IND_FUA_09850,Chennai,329,334,1029.0,7.307889461517334,0.1599999964237213,0.38999998569488525,0.23000000417232513,0.1402999909341336,-0.1402999909341336,-0.000507034825464117,2,IND_FUA_09850
IND_FUA_09850,Chennai,425,327,2376.0,5.86906099319458,0.09000000357627869,0.30000001192092896,0.44999998807907104,0.07500000655651107,-0.07500000655651107,-0.0004913001545386309,3,IND_FUA_09850
IND_FUA_09850,Chennai,501,366,2936.0,4.175826549530029,0.0,0.4099999964237213,0.7900000214576721,0.08609999045133598,-0.08609999045133598,-0.00047232224011635324,4,IND_FUA_09850
IND_FUA_09850,Chennai,420,319,1234.0,5.36906099319458,0.05000000074505806,0.3700000047683716,0.4699999988079071,0.14610000222325326,-0.14610000222325326,-0.0004497495394315506,5,IND_FUA_09850
IND_FUA_09850,Chennai,568,366,3244.0,2.9878010749816895,0.05000000074505806,0.5199999809265137,0.6899999976158142,0.11119999458193774,-0.11119999458193774,-0.0004491082961086032,6,IND_FUA_09850
IND_FUA_09850,Chennai,534,358,1523.0,5.179765224456787,0.009999999776482582,0.23000000417232513,0.4699999988079071,0.11190000270903111,-0.11190000270903111,-0.0004082136618623776,7,IND_FUA_09850
IND_FUA_09850,Chennai,663,347,1731.0,4.400743007659912,0.029999999329447746,0.18000000715255737,0.23000000417232513,0.10860000542700288,-0.10860000542700288,-0.00037343012245858614,8,IND_FUA_09850
IND_FUA_09850,Chennai,587,352,2251.0,3.67677903175354,0.05000000074505806,0.28999999165534973,0.5,0.0949999950826168,-0.0949999950826168,-0.00034355275695219505,9,IND_FUA_09850
IND_FUA_09850,Chennai,452,352,2342.0,6.572137832641602,0.10999999940395355,0.6800000071525574,0.7699999809265137,0.04640001521110548,-0.04640001521110548,-0.00033969612662824013,10,IND_FUA_09850
IND_FUA_10007,Muzaffarpur,86,90,2359.0,2.211244821548462,0.15000000596046448,0.38999998569488525,0.33000001311302185,0.11129997934103031,-0.11129997934103031,-0.0005320143097322181,1,IND_FUA_10007
IND_FUA_10007,Muzaffarpur,188,125,1354.0,3.412384271621704,0.23999999463558197,0.46000000834465027,0.27000001072883606,0.09580000652074805,-0.09580000652074805,-0.00044390471610688235,2,IND_FUA_10007
IND_FUA_10007,Muzaffarpur,149,189,689.0,3.3757381439208984,0.15000000596046448,0.30000001192092896,0.1899999976158142,0.09300000441074374,-0.09300000441074374,-0.00021655544884393175,3,IND_FUA_10007
IND_FUA_10007,Muzaffarpur,221,258,982.0,2.74729585647583,0.14000000059604645,0.27000001072883606,0.18000000715255737,0.08140000627040855,-0.08140000627040855,-0.00021176820435890418,4,IND_FUA_10007
IND_FUA_10007,Muzaffarpur,175,202,1572.0,2.269016981124878,0.0,0.3700000047683716,0.8799999952316284,0.0444000023365021,-0.0444000023365021,-0.00014611433401199854,5,IND_FUA_10007
IND_FUA_10007,Muzaffarpur,84,87,1015.0,1.2227262258529663,0.03999999910593033,0.4399999976158142,0.5899999737739563,0.14040001145601266,-0.14040001145601266,-0.00012504419353361211,6,IND_FUA_10007
IND_FUA_10007,Muzaffarpur,183,170,635.0,1.7727669477462769,0.05000000074505806,0.25999999046325684,0.3499999940395355,0.11899999460577959,-0.11899999460577959,-0.00011460958021081838,7,IND_FUA_10007
IND_FUA_10007,Muzaffarpur,92,105,1930.0,0.078872449696064,0.18000000715255737,0.4099999964237213,0.25,0.1274999901652336,-0.1274999901652336,0.00011119542273802119,8,IND_FUA_10007
IND_FUA_10007,Muzaffarpur,124,191,339.0,3.8340494632720947,0.11999999731779099,0.550000011920929,0.6399999856948853,0.07800001484155672,-0.07800001484155672,-0.000103447580387961,9,IND_FUA_10007
IND_FUA_10007,Muzaffarpur,123,192,620.0,1.7331666946411133,0.03999999910593033,0.38999998569488525,0.6100000143051147,0.11209998973608037,-0.11209998973608037,-0.00010221519986086929,10,IND_FUA_10007
IND_FUA_10017,Patna,122,368,2264.0,6.572535514831543,0.11999999731779099,0.3400000035762787,0.28999999165534973,0.121400008058548,-0.121400008058548,-0.0021350094986742384,1,IND_FUA_10017
IND_FUA_10017,Patna,49,257,1187.0,10.740694046020508,0.05000000074505806,0.2800000011920929,0.3700000047683716,0.12639999867081642,-0.12639999867081642,-0.0020976214801952065,2,IND_FUA_10017
IND_FUA_10017,Patna,125,371,842.0,9.408719062805176,0.0,0.25,0.3499999940395355,0.16250000149011612,-0.16250000149011612,-0.0016412645128098752,3,IND_FUA_10017
IND_FUA_10017,Patna,50,262,782.0,7.6494879722595215,0.019999999552965164,0.27000001072883606,0.3499999940395355,0.15550000903010375,-0.15550000903010375,-0.001139785240844589,4,IND_FUA_10017
IND_FUA_10017,Patna,23,125,459.0,9.445632934570312,0.0,0.3700000047683716,0.5799999833106995,0.15540000817775734,-0.15540000817775734,-0.000859536555967164,5,IND_FUA_10017
IND_FUA_10017,Patna,144,386,349.0,9.288642883300781,0.009999999776482582,0.27000001072883606,0.3199999928474426,0.1736000094503165,-0.1736000094503165,-0.0007159118049482294,6,IND_FUA_10017
IND_FUA_10017,Patna,123,369,797.0,10.559036254882812,0.009999999776482582,0.10000000149011612,0.25999999046325684,0.06400000227987768,-0.06400000227987768,-0.0006993169375772284,7,IND_FUA_10017
IND_FUA_10017,Patna,53,271,485.0,11.439312934875488,0.009999999776482582,0.17000000178813934,0.46000000834465027,0.0817999997705221,-0.0817999997705221,-0.0005959690240333753,8,IND_FUA_10017
IND_FUA_10017,Patna,50,263,863.0,11.540132522583008,0.009999999776482582,0.05999999865889549,0.07999999821186066,0.04519999909698963,-0.04519999909698963,-0.0005918352345803207,9,IND_FUA_10017
IND_FUA_10017,Patna,81,325,1359.0,3.628455877304077,0.41999998688697815,0.4300000071525574,0.3100000023841858,-0.12329998297691347,0.12329998297691347,0.000566311465913326,10,IND_FUA_10017
IND_FUA_10065,Gaya,77,78,34.0,3.1827075481414795,0.0,0.1599999964237213,0.4699999988079071,0.08479999829530716,-0.08479999829530716,-5.254848211940113e-05,1,IND_FUA_10065
IND_FUA_10065,Gaya,52,62,2045.0,0.0,0.0,0.25999999046325684,0.5299999713897705,0.12220000295639011,-0.12220000295639011,3.27868572643146e-05,2,IND_FUA_10065
IND_FUA_10065,Gaya,206,82,1816.0,0.0,0.11999999731779099,0.33000001311302185,0.33000001311302185,0.10110000714063627,-0.10110000714063627,2.4088085925908834e-05,3,IND_FUA_10065
IND_FUA_10065,Gaya,206,80,1061.0,0.0,0.0,0.17000000178813934,0.23000000417232513,0.13090000066757201,-0.13090000066757201,1.8221758812663932e-05,4,IND_FUA_10065
IND_FUA_10065,Gaya,75,73,859.0,0.0,0.09000000357627869,0.5400000214576721,0.5400000214576721,0.15839999470710708,-0.15839999470710708,1.7851864748500958e-05,5,IND_FUA_10065
IND_FUA_10065,Gaya,102,93,2218.0,0.0,0.28999999165534973,0.3199999928474426,0.27000001072883606,-0.056400000309944076,0.056400000309944076,-1.6412544228520947e-05,6,IND_FUA_10065
IND_FUA_10065,Gaya,59,113,1445.0,0.0,0.6000000238418579,0.8199999928474426,0.3400000035762787,-0.058800031495094274,0.058800031495094274,-1.114758177930629e-05,7,IND_FUA_10065
IND_FUA_10065,Gaya,78,78,97.0,0.29663604497909546,0.0,0.2800000011920929,0.75,0.07000000029802322,-0.07000000029802322,-1.0726243129563284e-05,8,IND_FUA_10065
IND_FUA_10065,Gaya,101,96,1429.0,0.0,0.30000001192092896,0.4099999964237213,0.12999999523162842,0.05669998692274092,-0.05669998692274092,1.0630420618210544e-05,9,IND_FUA_10065
IND_FUA_10065,Gaya,195,94,432.0,0.0,0.05999999865889549,0.4399999976158142,0.4699999988079071,0.1732000006020069,-0.1732000006020069,9.816731151985656e-06,10,IND_FUA_10065
IND_FUA_10142,Visakhapatnam,198,213,822.0,1.0,0.09000000357627869,0.3700000047683716,0.28999999165534973,0.17270000289678578,-0.17270000289678578,-6.074439801234687e-05,1,IND_FUA_10142
IND_FUA_10142,Visakhapatnam,186,205,1045.0,1.0,0.019999999552965164,0.23999999463558197,0.36000001430511475,0.13359999358057983,-0.13359999358057983,-5.973994216345131e-05,2,IND_FUA_10142
IND_FUA_10142,Visakhapatnam,178,195,949.0,1.0,0.07000000029802322,0.3400000035762787,0.38999998569488525,0.13740000674724584,-0.13740000674724584,-5.5794968479458015e-05,3,IND_FUA_10142
IND_FUA_10142,Visakhapatnam,195,217,870.0,1.0,0.09000000357627869,0.49000000953674316,0.5799999833106995,0.11580000860691086,-0.11580000860691086,-4.3109195124499725e-05,4,IND_FUA_10142
IND_FUA_10142,Visakhapatnam,186,214,912.0,1.0,0.12999999523162842,0.3799999952316284,0.4300000071525574,0.08659999933242801,-0.08659999933242801,-3.379518258066977e-05,5,IND_FUA_10142
IND_FUA_10142,Visakhapatnam,192,187,462.0,1.0,0.10999999940395355,0.46000000834465027,0.38999998569488525,0.17060001226663601,-0.17060001226663601,-3.372586550071307e-05,6,IND_FUA_10142
IND_FUA_10142,Visakhapatnam,202,216,512.0,1.0,0.05000000074505806,0.18000000715255737,0.14000000059604645,0.10480000529885292,-0.10480000529885292,-2.296007676079258e-05,7,IND_FUA_10142
IND_FUA_10142,Visakhapatnam,191,208,567.0,1.0,0.029999999329447746,0.7200000286102295,0.8399999737739563,0.08520002413094119,-0.08520002413094119,-2.0671159915003984e-05,8,IND_FUA_10142
IND_FUA_10142,Visakhapatnam,172,172,427.0,1.0,0.10000000149011612,0.38999998569488525,0.4699999988079071,0.10669999139308928,-0.10669999139308928,-1.9495497823561165e-05,9,IND_FUA_10142
IND_FUA_10142,Visakhapatnam,196,230,284.0,1.0,0.0,0.44999998807907104,0.6899999976158142,0.1394999973773956,-0.1394999973773956,-1.6952533434509292e-05,10,IND_FUA_10142
IND_FUA_10152,Begusarai,114,162,2432.0,0.0,0.09000000357627869,0.5099999904632568,0.6299999952316284,0.0986999953269958,-0.0986999953269958,0.004369279748349465,1,IND_FUA_10152
IND_FUA_10152,Begusarai,113,150,720.0,3.3831429481506348,0.3400000035762787,0.4099999964237213,0.3400000035762787,-0.06940000740289687,0.06940000740289687,0.0024106585931277856,2,IND_FUA_10152
IND_FUA_10152,Begusarai,115,210,1590.0,0.24967177212238312,0.009999999776482582,0.18000000715255737,0.44999998807907104,0.08900000630319127,-0.08900000630319127,0.0018819067818006696,3,IND_FUA_10152
IND_FUA_10152,Begusarai,44,63,852.0,1.735964298248291,0.0,0.20000000298023224,0.3499999940395355,0.13000000312924387,-0.13000000312924387,-0.0017602761919176721,4,IND_FUA_10152
IND_FUA_10152,Begusarai,117,245,1568.0,1.8632006645202637,0.03999999910593033,0.3100000023841858,0.7099999785423279,0.04990000823736196,-0.04990000823736196,-0.0014390246274421598,5,IND_FUA_10152
IND_FUA_10152,Begusarai,114,161,912.0,0.0,0.0,0.3499999940395355,0.7699999809265137,0.08050000530481327,-0.08050000530481327,0.0013363490105359063,6,IND_FUA_10152
IND_FUA_10152,Begusarai,112,150,502.0,3.1823112964630127,0.0,0.12999999523162842,0.550000011920929,0.05849999630451208,-0.05849999630451208,-0.001300946801899166,7,IND_FUA_10152
IND_FUA_10152,Begusarai,127,132,512.0,2.9873571395874023,0.10999999940395355,0.5299999713897705,0.6899999976158142,0.054299992990493706,-0.054299992990493706,-0.001125148119392307,8,IND_FUA_10152
IND_FUA_10152,Begusarai,124,242,879.0,0.21097108721733093,0.07000000029802322,0.6899999976158142,0.7799999713897705,0.08180001891851418,-0.08180001891851418,0.0010108626804486106,9,IND_FUA_10152
IND_FUA_10152,Begusarai,42,29,705.0,0.0,0.029999999329447746,0.12999999523162842,0.20000000298023224,0.07399999646842481,-0.07399999646842481,0.0009496202456987069,10,IND_FUA_10152
IND_FUA_10168,Ranchi,128,172,542.0,1.0,0.05000000074505806,0.3799999952316284,0.8299999833106995,0.014600004786252896,-0.014600004786252896,-1.330553666684631e-05,1,IND_FUA_10168
IND_FUA_10168,Ranchi,108,101,2817.0,0.0,0.11999999731779099,0.41999998688697815,0.36000001430511475,0.14879998828172702,-0.14879998828172702,4.095641645969122e-08,2,IND_FUA_10168
IND_FUA_10168,Ranchi,188,258,1883.0,0.0,0.07000000029802322,0.5,0.5199999809265137,0.17000000923871994,-0.17000000923871994,3.127745957219016e-08,3,IND_FUA_10168
IND_FUA_10168,Ranchi,70,67,3332.0,0.0,0.05000000074505806,0.33000001311302185,0.6299999952316284,0.07210000568032271,-0.07210000568032271,2.3473210753702005e-08,4,IND_FUA_10168
IND_FUA_10168,Ranchi,72,72,3447.0,0.0,0.019999999552965164,0.5799999833106995,0.8500000238418579,0.06699998411536257,-0.06699998411536257,2.256566775669947e-08,5,IND_FUA_10168
IND_FUA_10168,Ranchi,121,200,1984.0,0.0,0.03999999910593033,0.3199999928474426,0.5799999833106995,0.09440000323057163,-0.09440000323057163,1.829978062044546e-08,6,IND_FUA_10168
IND_FUA_10168,Ranchi,113,193,1312.0,0.0,0.09000000357627869,0.30000001192092896,0.23999999463558197,0.1380000070929528,-0.1380000070929528,1.7690705393810053e-08,7,IND_FUA_10168
IND_FUA_10168,Ranchi,98,211,2357.0,0.0,0.4699999988079071,0.8199999928474426,0.5199999809265137,-0.07639998660087599,0.07639998660087599,-1.7594829849380375e-08,8,IND_FUA_10168
IND_FUA_10168,Ranchi,71,154,1382.0,0.0,0.0,0.20000000298023224,0.3700000047683716,0.12600000092387198,-0.12600000092387198,1.7014171172947436e-08,9,IND_FUA_10168
IND_FUA_10168,Ranchi,49,221,1472.0,0.0,0.15000000596046448,0.33000001311302185,0.20000000298023224,0.11400000354647633,-0.11400000354647633,1.6396263203066433e-08,10,IND_FUA_10168
IND_FUA_10243,Dhanbad,275,336,322.0,3.989333391189575,0.0,0.09000000357627869,0.27000001072883606,0.06570000164508816,-0.06570000164508816,-0.00019151888144672586,1,IND_FUA_10243
IND_FUA_10243,Dhanbad,103,298,342.0,1.0,0.05999999865889549,0.36000001430511475,0.6499999761581421,0.06600001493096386,-0.06600001493096386,-5.1175704543882454e-05,2,IND_FUA_10243
IND_FUA_10243,Dhanbad,247,316,575.0,1.0,0.05999999865889549,0.05999999865889549,0.25,-0.014999999664723873,0.014999999664723873,1.955477325761338e-05,3,IND_FUA_10243
IND_FUA_10243,Dhanbad,140,65,137.0,1.7522040605545044,0.0,0.029999999329447746,0.27000001072883606,0.02189999918863178,-0.02189999918863178,-1.1925322563292727e-05,4,IND_FUA_10243
IND_FUA_10243,Dhanbad,276,337,52.0,4.956698894500732,0.0,0.05000000074505806,0.6200000047683716,0.01900000004470348,-0.01900000004470348,-1.1113871150021081e-05,5,IND_FUA_10243
IND_FUA_10243,Dhanbad,94,296,110.0,1.0,0.0,0.029999999329447746,0.17000000178813934,0.02489999938979745,-0.02489999938979745,-6.20991580721311e-06,6,IND_FUA_10243
IND_FUA_10243,Dhanbad,220,253,534.0,3.922290802001953,0.029999999329447746,0.029999999329447746,0.03999999910593033,-0.0011999999463558203,0.0011999999463558203,5.7036126087819765e-06,7,IND_FUA_10243
IND_FUA_10243,Dhanbad,272,333,177.0,0.6871377825737,0.0,0.019999999552965164,0.38999998569488525,0.012200000013411039,-0.012200000013411039,-3.3622470831251334e-06,8,IND_FUA_10243
IND_FUA_10243,Dhanbad,188,91,77.0,2.209681987762451,0.0,0.009999999776482582,0.20999999344348907,0.007899999888986348,-0.007899999888986348,-3.049515580542759e-06,9,IND_FUA_10243
IND_FUA_10243,Dhanbad,261,304,12.0,5.643770694732666,0.0,0.019999999552965164,0.18000000715255737,0.01639999949038029,-0.01639999949038029,-2.5207124028771134e-06,10,IND_FUA_10243
IND_FUA_10285,Jamshedpur,95,108,645.0,4.436918258666992,0.0,0.20999999344348907,0.5,0.10499999672174454,-0.10499999672174454,-0.0034505564024410523,1,IND_FUA_10285
IND_FUA_10285,Jamshedpur,128,124,1753.0,0.653649628162384,0.12999999523162842,0.27000001072883606,0.23999999463558197,0.07520001437067991,-0.07520001437067991,-0.0007165987120061871,2,IND_FUA_10285
IND_FUA_10285,Jamshedpur,43,34,1267.0,1.0,0.3700000047683716,0.4000000059604645,0.2199999988079071,-0.057999999642372124,0.057999999642372124,0.0007056589597250341,3,IND_FUA_10285
IND_FUA_10285,Jamshedpur,69,97,262.0,5.524064540863037,0.0,0.23999999463558197,0.8299999833106995,0.040800003093480974,-0.040800003093480974,-0.0006844352148243717,4,IND_FUA_10285
IND_FUA_10285,Jamshedpur,139,128,377.0,2.4938690662384033,0.0,0.20999999344348907,0.7400000095367432,0.05459999629259116,-0.05459999629259116,-0.0005675929967825041,5,IND_FUA_10285
IND_FUA_10285,Jamshedpur,60,112,120.0,4.8571648597717285,0.0,0.11999999731779099,0.3199999928474426,0.08159999903440474,-0.08159999903440474,-0.00054840275752464,6,IND_FUA_10285
IND_FUA_10285,Jamshedpur,69,220,2550.0,0.0,0.3100000023841858,0.5899999737739563,0.33000001311302185,0.08529997230768238,-0.08529997230768238,0.0005280374089227947,7,IND_FUA_10285
IND_FUA_10285,Jamshedpur,66,118,157.0,6.3813300132751465,0.019999999552965164,0.07000000029802322,0.10999999940395355,0.04230000075399876,-0.04230000075399876,-0.0004937075561903817,8,IND_FUA_10285
IND_FUA_10285,Jamshedpur,60,191,2232.0,0.0,0.30000001192092896,0.8199999928474426,0.5299999713897705,0.08540000817775706,-0.08540000817775706,0.00046273007072399286,9,IND_FUA_10285
IND_FUA_10285,Jamshedpur,68,220,2677.0,0.0,0.4399999976158142,0.6899999976158142,0.25999999046325684,0.07060000720024107,-0.07060000720024107,0.0004588056286736401,10,IND_FUA_10285
IND_FUA_10313,Asansol,215,133,1099.0,2.1619625091552734,0.10000000149011612,0.6100000143051147,0.6200000047683716,0.13180000103712075,-0.13180000103712075,-0.002186744283897798,1,IND_FUA_10313
IND_FUA_10313,Asansol,166,119,667.0,1.0,0.05000000074505806,0.33000001311302185,0.6100000143051147,0.07869999964833241,-0.07869999964833241,-0.00036528411036848145,2,IND_FUA_10313
IND_FUA_10313,Asansol,174,126,424.0,1.0,0.0,0.14000000059604645,0.30000001192092896,0.09799999874830245,-0.09799999874830245,-0.00028914929881929114,3,IND_FUA_10313
IND_FUA_10313,Asansol,325,411,524.0,4.95385217666626,0.009999999776482582,0.019999999552965164,0.07000000029802322,0.008599999801814556,-0.008599999801814556,-0.00015614868323587087,4,IND_FUA_10313
IND_FUA_10313,Asansol,313,488,465.0,1.0,0.11999999731779099,0.33000001311302185,0.5,0.04500000923871994,-0.04500000923871994,-0.00014561153247158624,5,IND_FUA_10313
IND_FUA_10313,Asansol,174,127,232.0,1.0,0.0,0.30000001192092896,0.699999988079071,0.09000000715255752,-0.09000000715255752,-0.00014529837110781522,6,IND_FUA_10313
IND_FUA_10313,Asansol,142,61,410.0,1.0,0.05999999865889549,0.17000000178813934,0.4000000059604645,0.04200000140070914,-0.04200000140070914,-0.00011982939823160833,7,IND_FUA_10313
IND_FUA_10313,Asansol,165,122,384.0,1.0,0.019999999552965164,0.05999999865889549,0.14000000059604645,0.03159999925792217,-0.03159999925792217,-8.444005617085677e-05,8,IND_FUA_10313
IND_FUA_10313,Asansol,141,60,92.0,1.0,0.029999999329447746,0.10000000149011612,0.07000000029802322,0.06300000202655792,-0.06300000202655792,-4.033282179611077e-05,9,IND_FUA_10313
IND_FUA_10313,Asansol,140,151,112.0,0.7834609150886536,0.0,0.05000000074505806,0.07999999821186066,0.04600000077486038,-0.04600000077486038,-2.8037975113998037e-05,10,IND_FUA_10313
IND_FUA_10354,Bhubaneshwar,209,127,2197.0,2.376734733581543,0.09000000357627869,0.4300000071525574,0.699999988079071,0.03900000369548806,-0.03900000369548806,-0.0007080010400787345,1,IND_FUA_10354
IND_FUA_10354,Bhubaneshwar,203,87,2288.0,0.0,0.009999999776482582,0.36000001430511475,0.5,0.1700000073760748,-0.1700000073760748,0.0006113622898911451,2,IND_FUA_10354
IND_FUA_10354,Bhubaneshwar,57,60,2017.0,1.3304080963134766,0.0,0.1899999976158142,0.6800000071525574,0.06079999787807466,-0.06079999787807466,-0.00048236427704535377,3,IND_FUA_10354
IND_FUA_10354,Bhubaneshwar,160,115,2091.0,0.0,0.029999999329447746,0.46000000834465027,0.6200000047683716,0.1448000016480684,-0.1448000016480684,0.0004759006372100419,4,IND_FUA_10354
IND_FUA_10354,Bhubaneshwar,209,126,2086.0,2.5763978958129883,0.07999999821186066,0.28999999165534973,0.8100000023841858,-0.024900000488758067,0.024900000488758067,0.0004721070259201771,5,IND_FUA_10354
IND_FUA_10354,Bhubaneshwar,152,124,1745.0,1.245972752571106,0.12999999523162842,0.2199999988079071,0.10000000149011612,0.06800000336766243,-0.06800000336766243,-0.0004252760979277073,6,IND_FUA_10354
IND_FUA_10354,Bhubaneshwar,60,62,1970.0,1.031241536140442,0.09000000357627869,0.4000000059604645,0.5799999833106995,0.07800000560283671,-0.07800000560283671,-0.0004141814995783336,7,IND_FUA_10354
IND_FUA_10354,Bhubaneshwar,207,35,1827.0,0.0,0.03999999910593033,0.25,0.27000001072883606,0.14249999821186066,-0.14249999821186066,0.0004092108053890562,8,IND_FUA_10354
IND_FUA_10354,Bhubaneshwar,147,105,1227.0,0.0,0.0,0.550000011920929,0.6200000047683716,0.20900000190734858,-0.20900000190734858,0.0004030737719428174,9,IND_FUA_10354
IND_FUA_10354,Bhubaneshwar,225,54,1891.0,0.0,0.0,0.3499999940395355,0.6700000166893005,0.11549999219179163,-0.11549999219179163,0.00034329475677629816,10,IND_FUA_10354
IND_FUA_10432,Berhampore,129,15,1841.0,1.5161887407302856,0.019999999552965164,0.28999999165534973,0.6299999952316284,0.08729999874234196,-0.08729999874234196,-0.013191987601521434,1,IND_FUA_10432
IND_FUA_10432,Berhampore,217,106,1020.0,1.8128010034561157,0.03999999910593033,0.18000000715255737,0.15000000596046448,0.11300000590085979,-0.11300000590085979,-0.012677688584001125,2,IND_FUA_10432
IND_FUA_10432,Berhampore,94,81,169.0,5.495285987854004,0.0,0.30000001192092896,0.550000011920929,0.1350000017881392,-0.1350000017881392,-0.01041535233324968,3,IND_FUA_10432
IND_FUA_10432,Berhampore,49,51,913.0,2.6318469047546387,0.009999999776482582,0.05999999865889549,0.14000000059604645,0.041599999034404755,-0.041599999034404755,-0.007104847027123745,4,IND_FUA_10432
IND_FUA_10432,Berhampore,216,109,684.0,2.1857857704162598,0.03999999910593033,0.10000000149011612,0.05999999865889549,0.05400000242888928,-0.05400000242888928,-0.005359040630107195,5,IND_FUA_10432
IND_FUA_10432,Berhampore,194,93,469.0,0.002387755084782839,0.009999999776482582,0.5,0.6800000071525574,0.14999999664723873,-0.14999999664723873,0.0042468549562430305,6,IND_FUA_10432
IND_FUA_10432,Berhampore,201,120,1130.0,0.010423469357192516,0.0,0.05999999865889549,0.27000001072883606,0.04379999837726356,-0.04379999837726356,0.0029504045821539733,7,IND_FUA_10432
IND_FUA_10432,Berhampore,393,174,427.0,0.0,0.0,0.33000001311302185,0.6800000071525574,0.10560000183582297,-0.10560000183582297,0.0027321754014079064,8,IND_FUA_10432
IND_FUA_10432,Berhampore,328,139,575.0,0.0,0.0,0.5299999713897705,0.8600000143051147,0.07419998841285746,-0.07419998841285746,0.0025851661359900615,9,IND_FUA_10432
IND_FUA_10432,Berhampore,10,70,1049.0,1.3042925596237183,0.009999999776482582,0.05000000074505806,0.20999999344348907,0.029500001139938836,-0.029500001139938836,-0.0019230005047691798,10,IND_FUA_10432
IND_FUA_10441,Tamluk,87,191,1772.0,3.7916886806488037,0.47999998927116394,0.5899999737739563,0.28999999165534973,-0.06110000296831153,0.06110000296831153,0.0017270690571486963,1,IND_FUA_10441
IND_FUA_10441,Tamluk,128,262,2012.0,1.975477933883667,0.019999999552965164,0.3499999940395355,0.5899999737739563,0.12350000718235954,-0.12350000718235954,-0.0017012962817844945,2,IND_FUA_10441
IND_FUA_10441,Tamluk,137,238,2571.0,2.753720998764038,0.0,0.3799999952316284,0.8600000143051147,0.05319999389648444,-0.05319999389648444,-0.0014701050610897409,3,IND_FUA_10441
IND_FUA_10441,Tamluk,136,238,1104.0,2.7547364234924316,0.20999999344348907,0.5699999928474426,0.46000000834465027,0.09779999793767935,-0.09779999793767935,-0.001161042907366563,4,IND_FUA_10441
IND_FUA_10441,Tamluk,89,191,2064.0,1.991244912147522,0.7200000286102295,0.7200000286102295,0.07000000029802322,-0.050400002217292794,0.050400002217292794,0.0007204605123127765,5,IND_FUA_10441
IND_FUA_10441,Tamluk,71,263,1548.0,1.4464489221572876,0.0,0.20999999344348907,0.5299999713897705,0.09870000292658787,-0.09870000292658787,-0.0006408949234928187,6,IND_FUA_10441
IND_FUA_10441,Tamluk,84,141,936.0,5.350494861602783,0.2199999988079071,0.2199999988079071,0.10999999940395355,-0.024199999737739564,0.024199999737739564,0.0005383302687106165,7,IND_FUA_10441
IND_FUA_10441,Tamluk,122,297,1672.0,1.1207295656204224,0.25999999046325684,0.5099999904632568,0.25999999046325684,0.11740000734329215,-0.11740000734329215,-0.0005028653882898584,8,IND_FUA_10441
IND_FUA_10441,Tamluk,138,224,774.0,2.988988161087036,0.0,0.18000000715255737,0.699999988079071,0.05400000429153451,-0.05400000429153451,-0.0004985257695499268,9,IND_FUA_10441
IND_FUA_10441,Tamluk,340,241,625.0,1.6429200172424316,0.03999999910593033,0.20000000298023224,0.17000000178813934,0.12600000301003456,-0.12600000301003456,-0.00040789426290204655,10,IND_FUA_10441
IND_FUA_10452,Kolkata,422,322,809.0,7.369967460632324,0.0,0.3700000047683716,0.47999998927116394,0.19240000644922262,-0.19240000644922262,-0.0019705344137351355,1,IND_FUA_10452
IND_FUA_10452,Kolkata,288,350,780.0,8.025188446044922,0.009999999776482582,0.2199999988079071,0.2800000011920929,0.1483999991029501,-0.1483999991029501,-0.0016074716726909729,2,IND_FUA_10452
IND_FUA_10452,Kolkata,470,286,1217.0,4.281508445739746,0.0,0.6200000047683716,0.699999988079071,0.18600000882148748,-0.18600000882148748,-0.0015562126966915824,3,IND_FUA_10452
IND_FUA_10452,Kolkata,276,346,734.0,8.050512313842773,0.0,0.23999999463558197,0.3799999952316284,0.14879999781846998,-0.14879999781846998,-0.0015219300739694607,4,IND_FUA_10452
IND_FUA_10452,Kolkata,692,361,802.0,6.1412787437438965,0.03999999910593033,0.3799999952316284,0.41999998688697815,0.1804000031113624,-0.1804000031113624,-0.0014986669225785676,5,IND_FUA_10452
IND_FUA_10452,Kolkata,334,331,959.0,7.137470722198486,0.029999999329447746,0.4099999964237213,0.6200000047683716,0.12579999735653402,-0.12579999735653402,-0.0014747799917926522,6,IND_FUA_10452
IND_FUA_10452,Kolkata,498,304,1597.0,4.681163311004639,0.019999999552965164,0.20000000298023224,0.30000001192092896,0.12000000014901158,-0.12000000014901158,-0.001460964017183868,7,IND_FUA_10452
IND_FUA_10452,Kolkata,507,376,947.0,6.216430187225342,0.009999999776482582,0.3499999940395355,0.5899999737739563,0.13350000695884212,-0.13350000695884212,-0.0013273566152334553,8,IND_FUA_10452
IND_FUA_10452,Kolkata,575,391,895.0,5.986807823181152,0.05999999865889549,0.28999999165534973,0.28999999165534973,0.14589999783635133,-0.14589999783635133,-0.001314827542503624,9,IND_FUA_10452
IND_FUA_10452,Kolkata,492,369,694.0,6.417256832122803,0.019999999552965164,0.30000001192092896,0.3799999952316284,0.16600000926852232,-0.16600000926852232,-0.0012528866094858558,10,IND_FUA_10452
IND_FUA_10453,Kolkata,110,283,2739.0,1.840549349784851,0.23999999463558197,0.2800000011920929,0.25999999046325684,-0.03279999108314513,0.03279999108314513,0.009674543270984751,1,IND_FUA_10453
IND_FUA_10453,Kolkata,265,171,1782.0,0.0,0.15000000596046448,0.25999999046325684,0.12999999523162842,0.07619998698234554,-0.07619998698234554,0.0046104768631551486,2,IND_FUA_10453
IND_FUA_10453,Kolkata,102,291,2112.0,1.4409421682357788,0.4699999988079071,0.5199999809265137,0.05000000074505806,0.023999982684850707,-0.023999982684850707,-0.0038996940529829136,3,IND_FUA_10453
IND_FUA_10453,Kolkata,279,35,969.0,0.0,0.05000000074505806,0.17000000178813934,0.18000000715255737,0.08939999950528144,-0.08939999950528144,0.0029413353571354495,4,IND_FUA_10453
IND_FUA_10453,Kolkata,275,38,874.0,0.0,0.3100000023841858,0.6299999952316284,0.3700000047683716,0.08689999160766604,-0.08689999160766604,0.0025787807356632006,5,IND_FUA_10453
IND_FUA_10453,Kolkata,286,40,452.0,0.0,0.019999999552965164,0.3400000035762787,0.49000000953674316,0.15339999902844426,-0.15339999902844426,0.002354219983094881,6,IND_FUA_10453
IND_FUA_10453,Kolkata,384,100,312.0,1.8437397480010986,0.0,0.09000000357627869,0.25,0.06750000268220901,-0.06750000268220901,-0.002273066441557826,7,IND_FUA_10453
IND_FUA_10453,Kolkata,230,103,532.0,0.0,0.09000000357627869,0.3700000047683716,0.44999998807907104,0.11350000345706945,-0.11350000345706945,0.002050174167964841,8,IND_FUA_10453
IND_FUA_10453,Kolkata,275,39,1715.0,0.0,0.3199999928474426,0.38999998569488525,0.09000000357627869,0.03489999274015432,-0.03489999274015432,0.002032229311694145,9,IND_FUA_10453
IND_FUA_10453,Kolkata,77,197,1112.0,0.0,0.019999999552965164,0.09000000357627869,0.18000000715255737,0.05380000273585317,-0.05380000273585317,0.0020312825379139913,10,IND_FUA_10453
IND_FUA_10496,Guwahati,17,197,2055.0,4.269158363342285,0.3700000047683716,0.41999998688697815,0.30000001192092896,-0.07600001895427688,0.07600001895427688,0.005321658463361295,1,IND_FUA_10496
IND_FUA_10496,Guwahati,73,201,850.0,8.65559196472168,0.0,0.12999999523162842,0.4099999964237213,0.07669999765157698,-0.07669999765157698,-0.005302595085392684,2,IND_FUA_10496
IND_FUA_10496,Guwahati,37,194,2772.0,4.036639213562012,0.41999998688697815,0.5099999904632568,0.09000000357627869,0.044100002610683475,-0.044100002610683475,-0.0038591164371558026,3,IND_FUA_10496
IND_FUA_10496,Guwahati,86,227,1517.0,0.0,0.05999999865889549,0.5099999904632568,0.49000000953674316,0.20009999161362657,-0.20009999161362657,0.0036192745365148274,4,IND_FUA_10496
IND_FUA_10496,Guwahati,87,336,2307.0,2.6582720279693604,0.009999999776482582,0.3499999940395355,0.75,0.0774999987334013,-0.0774999987334013,-0.002989014557155139,5,IND_FUA_10496
IND_FUA_10496,Guwahati,19,196,1599.0,4.366396427154541,0.23999999463558197,0.6100000143051147,0.6899999976158142,-0.05089998874664303,0.05089998874664303,0.0028585097023997945,6,IND_FUA_10496
IND_FUA_10496,Guwahati,46,209,1759.0,2.352848529815674,0.15000000596046448,0.3799999952316284,0.28999999165534973,0.11979999382495876,-0.11979999382495876,-0.0028294636816237474,7,IND_FUA_10496
IND_FUA_10496,Guwahati,52,205,3235.0,3.3532824516296387,0.550000011920929,0.6200000047683716,0.17000000178813934,-0.03540000907182694,0.03540000907182694,0.002772047443947552,8,IND_FUA_10496
IND_FUA_10496,Guwahati,45,208,4560.0,2.352367401123047,0.33000001311302185,0.5899999737739563,0.3700000047683716,0.04169996755123151,-0.04169996755123151,-0.002552197904129441,9,IND_FUA_10496
IND_FUA_10496,Guwahati,109,290,1452.0,0.0,0.019999999552965164,0.38999998569488525,0.5899999737739563,0.13990000481009446,-0.13990000481009446,0.0024219948865742023,10,IND_FUA_10496
IND_FUA_10533,Imphal,244,167,3567.0,2.5804269313812256,0.09000000357627869,0.41999998688697815,0.33000001311302185,0.19139998213052767,-0.19139998213052767,-0.012130095834018619,1,IND_FUA_10533
IND_FUA_10533,Imphal,87,143,2197.0,2.6285526752471924,0.12999999523162842,0.33000001311302185,0.3199999928474426,0.09440001604557047,-0.09440001604557047,-0.0037628495020405805,2,IND_FUA_10533
IND_FUA_10533,Imphal,233,161,474.0,4.423154830932617,0.029999999329447746,0.28999999165534973,0.44999998807907104,0.1294999995380639,-0.1294999995380639,-0.001974393962916386,3,IND_FUA_10533
IND_FUA_10533,Imphal,232,161,499.0,4.416459083557129,0.0,0.23999999463558197,0.5199999809265137,0.11520000200271596,-0.11520000200271596,-0.0018460003760431005,4,IND_FUA_10533
IND_FUA_10533,Imphal,260,177,575.0,4.9672040939331055,0.0,0.33000001311302185,0.7599999904632568,0.07920000629425061,-0.07920000629425061,-0.0016583860308967795,5,IND_FUA_10533
IND_FUA_10533,Imphal,331,242,227.0,7.767984867095947,0.009999999776482582,0.30000001192092896,0.6800000071525574,0.08600000189244739,-0.08600000189244739,-0.001138125142136627,6,IND_FUA_10533
IND_FUA_10533,Imphal,86,144,762.0,2.6285934448242188,0.009999999776482582,0.11999999731779099,0.23999999463558197,0.08119999882876872,-0.08119999882876872,-0.0011226214680637781,7,IND_FUA_10533
IND_FUA_10533,Imphal,239,164,842.0,1.77384352684021,0.009999999776482582,0.550000011920929,0.7900000214576721,0.10549999092519258,-0.10549999092519258,-0.0010184526616028387,8,IND_FUA_10533
IND_FUA_10533,Imphal,121,160,992.0,1.5069166421890259,0.0,0.20000000298023224,0.5099999904632568,0.09800000336766246,-0.09800000336766246,-0.000911833276917991,9,IND_FUA_10533
IND_FUA_10533,Imphal,230,159,724.0,2.1066393852233887,0.009999999776482582,0.4699999988079071,0.7900000214576721,0.08869998988807204,-0.08869998988807204,-0.0009032580920196912,10,IND_FUA_10533
IND_FUA_09562,Varanasi,226,194,1842.0,9.044127464294434,0.12999999523162842,0.3499999940395355,0.25,0.13250000029802322,-0.13250000029802322,-2.5573142740751772e-05,1,ALL91_POOLED
IND_FUA_10017,Patna,122,368,2264.0,6.572535514831543,0.11999999731779099,0.3400000035762787,0.28999999165534973,0.121400008058548,-0.121400008058548,-2.0753265909911287e-05,2,ALL91_POOLED
IND_FUA_02091,Srinagar,176,154,1387.0,5.986212730407715,0.019999999552965164,0.38999998569488525,0.4000000059604645,0.21399998953938493,-0.21399998953938493,-2.035090652527004e-05,3,ALL91_POOLED
IND_FUA_10533,Imphal,244,167,3567.0,2.5804269313812256,0.09000000357627869,0.41999998688697815,0.33000001311302185,0.19139998213052767,-0.19139998213052767,-1.927132055767312e-05,4,ALL91_POOLED
IND_FUA_08900,Kochi,563,351,1422.0,7.2363433837890625,0.03999999910593033,0.38999998569488525,0.49000000953674316,0.15889998987913145,-0.15889998987913145,-1.8837827851550237e-05,5,ALL91_POOLED
IND_FUA_05991,Ahmedabad,311,194,1511.0,16.851285934448242,0.0,0.17000000178813934,0.6299999952316284,0.06290000147223473,-0.06290000147223473,-1.8746468620553068e-05,6,ALL91_POOLED
IND_FUA_10017,Patna,49,257,1187.0,10.740694046020508,0.05000000074505806,0.2800000011920929,0.3700000047683716,0.12639999867081642,-0.12639999867081642,-1.8735599316194785e-05,7,ALL91_POOLED
IND_FUA_08848,Lucknow,266,243,3589.0,4.892790794372559,0.5299999713897705,0.7699999809265137,0.4300000071525574,-0.09109998776912676,0.09109998776912676,1.818331331547331e-05,8,ALL91_POOLED
IND_FUA_09282,Prayagraj,105,170,637.0,15.08652400970459,0.17000000178813934,0.5,0.3400000035762787,0.1599999964237213,-0.1599999964237213,-1.7972905094237456e-05,9,ALL91_POOLED
IND_FUA_05991,Ahmedabad,326,198,1690.0,10.412431716918945,0.05000000074505806,0.20999999344348907,0.36000001430511475,0.08439999205470095,-0.08439999205470095,-1.725689774695477e-05,10,ALL91_POOLED
