unit_key,eFUA_name,positive_cells,ghsl_valid_cells,ghsl_added_surface_m2,joint_screened_surface_m2,pair_covered_ghsl_g_m2,pair_covered_joint_m2,pair_coverage_g_weighted,g_weighted_new_built_fraction,joint_weighted_new_built_fraction,g_allocated_new_built_m2,joint_allocated_new_built_m2,g_covered_new_built_fraction,joint_covered_new_built_fraction,g_weighted_stable_built_fraction,joint_weighted_stable_built_fraction,g_allocated_stable_built_m2,joint_allocated_stable_built_m2,g_covered_stable_built_fraction,joint_covered_stable_built_fraction,g_weighted_absent_both_fraction,joint_weighted_absent_both_fraction,g_allocated_absent_both_m2,joint_allocated_absent_both_m2,g_covered_absent_both_fraction,joint_covered_absent_both_fraction,g_weighted_built_loss_fraction,joint_weighted_built_loss_fraction,g_allocated_built_loss_m2,joint_allocated_built_loss_m2,g_covered_built_loss_fraction,joint_covered_built_loss_fraction,g_weighted_missing_pair_fraction,joint_weighted_missing_pair_fraction,g_allocated_missing_pair_m2,joint_allocated_missing_pair_m2,glad_new_class_area_within_fua_m2,positive_control_cells,positive_cellarea_new_fraction_covered,zero_change_control_cells,zero_change_cellarea_new_fraction_covered,new_class_enrichment_positive_vs_zero,native_windows,aligned_raster,formula_version,elapsed_seconds,completed_utc,source_manifests,raw_ghsl_negative_change_cells,positive_pair_covered_cell_equivalents,positive_glad_new_class_area_m2,zero_change_pair_covered_cell_equivalents,zero_change_glad_new_class_area_m2,glad_new_class_fraction_in_positive_ghsl_cells
IND_FUA_02091,Srinagar,3576,40200,628655.0,33105.02041275444,628655.0,33105.02041275445,1.0,0.08319083061291525,0.08847469346736554,52298.33161896224,2928.9565332493285,0.08319083061291525,0.08847469346736553,0.7056220322457167,0.785360642671409,443592.81868143106,25999.380107010944,0.7056220322457167,0.7853606426714089,0.21118713731060834,0.12616466550618666,132763.84980600048,4176.683826950645,0.21118713731060834,0.12616466550618663,0.0,0.0,0.0,0.0,0.0,0.0,0.0,0.0,0.0,0.0,13534544.24491444,3576,0.09523682062606939,36624,0.02765638799510212,3.4435740720348442,2,D:\MLWork\IUFEE_revision_20261005\datasets\glad_aligned\IND_FUA_02091_GLADv2_2015_2020_pair_fractions.tif,GLADpair_v2_joint_s_endpoint_support,17.571,2026-10-04T16:51:39.519773+00:00,"['F:\\AcademicData\\IUFEE_revision_20261005\\raw\\GLAD_v2_native_windows_20261005\\IND_FUA_02091_GLADv2_2015_40N_070E_r23106c18401_h1047w1566_native_20261005.json', 'F:\\AcademicData\\IUFEE_revision_20261005\\raw\\GLAD_v2_native_windows_20261005\\IND_FUA_02091_GLADv2_2020_40N_070E_r23106c18401_h1047w1566_native_20261005.json']",0,3576.0,3405668.705588241,36624.0,10128875.5393262,0.25162788225158816
IND_FUA_03357,Jammu,8365,34500,2691946.0,486460.57920271874,2691946.0,486460.5792027188,1.0,0.04730370029325141,0.039648376766701694,127339.00678961696,19287.372326377324,0.04730370029325141,0.039648376766701694,0.8414036550437193,0.920778192974626,2265013.20358032,447922.2930716693,0.8414036550437193,0.9207781929746259,0.11129264476570658,0.03957343037207445,299593.78990646475,19250.913859837798,0.11129264476570658,0.03957343037207444,0.0,0.0,0.0,0.0,0.0,0.0,0.0,0.0,0.0,0.0,12977983.73820062,8365,0.07288468565560115,26135,0.02632936591968465,2.7681899320298595,2,D:\MLWork\IUFEE_revision_20261005\datasets\glad_aligned\IND_FUA_03357_GLADv2_2015_2020_pair_fractions.tif,GLADpair_v2_joint_s_endpoint_support,10.051,2026-10-04T16:52:17.335923+00:00,"['F:\\AcademicData\\IUFEE_revision_20261005\\raw\\GLAD_v2_native_windows_20261005\\IND_FUA_03357_GLADv2_2015_40N_070E_r28687c18529_h1007w1995_native_20261005.json', 'F:\\AcademicData\\IUFEE_revision_20261005\\raw\\GLAD_v2_native_windows_20261005\\IND_FUA_03357_GLADv2_2020_40N_070E_r28687c18529_h1007w1995_native_20261005.json']",0,8365.0,6096803.955091036,26135.0,6881179.783109583,0.4697805204629074
IND_FUA_03722,Rajkot,7272,32300,2602277.0,677966.912633883,2602277.0,677966.9126338828,1.0,0.30980709562942704,0.4315685127515474,806203.8793932585,292589.17218016315,0.30980709562942704,0.4315685127515475,0.3694142415647872,0.3464473504687228,961318.1842964897,234879.84058746885,0.3694142415647872,0.3464473504687229,0.3207786636683151,0.22198413825431781,834754.938554792,150497.9008659729,0.3207786636683151,0.22198413825431787,0.0,0.0,0.0,0.0,0.0,0.0,0.0,0.0,0.0,0.0,22134626.68507895,7272,0.137410256309354,25028,0.0485142753966067,2.8323674874254654,2,D:\MLWork\IUFEE_revision_20261005\datasets\glad_aligned\IND_FUA_03722_GLADv2_2015_2020_pair_fractions.tif,GLADpair_v2_joint_s_endpoint_support,8.64,2026-10-04T16:51:08.025389+00:00,"['F:\\AcademicData\\IUFEE_revision_20261005\\raw\\GLAD_v2_native_windows_20261005\\IND_FUA_03722_GLADv2_2015_30N_070E_r30514c2613_h705w1146_native_20261005.json', 'F:\\AcademicData\\IUFEE_revision_20261005\\raw\\GLAD_v2_native_windows_20261005\\IND_FUA_03722_GLADv2_2020_30N_070E_r30514c2613_h705w1146_native_20261005.json']",0,7272.0,9992473.838816222,25028.0,12142152.846262725,0.4514408117645008
IND_FUA_04396,Amritsar,14794,43100,7248249.0,911182.7058475872,7248249.0,911182.7058475873,1.0,0.09006459170703202,0.12924650250014863,652810.5867759031,117767.17786942238,0.09006459170703202,0.12924650250014863,0.7241147035660683,0.7878862248250218,5248563.676008051,717908.3022361038,0.7241147035660683,0.7878862248250217,0.18582070495105793,0.08286727267968154,1346874.7388408007,75507.22574648206,0.18582070495105793,0.08286727267968153,0.0,0.0,0.0,0.0,0.0,0.0,0.0,0.0,0.0,0.0,16598753.169556804,14794,0.06390653504061497,28306,0.025239950454491004,2.5319596072837744,2,D:\MLWork\IUFEE_revision_20261005\datasets\glad_aligned\IND_FUA_04396_GLADv2_2015_2020_pair_fractions.tif,GLADpair_v2_joint_s_endpoint_support,9.956,2026-10-04T16:51:18.263069+00:00,"['F:\\AcademicData\\IUFEE_revision_20261005\\raw\\GLAD_v2_native_windows_20261005\\IND_FUA_04396_GLADv2_2015_40N_070E_r32998c18562_h899w1909_native_20261005.json', 'F:\\AcademicData\\IUFEE_revision_20261005\\raw\\GLAD_v2_native_windows_20261005\\IND_FUA_04396_GLADv2_2020_40N_070E_r32998c18562_h899w1909_native_20261005.json']",0,14794.0,9454332.79390858,28306.0,7144420.375648224,0.5695809014889409
IND_FUA_05324,Jodhpur,12265,40800,5353498.0,1405691.347941557,5353498.0,1405691.3479415572,1.0,0.15814887076114406,0.19566153911917455,846649.6633220431,275039.73266475217,0.15814887076114406,0.19566153911917453,0.50511861195736,0.5323928017214135,2704151.4788765027,748379.9550861557,0.50511861195736,0.5323928017214133,0.33673251726006365,0.27194565973712637,1802696.8576867161,382271.6610027371,0.33673251726006365,0.2719456597371263,0.0,0.0,0.0,0.0,0.0,0.0,0.0,0.0,0.0,0.0,27524501.331103075,12265,0.12770879515058098,28535,0.04156655898329882,3.0723927665480697,2,D:\MLWork\IUFEE_revision_20261005\datasets\glad_aligned\IND_FUA_05324_GLADv2_2015_2020_pair_fractions.tif,GLADpair_v2_joint_s_endpoint_support,10.345,2026-10-04T16:50:28.440541+00:00,"['F:\\AcademicData\\IUFEE_revision_20261005\\raw\\GLAD_v2_native_windows_20261005\\IND_FUA_05324_GLADv2_2015_30N_070E_r14353c11414_h1185w1362_native_20261005.json', 'F:\\AcademicData\\IUFEE_revision_20261005\\raw\\GLAD_v2_native_windows_20261005\\IND_FUA_05324_GLADv2_2020_30N_070E_r14353c11414_h1185w1362_native_20261005.json']",0,12265.0,15663483.725218758,28535.0,11861017.60588432,0.5690742054432354
IND_FUA_05617,Jalandhar,8785,36900,2645259.0,343699.97890198865,2645259.0,343699.97890198865,1.0,0.05805436032795159,0.08090671430241454,153568.8191467569,27807.6359987691,0.05805436032795159,0.08090671430241454,0.6902790628233041,0.8247390707814033,1825966.9034449104,283462.80122721405,0.6902790628233041,0.8247390707814033,0.25166657646826474,0.09435421438925642,665723.2764018655,32429.541494901147,0.25166657646826474,0.09435421438925642,0.0,0.0,0.0,0.0,0.0,0.0,0.0,0.0,0.0,0.0,7506364.747255684,8785,0.0387934853361685,28115,0.01457711919072837,2.6612587047269742,2,D:\MLWork\IUFEE_revision_20261005\datasets\glad_aligned\IND_FUA_05617_GLADv2_2015_2020_pair_fractions.tif,GLADpair_v2_joint_s_endpoint_support,10.832,2026-10-04T16:51:56.134383+00:00,"['F:\\AcademicData\\IUFEE_revision_20261005\\raw\\GLAD_v2_native_windows_20261005\\IND_FUA_05617_GLADv2_2015_40N_070E_r34167c21486_h932w1701_native_20261005.json', 'F:\\AcademicData\\IUFEE_revision_20261005\\raw\\GLAD_v2_native_windows_20261005\\IND_FUA_05617_GLADv2_2020_40N_070E_r34167c21486_h932w1701_native_20261005.json']",0,8785.0,3408007.686782403,28115.0,4098357.0604732814,0.45401573218625774
IND_FUA_05991,Ahmedabad,21864,113300,7574231.0,2388671.0647139396,7574231.0,2388671.0647139396,1.0,0.22233517991848337,0.2979632037282165,1684018.0121291543,711736.0830950554,0.22233517991848337,0.2979632037282165,0.6044606575604872,0.6537865424305987,4578324.6507750265,1561680.9964033435,0.6044606575604872,0.6537865424305987,0.1732041625962911,0.04825025415264139,1311888.3376658685,115253.98595950809,0.1732041625962911,0.04825025415264139,0.0,0.0,0.0,0.0,0.0,0.0,0.0,0.0,0.0,0.0,58230571.12602613,21864,0.13247502665537503,91436,0.032007339885925606,4.1388952386395435,2,D:\MLWork\IUFEE_revision_20261005\datasets\glad_aligned\IND_FUA_05991_GLADv2_2015_2020_pair_fractions.tif,GLADpair_v2_joint_s_endpoint_support,21.51,2026-10-04T16:44:20.929865+00:00,"['F:\\AcademicData\\IUFEE_revision_20261005\\raw\\GLAD_v2_native_windows_20261005\\IND_FUA_05991_GLADv2_2015_30N_070E_r26843c9209_h1841w2384_native_20261005.json', 'F:\\AcademicData\\IUFEE_revision_20261005\\raw\\GLAD_v2_native_windows_20261005\\IND_FUA_05991_GLADv2_2020_30N_070E_r26843c9209_h1841w2384_native_20261005.json']",0,21864.0,28964339.8279312,91436.0,29266231.298094936,0.49740779229598864
IND_FUA_06065,Ludhiana,12561,62700,4419355.0,680085.5151560602,4419355.0,680085.5151560601,1.0,0.12507714702349998,0.16621656497662127,552760.3150840397,113041.47821959623,0.12507714702349998,0.1662165649766213,0.6444012796350886,0.696393319778001,2847838.017161727,473607.00963246083,0.6444012796350886,0.6963933197780012,0.2305215733560703,0.13739011541045926,1018756.667819016,93437.02741627276,0.2305215733560703,0.13739011541045928,0.0,0.0,0.0,0.0,0.0,0.0,0.0,0.0,0.0,0.0,22658375.76355204,12561,0.082420134220424,50139,0.02454293604604117,3.358201890181699,2,D:\MLWork\IUFEE_revision_20261005\datasets\glad_aligned\IND_FUA_06065_GLADv2_2015_2020_pair_fractions.tif,GLADpair_v2_joint_s_endpoint_support,18.317,2026-10-04T16:48:10.173742+00:00,"['F:\\AcademicData\\IUFEE_revision_20261005\\raw\\GLAD_v2_native_windows_20261005\\IND_FUA_06065_GLADv2_2015_40N_070E_r35849c22550_h1103w2302_native_20261005.json', 'F:\\AcademicData\\IUFEE_revision_20261005\\raw\\GLAD_v2_native_windows_20261005\\IND_FUA_06065_GLADv2_2020_40N_070E_r35849c22550_h1103w2302_native_20261005.json']",0,12561.0,10352793.059427459,50139.0,12305582.704124581,0.45690799585382563
IND_FUA_06611,Surat,8394,68000,3596650.0,1098549.2565860106,3596650.0,1098549.2565860106,1.0,0.264719023943699,0.3702134816628017,952101.6774671051,406697.7450587895,0.264719023943699,0.3702134816628017,0.5933730211035629,0.5418588224046269,2134155.0763521297,595258.606527174,0.5933730211035629,0.5418588224046269,0.14190795469239226,0.0879276958014911,510393.24524439266,96592.90485604893,0.14190795469239226,0.0879276958014911,0.0,0.0,0.0,0.0,0.0,0.0,0.0,0.0,0.0,0.0,26423920.355663717,8394,0.1401402742181987,59606,0.024595755020951113,5.697742317681431,2,D:\MLWork\IUFEE_revision_20261005\datasets\glad_aligned\IND_FUA_06611_GLADv2_2015_2020_pair_fractions.tif,GLADpair_v2_joint_s_endpoint_support,13.333,2026-10-04T16:45:00.013572+00:00,"['F:\\AcademicData\\IUFEE_revision_20261005\\raw\\GLAD_v2_native_windows_20261005\\IND_FUA_06611_GLADv2_2015_30N_070E_r34608c10430_h1068w1789_native_20261005.json', 'F:\\AcademicData\\IUFEE_revision_20261005\\raw\\GLAD_v2_native_windows_20261005\\IND_FUA_06611_GLADv2_2020_30N_070E_r34608c10430_h1068w1789_native_20261005.json']",0,8394.0,11763374.617875597,59606.0,14660545.73778812,0.4451790067310821
IND_FUA_06651,Vadodara,8550,59100,3106926.0,1144800.8434170638,3106926.0,1144800.8434170636,1.0,0.19590827007320025,0.24090656460775564,608672.4979054477,275790.03834766604,0.19590827007320025,0.2409065646077557,0.6298875638835497,0.6508090168848484,1957014.0493064616,745046.7114332046,0.6298875638835497,0.6508090168848485,0.17420416563104923,0.10828441781783309,541239.4515074133,123964.09284678104,0.17420416563104923,0.1082844178178331,0.0,0.0,0.0,0.0,0.0,0.0,0.0,0.0,0.0,0.0,20341746.031375114,8550,0.09836244766195189,50550,0.02360387093230114,4.167216807110482,2,D:\MLWork\IUFEE_revision_20261005\datasets\glad_aligned\IND_FUA_06651_GLADv2_2015_2020_pair_fractions.tif,GLADpair_v2_joint_s_endpoint_support,22.314,2026-10-04T16:47:27.467287+00:00,"['F:\\AcademicData\\IUFEE_revision_20261005\\raw\\GLAD_v2_native_windows_20261005\\IND_FUA_06651_GLADv2_2015_30N_070E_r30080c11757_h1338w1694_native_20261005.json', 'F:\\AcademicData\\IUFEE_revision_20261005\\raw\\GLAD_v2_native_windows_20261005\\IND_FUA_06651_GLADv2_2020_30N_070E_r30080c11757_h1338w1694_native_20261005.json']",0,8550.0,8409989.275096886,50550.0,11931756.756278228,0.41343497564689463
IND_FUA_06781,Chandigarh,15456,76900,6519940.0,1711764.101769615,6519940.0,1711764.101769615,1.0,0.19463110946942033,0.27813965135703766,1268983.1558740523,476109.47047169344,0.19463110946942033,0.27813965135703766,0.6698846300850507,0.6705402300521001,4367607.595076726,1147806.694595524,0.6698846300850507,0.6705402300521001,0.13548426047020512,0.051320118527603244,883349.2492101092,87847.93659411294,0.13548426047020512,0.051320118527603244,0.0,0.0,0.0,0.0,0.0,0.0,0.0,0.0,0.0,0.0,29035437.052825328,15456,0.10020696803814463,61444,0.022048447485270642,4.5448536957120185,2,D:\MLWork\IUFEE_revision_20261005\datasets\glad_aligned\IND_FUA_06781_GLADv2_2015_2020_pair_fractions.tif,GLADpair_v2_joint_s_endpoint_support,23.767,2026-10-04T16:47:05.150425+00:00,"['F:\\AcademicData\\IUFEE_revision_20261005\\raw\\GLAD_v2_native_windows_20261005\\IND_FUA_06781_GLADv2_2015_40N_070E_r36604c25636_h1204w2702_native_20261005.json', 'F:\\AcademicData\\IUFEE_revision_20261005\\raw\\GLAD_v2_native_windows_20261005\\IND_FUA_06781_GLADv2_2020_40N_070E_r36604c25636_h1204w2702_native_20261005.json']",0,15456.0,15487988.979975635,61444.0,13547448.072849693,0.5334167676483643
IND_FUA_07108,Silvassa,6451,37400,1315759.0,322019.12243503414,1315759.0,322019.1224350342,1.0,0.17423741444925867,0.2372943827600471,229254.44619834214,76413.32889515346,0.17423741444925867,0.23729438276004705,0.5922561983710031,0.6950752084558658,779266.4233124326,223827.50865330631,0.5922561983710031,0.6950752084558657,0.2335063864765474,0.0676304070035331,307238.1295639955,21778.28431320191,0.2335063864765474,0.06763040700353308,0.0,0.0,0.0,0.0,0.0,0.0,0.0,0.0,0.0,0.0,17871900.17709922,6451,0.10437156777731067,30949,0.03599111551192254,2.8999258926202547,2,D:\MLWork\IUFEE_revision_20261005\datasets\glad_aligned\IND_FUA_07108_GLADv2_2015_2020_pair_fractions.tif,GLADpair_v2_joint_s_endpoint_support,8.994,2026-10-04T16:52:31.576754+00:00,"['F:\\AcademicData\\IUFEE_revision_20261005\\raw\\GLAD_v2_native_windows_20261005\\IND_FUA_07108_GLADv2_2015_30N_070E_r37995c11005_h1364w1565_native_20261005.json', 'F:\\AcademicData\\IUFEE_revision_20261005\\raw\\GLAD_v2_native_windows_20261005\\IND_FUA_07108_GLADv2_2020_30N_070E_r37995c11005_h1364w1565_native_20261005.json']",0,6451.0,6733009.837314311,30949.0,11138890.339784907,0.3767372115216874
IND_FUA_07139,Vasai-Virar,2876,29200,501725.0,79547.10527076083,501725.0,79547.10527076085,1.0,0.13571385879348388,0.18417587078857467,68091.0358031607,14650.657381952795,0.13571385879348388,0.18417587078857464,0.620363468718964,0.6791335729380132,311251.8613430222,54023.10981940807,0.620363468718964,0.6791335729380131,0.24392267223944367,0.13669055584273948,122382.10272933487,10873.338035141209,0.24392267223944367,0.13669055584273945,0.0,0.0,0.0,0.0,0.0,0.0,0.0,0.0,0.0,0.0,9297914.471555905,2876,0.09533833904367,26324,0.024904968244415574,3.828085147831805,2,D:\MLWork\IUFEE_revision_20261005\datasets\glad_aligned\IND_FUA_07139_GLADv2_2015_2020_pair_fractions.tif,GLADpair_v2_joint_s_endpoint_support,7.138,2026-10-04T16:50:44.650155+00:00,"['F:\\AcademicData\\IUFEE_revision_20261005\\raw\\GLAD_v2_native_windows_20261005\\IND_FUA_07139_GLADv2_2015_20N_070E_r1937c10849_h766w1003_native_20261005.json', 'F:\\AcademicData\\IUFEE_revision_20261005\\raw\\GLAD_v2_native_windows_20261005\\IND_FUA_07139_GLADv2_2020_20N_070E_r1937c10849_h766w1003_native_20261005.json']",0,2876.0,2741930.6308959494,26324.0,6555983.8406599555,0.2948973814809803
IND_FUA_07163,Mumbai,21881,236700,4697571.0,916929.8287080962,4697571.0,916929.8287080962,1.0,0.19922122117323954,0.34328340762059106,935855.831167996,314766.79614788014,0.19922122117323954,0.34328340762059106,0.5540828353167002,0.5475668599987695,2602843.458781507,502080.38714490185,0.5540828353167002,0.5475668599987695,0.24669594348656887,0.10914973238690483,1158871.7099401448,100082.64542105918,0.24669594348656887,0.10914973238690483,0.0,0.0,0.0,0.0,0.0,0.0,0.0,0.0,0.0,0.0,66610177.25513864,21881,0.0953637496212773,214819,0.021294036002638017,4.478425302251914,2,D:\MLWork\IUFEE_revision_20261005\datasets\glad_aligned\IND_FUA_07163_GLADv2_2015_2020_pair_fractions.tif,GLADpair_v2_joint_s_endpoint_support,15.686,2026-10-04T16:42:37.230196+00:00,"['F:\\AcademicData\\IUFEE_revision_20261005\\raw\\GLAD_v2_native_windows_20261005\\IND_FUA_07163_GLADv2_2015_20N_070E_r2334c10609_h2320w3077_native_20261005.json', 'F:\\AcademicData\\IUFEE_revision_20261005\\raw\\GLAD_v2_native_windows_20261005\\IND_FUA_07163_GLADv2_2020_20N_070E_r2334c10609_h2320w3077_native_20261005.json']",0,21881.0,20866542.054631688,214819.0,45743635.20050696,0.3132635719419578
IND_FUA_07320,Jaipur,26912,79900,13604265.0,3514418.714285455,13604265.0,3514418.714285455,1.0,0.1426789095226051,0.14759238484679418,1941041.695056543,518701.4393915945,0.1426789095226051,0.14759238484679418,0.6852299997397078,0.7925953421583584,9322050.502408916,2785511.9033368183,0.6852299997397078,0.7925953421583584,0.17209109088433905,0.059812273332388824,2341172.804529633,210205.37274330415,0.17209109088433905,0.059812273332388824,0.0,0.0,0.0,0.0,0.0,0.0,0.0,0.0,0.0,0.0,48274433.34960152,26912,0.12526117311124535,52988,0.02748574477599301,4.557314132548184,2,D:\MLWork\IUFEE_revision_20261005\datasets\glad_aligned\IND_FUA_07320_GLADv2_2015_2020_pair_fractions.tif,GLADpair_v2_joint_s_endpoint_support,11.545,2026-10-04T16:45:38.345408+00:00,"['F:\\AcademicData\\IUFEE_revision_20261005\\raw\\GLAD_v2_native_windows_20261005\\IND_FUA_07320_GLADv2_2015_30N_070E_r11651c22157_h1593w2165_native_20261005.json', 'F:\\AcademicData\\IUFEE_revision_20261005\\raw\\GLAD_v2_native_windows_20261005\\IND_FUA_07320_GLADv2_2020_30N_070E_r11651c22157_h1593w2165_native_20261005.json']",0,26912.0,33710286.90769835,52988.0,14564146.441903176,0.6983051807893796
IND_FUA_07466,Delhi [New Delhi],113140,556900,51418537.0,12654723.455329876,51418537.0,12654723.455329875,1.0,0.1830818232349786,0.26076139208534244,9413799.502035206,3299863.304666853,0.1830818232349786,0.26076139208534244,0.6466091356481265,0.6543360683529729,33247695.76586121,8280441.991854699,0.6466091356481265,0.654336068352973,0.17030904120801327,0.08490253958656982,8757041.736788755,1074418.1591232384,0.17030904120801327,0.08490253958656983,0.0,0.0,0.0,0.0,0.0,0.0,0.0,0.0,0.0,0.0,242241269.78327665,113140,0.10903872537971715,443760,0.026788096243164045,4.070417113255756,2,D:\MLWork\IUFEE_revision_20261005\datasets\glad_aligned\IND_FUA_07466_GLADv2_2015_2020_pair_fractions.tif,GLADpair_v2_joint_s_endpoint_support,0.314,2026-10-04T16:42:21.272332+00:00,"['F:\\AcademicData\\IUFEE_revision_20261005\\raw\\GLAD_v2_native_windows_20261005\\IND_FUA_07466_GLADv2_2015_30N_070E_r3200c25970_h3848w6489_native_20261005.json', 'F:\\AcademicData\\IUFEE_revision_20261005\\raw\\GLAD_v2_native_windows_20261005\\IND_FUA_07466_GLADv2_2020_30N_070E_r3200c25970_h3848w6489_native_20261005.json']",0,113140.0,123366413.89461198,443760.0,118874855.88866477,0.509270835663068
IND_FUA_07490,Saharanpur,3226,22500,1511249.0,418118.8180637818,1511249.0,418118.8180637818,1.0,0.091213751382161,0.09276216199354848,137846.69056253944,38785.60553378355,0.091213751382161,0.09276216199354848,0.7532920276987429,0.8051013213536247,1138411.8235676975,336628.0129059665,0.7532920276987429,0.8051013213536247,0.15506822617842236,0.10190156746007159,234346.70174391463,42606.96294525186,0.15506822617842236,0.10190156746007159,0.00042599443621235884,0.00023494829981117284,643.783665731491,98.23630542314262,0.00042599443621235884,0.00023494829981117284,0.0,0.0,0.0,0.0,12446119.134578144,3226,0.10168990523574178,19274,0.04755423260181132,2.1383986171583906,4,D:\MLWork\IUFEE_revision_20261005\datasets\glad_aligned\IND_FUA_07490_GLADv2_2015_2020_pair_fractions.tif,GLADpair_v2_joint_s_endpoint_support,10.553,2026-10-04T16:51:37.291640+00:00,"['F:\\AcademicData\\IUFEE_revision_20261005\\raw\\GLAD_v2_native_windows_20261005\\IND_FUA_07490_GLADv2_2015_30N_070E_r0c29626_h476w1219_native_20261005.json', 'F:\\AcademicData\\IUFEE_revision_20261005\\raw\\GLAD_v2_native_windows_20261005\\IND_FUA_07490_GLADv2_2020_30N_070E_r0c29626_h476w1219_native_20261005.json', 'F:\\AcademicData\\IUFEE_revision_20261005\\raw\\GLAD_v2_native_windows_20261005\\IND_FUA_07490_GLADv2_2015_40N_070E_r39856c29626_h144w1219_native_20261005.json', 'F:\\AcademicData\\IUFEE_revision_20261005\\raw\\GLAD_v2_native_windows_20261005\\IND_FUA_07490_GLADv2_2020_40N_070E_r39856c29626_h144w1219_native_20261005.json']",0,3226.0,3280516.3429050297,19274.0,9165602.791673115,0.2635774499209967
IND_FUA_07499,Nashik,10786,48500,2715839.0,391173.1988581123,2715839.0,391173.1988581122,1.0,0.12683670866156083,0.15841591004956532,344468.0800147047,61968.05828410744,0.12683670866156083,0.15841591004956534,0.4189915191818445,0.5666645890217956,1137913.5084633015,221663.99996727332,0.4189915191818445,0.5666645890217957,0.45297286247886676,0.27177671788394653,1230201.365861743,106311.7681098221,0.45297286247886676,0.2717767178839466,0.0011989093892884831,0.0031427819826881464,3256.044876895845,1229.3720814817627,0.0011989093892884831,0.003142781982688147,0.0,0.0,0.0,0.0,24457398.432734393,10786,0.09216385020920394,37714,0.038491291162882905,2.3944078627863075,4,D:\MLWork\IUFEE_revision_20261005\datasets\glad_aligned\IND_FUA_07499_GLADv2_2015_2020_pair_fractions.tif,GLADpair_v2_joint_s_endpoint_support,21.726,2026-10-04T16:48:54.761476+00:00,"['F:\\AcademicData\\IUFEE_revision_20261005\\raw\\GLAD_v2_native_windows_20261005\\IND_FUA_07499_GLADv2_2015_20N_070E_r0c14394_h552w1528_native_20261005.json', 'F:\\AcademicData\\IUFEE_revision_20261005\\raw\\GLAD_v2_native_windows_20261005\\IND_FUA_07499_GLADv2_2020_20N_070E_r0c14394_h552w1528_native_20261005.json', 'F:\\AcademicData\\IUFEE_revision_20261005\\raw\\GLAD_v2_native_windows_20261005\\IND_FUA_07499_GLADv2_2015_30N_070E_r39586c14394_h414w1528_native_20261005.json', 'F:\\AcademicData\\IUFEE_revision_20261005\\raw\\GLAD_v2_native_windows_20261005\\IND_FUA_07499_GLADv2_2020_30N_070E_r39586c14394_h414w1528_native_20261005.json']",0,10786.0,9940792.883564737,37714.0,14516605.549169658,0.4064534055371863
IND_FUA_07581,Dehradun,4475,28400,1480118.0,240531.3703540573,1480118.0,240531.3703540573,1.0,0.027593263216710618,0.018346634646579,40841.28556579129,4412.941172926872,0.027593263216710618,0.018346634646579,0.9297851315032707,0.9745274487442073,1376191.709270358,234404.4226940875,0.9297851315032707,0.9745274487442073,0.04262160537164365,0.0071259164985664645,63085.00529946646,1714.0064604287775,0.04262160537164365,0.0071259164985664645,0.0,0.0,0.0,0.0,0.0,0.0,0.0,0.0,0.0,0.0,4887784.156363887,4475,0.043423320774219676,23925,0.012307588512926045,3.5281745671472793,2,D:\MLWork\IUFEE_revision_20261005\datasets\glad_aligned\IND_FUA_07581_GLADv2_2015_2020_pair_fractions.tif,GLADpair_v2_joint_s_endpoint_support,11.145,2026-10-04T16:52:07.283265+00:00,"['F:\\AcademicData\\IUFEE_revision_20261005\\raw\\GLAD_v2_native_windows_20261005\\IND_FUA_07581_GLADv2_2015_40N_070E_r38385c31403_h860w1565_native_20261005.json', 'F:\\AcademicData\\IUFEE_revision_20261005\\raw\\GLAD_v2_native_windows_20261005\\IND_FUA_07581_GLADv2_2020_40N_070E_r38385c31403_h860w1565_native_20261005.json']",0,4475.0,1943193.6046463307,23925.0,2944590.551717556,0.3975612552604836
IND_FUA_07601,Kota,5428,28700,2483233.0,634385.8898326749,2483233.0,634385.8898326748,1.0,0.2511504389333625,0.327966954419575,623665.0579238106,208057.6082151744,0.2511504389333625,0.3279669544195751,0.5020135871647899,0.5303638438368863,1246616.7060959828,336455.33900754096,0.5020135871647899,0.5303638438368864,0.24683597394512707,0.14166920190128454,612951.2360876797,89872.94271003128,0.24683597394512707,0.14166920190128457,0.0,0.0,0.0,0.0,0.0,0.0,0.0,0.0,0.0,0.0,10695986.919230163,5428,0.11643615313973088,23272,0.018802992982148378,6.192426559445921,2,D:\MLWork\IUFEE_revision_20261005\datasets\glad_aligned\IND_FUA_07601_GLADv2_2015_2020_pair_fractions.tif,GLADpair_v2_joint_s_endpoint_support,8.054,2026-10-04T16:52:22.581415+00:00,"['F:\\AcademicData\\IUFEE_revision_20261005\\raw\\GLAD_v2_native_windows_20261005\\IND_FUA_07601_GLADv2_2015_30N_070E_r18933c22702_h879w1318_native_20261005.json', 'F:\\AcademicData\\IUFEE_revision_20261005\\raw\\GLAD_v2_native_windows_20261005\\IND_FUA_07601_GLADv2_2020_30N_070E_r18933c22702_h879w1318_native_20261005.json']",0,5428.0,6320154.392424593,23272.0,4375832.52680557,0.5908902507221355
IND_FUA_07617,Pune,32775,155800,13965327.0,3542754.9845224796,13965327.0,3542754.984522479,1.0,0.27752679672205477,0.3223897567392686,3875752.467486023,1142147.9176470335,0.27752679672205477,0.3223897567392686,0.4498494456930138,0.5109056099175796,6282294.60987168,1810013.3961560025,0.4498494456930138,0.5109056099175796,0.27262375754515966,0.16670463317822123,3807279.922086872,590593.6701351348,0.27262375754515966,0.16670463317822126,0.0,0.0,0.0,0.0,0.0,0.0,0.0,0.0,0.0,0.0,128192562.26488556,32775,0.19571067213411494,123025,0.052061279799170405,3.7592366704983227,2,D:\MLWork\IUFEE_revision_20261005\datasets\glad_aligned\IND_FUA_07617_GLADv2_2015_2020_pair_fractions.tif,GLADpair_v2_joint_s_endpoint_support,18.548,2026-10-04T16:54:17.170339+00:00,"['F:\\AcademicData\\IUFEE_revision_20261005\\raw\\GLAD_v2_native_windows_20261005\\IND_FUA_07617_GLADv2_2015_20N_070E_r4483c13959_h2317w3100_native_20261005.json', 'F:\\AcademicData\\IUFEE_revision_20261005\\raw\\GLAD_v2_native_windows_20261005\\IND_FUA_07617_GLADv2_2020_20N_070E_r4483c13959_h2317w3100_native_20261005_retry_1791132840815469800.json']",0,32775.0,64144172.79195617,123025.0,64048389.472929396,0.5003735915615325
IND_FUA_07631,Haridwar,4875,36100,1895887.0,481288.68158247595,1895887.0,481288.68158247595,1.0,0.0846072097236901,0.0904375172037274,160405.70902141766,43526.55342057445,0.0846072097236901,0.0904375172037274,0.8452605615408672,0.8916851023718809,1602518.51023803,429157.94730729767,0.8452605615408672,0.8916851023718809,0.06973917943775598,0.01743810054420492,132217.60368670887,8392.760420223041,0.06973917943775598,0.01743810054420492,0.00039304922785762336,0.0004392796434577245,745.176921455306,211.42032044578832,0.00039304922785762336,0.0004392796434577245,0.0,0.0,0.0,0.0,14408234.059793875,4875,0.1070137561095285,31225,0.029435751639565605,3.6355027525673114,4,D:\MLWork\IUFEE_revision_20261005\datasets\glad_aligned\IND_FUA_07631_GLADv2_2015_2020_pair_fractions.tif,GLADpair_v2_joint_s_endpoint_support,20.709,2026-10-04T16:53:04.556393+00:00,"['F:\\AcademicData\\IUFEE_revision_20261005\\raw\\GLAD_v2_native_windows_20261005\\IND_FUA_07631_GLADv2_2015_30N_070E_r0c31849_h476w1736_native_20261005.json', 'F:\\AcademicData\\IUFEE_revision_20261005\\raw\\GLAD_v2_native_windows_20261005\\IND_FUA_07631_GLADv2_2020_30N_070E_r0c31849_h476w1736_native_20261005.json', 'F:\\AcademicData\\IUFEE_revision_20261005\\raw\\GLAD_v2_native_windows_20261005\\IND_FUA_07631_GLADv2_2015_40N_070E_r39343c31849_h657w1736_native_20261005.json', 'F:\\AcademicData\\IUFEE_revision_20261005\\raw\\GLAD_v2_native_windows_20261005\\IND_FUA_07631_GLADv2_2020_40N_070E_r39343c31849_h657w1736_native_20261005.json']",0,4875.0,5216920.610339514,31225.0,9191313.44945436,0.3620791131438732
IND_FUA_07643,Meerut,11327,57700,6166678.0,1385253.870708628,6166678.0,1385253.870708628,1.0,0.10839013481009804,0.12138938814821373,668407.0597504658,168155.11979526514,0.10839013481009804,0.12138938814821373,0.7546878388582695,0.8233382387962668,4653916.892754836,1140532.4821949534,0.7546878388582695,0.8233382387962668,0.1369220267631188,0.055272373584048316,844354.0501555359,76566.26945055625,0.1369220267631188,0.055272373584048316,0.0,0.0,0.0,0.0,0.0,0.0,0.0,0.0,0.0,0.0,17135404.124637153,11327,0.08217418567116111,46373,0.016879507717130083,4.868280938535136,2,D:\MLWork\IUFEE_revision_20261005\datasets\glad_aligned\IND_FUA_07643_GLADv2_2015_2020_pair_fractions.tif,GLADpair_v2_joint_s_endpoint_support,14.856,2026-10-04T16:47:08.438390+00:00,"['F:\\AcademicData\\IUFEE_revision_20261005\\raw\\GLAD_v2_native_windows_20261005\\IND_FUA_07643_GLADv2_2015_30N_070E_r3404c29837_h1129w1875_native_20261005.json', 'F:\\AcademicData\\IUFEE_revision_20261005\\raw\\GLAD_v2_native_windows_20261005\\IND_FUA_07643_GLADv2_2020_30N_070E_r3404c29837_h1129w1875_native_20261005.json']",0,11327.0,9307870.01097242,46373.0,7827534.113664733,0.5431952432093291
IND_FUA_07839,Indore,16212,80900,5101697.0,1079292.6680250608,5101697.0,1079292.6680250606,1.0,0.23307580943380254,0.35942380591087064,1189082.1577610022,387923.4784332652,0.23307580943380254,0.3594238059108707,0.46987029564080024,0.4607310326780006,2397135.8776597837,497263.6255009807,0.46987029564080024,0.4607310326780007,0.29705389514684105,0.1798451616629405,1515478.9657089536,194105.56436259343,0.29705389514684105,0.17984516166294054,0.0,0.0,0.0,0.0,0.0,0.0,0.0,0.0,0.0,0.0,31744918.858144157,16212,0.10386613662843094,64688,0.023043131319476457,4.507466246162537,2,D:\MLWork\IUFEE_revision_20261005\datasets\glad_aligned\IND_FUA_07839_GLADv2_2015_2020_pair_fractions.tif,GLADpair_v2_joint_s_endpoint_support,16.505,2026-10-04T16:45:56.998919+00:00,"['F:\\AcademicData\\IUFEE_revision_20261005\\raw\\GLAD_v2_native_windows_20261005\\IND_FUA_07839_GLADv2_2015_30N_070E_r28646c22438_h1373w1899_native_20261005.json', 'F:\\AcademicData\\IUFEE_revision_20261005\\raw\\GLAD_v2_native_windows_20261005\\IND_FUA_07839_GLADv2_2020_30N_070E_r28646c22438_h1373w1899_native_20261005.json']",0,16212.0,16838778.070201226,64688.0,14906140.787942931,0.5304401043029044
IND_FUA_07881,Kolhapur,3871,27900,507716.0,42940.576315618135,507716.0,42940.57631561813,1.0,0.10104854935204097,0.14796951752370388,51303.965282820835,6353.896359611802,0.10104854935204097,0.1479695175237039,0.5481877777670785,0.6342654894336112,278323.70577679004,27235.725653386868,0.5481877777670785,0.6342654894336113,0.3507636728625937,0.21776499288511356,178088.32893110462,9350.954295853258,0.3507636728625937,0.21776499288511358,0.0,0.0,0.0,0.0,0.0,0.0,0.0,0.0,0.0,0.0,10424461.465748837,3871,0.07064868483204981,24029,0.03200154345124719,2.207664919027411,2,D:\MLWork\IUFEE_revision_20261005\datasets\glad_aligned\IND_FUA_07881_GLADv2_2015_2020_pair_fractions.tif,GLADpair_v2_joint_s_endpoint_support,10.903,2026-10-04T16:53:09.810519+00:00,"['F:\\AcademicData\\IUFEE_revision_20261005\\raw\\GLAD_v2_native_windows_20261005\\IND_FUA_07881_GLADv2_2015_20N_070E_r12626c16453_h1124w1093_native_20261005.json', 'F:\\AcademicData\\IUFEE_revision_20261005\\raw\\GLAD_v2_native_windows_20261005\\IND_FUA_07881_GLADv2_2020_20N_070E_r12626c16453_h1124w1093_native_20261005.json']",0,3871.0,2734810.5898486483,24029.0,7689650.875900188,0.2623455032985912
IND_FUA_07895,Aligarh,6602,33800,3411737.0,794083.4588044955,3411737.0,794083.4588044956,1.0,0.0990915369972645,0.09278232298733402,338074.2631604362,73676.90795369806,0.0990915369972645,0.092782322987334,0.6943251659107738,0.7862381617641523,2368854.8585689254,624338.7189377665,0.6943251659107738,0.7862381617641522,0.20658329758725555,0.12097951531090036,704807.8799604505,96067.83196257117,0.20658329758725555,0.12097951531090033,0.0,0.0,0.0,0.0,0.0,0.0,0.0,0.0,0.0,0.0,11526511.531656,6602,0.08335772996600715,27198,0.022145871752703175,3.764030194739673,2,D:\MLWork\IUFEE_revision_20261005\datasets\glad_aligned\IND_FUA_07895_GLADv2_2015_2020_pair_fractions.tif,GLADpair_v2_joint_s_endpoint_support,6.523,2026-10-04T16:49:32.128517+00:00,"['F:\\AcademicData\\IUFEE_revision_20261005\\raw\\GLAD_v2_native_windows_20261005\\IND_FUA_07895_GLADv2_2015_30N_070E_r7857c31697_h853w1506_native_20261005.json', 'F:\\AcademicData\\IUFEE_revision_20261005\\raw\\GLAD_v2_native_windows_20261005\\IND_FUA_07895_GLADv2_2020_30N_070E_r7857c31697_h853w1506_native_20261005.json']",0,6602.0,5503277.332355792,27198.0,6023234.199300209,0.4774451764735399
IND_FUA_07933,Moradabad,5603,42000,2369126.0,592006.7573263464,2369126.0,592006.7573263462,1.0,0.15173190706669346,0.15134728870170827,359472.0060612872,89598.61761443269,0.15173190706669346,0.1513472887017083,0.7153446856272132,0.7947620741457095,1694741.693681257,470504.51836096274,0.7153446856272132,0.7947620741457097,0.13292340678973824,0.05389063673261773,314912.2990341454,31903.62110232911,0.13292340678973824,0.053890636732617736,0.0,0.0,0.0,0.0,0.0,0.0,0.0,0.0,0.0,0.0,16158680.26256141,5603,0.13599101073424696,36397,0.02346101033360319,5.796468643103026,2,D:\MLWork\IUFEE_revision_20261005\datasets\glad_aligned\IND_FUA_07933_GLADv2_2015_2020_pair_fractions.tif,GLADpair_v2_joint_s_endpoint_support,8.945,2026-10-04T16:49:04.982094+00:00,"['F:\\AcademicData\\IUFEE_revision_20261005\\raw\\GLAD_v2_native_windows_20261005\\IND_FUA_07933_GLADv2_2015_30N_070E_r4289c33915_h788w2106_native_20261005.json', 'F:\\AcademicData\\IUFEE_revision_20261005\\raw\\GLAD_v2_native_windows_20261005\\IND_FUA_07933_GLADv2_2020_30N_070E_r4289c33915_h788w2106_native_20261005.json']",0,5603.0,7619576.331439857,36397.0,8539103.931121554,0.4715469461385352
IND_FUA_07957,Agra,10483,53500,3999577.0,704131.4169257482,3999577.0,704131.4169257482,1.0,0.13787783479903948,0.16151929426479592,551453.0168720379,113730.80953151763,0.13787783479903948,0.16151929426479592,0.6542052643744042,0.7375789695066157,2616544.328670786,519352.52489332657,0.6542052643744042,0.7375789695066157,0.20791690084575304,0.10090173609707445,831579.6545339545,71048.08240830095,0.20791690084575304,0.10090173609707445,0.0,0.0,0.0,0.0,0.0,0.0,0.0,0.0,0.0,0.0,16444117.177325789,10483,0.0907382956198552,43017,0.016114609683372545,5.630809396114709,2,D:\MLWork\IUFEE_revision_20261005\datasets\glad_aligned\IND_FUA_07957_GLADv2_2015_2020_pair_fractions.tif,GLADpair_v2_joint_s_endpoint_support,8.671,2026-10-04T16:46:40.326571+00:00,"['F:\\AcademicData\\IUFEE_revision_20261005\\raw\\GLAD_v2_native_windows_20261005\\IND_FUA_07957_GLADv2_2015_30N_070E_r10771c30762_h1257w2006_native_20261005.json', 'F:\\AcademicData\\IUFEE_revision_20261005\\raw\\GLAD_v2_native_windows_20261005\\IND_FUA_07957_GLADv2_2020_30N_070E_r10771c30762_h1257w2006_native_20261005.json']",0,10483.0,9512095.529829422,43017.0,6932021.647496367,0.5784497536265014
IND_FUA_07961,Aurangabad,6425,34500,2253337.0,632913.1194405303,2253337.0,632913.1194405303,1.0,0.2484630952935756,0.33962635456742357,559871.0857595397,214953.97551348366,0.2484630952935756,0.33962635456742357,0.3896524487158399,0.43064360180831107,878018.2798320046,272559.98538760375,0.3896524487158399,0.43064360180831107,0.3618844560778067,0.22973004360204533,815447.6346049968,145399.15852537955,0.3618844560778067,0.22973004360204533,0.0,0.0,0.0,0.0,0.0,0.0,0.0,0.0,0.0,0.0,15917552.898128461,6425,0.11186141182727352,28075,0.031096908951829517,3.5971874889736397,2,D:\MLWork\IUFEE_revision_20261005\datasets\glad_aligned\IND_FUA_07961_GLADv2_2015_2020_pair_fractions.tif,GLADpair_v2_joint_s_endpoint_support,9.695,2026-10-04T16:49:04.458505+00:00,"['F:\\AcademicData\\IUFEE_revision_20261005\\raw\\GLAD_v2_native_windows_20261005\\IND_FUA_07961_GLADv2_2015_20N_070E_r149c20681_h734w1297_native_20261005.json', 'F:\\AcademicData\\IUFEE_revision_20261005\\raw\\GLAD_v2_native_windows_20261005\\IND_FUA_07961_GLADv2_2020_20N_070E_r149c20681_h734w1297_native_20261005.json']",0,6425.0,7187095.709902324,28075.0,8730457.188226137,0.4515201398041128
IND_FUA_07996,Sangli,4549,22500,948177.0,115147.4914604796,948177.0,115147.49146047962,1.0,0.18655624188140332,0.23245627138990085,176888.33775838336,26766.75652480354,0.18655624188140332,0.23245627138990083,0.4225129386596117,0.500207800670405,400617.0506394546,57597.673456160745,0.4225129386596117,0.5002078006704049,0.39093081918942146,0.26733592758666497,370671.6113465681,30783.061438864897,0.39093081918942146,0.2673359275866649,0.0,0.0,0.0,0.0,0.0,0.0,0.0,0.0,0.0,0.0,15315130.527019626,4549,0.13624025894230732,17951,0.050791382918690134,2.68234986159776,2,D:\MLWork\IUFEE_revision_20261005\datasets\glad_aligned\IND_FUA_07996_GLADv2_2015_2020_pair_fractions.tif,GLADpair_v2_joint_s_endpoint_support,7.763,2026-10-04T16:53:32.664193+00:00,"['F:\\AcademicData\\IUFEE_revision_20261005\\raw\\GLAD_v2_native_windows_20261005\\IND_FUA_07996_GLADv2_2015_20N_070E_r12297c18027_h696w830_native_20261005.json', 'F:\\AcademicData\\IUFEE_revision_20261005\\raw\\GLAD_v2_native_windows_20261005\\IND_FUA_07996_GLADv2_2020_20N_070E_r12297c18027_h696w830_native_20261005.json']",0,4549.0,6197569.37928556,17951.0,9117561.147734066,0.40466970675512925
IND_FUA_08144,Gwalior,4472,23200,2023495.0,505918.5589794497,2023495.0,505918.5589794498,1.0,0.24545311626312144,0.27830665306618463,496673.1534928449,140800.50087363776,0.24545311626312144,0.2783066530661846,0.5941552553251002,0.6535072416738932,1202270.1883740635,330621.441990291,0.5941552553251002,0.6535072416738931,0.16039162810791482,0.06818610441328844,324551.6575182251,34496.61568719318,0.16039162810791482,0.06818610441328843,0.0,0.0,0.0,0.0,0.0,0.0,0.0,0.0,0.0,0.0,10128533.230127577,4472,0.14377730298336275,18728,0.019750172152454053,7.2797999872369585,2,D:\MLWork\IUFEE_revision_20261005\datasets\glad_aligned\IND_FUA_08144_GLADv2_2015_2020_pair_fractions.tif,GLADpair_v2_joint_s_endpoint_support,6.808,2026-10-04T16:49:51.253273+00:00,"['F:\\AcademicData\\IUFEE_revision_20261005\\raw\\GLAD_v2_native_windows_20261005\\IND_FUA_08144_GLADv2_2015_30N_070E_r14758c32133_h713w1025_native_20261005.json', 'F:\\AcademicData\\IUFEE_revision_20261005\\raw\\GLAD_v2_native_windows_20261005\\IND_FUA_08144_GLADv2_2020_30N_070E_r14758c32133_h713w1025_native_20261005.json']",0,4472.0,6429720.989415983,18728.0,3698812.2407115954,0.6348126469379215
IND_FUA_08224,Bareilly,5144,29400,2886159.0,868752.8152906679,2886159.0,868752.8152906679,1.0,0.10219981589892345,0.1117714955710924,294964.918455021,97101.80144663494,0.10219981589892345,0.1117714955710924,0.7659186859304672,0.8122587218305559,2210563.108666391,705652.051334695,0.7659186859304672,0.8122587218305559,0.13188149885192352,0.0759697833402359,380630.97484496876,65998.96315385202,0.13188149885192352,0.0759697833402359,0.0,0.0,0.0,0.0,0.0,0.0,0.0,0.0,0.0,0.0,11117878.57132491,5144,0.09472494174724913,24256,0.025747145315989504,3.679046379111513,2,D:\MLWork\IUFEE_revision_20261005\datasets\glad_aligned\IND_FUA_08224_GLADv2_2015_2020_pair_fractions.tif,GLADpair_v2_joint_s_endpoint_support,7.893,2026-10-04T16:49:25.604028+00:00,"['F:\\AcademicData\\IUFEE_revision_20261005\\raw\\GLAD_v2_native_windows_20261005\\IND_FUA_08224_GLADv2_2015_30N_070E_r6024c36664_h956w1830_native_20261005.json', 'F:\\AcademicData\\IUFEE_revision_20261005\\raw\\GLAD_v2_native_windows_20261005\\IND_FUA_08224_GLADv2_2020_30N_070E_r6024c36664_h956w1830_native_20261005.json']",0,5144.0,4872651.003478495,24256.0,6245227.567846414,0.4382716515762256
IND_FUA_08258,Bhopal,9192,50000,3205488.0,838337.9471040821,3205488.0,838337.9471040821,1.0,0.22216153484067017,0.285363572798211,712136.1339933501,239231.1117979385,0.22216153484067017,0.285363572798211,0.43531130553205977,0.4959855749067329,1395385.1661473513,415803.5286605484,0.43531130553205977,0.4959855749067329,0.34252715971035425,0.21865085234146475,1097966.700125624,183303.30668450135,0.34252715971035425,0.21865085234146475,0.0,0.0,0.0,0.0,0.0,0.0,0.0,0.0,0.0,0.0,18345807.96863633,9192,0.10117679212827238,40808,0.022166333160668336,4.564435235855753,2,D:\MLWork\IUFEE_revision_20261005\datasets\glad_aligned\IND_FUA_08258_GLADv2_2015_2020_pair_fractions.tif,GLADpair_v2_joint_s_endpoint_support,12.011,2026-10-04T16:47:20.450082+00:00,"['F:\\AcademicData\\IUFEE_revision_20261005\\raw\\GLAD_v2_native_windows_20261005\\IND_FUA_08258_GLADv2_2015_30N_070E_r26508c28752_h1041w1639_native_20261005.json', 'F:\\AcademicData\\IUFEE_revision_20261005\\raw\\GLAD_v2_native_windows_20261005\\IND_FUA_08258_GLADv2_2020_30N_070E_r26508c28752_h1041w1639_native_20261005.json']",0,9192.0,9300170.732430797,40808.0,9045637.236205535,0.5069371023794758
IND_FUA_08319,Mangaluru,12758,76400,1265037.0,197026.94313168534,1265037.0,197026.94313168537,1.0,0.0798965181164983,0.10982792988477465,101072.05158854065,21639.06129567822,0.0798965181164983,0.10982792988477463,0.3548815642508502,0.6217592639584435,448938.3093952028,122503.32714153879,0.3548815642508502,0.6217592639584434,0.5652219178999862,0.2684128065926975,715026.6393544448,52884.55478035547,0.5652219178999862,0.2684128065926975,0.0,0.0,0.0,0.0,0.0,0.0,0.0,0.0,0.0,0.0,40837882.83051759,12758,0.08144757277788112,63642,0.0478407364562954,1.70247322284194,2,D:\MLWork\IUFEE_revision_20261005\datasets\glad_aligned\IND_FUA_08319_GLADv2_2015_2020_pair_fractions.tif,GLADpair_v2_joint_s_endpoint_support,18.68,2026-10-04T16:50:29.523654+00:00,"['F:\\AcademicData\\IUFEE_revision_20261005\\raw\\GLAD_v2_native_windows_20261005\\IND_FUA_08319_GLADv2_2015_20N_070E_r27576c18688_h2226w1873_native_20261005.json', 'F:\\AcademicData\\IUFEE_revision_20261005\\raw\\GLAD_v2_native_windows_20261005\\IND_FUA_08319_GLADv2_2020_20N_070E_r27576c18688_h2226w1873_native_20261005.json']",0,12758.0,10391081.335002072,63642.0,30446801.495515518,0.25444711172041856
IND_FUA_08341,Solapur,4667,28000,922676.0,156036.36469671543,922676.0,156036.36469671546,1.0,0.08465788967525795,0.1231365845058339,78111.8030140083,19213.785007460217,0.08465788967525795,0.12313658450583388,0.4118241477282605,0.5581170053209183,379980.2573293205,87086.54858569348,0.4118241477282605,0.5581170053209182,0.5035179623598508,0.3187464087527967,464583.9394383377,49736.030881919716,0.5035179623598508,0.31874640875279664,0.0,0.0,0.0,0.0,0.0,0.0,0.0,0.0,0.0,0.0,6489769.394943032,4667,0.04665052581094545,23333,0.018482789848481587,2.523998064868866,2,D:\MLWork\IUFEE_revision_20261005\datasets\glad_aligned\IND_FUA_08341_GLADv2_2015_2020_pair_fractions.tif,GLADpair_v2_joint_s_endpoint_support,6.262,2026-10-04T16:52:23.599172+00:00,"['F:\\AcademicData\\IUFEE_revision_20261005\\raw\\GLAD_v2_native_windows_20261005\\IND_FUA_08341_GLADv2_2015_20N_070E_r9037c23079_h829w1001_native_20261005.json', 'F:\\AcademicData\\IUFEE_revision_20261005\\raw\\GLAD_v2_native_windows_20261005\\IND_FUA_08341_GLADv2_2020_20N_070E_r9037c23079_h829w1001_native_20261005.json']",0,4667.0,2177180.039596824,23333.0,4312589.355346208,0.33547879856768553
IND_FUA_08419,Farrukhabad,1913,7600,1403000.0,495144.4928506173,1403000.0,495144.49285061733,1.0,0.060945202438965854,0.04883693198740767,85506.11902186909,24181.33792128506,0.060945202438965854,0.04883693198740766,0.7555809064233229,0.8708617796346486,1060080.011711922,431202.4142201841,0.7555809064233229,0.8708617796346485,0.18347389034600647,0.08030128733123215,257413.86815544707,39760.74019087464,0.18347389034600647,0.08030128733123214,0.0,0.0,0.0,0.0,0.0,0.0,0.0,0.0,0.0,0.0,1701015.8137145846,1913,0.05170327628894173,5687,0.012518588681328102,4.130120224020054,2,D:\MLWork\IUFEE_revision_20261005\datasets\glad_aligned\IND_FUA_08419_GLADv2_2015_2020_pair_fractions.tif,GLADpair_v2_joint_s_endpoint_support,8.81,2026-10-04T16:53:28.532622+00:00,"['F:\\AcademicData\\IUFEE_revision_20261005\\raw\\GLAD_v2_native_windows_20261005\\IND_FUA_08419_GLADv2_2015_30N_070E_r10264c38104_h377w601_native_20261005.json', 'F:\\AcademicData\\IUFEE_revision_20261005\\raw\\GLAD_v2_native_windows_20261005\\IND_FUA_08419_GLADv2_2020_30N_070E_r10264c38104_h377w601_native_20261005.json']",0,1913.0,989083.6754074553,5687.0,711932.1383071293,0.5814664786963673
IND_FUA_08433,Shahjahanpur,3311,21800,2302832.0,901742.8706270612,2302832.0,901742.8706270612,1.0,0.05028402484423163,0.040332015602894296,115795.66150009162,36369.10752792933,0.05028402484423163,0.040332015602894296,0.8121260905326682,0.9016058174560322,1870189.9493135253,813016.6180068606,0.8121260905326682,0.9016058174560322,0.13758988521620705,0.05806216755707961,316846.3905522085,52357.14564775039,0.13758988521620705,0.05806216755707961,0.0,0.0,0.0,0.0,0.0,0.0,0.0,0.0,0.0,0.0,4199909.668205146,3311,0.060108859436615154,18489,0.011951459420513916,5.029415849703019,4,D:\MLWork\IUFEE_revision_20261005\datasets\glad_aligned\IND_FUA_08433_GLADv2_2015_2020_pair_fractions.tif,GLADpair_v2_joint_s_endpoint_support,20.338,2026-10-04T16:53:24.897287+00:00,"['F:\\AcademicData\\IUFEE_revision_20261005\\raw\\GLAD_v2_native_windows_20261005\\IND_FUA_08433_GLADv2_2015_30N_070E_r8264c39128_h582w872_native_20261005.json', 'F:\\AcademicData\\IUFEE_revision_20261005\\raw\\GLAD_v2_native_windows_20261005\\IND_FUA_08433_GLADv2_2020_30N_070E_r8264c39128_h582w872_native_20261005.json', 'F:\\AcademicData\\IUFEE_revision_20261005\\raw\\GLAD_v2_native_windows_20261005\\IND_FUA_08433_GLADv2_2015_30N_080E_r8264c0_h582w388_native_20261005.json', 'F:\\AcademicData\\IUFEE_revision_20261005\\raw\\GLAD_v2_native_windows_20261005\\IND_FUA_08433_GLADv2_2020_30N_080E_r8264c0_h582w388_native_20261005.json']",0,3311.0,1990204.3359463278,18489.0,2209705.332258818,0.4738683669824862
IND_FUA_08497,Kannur,12191,75400,1419387.0,145509.39184662956,1419387.0,145509.3918466296,1.0,0.07888546658064603,0.07471273116975005,111969.00575350343,10871.404075711054,0.07888546658064603,0.07471273116975004,0.7356020773724871,0.8334164270575485,1044104.0257955024,121269.91745613479,0.7356020773724871,0.8334164270575484,0.1855124559479914,0.09187084152717474,263313.96831065166,13368.070279057278,0.1855124559479914,0.09187084152717473,0.0,0.0,0.0,0.0,0.0,0.0,0.0,0.0,0.0,0.0,51317606.45894381,12191,0.10277561957612952,63209,0.0613650440228731,1.6748235288126105,2,D:\MLWork\IUFEE_revision_20261005\datasets\glad_aligned\IND_FUA_08497_GLADv2_2015_2020_pair_fractions.tif,GLADpair_v2_joint_s_endpoint_support,14.789,2026-10-04T16:49:58.584584+00:00,"['F:\\AcademicData\\IUFEE_revision_20261005\\raw\\GLAD_v2_native_windows_20261005\\IND_FUA_08497_GLADv2_2015_20N_070E_r31037c20194_h1735w2004_native_20261005.json', 'F:\\AcademicData\\IUFEE_revision_20261005\\raw\\GLAD_v2_native_windows_20261005\\IND_FUA_08497_GLADv2_2020_20N_070E_r31037c20194_h1735w2004_native_20261005.json']",0,12191.0,12529375.78252595,63209.0,38788230.67641786,0.244153549767563
IND_FUA_08587,Hardoi,1506,5200,866785.0,241690.92042773735,866785.0,241690.92042773738,1.0,0.07661012716182193,0.08182814148861883,66404.50907195982,19777.118833275406,0.07661012716182193,0.08182814148861882,0.7326736838154706,0.8264779946557314,635070.5590259926,199752.2272416143,0.7326736838154706,0.8264779946557312,0.19071618892607006,0.09169386396430412,165309.93181828363,22161.574379108402,0.19071618892607006,0.09169386396430412,0.0,0.0,0.0,0.0,0.0,0.0,0.0,0.0,0.0,0.0,1303187.1387699721,1506,0.05512129387607467,3694,0.012806184434117148,4.304271436949261,2,D:\MLWork\IUFEE_revision_20261005\datasets\glad_aligned\IND_FUA_08587_GLADv2_2015_2020_pair_fractions.tif,GLADpair_v2_joint_s_endpoint_support,5.946,2026-10-04T16:51:45.467109+00:00,"['F:\\AcademicData\\IUFEE_revision_20261005\\raw\\GLAD_v2_native_windows_20261005\\IND_FUA_08587_GLADv2_2015_30N_080E_r10230c310_h377w516_native_20261005.json', 'F:\\AcademicData\\IUFEE_revision_20261005\\raw\\GLAD_v2_native_windows_20261005\\IND_FUA_08587_GLADv2_2020_30N_080E_r10230c310_h377w516_native_20261005.json']",0,1506.0,830126.6857736846,3694.0,473060.4529962875,0.636997297684513
IND_FUA_08595,Thalassery,13584,61000,1231563.0,58021.4979406577,1231563.0,58021.49794065768,1.0,0.06760340920017167,0.032415269117450685,83257.85744479104,1880.78247034403,0.06760340920017167,0.03241526911745069,0.7269673445751771,0.903006151864811,895306.0837870388,52393.76958082536,0.7269673445751771,0.9030061518648113,0.20542924608075236,0.06457858008837758,252999.05859094963,3746.945951608398,0.20542924608075236,0.0645785800883776,0.0,0.0,0.0,0.0,0.0,0.0,0.0,0.0,0.0,0.0,41389132.68584595,13584,0.08905866931834489,47416,0.061775356516032526,1.4416536680809204,2,D:\MLWork\IUFEE_revision_20261005\datasets\glad_aligned\IND_FUA_08595_GLADv2_2015_2020_pair_fractions.tif,GLADpair_v2_joint_s_endpoint_support,13.937,2026-10-04T16:50:58.589368+00:00,"['F:\\AcademicData\\IUFEE_revision_20261005\\raw\\GLAD_v2_native_windows_20261005\\IND_FUA_08595_GLADv2_2015_20N_070E_r32343c21502_h1798w1480_native_20261005.json', 'F:\\AcademicData\\IUFEE_revision_20261005\\raw\\GLAD_v2_native_windows_20261005\\IND_FUA_08595_GLADv2_2020_20N_070E_r32343c21502_h1798w1480_native_20261005.json']",0,13584.0,12097729.64020397,47416.0,29291403.04564198,0.29229241723978167
IND_FUA_08673,Kozhikode,17074,99300,1608959.0,137681.4714070699,1608959.0,137681.4714070699,1.0,0.0595074893382374,0.04196580461118689,95745.11053816111,5777.91372764981,0.0595074893382374,0.04196580461118689,0.8089681904257245,0.9069165342298685,1301596.6506991833,124865.60287616859,0.8089681904257245,0.9069165342298685,0.13152432038094392,0.05111766079146392,211617.23899580314,7037.954752656238,0.13152432038094392,0.05111766079146392,0.0,0.0,0.0,0.0,0.0,0.0,0.0,0.0,0.0,0.0,75047278.79075104,17074,0.08972240759935543,82226,0.07263891581402124,1.2351837385496416,2,D:\MLWork\IUFEE_revision_20261005\datasets\glad_aligned\IND_FUA_08673_GLADv2_2015_2020_pair_fractions.tif,GLADpair_v2_joint_s_endpoint_support,13.253,2026-10-04T16:46:53.580879+00:00,"['F:\\AcademicData\\IUFEE_revision_20261005\\raw\\GLAD_v2_native_windows_20261005\\IND_FUA_08673_GLADv2_2015_20N_070E_r34071c22378_h1895w2049_native_20261005.json', 'F:\\AcademicData\\IUFEE_revision_20261005\\raw\\GLAD_v2_native_windows_20261005\\IND_FUA_08673_GLADv2_2020_20N_070E_r34071c22378_h1895w2049_native_20261005.json']",0,17074.0,15319203.873513946,82226.0,59728074.9172371,0.20412737304209772
IND_FUA_08674,Guruvayur,31008,157100,2933656.0,282847.12185627985,2933656.0,282847.12185627985,1.0,0.06944051476873334,0.04916392094992466,203714.58279438317,13905.87353985585,0.06944051476873334,0.04916392094992466,0.7120073118426994,0.8778483518015204,2088784.5224312062,248296.87973333907,0.7120073118426994,0.8778483518015204,0.21855217308431243,0.07298772623100841,641156.8938818317,20644.368295274828,0.21855217308431243,0.07298772623100841,0.0,0.0,0.0,0.0,0.0,0.0,0.0,0.0,0.0,0.0,103481562.12854919,31008,0.08960961339783113,126092,0.06003189195678528,1.4927001378257037,2,D:\MLWork\IUFEE_revision_20261005\datasets\glad_aligned\IND_FUA_08674_GLADv2_2015_2020_pair_fractions.tif,GLADpair_v2_joint_s_endpoint_support,20.165,2026-10-04T16:46:31.653528+00:00,"['F:\\AcademicData\\IUFEE_revision_20261005\\raw\\GLAD_v2_native_windows_20261005\\IND_FUA_08674_GLADv2_2015_20N_070E_r35538c22958_h2415w3167_native_20261005.json', 'F:\\AcademicData\\IUFEE_revision_20261005\\raw\\GLAD_v2_native_windows_20261005\\IND_FUA_08674_GLADv2_2020_20N_070E_r35538c22958_h2415w3167_native_20261005.json']",0,31008.0,27786148.92239948,126092.0,75695413.2061497,0.2685130408824168
IND_FUA_08675,Malappuram,17836,61100,1335935.0,105051.56166215104,1335935.0,105051.56166215109,1.0,0.11180981571932877,0.06675141463845542,149370.64616300148,7012.340350927511,0.11180981571932877,0.0667514146384554,0.6106916900076109,0.8205549899357164,815844.4028903177,86200.58312241764,0.6106916900076109,0.8205549899357161,0.2774984943246785,0.11269359610371138,370719.95101563935,11838.63826001858,0.2774984943246785,0.11269359610371134,0.0,0.0,0.0,0.0,0.0,0.0,0.0,0.0,0.0,0.0,73114416.41878237,17836,0.12348663144513465,43264,0.11808741871816787,1.045722167404241,2,D:\MLWork\IUFEE_revision_20261005\datasets\glad_aligned\IND_FUA_08675_GLADv2_2015_2020_pair_fractions.tif,GLADpair_v2_joint_s_endpoint_support,11.124,2026-10-04T16:51:56.591825+00:00,"['F:\\AcademicData\\IUFEE_revision_20261005\\raw\\GLAD_v2_native_windows_20261005\\IND_FUA_08675_GLADv2_2015_20N_070E_r34984c23593_h1471w1370_native_20261005.json', 'F:\\AcademicData\\IUFEE_revision_20261005\\raw\\GLAD_v2_native_windows_20261005\\IND_FUA_08675_GLADv2_2020_20N_070E_r34984c23593_h1471w1370_native_20261005.json']",0,17836.0,22025075.584554214,43264.0,51089340.83422815,0.30124121429622996
IND_FUA_08686,Lakhimpur,1395,5500,577485.0,113310.35355359438,577485.0,113310.35355359438,1.0,0.08966632858712577,0.07541287217186292,51780.95976413632,8545.059208285806,0.08966632858712577,0.07541287217186292,0.734016482799981,0.8558625097084677,423883.50856974703,96978.08356833308,0.734016482799981,0.8558625097084677,0.1763171896534611,0.06872461835976897,101820.53226702899,7787.210804181264,0.1763171896534611,0.06872461835976897,0.0,0.0,0.0,0.0,0.0,0.0,0.0,0.0,0.0,0.0,1765444.0459114267,1395,0.07740292564232869,4105,0.0167033674348585,4.633971320106112,2,D:\MLWork\IUFEE_revision_20261005\datasets\glad_aligned\IND_FUA_08686_GLADv2_2015_2020_pair_fractions.tif,GLADpair_v2_joint_s_endpoint_support,9.251,2026-10-04T16:53:50.941993+00:00,"['F:\\AcademicData\\IUFEE_revision_20261005\\raw\\GLAD_v2_native_windows_20261005\\IND_FUA_08686_GLADv2_2015_30N_080E_r7993c2847_h446w598_native_20261005.json', 'F:\\AcademicData\\IUFEE_revision_20261005\\raw\\GLAD_v2_native_windows_20261005\\IND_FUA_08686_GLADv2_2020_30N_080E_r7993c2847_h446w598_native_20261005.json']",0,1395.0,1079770.8127104852,4105.0,685673.2332009415,0.6116142934187663
IND_FUA_08722,Kanpur,16088,80700,10361223.0,3258799.269596543,10361223.0,3258799.2695965436,1.0,0.07695320374352092,0.07413634028285469,797329.3045510551,241595.45156432767,0.07695320374352092,0.07413634028285469,0.7291954387626458,0.8126829486236553,7555356.551602618,2648370.599388333,0.7291954387626458,0.8126829486236552,0.1938513573261948,0.11318071062601574,2008537.142109388,368833.2171204778,0.1938513573261948,0.11318071062601573,0.0,0.0,0.0,0.0,0.0,0.0,0.0,0.0,0.0,0.0,20995352.82209031,16088,0.06904241976683864,64612,0.015303362115398544,4.5115850521087,4,D:\MLWork\IUFEE_revision_20261005\datasets\glad_aligned\IND_FUA_08722_GLADv2_2015_2020_pair_fractions.tif,GLADpair_v2_joint_s_endpoint_support,15.202,2026-10-04T16:45:26.798009+00:00,"['F:\\AcademicData\\IUFEE_revision_20261005\\raw\\GLAD_v2_native_windows_20261005\\IND_FUA_08722_GLADv2_2015_30N_070E_r13442c39900_h1422w100_native_20261005.json', 'F:\\AcademicData\\IUFEE_revision_20261005\\raw\\GLAD_v2_native_windows_20261005\\IND_FUA_08722_GLADv2_2020_30N_070E_r13442c39900_h1422w100_native_20261005.json', 'F:\\AcademicData\\IUFEE_revision_20261005\\raw\\GLAD_v2_native_windows_20261005\\IND_FUA_08722_GLADv2_2015_30N_080E_r13442c0_h1422w2528_native_20261005.json', 'F:\\AcademicData\\IUFEE_revision_20261005\\raw\\GLAD_v2_native_windows_20261005\\IND_FUA_08722_GLADv2_2020_30N_080E_r13442c0_h1422w2528_native_20261005.json']",0,16088.0,11107544.492089,64612.0,9887808.330001308,0.529047765294145
IND_FUA_08848,Lucknow,32621,120300,19979099.0,6049124.879505752,19979099.0,6049124.879505751,1.0,0.12618959921595693,0.1214844301233398,2521154.4955059257,734874.4887316728,0.12618959921595693,0.12148443012333981,0.694144098864462,0.8110325272566868,13868373.671478875,4906037.038716851,0.694144098864462,0.811032527256687,0.17966630182550564,0.06748304244879194,3589570.8311356576,408213.3510217301,0.17966630182550564,0.06748304244879196,0.0,0.0,0.0,0.0,0.0,0.0,0.0,0.0,0.0,0.0,53798865.44275041,32621,0.11045814391515585,87679,0.02026290709997539,5.451248597753775,2,D:\MLWork\IUFEE_revision_20261005\datasets\glad_aligned\IND_FUA_08848_GLADv2_2015_2020_pair_fractions.tif,GLADpair_v2_joint_s_endpoint_support,25.818,2026-10-04T16:45:12.655139+00:00,"['F:\\AcademicData\\IUFEE_revision_20261005\\raw\\GLAD_v2_native_windows_20261005\\IND_FUA_08848_GLADv2_2015_30N_080E_r11820c2709_h1593w2895_native_20261005.json', 'F:\\AcademicData\\IUFEE_revision_20261005\\raw\\GLAD_v2_native_windows_20261005\\IND_FUA_08848_GLADv2_2020_30N_080E_r11820c2709_h1593w2895_native_20261005.json']",0,32621.0,36032551.12656299,87679.0,17766314.316187423,0.6697641452105847
IND_FUA_08896,Mysuru,6711,37700,1690295.0,254661.44610630482,1690295.0,254661.4461063048,1.0,0.15982270761097364,0.17135526979267668,270147.5235612907,43637.58080333906,0.15982270761097364,0.1713552697926767,0.5936176683684158,0.7204437754583429,1003388.9767547915,183469.25369650757,0.5936176683684158,0.720443775458343,0.24655962389234334,0.10820095467070143,416758.4994671085,27554.611586523562,0.24655962389234334,0.10820095467070144,0.0,0.0,0.0,0.0,0.0,0.0,0.0,0.0,0.0,0.0,18898922.43790453,6711,0.12899497633980161,30989,0.03305066176946801,3.902946852911924,2,D:\MLWork\IUFEE_revision_20261005\datasets\glad_aligned\IND_FUA_08896_GLADv2_2015_2020_pair_fractions.tif,GLADpair_v2_joint_s_endpoint_support,9.717,2026-10-04T16:51:08.307207+00:00,"['F:\\AcademicData\\IUFEE_revision_20261005\\raw\\GLAD_v2_native_windows_20261005\\IND_FUA_08896_GLADv2_2015_20N_070E_r30287c25853_h886w1176_native_20261005.json', 'F:\\AcademicData\\IUFEE_revision_20261005\\raw\\GLAD_v2_native_windows_20261005\\IND_FUA_08896_GLADv2_2020_20N_070E_r30287c25853_h886w1176_native_20261005.json']",0,6711.0,8656852.862164088,30989.0,10242069.575740444,0.4580606587813448
IND_FUA_08900,Kochi,43115,202900,7243384.0,991106.6445947943,7243384.0,991106.6445947943,1.0,0.03061891360900649,0.052996839586170755,221784.54893285985,52525.51985637826,0.03061891360900649,0.052996839586170755,0.8189396368612482,0.8838289030768097,5931894.262606575,875968.6985243545,0.8189396368612482,0.8838289030768097,0.15015105627227718,0.06284418102131097,1087601.7585857122,62285.28538433936,0.15015105627227718,0.06284418102131097,0.00029039306047713617,0.00033007603955564766,2103.4284479711205,327.14055602513656,0.00029039306047713617,0.00033007603955564766,0.0,0.0,0.0,0.0,34509130.46970435,43115,0.030908116899100637,159785,0.013257249346720349,2.331412504264835,4,D:\MLWork\IUFEE_revision_20261005\datasets\glad_aligned\IND_FUA_08900_GLADv2_2015_2020_pair_fractions.tif,GLADpair_v2_joint_s_endpoint_support,27.836,2026-10-04T16:45:40.493002+00:00,"['F:\\AcademicData\\IUFEE_revision_20261005\\raw\\GLAD_v2_native_windows_20261005\\IND_FUA_08900_GLADv2_2015_10N_070E_r0c23685_h980w2882_native_20261005.json', 'F:\\AcademicData\\IUFEE_revision_20261005\\raw\\GLAD_v2_native_windows_20261005\\IND_FUA_08900_GLADv2_2020_10N_070E_r0c23685_h980w2882_native_20261005.json', 'F:\\AcademicData\\IUFEE_revision_20261005\\raw\\GLAD_v2_native_windows_20261005\\IND_FUA_08900_GLADv2_2015_20N_070E_r37850c23685_h2150w2882_native_20261005.json', 'F:\\AcademicData\\IUFEE_revision_20261005\\raw\\GLAD_v2_native_windows_20261005\\IND_FUA_08900_GLADv2_2020_20N_070E_r37850c23685_h2150w2882_native_20261005.json']",0,43115.0,13326034.60104724,159785.0,21183095.868657112,0.38615967483580027
IND_FUA_08952,Nagpur,11695,83500,4179117.0,1307875.003613879,4179117.0,1307875.003613879,1.0,0.27402664207792216,0.3465361526915523,1145189.3983607597,453225.9719538037,0.27402664207792216,0.3465361526915523,0.47943434280924946,0.5344698554260027,2003612.2124179623,699019.7640967926,0.47943434280924946,0.5344698554260027,0.2465390157409714,0.11899399279744585,1030315.3918463611,155629.26875998938,0.2465390157409714,0.11899399279744585,0.0,0.0,0.0,0.0,0.0,0.0,0.0,0.0,0.0,0.0,37114188.7330092,11695,0.1470119678623833,71805,0.027743387078202734,5.2989913397375625,2,D:\MLWork\IUFEE_revision_20261005\datasets\glad_aligned\IND_FUA_08952_GLADv2_2015_2020_pair_fractions.tif,GLADpair_v2_joint_s_endpoint_support,11.681,2026-10-04T16:46:11.811177+00:00,"['F:\\AcademicData\\IUFEE_revision_20261005\\raw\\GLAD_v2_native_windows_20261005\\IND_FUA_08952_GLADv2_2015_30N_070E_r34608c35346_h1434w1937_native_20261005.json', 'F:\\AcademicData\\IUFEE_revision_20261005\\raw\\GLAD_v2_native_windows_20261005\\IND_FUA_08952_GLADv2_2020_30N_070E_r34608c35346_h1434w1937_native_20261005.json']",0,11695.0,17193049.641505726,71805.0,19921139.091503475,0.4632473517119964
IND_FUA_08997,Kollam,17642,154000,1788716.0,169871.6639278739,1788716.0,169871.6639278739,1.0,0.02353385218687405,0.01905557456059829,42095.3779482966,3237.0021577104953,0.02353385218687405,0.01905557456059829,0.8188079310295365,0.8997413824802952,1464614.8471594285,152840.56574669335,0.8188079310295365,0.8997413824802952,0.15765821635741334,0.08120304164351633,282005.774129967,13794.095799988554,0.15765821635741334,0.08120304164351633,0.0,0.0,0.0,0.0,0.0,0.0,0.0,0.0,0.0,0.0,35775788.81853554,17642,0.034143551178367766,136358,0.02181916977342576,1.5648419042942803,2,D:\MLWork\IUFEE_revision_20261005\datasets\glad_aligned\IND_FUA_08997_GLADv2_2015_2020_pair_fractions.tif,GLADpair_v2_joint_s_endpoint_support,9.005,2026-10-04T16:46:32.294533+00:00,"['F:\\AcademicData\\IUFEE_revision_20261005\\raw\\GLAD_v2_native_windows_20261005\\IND_FUA_08997_GLADv2_2015_10N_070E_r2569c25219_h2280w2356_native_20261005.json', 'F:\\AcademicData\\IUFEE_revision_20261005\\raw\\GLAD_v2_native_windows_20261005\\IND_FUA_08997_GLADv2_2020_10N_070E_r2569c25219_h2280w2356_native_20261005.json']",0,17642.0,6023605.298887642,136358.0,29752183.519647896,0.16837099887415466
IND_FUA_09007,Jabalpur,5733,36200,1648394.0,371556.8266969381,1648394.0,371556.8266969381,1.0,0.2134170375098223,0.3210592654801146,351795.364128966,119291.76186344118,0.2134170375098223,0.3210592654801146,0.45559019089732056,0.46142845495785134,750992.1371339979,171446.89247181028,0.45559019089732056,0.46142845495785134,0.3309927719453743,0.21751228030322745,545606.4993181233,80818.1726370821,0.3309927719453743,0.21751228030322745,0.0,0.0,0.0,0.0,0.0,0.0,0.0,0.0,0.0,0.0,14553491.19634703,5733,0.10855206564951728,30467,0.027341718162799764,3.9701991295195787,4,D:\MLWork\IUFEE_revision_20261005\datasets\glad_aligned\IND_FUA_09007_GLADv2_2015_2020_pair_fractions.tif,GLADpair_v2_joint_s_endpoint_support,11.665,2026-10-04T16:49:43.794490+00:00,"['F:\\AcademicData\\IUFEE_revision_20261005\\raw\\GLAD_v2_native_windows_20261005\\IND_FUA_09007_GLADv2_2015_30N_070E_r26776c39114_h940w886_native_20261005.json', 'F:\\AcademicData\\IUFEE_revision_20261005\\raw\\GLAD_v2_native_windows_20261005\\IND_FUA_09007_GLADv2_2020_30N_070E_r26776c39114_h940w886_native_20261005.json', 'F:\\AcademicData\\IUFEE_revision_20261005\\raw\\GLAD_v2_native_windows_20261005\\IND_FUA_09007_GLADv2_2015_30N_080E_r26776c0_h940w390_native_20261005.json', 'F:\\AcademicData\\IUFEE_revision_20261005\\raw\\GLAD_v2_native_windows_20261005\\IND_FUA_09007_GLADv2_2020_30N_080E_r26776c0_h940w390_native_20261005.json']",0,5733.0,6223289.923686825,30467.0,8330201.272660204,0.42761491656715944
IND_FUA_09013,Ettumanoor,19960,69900,2526835.0,142069.6633967748,2526835.0,142069.6633967748,1.0,0.03954049948862,0.036627733449149186,99912.31802532711,5203.689762107414,0.03954049948862,0.036627733449149186,0.6591577571784312,0.8285210963796028,1665582.8913599611,117707.71327977697,0.6591577571784312,0.8285210963796028,0.3013017434759757,0.13485117023183543,761339.7909761171,19158.260363498037,0.3013017434759757,0.13485117023183543,0.0,0.0,0.0,0.0,0.0,0.0,0.0,0.0,0.0,0.0,20269422.084653925,19960,0.041066172243439565,49940,0.02417423729448015,1.698757720592759,2,D:\MLWork\IUFEE_revision_20261005\datasets\glad_aligned\IND_FUA_09013_GLADv2_2015_2020_pair_fractions.tif,GLADpair_v2_joint_s_endpoint_support,8.471,2026-10-04T16:51:26.736740+00:00,"['F:\\AcademicData\\IUFEE_revision_20261005\\raw\\GLAD_v2_native_windows_20261005\\IND_FUA_09013_GLADv2_2015_10N_070E_r1040c25706_h1631w1116_native_20261005.json', 'F:\\AcademicData\\IUFEE_revision_20261005\\raw\\GLAD_v2_native_windows_20261005\\IND_FUA_09013_GLADv2_2020_10N_070E_r1040c25706_h1631w1116_native_20261005.json']",0,19960.0,8196807.979790538,49940.0,12072614.104863387,0.40439278167661125
IND_FUA_09045,Hyderabad,42869,190400,18623822.0,4819983.325566195,18623822.0,4819983.325566196,1.0,0.14427133618236734,0.17704995459382727,2686883.684762569,853377.8289344994,0.14427133618236734,0.17704995459382725,0.7460189349942048,0.7812388722062191,13893723.853961641,3765558.337318116,0.7460189349942048,0.781238872206219,0.10970972883431192,0.041711173391802484,2043214.4614784927,201047.1602382883,0.10970972883431192,0.04171117339180248,0.0,0.0,0.0,0.0,0.0,0.0,0.0,0.0,0.0,0.0,93135437.28981298,42869,0.11548627042102069,147531,0.029571837798852862,3.9052787725455667,2,D:\MLWork\IUFEE_revision_20261005\datasets\glad_aligned\IND_FUA_09045_GLADv2_2015_2020_pair_fractions.tif,GLADpair_v2_joint_s_endpoint_support,24.286,2026-10-04T16:43:59.378299+00:00,"['F:\\AcademicData\\IUFEE_revision_20261005\\raw\\GLAD_v2_native_windows_20261005\\IND_FUA_09045_GLADv2_2015_20N_070E_r9268c32282_h2014w3087_native_20261005.json', 'F:\\AcademicData\\IUFEE_revision_20261005\\raw\\GLAD_v2_native_windows_20261005\\IND_FUA_09045_GLADv2_2020_20N_070E_r9268c32282_h2014w3087_native_20261005.json']",0,42869.0,49507809.266787365,147531.0,43627628.02302562,0.5315679048430523
IND_FUA_09069,Coimbatore,24442,107600,7721634.0,1858024.215897566,7721634.0,1858024.2158975662,1.0,0.15902174549605452,0.19412383962518798,1227907.7167616815,360686.79490661476,0.15902174549605452,0.19412383962518798,0.6051733161847718,0.7133573382122353,4672926.854145084,1325435.2089865634,0.6051733161847718,0.7133573382122352,0.23580493859104235,0.0925188224799302,1820799.4311925047,171902.2125940384,0.23580493859104235,0.09251882247993018,0.0,0.0,0.0,0.0,0.0,0.0,0.0,0.0,0.0,0.0,65041802.59053315,24442,0.11883461868574827,83158,0.043286569050918204,2.745300015484307,2,D:\MLWork\IUFEE_revision_20261005\datasets\glad_aligned\IND_FUA_09069_GLADv2_2015_2020_pair_fractions.tif,GLADpair_v2_joint_s_endpoint_support,9.086,2026-10-04T16:46:41.382026+00:00,"['F:\\AcademicData\\IUFEE_revision_20261005\\raw\\GLAD_v2_native_windows_20261005\\IND_FUA_09069_GLADv2_2015_20N_070E_r35310c27234_h1601w1675_native_20261005.json', 'F:\\AcademicData\\IUFEE_revision_20261005\\raw\\GLAD_v2_native_windows_20261005\\IND_FUA_09069_GLADv2_2020_20N_070E_r35310c27234_h1601w1675_native_20261005.json']",0,24442.0,29045557.49917059,83158.0,35996245.09136256,0.44656753568201657
IND_FUA_09099,Bengaluru,55230,205400,26136148.0,6183908.920092452,26136148.0,6183908.920092453,1.0,0.13574781967739916,0.12024032989597958,3547925.1057658168,743555.2485986073,0.13574781967739916,0.12024032989597956,0.7158709875808519,0.8276477519041862,18710110.080319308,5118098.315694761,0.7158709875808519,0.827647751904186,0.14838119267290423,0.05211191812878545,3878112.8121155407,322255.3553597239,0.14838119267290423,0.05211191812878544,0.0,0.0,0.0,0.0,0.0,0.0,0.0,0.0,0.0,0.0,129075114.1572592,55230,0.1338832726975642,150170,0.036712647430508394,3.646788833493564,2,D:\MLWork\IUFEE_revision_20261005\datasets\glad_aligned\IND_FUA_09099_GLADv2_2015_2020_pair_fractions.tif,GLADpair_v2_joint_s_endpoint_support,35.461,2026-10-04T16:43:12.719828+00:00,"['F:\\AcademicData\\IUFEE_revision_20261005\\raw\\GLAD_v2_native_windows_20261005\\IND_FUA_09099_GLADv2_2015_20N_070E_r26889c28704_h2423w3553_native_20261005.json', 'F:\\AcademicData\\IUFEE_revision_20261005\\raw\\GLAD_v2_native_windows_20261005\\IND_FUA_09099_GLADv2_2020_20N_070E_r26889c28704_h2423w3553_native_20261005.json']",0,55230.0,73943731.5108647,150170.0,55131382.64639446,0.5728736479812448
IND_FUA_09129,Gonda,2049,6600,1208202.0,339474.1209379397,1208202.0,339474.12093793973,1.0,0.044848413027733,0.022997742447133762,54185.94231693307,7807.138400797876,0.044848413027733,0.02299774244713376,0.8411698409028144,0.9406903919569374,1016303.0841184622,319340.04388434725,0.8411698409028144,0.9406903919569373,0.11398174590845338,0.03631186553403448,137712.97337008518,12326.938631783025,0.11398174590845338,0.036311865534034475,0.0,0.0,0.0,0.0,0.0,0.0,0.0,0.0,0.0,0.0,2598422.604600055,2049,0.07418102972747953,4551,0.02369706230463633,3.130389276689626,2,D:\MLWork\IUFEE_revision_20261005\datasets\glad_aligned\IND_FUA_09129_GLADv2_2015_2020_pair_fractions.tif,GLADpair_v2_joint_s_endpoint_support,12.269,2026-10-04T16:52:43.847099+00:00,"['F:\\AcademicData\\IUFEE_revision_20261005\\raw\\GLAD_v2_native_windows_20261005\\IND_FUA_09129_GLADv2_2015_30N_080E_r11177c7534_h445w720_native_20261005.json', 'F:\\AcademicData\\IUFEE_revision_20261005\\raw\\GLAD_v2_native_windows_20261005\\IND_FUA_09129_GLADv2_2020_30N_080E_r11177c7534_h445w720_native_20261005.json']",0,2049.0,1519969.2991160555,4551.0,1078453.3054839994,0.5849584653494063
IND_FUA_09157,Thiruvananthapuram,15270,107800,2457935.0,291474.1682280228,2457935.0,291474.1682280228,1.0,0.04785903448208967,0.07973192737580813,117634.39591973506,23239.797213080798,0.04785903448208967,0.07973192737580813,0.8496869601462357,0.8789265487858569,2088475.3183870378,256184.38474088433,0.8496869601462357,0.8789265487858569,0.1024540051410548,0.04134152386930123,251825.28512637853,12049.986283083528,0.1024540051410548,0.04134152386930123,0.0,0.0,0.0,0.0,0.0,0.0,0.0,0.0,0.0,0.0,63252892.04691529,15270,0.08610271761760055,92530,0.05415001304085992,1.5900775047391051,2,D:\MLWork\IUFEE_revision_20261005\datasets\glad_aligned\IND_FUA_09157_GLADv2_2015_2020_pair_fractions.tif,GLADpair_v2_joint_s_endpoint_support,11.474,2026-10-04T16:46:23.287486+00:00,"['F:\\AcademicData\\IUFEE_revision_20261005\\raw\\GLAD_v2_native_windows_20261005\\IND_FUA_09157_GLADv2_2015_10N_070E_r4779c26713_h1955w2258_native_20261005.json', 'F:\\AcademicData\\IUFEE_revision_20261005\\raw\\GLAD_v2_native_windows_20261005\\IND_FUA_09157_GLADv2_2020_10N_070E_r4779c26713_h1955w2258_native_20261005.json']",0,15270.0,13147884.980207605,92530.0,50105007.066707686,0.20786219498794917
IND_FUA_09165,Tiruppur,16112,56900,5777389.0,1386059.1634799354,5777389.0,1386059.1634799354,1.0,0.235363351016651,0.25826367489052776,1359785.6351667384,357968.7331760189,0.235363351016651,0.25826367489052776,0.557054506168123,0.6450835419310547,3218320.5763361463,894123.9545036315,0.557054506168123,0.6450835419310547,0.20758214282167506,0.09665278340310854,1199282.7885343744,133966.47611172,0.20758214282167506,0.09665278340310854,0.0,0.0,0.0,0.0,0.0,0.0,0.0,0.0,0.0,0.0,54591576.70838036,16112,0.17923554849021217,40788,0.06304095600577958,2.8431603809082446,2,D:\MLWork\IUFEE_revision_20261005\datasets\glad_aligned\IND_FUA_09165_GLADv2_2015_2020_pair_fractions.tif,GLADpair_v2_joint_s_endpoint_support,7.987,2026-10-04T16:50:37.511850+00:00,"['F:\\AcademicData\\IUFEE_revision_20261005\\raw\\GLAD_v2_native_windows_20261005\\IND_FUA_09165_GLADv2_2015_20N_070E_r35114c28685_h1048w1185_native_20261005.json', 'F:\\AcademicData\\IUFEE_revision_20261005\\raw\\GLAD_v2_native_windows_20261005\\IND_FUA_09165_GLADv2_2020_20N_070E_r35114c28685_h1048w1185_native_20261005.json']",0,16112.0,28878431.572742984,40788.0,25713145.135637373,0.5289906119950892
IND_FUA_09195,Faizabad,5883,39500,2166283.0,592292.4093890724,2166283.0,592292.4093890724,1.0,0.07398744424119832,0.06279619627015645,160277.74267315582,37193.71038932005,0.07398744424119832,0.06279619627015645,0.7402800730583502,0.8713026870466845,1603656.137505062,516065.9678180537,0.7402800730583502,0.8713026870466845,0.18573248195730885,0.0659011153356812,402349.11821192486,39032.73038359777,0.18573248195730885,0.0659011153356812,0.0,0.0,0.0,0.0,0.0,0.0,0.0,0.0,0.0,0.0,9039443.225521682,5883,0.07345211794211061,33617,0.01403532476719313,5.2333750134376125,2,D:\MLWork\IUFEE_revision_20261005\datasets\glad_aligned\IND_FUA_09195_GLADv2_2015_2020_pair_fractions.tif,GLADpair_v2_joint_s_endpoint_support,3.915,2026-10-04T16:48:25.832813+00:00,"['F:\\AcademicData\\IUFEE_revision_20261005\\raw\\GLAD_v2_native_windows_20261005\\IND_FUA_09195_GLADv2_2015_30N_080E_r12530c7477_h647w1835_native_20261005.json', 'F:\\AcademicData\\IUFEE_revision_20261005\\raw\\GLAD_v2_native_windows_20261005\\IND_FUA_09195_GLADv2_2020_30N_080E_r12530c7477_h647w1835_native_20261005.json']",0,5883.0,4321188.098534367,33617.0,4718255.126987315,0.4780369753674717
IND_FUA_09258,Sultanpur,3860,10300,1832581.0,413211.48187085305,1832581.0,413211.48187085305,1.0,0.08777805200978976,0.0966265313465824,160860.39033015253,39927.19220576175,0.08777805200978976,0.0966265313465824,0.59478024230692,0.7678734594599086,1089982.9712270577,317294.1300727272,0.59478024230692,0.7678734594599086,0.3174417049051328,0.135500007077926,581737.6370167532,55990.15871818088,0.3174417049051328,0.135500007077926,0.0,0.0,0.0,0.0,0.0,0.0,0.0,0.0,0.0,0.0,3604859.5156919328,3860,0.06308496780967228,6440,0.01816428196022644,3.4730229330180387,2,D:\MLWork\IUFEE_revision_20261005\datasets\glad_aligned\IND_FUA_09258_GLADv2_2015_2020_pair_fractions.tif,GLADpair_v2_joint_s_endpoint_support,0.381,2026-10-04T16:42:20.415405+00:00,"['F:\\AcademicData\\IUFEE_revision_20261005\\raw\\GLAD_v2_native_windows_20261005\\IND_FUA_09258_GLADv2_2015_30N_080E_r14792c7793_h477w895_native_20261005.json', 'F:\\AcademicData\\IUFEE_revision_20261005\\raw\\GLAD_v2_native_windows_20261005\\IND_FUA_09258_GLADv2_2020_30N_080E_r14792c7793_h477w895_native_20261005.json']",0,3860.0,2435079.75745335,6440.0,1169779.7582385829,0.6754992106775484
IND_FUA_09266,Erode,15992,57900,3313105.0,369442.24701593333,3313105.0,369442.24701593333,1.0,0.13410054270457633,0.16236715937044802,444289.1785372454,59985.28819941247,0.13410054270457633,0.16236715937044802,0.4672835190177944,0.6473094284080806,1548159.3632754497,239143.44974568073,0.4672835190177944,0.6473094284080806,0.39861593815604995,0.1903234118221226,1320656.4577845,70313.50892330382,0.39861593815604995,0.1903234118221226,0.0,0.0,0.0,0.0,0.0,0.0,0.0,0.0,0.0,0.0,29979889.951916922,15992,0.09887982755063145,41908,0.03380506807774158,2.925000101264027,2,D:\MLWork\IUFEE_revision_20261005\datasets\glad_aligned\IND_FUA_09266_GLADv2_2015_2020_pair_fractions.tif,GLADpair_v2_joint_s_endpoint_support,9.217,2026-10-04T16:50:10.841429+00:00,"['F:\\AcademicData\\IUFEE_revision_20261005\\raw\\GLAD_v2_native_windows_20261005\\IND_FUA_09266_GLADv2_2015_20N_070E_r33875c30290_h1114w1526_native_20261005.json', 'F:\\AcademicData\\IUFEE_revision_20261005\\raw\\GLAD_v2_native_windows_20261005\\IND_FUA_09266_GLADv2_2020_20N_070E_r33875c30290_h1114w1526_native_20261005.json']",0,15992.0,15812862.02189698,41908.0,14167027.93001994,0.5274489682002953
IND_FUA_09282,Prayagraj,6168,34900,2283637.0,578475.2714182278,2283637.0,578475.2714182278,1.0,0.20572280066126886,0.2061448607746758,469796.199333698,119249.70428810337,0.20572280066126886,0.2061448607746758,0.5899335722260658,0.7122804931407222,1347194.133077616,412036.6515954884,0.5899335722260658,0.7122804931407222,0.20434362700762396,0.08157464636446583,466646.66734880937,47188.91569653033,0.20434362700762396,0.08157464636446583,0.0,0.0,0.0,0.0,0.0,0.0,0.0,0.0,0.0,0.0,19436272.960082028,6168,0.15963908666563478,28732,0.033376493437789485,4.782979583016604,2,D:\MLWork\IUFEE_revision_20261005\datasets\glad_aligned\IND_FUA_09282_GLADv2_2015_2020_pair_fractions.tif,GLADpair_v2_joint_s_endpoint_support,7.669,2026-10-04T16:46:04.670355+00:00,"['F:\\AcademicData\\IUFEE_revision_20261005\\raw\\GLAD_v2_native_windows_20261005\\IND_FUA_09282_GLADv2_2015_30N_080E_r17958c6412_h846w1676_native_20261005.json', 'F:\\AcademicData\\IUFEE_revision_20261005\\raw\\GLAD_v2_native_windows_20261005\\IND_FUA_09282_GLADv2_2020_30N_080E_r17958c6412_h846w1676_native_20261005.json']",0,6168.0,9846538.865536354,28732.0,9589734.094545674,0.5066063275484478
IND_FUA_09368,Salem,17269,51800,4170866.0,482588.1220762817,4170866.0,482588.1220762817,1.0,0.13609693916323667,0.09686327988333483,567642.0962600122,46745.06833704783,0.13609693916323667,0.09686327988333483,0.5830992497409901,0.787873429074389,2432028.8353702044,380218.3585708099,0.5830992497409901,0.787873429074389,0.2808038107866743,0.11526328979147075,1171195.0670805732,55624.69456480012,0.2808038107866743,0.11526328979147075,0.0,0.0,0.0,0.0,0.0,0.0,0.0,0.0,0.0,0.0,34966647.17055874,17269,0.12399810560899739,34531,0.039249990770441015,3.159188146927662,2,D:\MLWork\IUFEE_revision_20261005\datasets\glad_aligned\IND_FUA_09368_GLADv2_2015_2020_pair_fractions.tif,GLADpair_v2_joint_s_endpoint_support,13.249,2026-10-04T16:49:17.708456+00:00,"['F:\\AcademicData\\IUFEE_revision_20261005\\raw\\GLAD_v2_native_windows_20261005\\IND_FUA_09368_GLADv2_2015_20N_070E_r32767c31926_h1146w1862_native_20261005.json', 'F:\\AcademicData\\IUFEE_revision_20261005\\raw\\GLAD_v2_native_windows_20261005\\IND_FUA_09368_GLADv2_2020_20N_070E_r32767c31926_h1146w1862_native_20261005.json']",0,17269.0,21413232.85761776,34531.0,13553414.312940985,0.6123902229793223
IND_FUA_09444,Madurai,6655,38800,1974352.0,368232.9429519295,1974352.0,368232.9429519295,1.0,0.2001596866452598,0.22640792613418087,395185.677647442,83370.8569480325,0.2001596866452598,0.22640792613418087,0.6060547535110544,0.6876754317373969,1196565.4147040574,253224.74802440038,0.6060547535110544,0.6876754317373969,0.1935211471022927,0.08575833025523165,382078.8638237058,31579.042332527446,0.1935211471022927,0.08575833025523165,0.0002644130372219711,0.00015831269182208516,522.044408865273,58.29594841628828,0.0002644130372219711,0.00015831269182208516,0.0,0.0,0.0,0.0,18387088.588778052,6655,0.14515821126558776,32145,0.027148264517197658,5.346868901090681,4,D:\MLWork\IUFEE_revision_20261005\datasets\glad_aligned\IND_FUA_09444_GLADv2_2015_2020_pair_fractions.tif,GLADpair_v2_joint_s_endpoint_support,22.859,2026-10-04T16:48:33.034349+00:00,"['F:\\AcademicData\\IUFEE_revision_20261005\\raw\\GLAD_v2_native_windows_20261005\\IND_FUA_09444_GLADv2_2015_10N_070E_r0c32018_h720w1047_native_20261005.json', 'F:\\AcademicData\\IUFEE_revision_20261005\\raw\\GLAD_v2_native_windows_20261005\\IND_FUA_09444_GLADv2_2020_10N_070E_r0c32018_h720w1047_native_20261005.json', 'F:\\AcademicData\\IUFEE_revision_20261005\\raw\\GLAD_v2_native_windows_20261005\\IND_FUA_09444_GLADv2_2015_20N_070E_r39934c32018_h66w1047_native_20261005.json', 'F:\\AcademicData\\IUFEE_revision_20261005\\raw\\GLAD_v2_native_windows_20261005\\IND_FUA_09444_GLADv2_2020_20N_070E_r39934c32018_h66w1047_native_20261005.json']",0,6655.0,9660278.959724864,32145.0,8726809.629053187,0.5253838264324616
IND_FUA_09500,Gorakhpur,10020,50600,3389028.0,724776.4661031612,3389028.0,724776.4661031611,1.0,0.15477668092312327,0.17979591462206937,524542.5053955306,130311.84761956913,0.15477668092312327,0.1797959146220694,0.5173026532176431,0.7112264608437548,1753153.1762288827,515480.200889395,0.5173026532176431,0.711226460843755,0.32792066524391744,0.1089776234558972,1111332.316290263,78984.41681268615,0.32792066524391744,0.10897762345589722,0.0,0.0,0.0,0.0,0.0,0.0,0.0,0.0,0.0,0.0,19627224.491593007,10020,0.09956364156163411,40580,0.02378252244237868,4.186420586918868,2,D:\MLWork\IUFEE_revision_20261005\datasets\glad_aligned\IND_FUA_09500_GLADv2_2015_2020_pair_fractions.tif,GLADpair_v2_joint_s_endpoint_support,15.165,2026-10-04T16:47:42.633250+00:00,"['F:\\AcademicData\\IUFEE_revision_20261005\\raw\\GLAD_v2_native_windows_20261005\\IND_FUA_09500_GLADv2_2015_30N_080E_r12530c12335_h883w2031_native_20261005.json', 'F:\\AcademicData\\IUFEE_revision_20261005\\raw\\GLAD_v2_native_windows_20261005\\IND_FUA_09500_GLADv2_2020_30N_080E_r12530c12335_h883w2031_native_20261005.json']",0,10020.0,9976276.884475738,40580.0,9650947.60711727,0.5082877045987276
IND_FUA_09544,Tiruchirappalli,6278,40400,2002696.0,298092.4773390867,2002696.0,298092.4773390867,1.0,0.1596354216314712,0.15745634650677381,319701.22035966086,46936.552402965855,0.1596354216314712,0.15745634650677381,0.6632771797273669,0.7750944755180439,1328342.5547312787,231049.8323790138,0.6632771797273669,0.7750944755180439,0.17708739850438593,0.06744917753085176,354652.2246351397,20106.092424655468,0.17708739850438593,0.06744917753085176,0.0,0.0,0.0,0.0,0.0,0.0,0.0,0.0,0.0,0.0,17131569.631580967,6278,0.12930663662542308,34122,0.0264160922109985,4.894994899040573,2,D:\MLWork\IUFEE_revision_20261005\datasets\glad_aligned\IND_FUA_09544_GLADv2_2015_2020_pair_fractions.tif,GLADpair_v2_joint_s_endpoint_support,6.088,2026-10-04T16:51:14.114539+00:00,"['F:\\AcademicData\\IUFEE_revision_20261005\\raw\\GLAD_v2_native_windows_20261005\\IND_FUA_09544_GLADv2_2015_20N_070E_r36417c34294_h755w1417_native_20261005.json', 'F:\\AcademicData\\IUFEE_revision_20261005\\raw\\GLAD_v2_native_windows_20261005\\IND_FUA_09544_GLADv2_2020_20N_070E_r36417c34294_h755w1417_native_20261005.json']",0,6278.0,8117870.647344061,34122.0,9013698.984236907,0.4738544582849711
IND_FUA_09562,Varanasi,42037,141700,10435276.0,2112978.2667815867,10435276.0,2112978.2667815867,1.0,0.08715009507756355,0.08250116889851312,909435.295560617,174323.1768666352,0.08715009507756355,0.08250116889851312,0.5633900601251286,0.7747834229990852,5879130.773062311,1637100.534259712,0.5633900601251286,0.7747834229990852,0.3494598446215231,0.14271540816387268,3646709.9295427087,301554.5557851264,0.3494598446215231,0.14271540816387268,0.0,0.0,0.0,0.0,0.0,0.0,0.0,0.0,0.0,0.0,65798163.70083572,42037,0.08015968765470817,99663,0.03220998344563785,2.488659697388453,2,D:\MLWork\IUFEE_revision_20261005\datasets\glad_aligned\IND_FUA_09562_GLADv2_2015_2020_pair_fractions.tif,GLADpair_v2_joint_s_endpoint_support,11.579,2026-10-04T16:45:11.594380+00:00,"['F:\\AcademicData\\IUFEE_revision_20261005\\raw\\GLAD_v2_native_windows_20261005\\IND_FUA_09562_GLADv2_2015_30N_080E_r17924c10603_h1720w3113_native_20261005.json', 'F:\\AcademicData\\IUFEE_revision_20261005\\raw\\GLAD_v2_native_windows_20261005\\IND_FUA_09562_GLADv2_2020_30N_080E_r17924c10603_h1720w3113_native_20261005.json']",0,42037.0,33696727.899409674,99663.0,32101435.80142605,0.5121226186891548
IND_FUA_09564,Durg,3674,33100,740363.0,132305.06794758103,740363.0,132305.06794758103,1.0,0.22741280647797654,0.3293512588250452,168368.02764245414,43574.84067746895,0.22741280647797654,0.3293512588250452,0.33771217403128717,0.2929147971954492,250029.59830232587,38754.11214579583,0.33771217403128717,0.2929147971954492,0.43487501889293834,0.3777339425963435,321965.3736126325,49976.114941316904,0.43487501889293834,0.3777339425963435,0.0,0.0,0.0,0.0,0.0,0.0,0.0,0.0,0.0,0.0,22455726.3506408,3674,0.11816468322020131,29426,0.06155901545956162,1.919534975308762,2,D:\MLWork\IUFEE_revision_20261005\datasets\glad_aligned\IND_FUA_09564_GLADv2_2015_2020_pair_fractions.tif,GLADpair_v2_joint_s_endpoint_support,8.009,2026-10-04T16:51:45.301715+00:00,"['F:\\AcademicData\\IUFEE_revision_20261005\\raw\\GLAD_v2_native_windows_20261005\\IND_FUA_09564_GLADv2_2015_30N_080E_r34874c4728_h636w1263_native_20261005.json', 'F:\\AcademicData\\IUFEE_revision_20261005\\raw\\GLAD_v2_native_windows_20261005\\IND_FUA_09564_GLADv2_2020_30N_080E_r34874c4728_h636w1263_native_20261005.json']",0,3674.0,4341370.461510196,29426.0,18114355.889130604,0.19333021758996943
IND_FUA_09570,Vellore,9604,49700,1847021.0,253867.80997807166,1847021.0,253867.8099780717,1.0,0.09590986155925632,0.1281142206818855,177147.52840703918,32524.076631557647,0.09590986155925632,0.1281142206818855,0.5703337051593299,0.6873702670199923,1053418.3304370907,174501.18433240778,0.5703337051593299,0.6873702670199922,0.33375643382412323,0.18451551386287815,616455.1421582659,46842.5494113474,0.33375643382412323,0.18451551386287812,0.0,0.0,0.0,0.0,0.0,0.0,0.0,0.0,0.0,0.0,11712713.12100127,9604,0.06317290873566347,40096,0.014080174995082177,4.48665650517327,2,D:\MLWork\IUFEE_revision_20261005\datasets\glad_aligned\IND_FUA_09570_GLADv2_2015_2020_pair_fractions.tif,GLADpair_v2_joint_s_endpoint_support,7.831,2026-10-04T16:51:21.946732+00:00,"['F:\\AcademicData\\IUFEE_revision_20261005\\raw\\GLAD_v2_native_windows_20261005\\IND_FUA_09570_GLADv2_2015_20N_070E_r27902c36093_h920w1765_native_20261005.json', 'F:\\AcademicData\\IUFEE_revision_20261005\\raw\\GLAD_v2_native_windows_20261005\\IND_FUA_09570_GLADv2_2020_20N_070E_r27902c36093_h920w1765_native_20261005.json']",0,9604.0,6067126.15497312,40096.0,5645586.966028149,0.5179949421022333
IND_FUA_09620,Raipur,8514,50400,3038998.0,681520.871471043,3038998.0,681520.8714710429,1.0,0.29172342018764613,0.40192072174618937,886546.8905034162,273917.36054673354,0.29172342018764613,0.4019207217461894,0.3058210291999515,0.30042898319322175,929389.4960965943,204748.62244100383,0.3058210291999515,0.3004289831932218,0.4024555505008904,0.2976502947060855,1223061.613061105,202854.88824170415,0.4024555505008904,0.2976502947060855,0.0,0.0,0.0,0.0,0.0,0.0,0.0,0.0,0.0,0.0,41905564.212368965,8514,0.1652113403010183,41886,0.06646485866194018,2.4856946005306617,2,D:\MLWork\IUFEE_revision_20261005\datasets\glad_aligned\IND_FUA_09620_GLADv2_2015_2020_pair_fractions.tif,GLADpair_v2_joint_s_endpoint_support,10.369,2026-10-04T16:50:01.622920+00:00,"['F:\\AcademicData\\IUFEE_revision_20261005\\raw\\GLAD_v2_native_windows_20261005\\IND_FUA_09620_GLADv2_2015_30N_080E_r34342c5774_h1035w1526_native_20261005.json', 'F:\\AcademicData\\IUFEE_revision_20261005\\raw\\GLAD_v2_native_windows_20261005\\IND_FUA_09620_GLADv2_2020_30N_080E_r34342c5774_h1035w1526_native_20261005.json']",0,8514.0,14066093.513228698,41886.0,27839470.699140266,0.3356617140851407
IND_FUA_09710,Bilaspur,5589,29900,1698534.0,370964.4279579795,1698534.0,370964.4279579794,1.0,0.19326555318015048,0.22809637776327266,328268.1131052937,84615.64229623963,0.19326555318015048,0.2280963777632727,0.3878957871186832,0.47654764096477886,658854.1828778455,176782.2230252238,0.3878957871186832,0.47654764096477903,0.4188386594811381,0.2953559808348351,711411.7036431354,109566.56247436255,0.4188386594811381,0.29535598083483516,0.0,0.0,0.0,0.0,0.0,0.0,0.0,0.0,0.0,0.0,14218867.005045045,5589,0.11761606616365275,24311,0.031447925083947566,3.7400262767634636,2,D:\MLWork\IUFEE_revision_20261005\datasets\glad_aligned\IND_FUA_09710_GLADv2_2015_2020_pair_fractions.tif,GLADpair_v2_joint_s_endpoint_support,13.157,2026-10-04T16:53:41.690742+00:00,"['F:\\AcademicData\\IUFEE_revision_20261005\\raw\\GLAD_v2_native_windows_20261005\\IND_FUA_09710_GLADv2_2015_30N_080E_r31247c7865_h771w1453_native_20261005.json', 'F:\\AcademicData\\IUFEE_revision_20261005\\raw\\GLAD_v2_native_windows_20261005\\IND_FUA_09710_GLADv2_2020_30N_080E_r31247c7865_h771w1453_native_20261005.json']",0,5589.0,6573561.937886552,24311.0,7645305.067158492,0.4623126396466163
IND_FUA_09782,Kuchai Kot,18289,82300,4379570.0,996293.2486677059,4379570.0,996293.248667706,1.0,0.08006839405572891,0.05886057074170299,350665.13655464863,58642.38924268659,0.08006839405572891,0.058860570741702985,0.4806060575579433,0.7529661398725649,2104847.8714990416,750175.0816304199,0.4806060575579433,0.7529661398725648,0.4393255483730852,0.1881732893827511,1924056.9918883126,187475.77779162943,0.4393255483730852,0.18817328938275107,0.0,0.0,0.0,0.0,0.0,0.0,0.0,0.0,0.0,0.0,19920632.952409837,18289,0.06321780195651493,64011,0.013058269910769747,4.841208091768446,2,D:\MLWork\IUFEE_revision_20261005\datasets\glad_aligned\IND_FUA_09782_GLADv2_2015_2020_pair_fractions.tif,GLADpair_v2_joint_s_endpoint_support,8.883,2026-10-04T16:49:44.443611+00:00,"['F:\\AcademicData\\IUFEE_revision_20261005\\raw\\GLAD_v2_native_windows_20261005\\IND_FUA_09782_GLADv2_2015_30N_080E_r12868c15829_h950w2536_native_20261005.json', 'F:\\AcademicData\\IUFEE_revision_20261005\\raw\\GLAD_v2_native_windows_20261005\\IND_FUA_09782_GLADv2_2020_30N_080E_r12868c15829_h950w2536_native_20261005.json']",0,18289.0,11561903.799827015,64011.0,8358729.152582823,0.5803984154242624
IND_FUA_09794,Vijayawada,5007,31400,2767238.0,796996.5777105951,2767238.0,796996.577710595,1.0,0.16163309130634304,0.18954879257363347,447277.2323203821,151069.73899036134,0.16163309130634304,0.1895487925736335,0.7548238333996957,0.7768309739183891,2088777.1950893071,619131.6276725447,0.7548238333996957,0.7768309739183892,0.0835430753888221,0.03362023368667158,231183.5728528133,26795.21119010771,0.0835430753888221,0.03362023368667158,0.0,0.0,0.0,0.0,0.0,0.0,0.0,0.0,0.0,0.0,11326143.415920405,5007,0.1288136938677078,26393,0.018476269328853392,6.971845429128185,2,D:\MLWork\IUFEE_revision_20261005\datasets\glad_aligned\IND_FUA_09794_GLADv2_2015_2020_pair_fractions.tif,GLADpair_v2_joint_s_endpoint_support,8.983,2026-10-04T16:50:37.425629+00:00,"['F:\\AcademicData\\IUFEE_revision_20261005\\raw\\GLAD_v2_native_windows_20261005\\IND_FUA_09794_GLADv2_2015_20N_080E_r13679c1897_h860w1331_native_20261005.json', 'F:\\AcademicData\\IUFEE_revision_20261005\\raw\\GLAD_v2_native_windows_20261005\\IND_FUA_09794_GLADv2_2020_20N_080E_r13679c1897_h860w1331_native_20261005.json']",0,5007.0,6449701.65195613,26393.0,4876441.763964276,0.5694525855014527
IND_FUA_09834,Puducherry,3585,27400,611885.0,90516.47162903305,611885.0,90516.47162903305,1.0,0.03471755854456327,0.024015143938556558,21243.1533100401,2173.7660949815,0.03471755854456327,0.024015143938556558,0.7668447739295154,0.8971652330912274,469220.8144958616,81208.23136765692,0.7668447739295154,0.8971652330912274,0.19843766681651365,0.07881962238972215,121421.03176002245,7134.474113850383,0.19843766681651365,0.07881962238972215,0.0,0.0,0.0,0.0,0.0,0.0,0.0,0.0,0.0,0.0,6622017.516776595,3585,0.05461844125366169,23815,0.019584070534674886,2.788921800345651,2,D:\MLWork\IUFEE_revision_20261005\datasets\glad_aligned\IND_FUA_09834_GLADv2_2015_2020_pair_fractions.tif,GLADpair_v2_joint_s_endpoint_support,11.626,2026-10-04T16:53:44.290843+00:00,"['F:\\AcademicData\\IUFEE_revision_20261005\\raw\\GLAD_v2_native_windows_20261005\\IND_FUA_09834_GLADv2_2015_20N_070E_r31853c38491_h821w1003_native_20261005.json', 'F:\\AcademicData\\IUFEE_revision_20261005\\raw\\GLAD_v2_native_windows_20261005\\IND_FUA_09834_GLADv2_2020_20N_070E_r31853c38491_h821w1003_native_20261005.json']",0,3585.0,1958071.1189437716,23815.0,4663946.397832824,0.2956910207475415
IND_FUA_09850,Chennai,26665,207000,9614438.0,2030567.3796170424,9614438.0,2030567.3796170426,1.0,0.11507325212730274,0.18035728795108777,1106364.6480363202,366227.62558967667,0.11507325212730274,0.18035728795108774,0.7621360684893024,0.7419647491189247,7327509.978054151,1506609.4163866313,0.7621360684893024,0.7419647491189247,0.12279067954148018,0.07767796330321194,1180563.3754294296,157730.33839859185,0.12279067954148018,0.07767796330321193,0.0,0.0,0.0,0.0,0.0,0.0,0.0,0.0,0.0,0.0,87189437.17731865,26665,0.11085813866584208,180335,0.03195669975438593,3.469010865260805,4,D:\MLWork\IUFEE_revision_20261005\datasets\glad_aligned\IND_FUA_09850_GLADv2_2015_2020_pair_fractions.tif,GLADpair_v2_joint_s_endpoint_support,22.285,2026-10-04T16:43:35.038704+00:00,"['F:\\AcademicData\\IUFEE_revision_20261005\\raw\\GLAD_v2_native_windows_20261005\\IND_FUA_09850_GLADv2_2015_20N_070E_r26824c39309_h2553w691_native_20261005.json', 'F:\\AcademicData\\IUFEE_revision_20261005\\raw\\GLAD_v2_native_windows_20261005\\IND_FUA_09850_GLADv2_2020_20N_070E_r26824c39309_h2553w691_native_20261005.json', 'F:\\AcademicData\\IUFEE_revision_20261005\\raw\\GLAD_v2_native_windows_20261005\\IND_FUA_09850_GLADv2_2015_20N_080E_r26824c0_h2553w1443_native_20261005.json', 'F:\\AcademicData\\IUFEE_revision_20261005\\raw\\GLAD_v2_native_windows_20261005\\IND_FUA_09850_GLADv2_2020_20N_080E_r26824c0_h2553w1443_native_20261005.json']",0,26665.0,29560322.675246794,180335.0,57629114.502071865,0.33903559458847593
IND_FUA_10007,Muzaffarpur,17264,62100,4557955.0,906736.5046709699,4557955.0,906736.5046709698,1.0,0.08123071195295214,0.07043245771217656,370245.929699518,63863.680521324866,0.08123071195295214,0.07043245771217656,0.5831594313388838,0.761561995111613,2658014.445868222,690536.0615377543,0.5831594313388838,0.7615619951116132,0.33560985679147914,0.16800554710083185,1529694.6248120063,152336.76254354228,0.33560985679147914,0.16800554710083188,0.0,0.0,0.0,0.0,0.0,0.0,0.0,0.0,0.0,0.0,33210673.40884445,17264,0.08065305583531089,44836,0.043016169706120926,1.8749474066686713,2,D:\MLWork\IUFEE_revision_20261005\datasets\glad_aligned\IND_FUA_10007_GLADv2_2015_2020_pair_fractions.tif,GLADpair_v2_joint_s_endpoint_support,14.963,2026-10-04T16:48:40.797892+00:00,"['F:\\AcademicData\\IUFEE_revision_20261005\\raw\\GLAD_v2_native_windows_20261005\\IND_FUA_10007_GLADv2_2015_30N_080E_r14893c20356_h1286w2079_native_20261005.json', 'F:\\AcademicData\\IUFEE_revision_20261005\\raw\\GLAD_v2_native_windows_20261005\\IND_FUA_10007_GLADv2_2020_30N_080E_r14893c20356_h1286w2079_native_20261005.json']",0,17264.0,13923943.559408072,44836.0,19286729.84943638,0.4192611028387018
IND_FUA_10017,Patna,5503,31600,2677195.0,706343.8856600106,2677195.0,706343.8856600106,1.0,0.20475819622129957,0.2024553132844207,548177.6191326821,143003.0726578325,0.20475819622129957,0.2024553132844207,0.5506518551180983,0.6739892659980627,1474202.3932628972,476068.1970382101,0.5506518551180983,0.6739892659980627,0.24458994867530146,0.12355542087956346,654814.9876437737,87272.61607842887,0.24458994867530146,0.12355542087956346,0.0,0.0,0.0,0.0,0.0,0.0,0.0,0.0,0.0,0.0,19377177.929683566,5503,0.1639981767265049,26097,0.039668767538123165,4.13418885698671,2,D:\MLWork\IUFEE_revision_20261005\datasets\glad_aligned\IND_FUA_10017_GLADv2_2015_2020_pair_fractions.tif,GLADpair_v2_joint_s_endpoint_support,6.815,2026-10-04T16:46:11.486346+00:00,"['F:\\AcademicData\\IUFEE_revision_20261005\\raw\\GLAD_v2_native_windows_20261005\\IND_FUA_10017_GLADv2_2015_30N_080E_r17352c19437_h611w1932_native_20261005.json', 'F:\\AcademicData\\IUFEE_revision_20261005\\raw\\GLAD_v2_native_windows_20261005\\IND_FUA_10017_GLADv2_2020_30N_080E_r17352c19437_h611w1932_native_20261005.json']",0,5503.0,9024819.665259566,26097.0,10352358.264424002,0.4657447899796905
IND_FUA_10065,Gaya,3159,18800,789658.0,179297.3491025654,789658.0,179297.3491025654,1.0,0.2224410775270774,0.22708743645123722,175652.37639787688,40716.17537020412,0.2224410775270774,0.22708743645123722,0.3501400880360543,0.4984946786513222,276490.92163837457,89378.77442391728,0.3501400880360543,0.4984946786513222,0.4274188346879172,0.2744178844030986,337514.7021619913,49202.39921980981,0.4274188346879172,0.2744178844030986,0.0,0.0,0.0,0.0,0.0,0.0,0.0,0.0,0.0,0.0,10751235.94585897,3159,0.13943904704395094,15641,0.040575132342820536,3.436564195671037,2,D:\MLWork\IUFEE_revision_20261005\datasets\glad_aligned\IND_FUA_10065_GLADv2_2015_2020_pair_fractions.tif,GLADpair_v2_joint_s_endpoint_support,9.91,2026-10-04T16:53:19.721578+00:00,"['F:\\AcademicData\\IUFEE_revision_20261005\\raw\\GLAD_v2_native_windows_20261005\\IND_FUA_10065_GLADv2_2015_30N_080E_r20546c19520_h777w926_native_20261005.json', 'F:\\AcademicData\\IUFEE_revision_20261005\\raw\\GLAD_v2_native_windows_20261005\\IND_FUA_10065_GLADv2_2020_30N_080E_r20546c19520_h777w926_native_20261005.json']",0,3159.0,4404879.4961184105,15641.0,6346356.449740561,0.40970912723899694
IND_FUA_10142,Visakhapatnam,8295,44300,7311928.0,2443744.135813537,7311928.0,2443744.1358135366,1.0,0.09227400675634861,0.09326056371718046,674700.8936739346,227904.95568652448,0.09227400675634861,0.09326056371718049,0.7441841669526076,0.7614010918805273,5441421.047497446,1860669.4532850627,0.7441841669526076,0.7614010918805274,0.16354182614954513,0.14533834421432953,1195806.0577939912,355169.7263826171,0.16354182614954513,0.14533834421432956,0.0,0.0,0.0,0.0,0.0,0.0,0.0,0.0,0.0,0.0,13606105.709291361,8295,0.0760969759281384,36005,0.020257912945569452,3.756407490376808,2,D:\MLWork\IUFEE_revision_20261005\datasets\glad_aligned\IND_FUA_10142_GLADv2_2015_2020_pair_fractions.tif,GLADpair_v2_joint_s_endpoint_support,15.236,2026-10-04T16:48:56.034518+00:00,"['F:\\AcademicData\\IUFEE_revision_20261005\\raw\\GLAD_v2_native_windows_20261005\\IND_FUA_10142_GLADv2_2015_20N_080E_r8576c12111_h1092w1469_native_20261005.json', 'F:\\AcademicData\\IUFEE_revision_20261005\\raw\\GLAD_v2_native_windows_20261005\\IND_FUA_10142_GLADv2_2020_20N_080E_r8576c12111_h1092w1469_native_20261005.json']",0,8295.0,6312244.153239081,36005.0,7293861.5560522815,0.4639273196979915
IND_FUA_10152,Begusarai,2995,24900,345601.0,53184.39817528798,345601.0,53184.39817528797,1.0,0.1738992267709162,0.22966396050215737,60099.746671255416,12214.539521860348,0.1738992267709162,0.2296639605021574,0.35163123784517736,0.6012235858732666,121524.10743053115,31975.714583458255,0.35163123784517736,0.6012235858732667,0.47446953522889124,0.16911245221709145,163977.14584464004,8994.143995113154,0.47446953522889124,0.16911245221709148,0.0,0.0,0.0,0.0,0.0,0.0,0.0,0.0,0.0,0.0,14789983.00350191,2995,0.11427169696798894,21905,0.051894753158231645,2.201989411522289,2,D:\MLWork\IUFEE_revision_20261005\datasets\glad_aligned\IND_FUA_10152_GLADv2_2015_2020_pair_fractions.tif,GLADpair_v2_joint_s_endpoint_support,6.086,2026-10-04T16:52:14.525993+00:00,"['F:\\AcademicData\\IUFEE_revision_20261005\\raw\\GLAD_v2_native_windows_20261005\\IND_FUA_10152_GLADv2_2015_30N_080E_r17891c23467_h576w1789_native_20261005.json', 'F:\\AcademicData\\IUFEE_revision_20261005\\raw\\GLAD_v2_native_windows_20261005\\IND_FUA_10152_GLADv2_2020_30N_080E_r17891c23467_h576w1789_native_20261005.json']",0,2995.0,3422437.324191269,21905.0,11367545.679310642,0.23140238385540526
IND_FUA_10168,Ranchi,12632,45900,3981456.0,620634.0740857662,3981456.0,620634.0740857662,1.0,0.1651387957508536,0.13797996081717992,657492.8491750106,85635.06522416076,0.1651387957508536,0.13797996081717992,0.5501565246463895,0.7614056705782821,2190423.9959925157,472554.30336300406,0.5501565246463895,0.7614056705782821,0.2847046796238292,0.10061436917188407,1133539.1549163726,62444.70585071573,0.2847046796238292,0.10061436917188407,0.0,0.0,0.0,0.0,0.0,0.0,0.0,0.0,0.0,0.0,28266363.81926206,12632,0.14372719083193583,33268,0.030391803154298205,4.729143252943484,2,D:\MLWork\IUFEE_revision_20261005\datasets\glad_aligned\IND_FUA_10168_GLADv2_2015_2020_pair_fractions.tif,GLADpair_v2_joint_s_endpoint_support,18.023,2026-10-04T16:49:35.558037+00:00,"['F:\\AcademicData\\IUFEE_revision_20261005\\raw\\GLAD_v2_native_windows_20261005\\IND_FUA_10168_GLADv2_2015_30N_080E_r26141c20390_h1007w1582_native_20261005.json', 'F:\\AcademicData\\IUFEE_revision_20261005\\raw\\GLAD_v2_native_windows_20261005\\IND_FUA_10168_GLADv2_2020_30N_080E_r26141c20390_h1007w1582_native_20261005.json']",0,12632.0,18155618.745890133,33268.0,10110745.073371926,0.6423047146063414
IND_FUA_10243,Dhanbad,13960,75500,3148475.0,474796.57079524134,3148475.0,474796.57079524134,1.0,0.14757532914709415,0.19492124350196174,464637.2344363972,92547.93798987566,0.14757532914709415,0.19492124350196174,0.15013885214492598,0.2139147765317995,472708.42250699585,101566.00233972877,0.15013885214492598,0.2139147765317995,0.7022858182095283,0.5911639790936654,2211129.3414872447,280682.6300513421,0.7022858182095283,0.5911639790936654,0.0,0.0,0.0,0.0,0.0,0.0,0.0,0.0,0.0,0.0,39596569.39348677,13960,0.08467707194360959,61540,0.04513430313642976,1.876113422813949,2,D:\MLWork\IUFEE_revision_20261005\datasets\glad_aligned\IND_FUA_10243_GLADv2_2015_2020_pair_fractions.tif,GLADpair_v2_joint_s_endpoint_support,31.404,2026-10-04T16:47:51.855339+00:00,"['F:\\AcademicData\\IUFEE_revision_20261005\\raw\\GLAD_v2_native_windows_20261005\\IND_FUA_10243_GLADv2_2015_30N_080E_r24401c24202_h1009w2611_native_20261005.json', 'F:\\AcademicData\\IUFEE_revision_20261005\\raw\\GLAD_v2_native_windows_20261005\\IND_FUA_10243_GLADv2_2020_30N_080E_r24401c24202_h1009w2611_native_20261005.json']",0,13960.0,11820919.243327899,61540.0,27775650.15015887,0.29853392413516305
IND_FUA_10285,Jamshedpur,2217,26500,534462.0,91900.35363646618,534462.0,91900.35363646617,1.0,0.20360925315928927,0.2766564785980024,108821.40866202005,25424.828218975857,0.20360925315928927,0.2766564785980024,0.3992320157110242,0.4537511907906396,213374.34158094542,41699.89489662742,0.3992320157110242,0.4537511907906397,0.39715873140359353,0.26959233161465246,212266.2499034274,24775.630613066023,0.39715873140359353,0.2695923316146525,0.0,0.0,0.0,0.0,0.0,0.0,0.0,0.0,0.0,0.0,9841900.862846669,2217,0.10749089107796456,24283,0.030716253377458282,3.499479241724475,2,D:\MLWork\IUFEE_revision_20261005\datasets\glad_aligned\IND_FUA_10285_GLADv2_2015_2020_pair_fractions.tif,GLADpair_v2_joint_s_endpoint_support,12.55,2026-10-04T16:49:17.534135+00:00,"['F:\\AcademicData\\IUFEE_revision_20261005\\raw\\GLAD_v2_native_windows_20261005\\IND_FUA_10285_GLADv2_2015_30N_080E_r28479c24070_h639w1219_native_20261005.json', 'F:\\AcademicData\\IUFEE_revision_20261005\\raw\\GLAD_v2_native_windows_20261005\\IND_FUA_10285_GLADv2_2020_30N_080E_r28479c24070_h639w1219_native_20261005.json']",0,2217.0,2383073.0551984743,24283.0,7458827.807648195,0.24213544602898945
IND_FUA_10313,Asansol,9410,81800,1422481.0,161881.80110738295,1422481.0,161881.80110738298,1.0,0.0680722248652787,0.09707861509765472,96831.4464985865,15715.261061018726,0.0680722248652787,0.09707861509765471,0.24334942950520919,0.3391226051268845,346159.9398319995,54897.778114167886,0.24334942950520919,0.33912260512688447,0.6885783458408233,0.5637987804784307,979489.6139700002,91268.76204599437,0.6885783458408233,0.5637987804784306,0.0,0.0,0.0,0.0,0.0,0.0,0.0,0.0,0.0,0.0,16474271.664977305,9410,0.037700389150689954,72390,0.01785697616507443,2.1112415003625458,2,D:\MLWork\IUFEE_revision_20261005\datasets\glad_aligned\IND_FUA_10313_GLADv2_2015_2020_pair_fractions.tif,GLADpair_v2_joint_s_endpoint_support,21.781,2026-10-04T16:46:00.129340+00:00,"['F:\\AcademicData\\IUFEE_revision_20261005\\raw\\GLAD_v2_native_windows_20261005\\IND_FUA_10313_GLADv2_2015_30N_080E_r24401c26243_h1377w3017_native_20261005.json', 'F:\\AcademicData\\IUFEE_revision_20261005\\raw\\GLAD_v2_native_windows_20261005\\IND_FUA_10313_GLADv2_2020_30N_080E_r24401c26243_h1377w3017_native_20261005.json']",0,9410.0,3547606.6190799247,72390.0,12926665.04589738,0.21534224342201364
IND_FUA_10354,Bhubaneshwar,4487,30100,1450407.0,263233.4391641144,1450407.0,263233.4391641144,1.0,0.11624609511328411,0.13601370793449835,168604.15007497306,35803.356113061396,0.11624609511328411,0.13601370793449835,0.7599456418536665,0.8079553579635272,1102230.478564051,212680.86756781244,0.7599456418536665,0.8079553579635272,0.12380826367760389,0.056030934232987994,179572.37229584242,14749.215517727742,0.12380826367760389,0.056030934232987994,0.0,0.0,0.0,0.0,0.0,0.0,0.0,0.0,0.0,0.0,13455183.383781737,4487,0.13713832625856745,25613,0.028508127453089505,4.810499268471083,2,D:\MLWork\IUFEE_revision_20261005\datasets\glad_aligned\IND_FUA_10354_GLADv2_2015_2020_pair_fractions.tif,GLADpair_v2_joint_s_endpoint_support,11.846,2026-10-04T16:52:08.439329+00:00,"['F:\\AcademicData\\IUFEE_revision_20261005\\raw\\GLAD_v2_native_windows_20261005\\IND_FUA_10354_GLADv2_2015_30N_080E_r38326c22810_h1000w1010_native_20261005.json', 'F:\\AcademicData\\IUFEE_revision_20261005\\raw\\GLAD_v2_native_windows_20261005\\IND_FUA_10354_GLADv2_2020_30N_080E_r38326c22810_h1000w1010_native_20261005.json']",0,4487.0,6153396.699221921,25613.0,7301786.684559815,0.4573253684999154
IND_FUA_10432,Berhampore,4053,42700,258040.0,12169.74077992252,258040.0,12169.740779922522,1.0,0.12505435745696486,0.19074310285872112,32269.026398195216,2321.2941173487343,0.12505435745696486,0.1907431028587211,0.314535209489277,0.5075719324599977,81162.66545661303,6177.018845202512,0.314535209489277,0.5075719324599975,0.5604104338764967,0.30168496527770555,144608.30835749122,3671.4278246296026,0.5604104338764967,0.3016849652777055,0.0,0.0,0.0,0.0,0.0,0.0,0.0,0.0,0.0,0.0,15219502.775816709,4053,0.0815712288340654,38647,0.030826250087127173,2.6461612620254766,2,D:\MLWork\IUFEE_revision_20261005\datasets\glad_aligned\IND_FUA_10432_GLADv2_2015_2020_pair_fractions.tif,GLADpair_v2_joint_s_endpoint_support,19.505,2026-10-04T16:50:18.093312+00:00,"['F:\\AcademicData\\IUFEE_revision_20261005\\raw\\GLAD_v2_native_windows_20261005\\IND_FUA_10432_GLADv2_2015_30N_080E_r22961c32179_h1612w1620_native_20261005.json', 'F:\\AcademicData\\IUFEE_revision_20261005\\raw\\GLAD_v2_native_windows_20261005\\IND_FUA_10432_GLADv2_2020_30N_080E_r22961c32179_h1612w1620_native_20261005.json']",0,4053.0,3306081.9046446704,38647.0,11913420.871172039,0.21722666984219263
IND_FUA_10441,Tamluk,24013,90000,2897193.0,212983.24504791718,2897193.0,212983.24504791718,1.0,0.06674458647831241,0.0985296411166734,193371.94873286138,20985.162698435786,0.06674458647831241,0.0985296411166734,0.31620398774978026,0.5063451742578263,916103.9798807491,107843.03832778495,0.31620398774978026,0.5063451742578263,0.6170514257592223,0.3951251850755371,1787717.0713496387,84155.04411754676,0.6170514257592223,0.3951251850755371,0.0,0.0,0.0,0.0,0.0,0.0,0.0,0.0,0.0,0.0,26298513.503795456,24013,0.051823484746697006,65987,0.020995256810540115,2.468342502992409,2,D:\MLWork\IUFEE_revision_20261005\datasets\glad_aligned\IND_FUA_10441_GLADv2_2015_2020_pair_fractions.tif,GLADpair_v2_joint_s_endpoint_support,39.28,2026-10-04T16:48:21.915831+00:00,"['F:\\AcademicData\\IUFEE_revision_20261005\\raw\\GLAD_v2_native_windows_20261005\\IND_FUA_10441_GLADv2_2015_30N_080E_r29680c30247_h1772w2161_native_20261005.json', 'F:\\AcademicData\\IUFEE_revision_20261005\\raw\\GLAD_v2_native_windows_20261005\\IND_FUA_10441_GLADv2_2020_30N_080E_r29680c30247_h1772w2161_native_20261005.json']",0,24013.0,12444373.392224351,65987.0,13854140.111571105,0.4731968364078203
IND_FUA_10452,Kolkata,71614,458600,10554134.0,664236.04210071,10554134.0,664236.0421007101,1.0,0.11249548204586969,0.2634692775344191,1187292.391906703,175005.79012459607,0.11249548204586969,0.26346927753441907,0.38860929807817185,0.60882155133216,4101434.605562968,404401.2176024882,0.38860929807817185,0.6088215513321599,0.4988952197380461,0.12770916998457038,5265407.0010747835,84829.03361051781,0.4988952197380461,0.12770916998457035,0.0,0.0,0.0,0.0,0.0,0.0,0.0,0.0,0.0,0.0,209581797.4597679,71614,0.07409027864213381,386986,0.04044662734904885,1.8318036261155934,2,D:\MLWork\IUFEE_revision_20261005\datasets\glad_aligned\IND_FUA_10452_GLADv2_2015_2020_pair_fractions.tif,GLADpair_v2_joint_s_endpoint_support,0.243,2026-10-04T16:42:21.529803+00:00,"['F:\\AcademicData\\IUFEE_revision_20261005\\raw\\GLAD_v2_native_windows_20261005\\IND_FUA_10452_GLADv2_2015_30N_080E_r27477c31036_h3775w5242_native_20261005.json', 'F:\\AcademicData\\IUFEE_revision_20261005\\raw\\GLAD_v2_native_windows_20261005\\IND_FUA_10452_GLADv2_2020_30N_080E_r27477c31036_h3775w5242_native_20261005.json']",0,71614.0,53059012.14677771,386986.0,156522785.3129902,0.2531661279265587
IND_FUA_10453,Kolkata,9297,65100,754460.0,13784.515629267371,754460.0,13784.515629267371,1.0,0.06986695815894671,0.12925917810199988,52711.82525259893,1781.775160773272,0.06986695815894671,0.12925917810199988,0.28754954457050425,0.668161487668198,216944.62939666264,9210.282469636813,0.28754954457050425,0.668161487668198,0.6425834972381734,0.20257933353122184,484803.5453263123,2792.457989227695,0.6425834972381734,0.20257933353122184,0.0,0.0,0.0,0.0,0.0,0.0,0.0,0.0,0.0,0.0,19094513.636644956,9297,0.05265620370195936,55803,0.02544498750689711,2.0694136197821433,2,D:\MLWork\IUFEE_revision_20261005\datasets\glad_aligned\IND_FUA_10453_GLADv2_2015_2020_pair_fractions.tif,GLADpair_v2_joint_s_endpoint_support,21.956,2026-10-04T16:50:59.383455+00:00,"['F:\\AcademicData\\IUFEE_revision_20261005\\raw\\GLAD_v2_native_windows_20261005\\IND_FUA_10453_GLADv2_2015_30N_080E_r30280c32263_h1805w2045_native_20261005.json', 'F:\\AcademicData\\IUFEE_revision_20261005\\raw\\GLAD_v2_native_windows_20261005\\IND_FUA_10453_GLADv2_2020_30N_080E_r30280c32263_h1805w2045_native_20261005.json']",0,9297.0,4895447.258171162,55803.0,14199066.378473794,0.25637978276525125
IND_FUA_10496,Guwahati,5272,52100,788595.0,108363.74781495257,788595.0,108363.74781495256,1.0,0.1768532227966247,0.21213211530839432,139465.56723130425,22987.431046731283,0.1768532227966247,0.21213211530839435,0.5066934971795574,0.6552596119181965,399575.95840831305,71006.38733922713,0.5066934971795574,0.6552596119181966,0.316453280541757,0.13260827284416116,249553.47476882683,14369.929436661103,0.316453280541757,0.13260827284416118,0.0,0.0,0.0,0.0,0.0,0.0,0.0,0.0,0.0,0.0,23095516.162563637,5272,0.12706122440340825,46828,0.035015051704142715,3.6287601536905725,2,D:\MLWork\IUFEE_revision_20261005\datasets\glad_aligned\IND_FUA_10496_GLADv2_2015_2020_pair_fractions.tif,GLADpair_v2_joint_s_endpoint_support,0.059,2026-10-04T16:42:20.944476+00:00,"['F:\\AcademicData\\IUFEE_revision_20261005\\raw\\GLAD_v2_native_windows_20261005\\IND_FUA_10496_GLADv2_2015_30N_090E_r15061c5641_h747w2201_native_20261005.json', 'F:\\AcademicData\\IUFEE_revision_20261005\\raw\\GLAD_v2_native_windows_20261005\\IND_FUA_10496_GLADv2_2020_30N_090E_r15061c5641_h747w2201_native_20261005.json']",0,5272.0,6698667.750547684,46828.0,16396848.412015952,0.29004191564273407
IND_FUA_10533,Imphal,5259,60900,738716.0,142812.30668686965,738716.0,142812.30668686965,1.0,0.1761809642773237,0.30462664681790796,130147.69720708745,43504.434110351795,0.1761809642773237,0.30462664681790796,0.574980012320838,0.5693415959669829,424746.93478160014,81308.98661282858,0.574980012320838,0.5693415959669829,0.24883902384421608,0.12603175970986477,183821.36833810393,17998.88631997107,0.24883902384421608,0.12603175970986477,0.0,0.0,0.0,0.0,0.0,0.0,0.0,0.0,0.0,0.0,14406697.385676125,5259,0.07465929476307723,55641,0.01883568784544831,3.963714804347792,2,D:\MLWork\IUFEE_revision_20261005\datasets\glad_aligned\IND_FUA_10533_GLADv2_2015_2020_pair_fractions.tif,GLADpair_v2_joint_s_endpoint_support,35.306,2026-10-04T16:52:58.906274+00:00,"['F:\\AcademicData\\IUFEE_revision_20261005\\raw\\GLAD_v2_native_windows_20261005\\IND_FUA_10533_GLADv2_2015_30N_090E_r20243c14687_h1583w2141_native_20261005.json', 'F:\\AcademicData\\IUFEE_revision_20261005\\raw\\GLAD_v2_native_windows_20261005\\IND_FUA_10533_GLADv2_2020_30N_090E_r20243c14687_h1583w2141_native_20261005.json']",0,5259.0,3926332.311590231,55641.0,10480365.074085893,0.2725352109841629
