unit_key,eFUA_name,scenario,hazard_metric,denominator_m2,retained_added_surface_fraction,depth_m
IND_FUA_02091,Srinagar,ghsl_only,normalized_exceedance_trapezoid,628655,1,0.876950240421
IND_FUA_02091,Srinagar,ghsl_only,uniform_seven_RP_mean,628655,1,0.968786793
IND_FUA_02091,Srinagar,ghsl_only,RP10,628655,1,0.770125086679
IND_FUA_02091,Srinagar,ghsl_only,RP20,628655,1,0.855892877977
IND_FUA_02091,Srinagar,ghsl_only,RP50,628655,1,0.94670929369
IND_FUA_02091,Srinagar,ghsl_only,RP75,628655,1,0.979142262349
IND_FUA_02091,Srinagar,ghsl_only,RP100,628655,1,1.00554775783
IND_FUA_02091,Srinagar,ghsl_only,RP200,628655,1,1.0697260718
IND_FUA_02091,Srinagar,ghsl_only,RP500,628655,1,1.15436420068
IND_FUA_02091,Srinagar,endpoint_supported,normalized_exceedance_trapezoid,109413.768572,0.174044219122,1.01150659219
IND_FUA_02091,Srinagar,endpoint_supported,uniform_seven_RP_mean,109413.768572,0.174044219122,1.09319848552
IND_FUA_02091,Srinagar,endpoint_supported,RP10,109413.768572,0.174044219122,0.894943764346
IND_FUA_02091,Srinagar,endpoint_supported,RP20,109413.768572,0.174044219122,0.999692093618
IND_FUA_02091,Srinagar,endpoint_supported,RP50,109413.768572,0.174044219122,1.08537012434
IND_FUA_02091,Srinagar,endpoint_supported,RP75,109413.768572,0.174044219122,1.10853829536
IND_FUA_02091,Srinagar,endpoint_supported,RP100,109413.768572,0.174044219122,1.13129954146
IND_FUA_02091,Srinagar,endpoint_supported,RP200,109413.768572,0.174044219122,1.18506318662
IND_FUA_02091,Srinagar,endpoint_supported,RP500,109413.768572,0.174044219122,1.2474823929
IND_FUA_02091,Srinagar,preexisting_detected_screened,normalized_exceedance_trapezoid,325117.72576,0.517163986225,0.860884828828
IND_FUA_02091,Srinagar,preexisting_detected_screened,uniform_seven_RP_mean,325117.72576,0.517163986225,0.951485817798
IND_FUA_02091,Srinagar,preexisting_detected_screened,RP10,325117.72576,0.517163986225,0.761448654148
IND_FUA_02091,Srinagar,preexisting_detected_screened,RP20,325117.72576,0.517163986225,0.839865921491
IND_FUA_02091,Srinagar,preexisting_detected_screened,RP50,325117.72576,0.517163986225,0.923405565173
IND_FUA_02091,Srinagar,preexisting_detected_screened,RP75,325117.72576,0.517163986225,0.956654172111
IND_FUA_02091,Srinagar,preexisting_detected_screened,RP100,325117.72576,0.517163986225,0.984232142351
IND_FUA_02091,Srinagar,preexisting_detected_screened,RP200,325117.72576,0.517163986225,1.05213138371
IND_FUA_02091,Srinagar,preexisting_detected_screened,RP500,325117.72576,0.517163986225,1.1426628856
IND_FUA_02091,Srinagar,joint_supported_screened,normalized_exceedance_trapezoid,33105.0204128,0.0526600765328,0.889345546671
IND_FUA_02091,Srinagar,joint_supported_screened,uniform_seven_RP_mean,33105.0204128,0.0526600765328,0.953807830587
IND_FUA_02091,Srinagar,joint_supported_screened,RP10,33105.0204128,0.0526600765328,0.794001109039
IND_FUA_02091,Srinagar,joint_supported_screened,RP20,33105.0204128,0.0526600765328,0.884612096578
IND_FUA_02091,Srinagar,joint_supported_screened,RP50,33105.0204128,0.0526600765328,0.945016819295
IND_FUA_02091,Srinagar,joint_supported_screened,RP75,33105.0204128,0.0526600765328,0.954729010054
IND_FUA_02091,Srinagar,joint_supported_screened,RP100,33105.0204128,0.0526600765328,0.975639872411
IND_FUA_02091,Srinagar,joint_supported_screened,RP200,33105.0204128,0.0526600765328,1.0292994342
IND_FUA_02091,Srinagar,joint_supported_screened,RP500,33105.0204128,0.0526600765328,1.09335647253
IND_FUA_03357,Jammu,ghsl_only,normalized_exceedance_trapezoid,2691946,1,0.0836882828889
IND_FUA_03357,Jammu,ghsl_only,uniform_seven_RP_mean,2691946,1,0.0973562580675
IND_FUA_03357,Jammu,ghsl_only,RP10,2691946,1,0.0689090294456
IND_FUA_03357,Jammu,ghsl_only,RP20,2691946,1,0.0798578062645
IND_FUA_03357,Jammu,ghsl_only,RP50,2691946,1,0.0939006452334
IND_FUA_03357,Jammu,ghsl_only,RP75,2691946,1,0.0994674466125
IND_FUA_03357,Jammu,ghsl_only,RP100,2691946,1,0.103242371773
IND_FUA_03357,Jammu,ghsl_only,RP200,2691946,1,0.112485345712
IND_FUA_03357,Jammu,ghsl_only,RP500,2691946,1,0.123631161431
IND_FUA_03357,Jammu,endpoint_supported,normalized_exceedance_trapezoid,723087.702877,0.268611518536,0.0812735107587
IND_FUA_03357,Jammu,endpoint_supported,uniform_seven_RP_mean,723087.702877,0.268611518536,0.0971649451045
IND_FUA_03357,Jammu,endpoint_supported,RP10,723087.702877,0.268611518536,0.0644426131421
IND_FUA_03357,Jammu,endpoint_supported,RP20,723087.702877,0.268611518536,0.0766021908513
IND_FUA_03357,Jammu,endpoint_supported,RP50,723087.702877,0.268611518536,0.0931343574485
IND_FUA_03357,Jammu,endpoint_supported,RP75,723087.702877,0.268611518536,0.099713052603
IND_FUA_03357,Jammu,endpoint_supported,RP100,723087.702877,0.268611518536,0.104046339602
IND_FUA_03357,Jammu,endpoint_supported,RP200,723087.702877,0.268611518536,0.114708840285
IND_FUA_03357,Jammu,endpoint_supported,RP500,723087.702877,0.268611518536,0.1275072218
IND_FUA_03357,Jammu,preexisting_detected_screened,normalized_exceedance_trapezoid,2127792.60738,0.790429156968,0.0877522542926
IND_FUA_03357,Jammu,preexisting_detected_screened,uniform_seven_RP_mean,2127792.60738,0.790429156968,0.102376704188
IND_FUA_03357,Jammu,preexisting_detected_screened,RP10,2127792.60738,0.790429156968,0.0719342710139
IND_FUA_03357,Jammu,preexisting_detected_screened,RP20,2127792.60738,0.790429156968,0.0836257404268
IND_FUA_03357,Jammu,preexisting_detected_screened,RP50,2127792.60738,0.790429156968,0.0987483852614
IND_FUA_03357,Jammu,preexisting_detected_screened,RP75,2127792.60738,0.790429156968,0.104649876306
IND_FUA_03357,Jammu,preexisting_detected_screened,RP100,2127792.60738,0.790429156968,0.108666967421
IND_FUA_03357,Jammu,preexisting_detected_screened,RP200,2127792.60738,0.790429156968,0.118560607741
IND_FUA_03357,Jammu,preexisting_detected_screened,RP500,2127792.60738,0.790429156968,0.130451081143
IND_FUA_03357,Jammu,joint_supported_screened,normalized_exceedance_trapezoid,486460.579203,0.180709635038,0.093258788995
IND_FUA_03357,Jammu,joint_supported_screened,uniform_seven_RP_mean,486460.579203,0.180709635038,0.112197488216
IND_FUA_03357,Jammu,joint_supported_screened,RP10,486460.579203,0.180709635038,0.0732278860417
IND_FUA_03357,Jammu,joint_supported_screened,RP20,486460.579203,0.180709635038,0.0875881517783
IND_FUA_03357,Jammu,joint_supported_screened,RP50,486460.579203,0.180709635038,0.107584477672
IND_FUA_03357,Jammu,joint_supported_screened,RP75,486460.579203,0.180709635038,0.1152752829
IND_FUA_03357,Jammu,joint_supported_screened,RP100,486460.579203,0.180709635038,0.120408262215
IND_FUA_03357,Jammu,joint_supported_screened,RP200,486460.579203,0.180709635038,0.133092386506
IND_FUA_03357,Jammu,joint_supported_screened,RP500,486460.579203,0.180709635038,0.1482059704
IND_FUA_03722,Rajkot,ghsl_only,normalized_exceedance_trapezoid,2602277,1,0.000762409228533
IND_FUA_03722,Rajkot,ghsl_only,uniform_seven_RP_mean,2602277,1,0.000762409228533
IND_FUA_03722,Rajkot,ghsl_only,RP10,2602277,1,0.000762409228533
IND_FUA_03722,Rajkot,ghsl_only,RP20,2602277,1,0.000762409228533
IND_FUA_03722,Rajkot,ghsl_only,RP50,2602277,1,0.000762409228533
IND_FUA_03722,Rajkot,ghsl_only,RP75,2602277,1,0.000762409228533
IND_FUA_03722,Rajkot,ghsl_only,RP100,2602277,1,0.000762409228533
IND_FUA_03722,Rajkot,ghsl_only,RP200,2602277,1,0.000762409228533
IND_FUA_03722,Rajkot,ghsl_only,RP500,2602277,1,0.000762409228533
IND_FUA_03722,Rajkot,endpoint_supported,normalized_exceedance_trapezoid,905335.44815,0.347901260377,0.000230284476982
IND_FUA_03722,Rajkot,endpoint_supported,uniform_seven_RP_mean,905335.44815,0.347901260377,0.000230284476982
IND_FUA_03722,Rajkot,endpoint_supported,RP10,905335.44815,0.347901260377,0.000230284476982
IND_FUA_03722,Rajkot,endpoint_supported,RP20,905335.44815,0.347901260377,0.000230284476982
IND_FUA_03722,Rajkot,endpoint_supported,RP50,905335.44815,0.347901260377,0.000230284476982
IND_FUA_03722,Rajkot,endpoint_supported,RP75,905335.44815,0.347901260377,0.000230284476982
IND_FUA_03722,Rajkot,endpoint_supported,RP100,905335.44815,0.347901260377,0.000230284476982
IND_FUA_03722,Rajkot,endpoint_supported,RP200,905335.44815,0.347901260377,0.000230284476982
IND_FUA_03722,Rajkot,endpoint_supported,RP500,905335.44815,0.347901260377,0.000230284476982
IND_FUA_03722,Rajkot,preexisting_detected_screened,normalized_exceedance_trapezoid,2098220.22245,0.806301643696,0.000872711979498
IND_FUA_03722,Rajkot,preexisting_detected_screened,uniform_seven_RP_mean,2098220.22245,0.806301643696,0.000872711979498
IND_FUA_03722,Rajkot,preexisting_detected_screened,RP10,2098220.22245,0.806301643696,0.000872711979498
IND_FUA_03722,Rajkot,preexisting_detected_screened,RP20,2098220.22245,0.806301643696,0.000872711979498
IND_FUA_03722,Rajkot,preexisting_detected_screened,RP50,2098220.22245,0.806301643696,0.000872711979498
IND_FUA_03722,Rajkot,preexisting_detected_screened,RP75,2098220.22245,0.806301643696,0.000872711979498
IND_FUA_03722,Rajkot,preexisting_detected_screened,RP100,2098220.22245,0.806301643696,0.000872711979498
IND_FUA_03722,Rajkot,preexisting_detected_screened,RP200,2098220.22245,0.806301643696,0.000872711979498
IND_FUA_03722,Rajkot,preexisting_detected_screened,RP500,2098220.22245,0.806301643696,0.000872711979498
IND_FUA_03722,Rajkot,joint_supported_screened,normalized_exceedance_trapezoid,677966.912634,0.260528342153,0.000267600033254
IND_FUA_03722,Rajkot,joint_supported_screened,uniform_seven_RP_mean,677966.912634,0.260528342153,0.000267600033254
IND_FUA_03722,Rajkot,joint_supported_screened,RP10,677966.912634,0.260528342153,0.000267600033254
IND_FUA_03722,Rajkot,joint_supported_screened,RP20,677966.912634,0.260528342153,0.000267600033254
IND_FUA_03722,Rajkot,joint_supported_screened,RP50,677966.912634,0.260528342153,0.000267600033254
IND_FUA_03722,Rajkot,joint_supported_screened,RP75,677966.912634,0.260528342153,0.000267600033254
IND_FUA_03722,Rajkot,joint_supported_screened,RP100,677966.912634,0.260528342153,0.000267600033254
IND_FUA_03722,Rajkot,joint_supported_screened,RP200,677966.912634,0.260528342153,0.000267600033254
IND_FUA_03722,Rajkot,joint_supported_screened,RP500,677966.912634,0.260528342153,0.000267600033254
IND_FUA_04396,Amritsar,ghsl_only,normalized_exceedance_trapezoid,7248249,1,0.0452043669874
IND_FUA_04396,Amritsar,ghsl_only,uniform_seven_RP_mean,7248249,1,0.057693773143
IND_FUA_04396,Amritsar,ghsl_only,RP10,7248249,1,0.0325816465857
IND_FUA_04396,Amritsar,ghsl_only,RP20,7248249,1,0.0417612700594
IND_FUA_04396,Amritsar,ghsl_only,RP50,7248249,1,0.053541184901
IND_FUA_04396,Amritsar,ghsl_only,RP75,7248249,1,0.0581771960007
IND_FUA_04396,Amritsar,ghsl_only,RP100,7248249,1,0.0622162045882
IND_FUA_04396,Amritsar,ghsl_only,RP200,7248249,1,0.0719836309203
IND_FUA_04396,Amritsar,ghsl_only,RP500,7248249,1,0.0835952789459
IND_FUA_04396,Amritsar,endpoint_supported,normalized_exceedance_trapezoid,1543025.47369,0.212882514618,0.0411966395436
IND_FUA_04396,Amritsar,endpoint_supported,uniform_seven_RP_mean,1543025.47369,0.212882514618,0.0535435191804
IND_FUA_04396,Amritsar,endpoint_supported,RP10,1543025.47369,0.212882514618,0.0286694018401
IND_FUA_04396,Amritsar,endpoint_supported,RP20,1543025.47369,0.212882514618,0.0378361646102
IND_FUA_04396,Amritsar,endpoint_supported,RP50,1543025.47369,0.212882514618,0.0494804100692
IND_FUA_04396,Amritsar,endpoint_supported,RP75,1543025.47369,0.212882514618,0.053825437514
IND_FUA_04396,Amritsar,endpoint_supported,RP100,1543025.47369,0.212882514618,0.0581534429346
IND_FUA_04396,Amritsar,endpoint_supported,RP200,1543025.47369,0.212882514618,0.0673021311397
IND_FUA_04396,Amritsar,endpoint_supported,RP500,1543025.47369,0.212882514618,0.0795376461553
IND_FUA_04396,Amritsar,preexisting_detected_screened,normalized_exceedance_trapezoid,5339635.82523,0.736679413915,0.0508271601322
IND_FUA_04396,Amritsar,preexisting_detected_screened,uniform_seven_RP_mean,5339635.82523,0.736679413915,0.0645900848558
IND_FUA_04396,Amritsar,preexisting_detected_screened,RP10,5339635.82523,0.736679413915,0.0366350445806
IND_FUA_04396,Amritsar,preexisting_detected_screened,RP20,5339635.82523,0.736679413915,0.0470517286721
IND_FUA_04396,Amritsar,preexisting_detected_screened,RP50,5339635.82523,0.736679413915,0.0601940658396
IND_FUA_04396,Amritsar,preexisting_detected_screened,RP75,5339635.82523,0.736679413915,0.0653492531622
IND_FUA_04396,Amritsar,preexisting_detected_screened,RP100,5339635.82523,0.736679413915,0.0699506490074
IND_FUA_04396,Amritsar,preexisting_detected_screened,RP200,5339635.82523,0.736679413915,0.0807705901594
IND_FUA_04396,Amritsar,preexisting_detected_screened,RP500,5339635.82523,0.736679413915,0.0921792625697
IND_FUA_04396,Amritsar,joint_supported_screened,normalized_exceedance_trapezoid,911182.705848,0.12571073453,0.0483805675533
IND_FUA_04396,Amritsar,joint_supported_screened,uniform_seven_RP_mean,911182.705848,0.12571073453,0.063026017292
IND_FUA_04396,Amritsar,joint_supported_screened,RP10,911182.705848,0.12571073453,0.0329777158902
IND_FUA_04396,Amritsar,joint_supported_screened,RP20,911182.705848,0.12571073453,0.0444565221281
IND_FUA_04396,Amritsar,joint_supported_screened,RP50,911182.705848,0.12571073453,0.0585670124823
IND_FUA_04396,Amritsar,joint_supported_screened,RP75,911182.705848,0.12571073453,0.0635890085446
IND_FUA_04396,Amritsar,joint_supported_screened,RP100,911182.705848,0.12571073453,0.0691048753901
IND_FUA_04396,Amritsar,joint_supported_screened,RP200,911182.705848,0.12571073453,0.0801003088977
IND_FUA_04396,Amritsar,joint_supported_screened,RP500,911182.705848,0.12571073453,0.0923866777108
IND_FUA_05324,Jodhpur,ghsl_only,normalized_exceedance_trapezoid,5353498,1,0.0359714066891
IND_FUA_05324,Jodhpur,ghsl_only,uniform_seven_RP_mean,5353498,1,0.0403602752479
IND_FUA_05324,Jodhpur,ghsl_only,RP10,5353498,1,0.0311249093884
IND_FUA_05324,Jodhpur,ghsl_only,RP20,5353498,1,0.0348264251248
IND_FUA_05324,Jodhpur,ghsl_only,RP50,5353498,1,0.0391858047511
IND_FUA_05324,Jodhpur,ghsl_only,RP75,5353498,1,0.0410626764088
IND_FUA_05324,Jodhpur,ghsl_only,RP100,5353498,1,0.0423428707508
IND_FUA_05324,Jodhpur,ghsl_only,RP200,5353498,1,0.0451603298999
IND_FUA_05324,Jodhpur,ghsl_only,RP500,5353498,1,0.0488189104117
IND_FUA_05324,Jodhpur,endpoint_supported,normalized_exceedance_trapezoid,1825520.27706,0.340995789494,0.0242751637653
IND_FUA_05324,Jodhpur,endpoint_supported,uniform_seven_RP_mean,1825520.27706,0.340995789494,0.02773024157
IND_FUA_05324,Jodhpur,endpoint_supported,RP10,1825520.27706,0.340995789494,0.0205491190645
IND_FUA_05324,Jodhpur,endpoint_supported,RP20,1825520.27706,0.340995789494,0.0233649390594
IND_FUA_05324,Jodhpur,endpoint_supported,RP50,1825520.27706,0.340995789494,0.0267331972325
IND_FUA_05324,Jodhpur,endpoint_supported,RP75,1825520.27706,0.340995789494,0.028226308059
IND_FUA_05324,Jodhpur,endpoint_supported,RP100,1825520.27706,0.340995789494,0.0292410829319
IND_FUA_05324,Jodhpur,endpoint_supported,RP200,1825520.27706,0.340995789494,0.031426776508
IND_FUA_05324,Jodhpur,endpoint_supported,RP500,1825520.27706,0.340995789494,0.0345702681346
IND_FUA_05324,Jodhpur,preexisting_detected_screened,normalized_exceedance_trapezoid,4471809.31564,0.835306058887,0.0417583074118
IND_FUA_05324,Jodhpur,preexisting_detected_screened,uniform_seven_RP_mean,4471809.31564,0.835306058887,0.046807947257
IND_FUA_05324,Jodhpur,preexisting_detected_screened,RP10,4471809.31564,0.835306058887,0.0361756325461
IND_FUA_05324,Jodhpur,preexisting_detected_screened,RP20,4471809.31564,0.835306058887,0.0404467326233
IND_FUA_05324,Jodhpur,preexisting_detected_screened,RP50,4471809.31564,0.835306058887,0.0454496364466
IND_FUA_05324,Jodhpur,preexisting_detected_screened,RP75,4471809.31564,0.835306058887,0.0476180993127
IND_FUA_05324,Jodhpur,preexisting_detected_screened,RP100,4471809.31564,0.835306058887,0.0490979098292
IND_FUA_05324,Jodhpur,preexisting_detected_screened,RP200,4471809.31564,0.835306058887,0.052337648803
IND_FUA_05324,Jodhpur,preexisting_detected_screened,RP500,4471809.31564,0.835306058887,0.0565299712377
IND_FUA_05324,Jodhpur,joint_supported_screened,normalized_exceedance_trapezoid,1405691.34794,0.26257436688,0.0299950760464
IND_FUA_05324,Jodhpur,joint_supported_screened,uniform_seven_RP_mean,1405691.34794,0.26257436688,0.0341948859588
IND_FUA_05324,Jodhpur,joint_supported_screened,RP10,1405691.34794,0.26257436688,0.0254668303152
IND_FUA_05324,Jodhpur,joint_supported_screened,RP20,1405691.34794,0.26257436688,0.0288920995398
IND_FUA_05324,Jodhpur,joint_supported_screened,RP50,1405691.34794,0.26257436688,0.0329687235423
IND_FUA_05324,Jodhpur,joint_supported_screened,RP75,1405691.34794,0.26257436688,0.0348018398139
IND_FUA_05324,Jodhpur,joint_supported_screened,RP100,1405691.34794,0.26257436688,0.0360461939331
IND_FUA_05324,Jodhpur,joint_supported_screened,RP200,1405691.34794,0.26257436688,0.0387006676652
IND_FUA_05324,Jodhpur,joint_supported_screened,RP500,1405691.34794,0.26257436688,0.0424878469022
IND_FUA_05617,Jalandhar,ghsl_only,normalized_exceedance_trapezoid,2645259,1,0.00621432117105
IND_FUA_05617,Jalandhar,ghsl_only,uniform_seven_RP_mean,2645259,1,0.00782170226636
IND_FUA_05617,Jalandhar,ghsl_only,RP10,2645259,1,0.00459998250822
IND_FUA_05617,Jalandhar,ghsl_only,RP20,2645259,1,0.00577465125777
IND_FUA_05617,Jalandhar,ghsl_only,RP50,2645259,1,0.00724884402901
IND_FUA_05617,Jalandhar,ghsl_only,RP75,2645259,1,0.00798379556811
IND_FUA_05617,Jalandhar,ghsl_only,RP100,2645259,1,0.00846279518717
IND_FUA_05617,Jalandhar,ghsl_only,RP200,2645259,1,0.0095675969825
IND_FUA_05617,Jalandhar,ghsl_only,RP500,2645259,1,0.0111142503317
IND_FUA_05617,Jalandhar,endpoint_supported,normalized_exceedance_trapezoid,551130.215014,0.208346409563,0.0040036886299
IND_FUA_05617,Jalandhar,endpoint_supported,uniform_seven_RP_mean,551130.215014,0.208346409563,0.00476254629026
IND_FUA_05617,Jalandhar,endpoint_supported,RP10,551130.215014,0.208346409563,0.00321468530352
IND_FUA_05617,Jalandhar,endpoint_supported,RP20,551130.215014,0.208346409563,0.00379726523208
IND_FUA_05617,Jalandhar,endpoint_supported,RP50,551130.215014,0.208346409563,0.00452402252198
IND_FUA_05617,Jalandhar,endpoint_supported,RP75,551130.215014,0.208346409563,0.00485308618323
IND_FUA_05617,Jalandhar,endpoint_supported,RP100,551130.215014,0.208346409563,0.00507036648748
IND_FUA_05617,Jalandhar,endpoint_supported,RP200,551130.215014,0.208346409563,0.00558151022145
IND_FUA_05617,Jalandhar,endpoint_supported,RP500,551130.215014,0.208346409563,0.00629688808206
IND_FUA_05617,Jalandhar,preexisting_detected_screened,normalized_exceedance_trapezoid,2073687.3322,0.78392600959,0.00727429407315
IND_FUA_05617,Jalandhar,preexisting_detected_screened,uniform_seven_RP_mean,2073687.3322,0.78392600959,0.00911291603879
IND_FUA_05617,Jalandhar,preexisting_detected_screened,RP10,2073687.3322,0.78392600959,0.00537519939719
IND_FUA_05617,Jalandhar,preexisting_detected_screened,RP20,2073687.3322,0.78392600959,0.00678613532447
IND_FUA_05617,Jalandhar,preexisting_detected_screened,RP50,2073687.3322,0.78392600959,0.00849326807153
IND_FUA_05617,Jalandhar,preexisting_detected_screened,RP75,2073687.3322,0.78392600959,0.00931209500976
IND_FUA_05617,Jalandhar,preexisting_detected_screened,RP100,2073687.3322,0.78392600959,0.00985737770954
IND_FUA_05617,Jalandhar,preexisting_detected_screened,RP200,2073687.3322,0.78392600959,0.011105247722
IND_FUA_05617,Jalandhar,preexisting_detected_screened,RP500,2073687.3322,0.78392600959,0.0128610890371
IND_FUA_05617,Jalandhar,joint_supported_screened,normalized_exceedance_trapezoid,343699.978902,0.12993055837,0.00506438798169
IND_FUA_05617,Jalandhar,joint_supported_screened,uniform_seven_RP_mean,343699.978902,0.12993055837,0.00609500912041
IND_FUA_05617,Jalandhar,joint_supported_screened,RP10,343699.978902,0.12993055837,0.00395072936735
IND_FUA_05617,Jalandhar,joint_supported_screened,RP20,343699.978902,0.12993055837,0.00479726442197
IND_FUA_05617,Jalandhar,joint_supported_screened,RP50,343699.978902,0.12993055837,0.00579561986363
IND_FUA_05617,Jalandhar,joint_supported_screened,RP75,343699.978902,0.12993055837,0.00623073129238
IND_FUA_05617,Jalandhar,joint_supported_screened,RP100,343699.978902,0.12993055837,0.00652309360142
IND_FUA_05617,Jalandhar,joint_supported_screened,RP200,343699.978902,0.12993055837,0.00720541169247
IND_FUA_05617,Jalandhar,joint_supported_screened,RP500,343699.978902,0.12993055837,0.00816221360369
IND_FUA_05991,Ahmedabad,ghsl_only,normalized_exceedance_trapezoid,7574231,1,0.424207700507
IND_FUA_05991,Ahmedabad,ghsl_only,uniform_seven_RP_mean,7574231,1,0.505256756777
IND_FUA_05991,Ahmedabad,ghsl_only,RP10,7574231,1,0.340225301701
IND_FUA_05991,Ahmedabad,ghsl_only,RP20,7574231,1,0.403026758473
IND_FUA_05991,Ahmedabad,ghsl_only,RP50,7574231,1,0.477058733183
IND_FUA_05991,Ahmedabad,ghsl_only,RP75,7574231,1,0.515467171579
IND_FUA_05991,Ahmedabad,ghsl_only,RP100,7574231,1,0.538633537752
IND_FUA_05991,Ahmedabad,ghsl_only,RP200,7574231,1,0.593741614356
IND_FUA_05991,Ahmedabad,ghsl_only,RP500,7574231,1,0.668644180391
IND_FUA_05991,Ahmedabad,endpoint_supported,normalized_exceedance_trapezoid,3105404.17254,0.409995968243,0.440614143673
IND_FUA_05991,Ahmedabad,endpoint_supported,uniform_seven_RP_mean,3105404.17254,0.409995968243,0.528447875931
IND_FUA_05991,Ahmedabad,endpoint_supported,RP10,3105404.17254,0.409995968243,0.34915039196
IND_FUA_05991,Ahmedabad,endpoint_supported,RP20,3105404.17254,0.409995968243,0.418001044088
IND_FUA_05991,Ahmedabad,endpoint_supported,RP50,3105404.17254,0.409995968243,0.497297517862
IND_FUA_05991,Ahmedabad,endpoint_supported,RP75,3105404.17254,0.409995968243,0.540839735923
IND_FUA_05991,Ahmedabad,endpoint_supported,RP100,3105404.17254,0.409995968243,0.565855864437
IND_FUA_05991,Ahmedabad,endpoint_supported,RP200,3105404.17254,0.409995968243,0.624138417076
IND_FUA_05991,Ahmedabad,endpoint_supported,RP500,3105404.17254,0.409995968243,0.703852160171
IND_FUA_05991,Ahmedabad,preexisting_detected_screened,normalized_exceedance_trapezoid,6214999.00312,0.820545214837,0.427720658811
IND_FUA_05991,Ahmedabad,preexisting_detected_screened,uniform_seven_RP_mean,6214999.00312,0.820545214837,0.506829093844
IND_FUA_05991,Ahmedabad,preexisting_detected_screened,RP10,6214999.00312,0.820545214837,0.344298755404
IND_FUA_05991,Ahmedabad,preexisting_detected_screened,RP20,6214999.00312,0.820545214837,0.407265886217
IND_FUA_05991,Ahmedabad,preexisting_detected_screened,RP50,6214999.00312,0.820545214837,0.480762703757
IND_FUA_05991,Ahmedabad,preexisting_detected_screened,RP75,6214999.00312,0.820545214837,0.516776311491
IND_FUA_05991,Ahmedabad,preexisting_detected_screened,RP100,6214999.00312,0.820545214837,0.539564414253
IND_FUA_05991,Ahmedabad,preexisting_detected_screened,RP200,6214999.00312,0.820545214837,0.593506932777
IND_FUA_05991,Ahmedabad,preexisting_detected_screened,RP500,6214999.00312,0.820545214837,0.665628653008
IND_FUA_05991,Ahmedabad,joint_supported_screened,normalized_exceedance_trapezoid,2388671.06471,0.315368129743,0.461625100246
IND_FUA_05991,Ahmedabad,joint_supported_screened,uniform_seven_RP_mean,2388671.06471,0.315368129743,0.548228529153
IND_FUA_05991,Ahmedabad,joint_supported_screened,RP10,2388671.06471,0.315368129743,0.369391517971
IND_FUA_05991,Ahmedabad,joint_supported_screened,RP20,2388671.06471,0.315368129743,0.439627862802
IND_FUA_05991,Ahmedabad,joint_supported_screened,RP50,2388671.06471,0.315368129743,0.519517618993
IND_FUA_05991,Ahmedabad,joint_supported_screened,RP75,2388671.06471,0.315368129743,0.560584747929
IND_FUA_05991,Ahmedabad,joint_supported_screened,RP100,2388671.06471,0.315368129743,0.585558987197
IND_FUA_05991,Ahmedabad,joint_supported_screened,RP200,2388671.06471,0.315368129743,0.643094549781
IND_FUA_05991,Ahmedabad,joint_supported_screened,RP500,2388671.06471,0.315368129743,0.719824419396
IND_FUA_06065,Ludhiana,ghsl_only,normalized_exceedance_trapezoid,4419355,1,0.112304843224
IND_FUA_06065,Ludhiana,ghsl_only,uniform_seven_RP_mean,4419355,1,0.126132326977
IND_FUA_06065,Ludhiana,ghsl_only,RP10,4419355,1,0.0966396821072
IND_FUA_06065,Ludhiana,ghsl_only,RP20,4419355,1,0.109038172446
IND_FUA_06065,Ludhiana,ghsl_only,RP50,4419355,1,0.122276617043
IND_FUA_06065,Ludhiana,ghsl_only,RP75,4419355,1,0.127934304419
IND_FUA_06065,Ludhiana,ghsl_only,RP100,4419355,1,0.132024406105
IND_FUA_06065,Ludhiana,ghsl_only,RP200,4419355,1,0.141729932826
IND_FUA_06065,Ludhiana,ghsl_only,RP500,4419355,1,0.153283173892
IND_FUA_06065,Ludhiana,endpoint_supported,normalized_exceedance_trapezoid,1081019.64704,0.24461027617,0.105710016696
IND_FUA_06065,Ludhiana,endpoint_supported,uniform_seven_RP_mean,1081019.64704,0.24461027617,0.117684475255
IND_FUA_06065,Ludhiana,endpoint_supported,RP10,1081019.64704,0.24461027617,0.0924541722106
IND_FUA_06065,Ludhiana,endpoint_supported,RP20,1081019.64704,0.24461027617,0.10278300063
IND_FUA_06065,Ludhiana,endpoint_supported,RP50,1081019.64704,0.24461027617,0.114173943692
IND_FUA_06065,Ludhiana,endpoint_supported,RP75,1081019.64704,0.24461027617,0.119045266378
IND_FUA_06065,Ludhiana,endpoint_supported,RP100,1081019.64704,0.24461027617,0.122711182162
IND_FUA_06065,Ludhiana,endpoint_supported,RP200,1081019.64704,0.24461027617,0.131303908479
IND_FUA_06065,Ludhiana,endpoint_supported,RP500,1081019.64704,0.24461027617,0.141319853237
IND_FUA_06065,Ludhiana,preexisting_detected_screened,normalized_exceedance_trapezoid,3374182.17052,0.763501047215,0.120464940351
IND_FUA_06065,Ludhiana,preexisting_detected_screened,uniform_seven_RP_mean,3374182.17052,0.763501047215,0.135766837311
IND_FUA_06065,Ludhiana,preexisting_detected_screened,RP10,3374182.17052,0.763501047215,0.103060419041
IND_FUA_06065,Ludhiana,preexisting_detected_screened,RP20,3374182.17052,0.763501047215,0.116894277219
IND_FUA_06065,Ludhiana,preexisting_detected_screened,RP50,3374182.17052,0.763501047215,0.131492573775
IND_FUA_06065,Ludhiana,preexisting_detected_screened,RP75,3374182.17052,0.763501047215,0.137733606211
IND_FUA_06065,Ludhiana,preexisting_detected_screened,RP100,3374182.17052,0.763501047215,0.142274187391
IND_FUA_06065,Ludhiana,preexisting_detected_screened,RP200,3374182.17052,0.763501047215,0.153095624901
IND_FUA_06065,Ludhiana,preexisting_detected_screened,RP500,3374182.17052,0.763501047215,0.16581717264
IND_FUA_06065,Ludhiana,joint_supported_screened,normalized_exceedance_trapezoid,680085.515156,0.153887957667,0.117314662487
IND_FUA_06065,Ludhiana,joint_supported_screened,uniform_seven_RP_mean,680085.515156,0.153887957667,0.131261409131
IND_FUA_06065,Ludhiana,joint_supported_screened,RP10,680085.515156,0.153887957667,0.101856034961
IND_FUA_06065,Ludhiana,joint_supported_screened,RP20,680085.515156,0.153887957667,0.113972242676
IND_FUA_06065,Ludhiana,joint_supported_screened,RP50,680085.515156,0.153887957667,0.127050359552
IND_FUA_06065,Ludhiana,joint_supported_screened,RP75,680085.515156,0.153887957667,0.132703782806
IND_FUA_06065,Ludhiana,joint_supported_screened,RP100,680085.515156,0.153887957667,0.137095512749
IND_FUA_06065,Ludhiana,joint_supported_screened,RP200,680085.515156,0.153887957667,0.147324654778
IND_FUA_06065,Ludhiana,joint_supported_screened,RP500,680085.515156,0.153887957667,0.158827276392
IND_FUA_06611,Surat,ghsl_only,normalized_exceedance_trapezoid,3596650,1,1.06741840698
IND_FUA_06611,Surat,ghsl_only,uniform_seven_RP_mean,3596650,1,1.46776769802
IND_FUA_06611,Surat,ghsl_only,RP10,3596650,1,0.662973649808
IND_FUA_06611,Surat,ghsl_only,RP20,3596650,1,0.951342768088
IND_FUA_06611,Surat,ghsl_only,RP50,3596650,1,1.34249607177
IND_FUA_06611,Surat,ghsl_only,RP75,3596650,1,1.50586036201
IND_FUA_06611,Surat,ghsl_only,RP100,3596650,1,1.62441932732
IND_FUA_06611,Surat,ghsl_only,RP200,3596650,1,1.91515427937
IND_FUA_06611,Surat,ghsl_only,RP500,3596650,1,2.27212742778
IND_FUA_06611,Surat,endpoint_supported,normalized_exceedance_trapezoid,1453918.33417,0.404242373923,1.0644232401
IND_FUA_06611,Surat,endpoint_supported,uniform_seven_RP_mean,1453918.33417,0.404242373923,1.47026236874
IND_FUA_06611,Surat,endpoint_supported,RP10,1453918.33417,0.404242373923,0.657318514253
IND_FUA_06611,Surat,endpoint_supported,RP20,1453918.33417,0.404242373923,0.944911836335
IND_FUA_06611,Surat,endpoint_supported,RP50,1453918.33417,0.404242373923,1.3437029622
IND_FUA_06611,Surat,endpoint_supported,RP75,1453918.33417,0.404242373923,1.50861593357
IND_FUA_06611,Surat,endpoint_supported,RP100,1453918.33417,0.404242373923,1.62715014749
IND_FUA_06611,Surat,endpoint_supported,RP200,1453918.33417,0.404242373923,1.92456367304
IND_FUA_06611,Surat,endpoint_supported,RP500,1453918.33417,0.404242373923,2.2855735143
IND_FUA_06611,Surat,preexisting_detected_screened,normalized_exceedance_trapezoid,2762766.15277,0.768149848545,1.04171775208
IND_FUA_06611,Surat,preexisting_detected_screened,uniform_seven_RP_mean,2762766.15277,0.768149848545,1.4396503557
IND_FUA_06611,Surat,preexisting_detected_screened,RP10,2762766.15277,0.768149848545,0.653037147967
IND_FUA_06611,Surat,preexisting_detected_screened,RP20,2762766.15277,0.768149848545,0.923449185565
IND_FUA_06611,Surat,preexisting_detected_screened,RP50,2762766.15277,0.768149848545,1.30519727467
IND_FUA_06611,Surat,preexisting_detected_screened,RP75,2762766.15277,0.768149848545,1.46978503776
IND_FUA_06611,Surat,preexisting_detected_screened,RP100,2762766.15277,0.768149848545,1.59095903482
IND_FUA_06611,Surat,preexisting_detected_screened,RP200,2762766.15277,0.768149848545,1.88608739957
IND_FUA_06611,Surat,preexisting_detected_screened,RP500,2762766.15277,0.768149848545,2.24903740952
IND_FUA_06611,Surat,joint_supported_screened,normalized_exceedance_trapezoid,1098549.25659,0.305436797182,1.08676022337
IND_FUA_06611,Surat,joint_supported_screened,uniform_seven_RP_mean,1098549.25659,0.305436797182,1.50222555449
IND_FUA_06611,Surat,joint_supported_screened,RP10,1098549.25659,0.305436797182,0.683940214557
IND_FUA_06611,Surat,joint_supported_screened,RP20,1098549.25659,0.305436797182,0.96067744067
IND_FUA_06611,Surat,joint_supported_screened,RP50,1098549.25659,0.305436797182,1.36360532145
IND_FUA_06611,Surat,joint_supported_screened,RP75,1098549.25659,0.305436797182,1.53436773449
IND_FUA_06611,Surat,joint_supported_screened,RP100,1098549.25659,0.305436797182,1.658682911
IND_FUA_06611,Surat,joint_supported_screened,RP200,1098549.25659,0.305436797182,1.9691970596
IND_FUA_06611,Surat,joint_supported_screened,RP500,1098549.25659,0.305436797182,2.34510819967
IND_FUA_06651,Vadodara,ghsl_only,normalized_exceedance_trapezoid,3106926,1,0.169255487762
IND_FUA_06651,Vadodara,ghsl_only,uniform_seven_RP_mean,3106926,1,0.200202693461
IND_FUA_06651,Vadodara,ghsl_only,RP10,3106926,1,0.13820527999
IND_FUA_06651,Vadodara,ghsl_only,RP20,3106926,1,0.161139865545
IND_FUA_06651,Vadodara,ghsl_only,RP50,3106926,1,0.188975315273
IND_FUA_06651,Vadodara,ghsl_only,RP75,3106926,1,0.20194160957
IND_FUA_06651,Vadodara,ghsl_only,RP100,3106926,1,0.210411162381
IND_FUA_06651,Vadodara,ghsl_only,RP200,3106926,1,0.233689630317
IND_FUA_06651,Vadodara,ghsl_only,RP500,3106926,1,0.267055991153
IND_FUA_06651,Vadodara,endpoint_supported,normalized_exceedance_trapezoid,1349182.83639,0.434250071094,0.200644619413
IND_FUA_06651,Vadodara,endpoint_supported,uniform_seven_RP_mean,1349182.83639,0.434250071094,0.23561768755
IND_FUA_06651,Vadodara,endpoint_supported,RP10,1349182.83639,0.434250071094,0.165498100174
IND_FUA_06651,Vadodara,endpoint_supported,RP20,1349182.83639,0.434250071094,0.19165096348
IND_FUA_06651,Vadodara,endpoint_supported,RP50,1349182.83639,0.434250071094,0.222624389996
IND_FUA_06651,Vadodara,endpoint_supported,RP75,1349182.83639,0.434250071094,0.237373789313
IND_FUA_06651,Vadodara,endpoint_supported,RP100,1349182.83639,0.434250071094,0.247043468121
IND_FUA_06651,Vadodara,endpoint_supported,RP200,1349182.83639,0.434250071094,0.273727250377
IND_FUA_06651,Vadodara,endpoint_supported,RP500,1349182.83639,0.434250071094,0.311405851391
IND_FUA_06651,Vadodara,preexisting_detected_screened,normalized_exceedance_trapezoid,2704286.6594,0.870405880087,0.16524548143
IND_FUA_06651,Vadodara,preexisting_detected_screened,uniform_seven_RP_mean,2704286.6594,0.870405880087,0.19652216724
IND_FUA_06651,Vadodara,preexisting_detected_screened,RP10,2704286.6594,0.870405880087,0.134199742809
IND_FUA_06651,Vadodara,preexisting_detected_screened,RP20,2704286.6594,0.870405880087,0.157098709436
IND_FUA_06651,Vadodara,preexisting_detected_screened,RP50,2704286.6594,0.870405880087,0.184748484766
IND_FUA_06651,Vadodara,preexisting_detected_screened,RP75,2704286.6594,0.870405880087,0.197826008863
IND_FUA_06651,Vadodara,preexisting_detected_screened,RP100,2704286.6594,0.870405880087,0.206391571029
IND_FUA_06651,Vadodara,preexisting_detected_screened,RP200,2704286.6594,0.870405880087,0.230351509666
IND_FUA_06651,Vadodara,preexisting_detected_screened,RP500,2704286.6594,0.870405880087,0.265039144112
IND_FUA_06651,Vadodara,joint_supported_screened,normalized_exceedance_trapezoid,1144800.84342,0.368467367236,0.199438524769
IND_FUA_06651,Vadodara,joint_supported_screened,uniform_seven_RP_mean,1144800.84342,0.368467367236,0.235293499132
IND_FUA_06651,Vadodara,joint_supported_screened,RP10,1144800.84342,0.368467367236,0.163703273643
IND_FUA_06651,Vadodara,joint_supported_screened,RP20,1144800.84342,0.368467367236,0.190372293348
IND_FUA_06651,Vadodara,joint_supported_screened,RP50,1144800.84342,0.368467367236,0.2214183581
IND_FUA_06651,Vadodara,joint_supported_screened,RP75,1144800.84342,0.368467367236,0.236477427414
IND_FUA_06651,Vadodara,joint_supported_screened,RP100,1144800.84342,0.368467367236,0.246423361867
IND_FUA_06651,Vadodara,joint_supported_screened,RP200,1144800.84342,0.368467367236,0.274409789182
IND_FUA_06651,Vadodara,joint_supported_screened,RP500,1144800.84342,0.368467367236,0.314249990372
IND_FUA_06781,Chandigarh,ghsl_only,normalized_exceedance_trapezoid,6519940,1,0.002114893135
IND_FUA_06781,Chandigarh,ghsl_only,uniform_seven_RP_mean,6519940,1,0.00255861964292
IND_FUA_06781,Chandigarh,ghsl_only,RP10,6519940,1,0.00177363090337
IND_FUA_06781,Chandigarh,ghsl_only,RP20,6519940,1,0.00196038384095
IND_FUA_06781,Chandigarh,ghsl_only,RP50,6519940,1,0.00236570870387
IND_FUA_06781,Chandigarh,ghsl_only,RP75,6519940,1,0.00253317731403
IND_FUA_06781,Chandigarh,ghsl_only,RP100,6519940,1,0.002627854698
IND_FUA_06781,Chandigarh,ghsl_only,RP200,6519940,1,0.00301696822578
IND_FUA_06781,Chandigarh,ghsl_only,RP500,6519940,1,0.00363261381441
IND_FUA_06781,Chandigarh,endpoint_supported,normalized_exceedance_trapezoid,2218648.44134,0.340286634745,0.000751967811722
IND_FUA_06781,Chandigarh,endpoint_supported,uniform_seven_RP_mean,2218648.44134,0.340286634745,0.000974348398925
IND_FUA_06781,Chandigarh,endpoint_supported,RP10,2218648.44134,0.340286634745,0.00063311540938
IND_FUA_06781,Chandigarh,endpoint_supported,RP20,2218648.44134,0.340286634745,0.00068922671636
IND_FUA_06781,Chandigarh,endpoint_supported,RP50,2218648.44134,0.340286634745,0.000807650538894
IND_FUA_06781,Chandigarh,endpoint_supported,RP75,2218648.44134,0.340286634745,0.000869101066724
IND_FUA_06781,Chandigarh,endpoint_supported,RP100,2218648.44134,0.340286634745,0.000900475501454
IND_FUA_06781,Chandigarh,endpoint_supported,RP200,2218648.44134,0.340286634745,0.00120406967371
IND_FUA_06781,Chandigarh,endpoint_supported,RP500,2218648.44134,0.340286634745,0.00171679988595
IND_FUA_06781,Chandigarh,preexisting_detected_screened,normalized_exceedance_trapezoid,5337831.4109,0.818693333205,0.00215571244694
IND_FUA_06781,Chandigarh,preexisting_detected_screened,uniform_seven_RP_mean,5337831.4109,0.818693333205,0.00265644389897
IND_FUA_06781,Chandigarh,preexisting_detected_screened,RP10,5337831.4109,0.818693333205,0.00178244744277
IND_FUA_06781,Chandigarh,preexisting_detected_screened,RP20,5337831.4109,0.818693333205,0.00197696606318
IND_FUA_06781,Chandigarh,preexisting_detected_screened,RP50,5337831.4109,0.818693333205,0.00243593111162
IND_FUA_06781,Chandigarh,preexisting_detected_screened,RP75,5337831.4109,0.818693333205,0.00262010529489
IND_FUA_06781,Chandigarh,preexisting_detected_screened,RP100,5337831.4109,0.818693333205,0.00272351857016
IND_FUA_06781,Chandigarh,preexisting_detected_screened,RP200,5337831.4109,0.818693333205,0.00317141016999
IND_FUA_06781,Chandigarh,preexisting_detected_screened,RP500,5337831.4109,0.818693333205,0.00388472864018
IND_FUA_06781,Chandigarh,joint_supported_screened,normalized_exceedance_trapezoid,1711764.10177,0.262542922446,0.000652582750225
IND_FUA_06781,Chandigarh,joint_supported_screened,uniform_seven_RP_mean,1711764.10177,0.262542922446,0.000908729554579
IND_FUA_06781,Chandigarh,joint_supported_screened,RP10,1711764.10177,0.262542922446,0.000531878765589
IND_FUA_06781,Chandigarh,joint_supported_screened,RP20,1711764.10177,0.262542922446,0.000578968071314
IND_FUA_06781,Chandigarh,joint_supported_screened,RP50,1711764.10177,0.262542922446,0.000704899217337
IND_FUA_06781,Chandigarh,joint_supported_screened,RP75,1711764.10177,0.262542922446,0.000768867286207
IND_FUA_06781,Chandigarh,joint_supported_screened,RP100,1711764.10177,0.262542922446,0.000800146276893
IND_FUA_06781,Chandigarh,joint_supported_screened,RP200,1711764.10177,0.262542922446,0.00117258602536
IND_FUA_06781,Chandigarh,joint_supported_screened,RP500,1711764.10177,0.262542922446,0.00180376123935
IND_FUA_07108,Silvassa,ghsl_only,normalized_exceedance_trapezoid,1315759,1,0.260892811439
IND_FUA_07108,Silvassa,ghsl_only,uniform_seven_RP_mean,1315759,1,0.328904969429
IND_FUA_07108,Silvassa,ghsl_only,RP10,1315759,1,0.192973959166
IND_FUA_07108,Silvassa,ghsl_only,RP20,1315759,1,0.241597336353
IND_FUA_07108,Silvassa,ghsl_only,RP50,1315759,1,0.305067421825
IND_FUA_07108,Silvassa,ghsl_only,RP75,1315759,1,0.336327726665
IND_FUA_07108,Silvassa,ghsl_only,RP100,1315759,1,0.357113676674
IND_FUA_07108,Silvassa,ghsl_only,RP200,1315759,1,0.405142428078
IND_FUA_07108,Silvassa,ghsl_only,RP500,1315759,1,0.464112237239
IND_FUA_07108,Silvassa,endpoint_supported,normalized_exceedance_trapezoid,421246.174162,0.320154507141,0.162451634691
IND_FUA_07108,Silvassa,endpoint_supported,uniform_seven_RP_mean,421246.174162,0.320154507141,0.208568211598
IND_FUA_07108,Silvassa,endpoint_supported,RP10,421246.174162,0.320154507141,0.119452729736
IND_FUA_07108,Silvassa,endpoint_supported,RP20,421246.174162,0.320154507141,0.149164779681
IND_FUA_07108,Silvassa,endpoint_supported,RP50,421246.174162,0.320154507141,0.189261866598
IND_FUA_07108,Silvassa,endpoint_supported,RP75,421246.174162,0.320154507141,0.211890375361
IND_FUA_07108,Silvassa,endpoint_supported,RP100,421246.174162,0.320154507141,0.227218611345
IND_FUA_07108,Silvassa,endpoint_supported,RP200,421246.174162,0.320154507141,0.258748045211
IND_FUA_07108,Silvassa,endpoint_supported,RP500,421246.174162,0.320154507141,0.304241073251
IND_FUA_07108,Silvassa,preexisting_detected_screened,normalized_exceedance_trapezoid,1045042.54336,0.794250727798,0.260922195866
IND_FUA_07108,Silvassa,preexisting_detected_screened,uniform_seven_RP_mean,1045042.54336,0.794250727798,0.323898592092
IND_FUA_07108,Silvassa,preexisting_detected_screened,RP10,1045042.54336,0.794250727798,0.19512789869
IND_FUA_07108,Silvassa,preexisting_detected_screened,RP20,1045042.54336,0.794250727798,0.243587876294
IND_FUA_07108,Silvassa,preexisting_detected_screened,RP50,1045042.54336,0.794250727798,0.304939477069
IND_FUA_07108,Silvassa,preexisting_detected_screened,RP75,1045042.54336,0.794250727798,0.330526549529
IND_FUA_07108,Silvassa,preexisting_detected_screened,RP100,1045042.54336,0.794250727798,0.349356021883
IND_FUA_07108,Silvassa,preexisting_detected_screened,RP200,1045042.54336,0.794250727798,0.393677710265
IND_FUA_07108,Silvassa,preexisting_detected_screened,RP500,1045042.54336,0.794250727798,0.450074610914
IND_FUA_07108,Silvassa,joint_supported_screened,normalized_exceedance_trapezoid,322019.122435,0.244740201234,0.156407745825
IND_FUA_07108,Silvassa,joint_supported_screened,uniform_seven_RP_mean,322019.122435,0.244740201234,0.194954844883
IND_FUA_07108,Silvassa,joint_supported_screened,RP10,322019.122435,0.244740201234,0.119056810035
IND_FUA_07108,Silvassa,joint_supported_screened,RP20,322019.122435,0.244740201234,0.145574840765
IND_FUA_07108,Silvassa,joint_supported_screened,RP50,322019.122435,0.244740201234,0.180723307821
IND_FUA_07108,Silvassa,joint_supported_screened,RP75,322019.122435,0.244740201234,0.196978859613
IND_FUA_07108,Silvassa,joint_supported_screened,RP100,322019.122435,0.244740201234,0.209468553487
IND_FUA_07108,Silvassa,joint_supported_screened,RP200,322019.122435,0.244740201234,0.235312925877
IND_FUA_07108,Silvassa,joint_supported_screened,RP500,322019.122435,0.244740201234,0.277568616581
IND_FUA_07139,Vasai-Virar,ghsl_only,normalized_exceedance_trapezoid,501725,1,1.17413223585
IND_FUA_07139,Vasai-Virar,ghsl_only,uniform_seven_RP_mean,501725,1,1.3960985573
IND_FUA_07139,Vasai-Virar,ghsl_only,RP10,501725,1,0.95744377605
IND_FUA_07139,Vasai-Virar,ghsl_only,RP20,501725,1,1.10679626317
IND_FUA_07139,Vasai-Virar,ghsl_only,RP50,501725,1,1.32186381825
IND_FUA_07139,Vasai-Virar,ghsl_only,RP75,501725,1,1.41996803132
IND_FUA_07139,Vasai-Virar,ghsl_only,RP100,501725,1,1.48721200954
IND_FUA_07139,Vasai-Virar,ghsl_only,RP200,501725,1,1.64287132682
IND_FUA_07139,Vasai-Virar,ghsl_only,RP500,501725,1,1.83653467595
IND_FUA_07139,Vasai-Virar,endpoint_supported,normalized_exceedance_trapezoid,127052.133447,0.253230621251,1.06415439859
IND_FUA_07139,Vasai-Virar,endpoint_supported,uniform_seven_RP_mean,127052.133447,0.253230621251,1.2584729606
IND_FUA_07139,Vasai-Virar,endpoint_supported,RP10,127052.133447,0.253230621251,0.871244424489
IND_FUA_07139,Vasai-Virar,endpoint_supported,RP20,127052.133447,0.253230621251,1.00580320834
IND_FUA_07139,Vasai-Virar,endpoint_supported,RP50,127052.133447,0.253230621251,1.19578783765
IND_FUA_07139,Vasai-Virar,endpoint_supported,RP75,127052.133447,0.253230621251,1.28197748554
IND_FUA_07139,Vasai-Virar,endpoint_supported,RP100,127052.133447,0.253230621251,1.33965136448
IND_FUA_07139,Vasai-Virar,endpoint_supported,RP200,127052.133447,0.253230621251,1.47483094942
IND_FUA_07139,Vasai-Virar,endpoint_supported,RP500,127052.133447,0.253230621251,1.6400154543
IND_FUA_07139,Vasai-Virar,preexisting_detected_screened,normalized_exceedance_trapezoid,356957.356018,0.711460174434,1.2623732317
IND_FUA_07139,Vasai-Virar,preexisting_detected_screened,uniform_seven_RP_mean,356957.356018,0.711460174434,1.49646150327
IND_FUA_07139,Vasai-Virar,preexisting_detected_screened,RP10,356957.356018,0.711460174434,1.03317939439
IND_FUA_07139,Vasai-Virar,preexisting_detected_screened,RP20,356957.356018,0.711460174434,1.19075737346
IND_FUA_07139,Vasai-Virar,preexisting_detected_screened,RP50,356957.356018,0.711460174434,1.41981986121
IND_FUA_07139,Vasai-Virar,preexisting_detected_screened,RP75,356957.356018,0.711460174434,1.52402841379
IND_FUA_07139,Vasai-Virar,preexisting_detected_screened,RP100,356957.356018,0.711460174434,1.59411689175
IND_FUA_07139,Vasai-Virar,preexisting_detected_screened,RP200,356957.356018,0.711460174434,1.75619098103
IND_FUA_07139,Vasai-Virar,preexisting_detected_screened,RP500,356957.356018,0.711460174434,1.95713760726
IND_FUA_07139,Vasai-Virar,joint_supported_screened,normalized_exceedance_trapezoid,79547.1052708,0.158547222623,1.12978560721
IND_FUA_07139,Vasai-Virar,joint_supported_screened,uniform_seven_RP_mean,79547.1052708,0.158547222623,1.33464589325
IND_FUA_07139,Vasai-Virar,joint_supported_screened,RP10,79547.1052708,0.158547222623,0.927092134716
IND_FUA_07139,Vasai-Virar,joint_supported_screened,RP20,79547.1052708,0.158547222623,1.06703025856
IND_FUA_07139,Vasai-Virar,joint_supported_screened,RP50,79547.1052708,0.158547222623,1.26959401842
IND_FUA_07139,Vasai-Virar,joint_supported_screened,RP75,79547.1052708,0.158547222623,1.36172741482
IND_FUA_07139,Vasai-Virar,joint_supported_screened,RP100,79547.1052708,0.158547222623,1.42257320636
IND_FUA_07139,Vasai-Virar,joint_supported_screened,RP200,79547.1052708,0.158547222623,1.56272147818
IND_FUA_07139,Vasai-Virar,joint_supported_screened,RP500,79547.1052708,0.158547222623,1.73178274172
IND_FUA_07163,Mumbai,ghsl_only,normalized_exceedance_trapezoid,4697571,1,0.390341067314
IND_FUA_07163,Mumbai,ghsl_only,uniform_seven_RP_mean,4697571,1,0.494826231071
IND_FUA_07163,Mumbai,ghsl_only,RP10,4697571,1,0.27904544098
IND_FUA_07163,Mumbai,ghsl_only,RP20,4697571,1,0.361833821211
IND_FUA_07163,Mumbai,ghsl_only,RP50,4697571,1,0.465113775795
IND_FUA_07163,Mumbai,ghsl_only,RP75,4697571,1,0.508615836879
IND_FUA_07163,Mumbai,ghsl_only,RP100,4697571,1,0.537975083963
IND_FUA_07163,Mumbai,ghsl_only,RP200,4697571,1,0.610163324824
IND_FUA_07163,Mumbai,ghsl_only,RP500,4697571,1,0.701036333843
IND_FUA_07163,Mumbai,endpoint_supported,normalized_exceedance_trapezoid,1419320.19963,0.302139169292,0.35803076616
IND_FUA_07163,Mumbai,endpoint_supported,uniform_seven_RP_mean,1419320.19963,0.302139169292,0.450258676684
IND_FUA_07163,Mumbai,endpoint_supported,RP10,1419320.19963,0.302139169292,0.259686661732
IND_FUA_07163,Mumbai,endpoint_supported,RP20,1419320.19963,0.302139169292,0.333288316231
IND_FUA_07163,Mumbai,endpoint_supported,RP50,1419320.19963,0.302139169292,0.42317295591
IND_FUA_07163,Mumbai,endpoint_supported,RP75,1419320.19963,0.302139169292,0.462254341755
IND_FUA_07163,Mumbai,endpoint_supported,RP100,1419320.19963,0.302139169292,0.488440929763
IND_FUA_07163,Mumbai,endpoint_supported,RP200,1419320.19963,0.302139169292,0.552500594487
IND_FUA_07163,Mumbai,endpoint_supported,RP500,1419320.19963,0.302139169292,0.632466936908
IND_FUA_07163,Mumbai,preexisting_detected_screened,normalized_exceedance_trapezoid,3281990.28695,0.698656877555,0.360035031785
IND_FUA_07163,Mumbai,preexisting_detected_screened,uniform_seven_RP_mean,3281990.28695,0.698656877555,0.449311634699
IND_FUA_07163,Mumbai,preexisting_detected_screened,RP10,3281990.28695,0.698656877555,0.263817485283
IND_FUA_07163,Mumbai,preexisting_detected_screened,RP20,3281990.28695,0.698656877555,0.335819150836
IND_FUA_07163,Mumbai,preexisting_detected_screened,RP50,3281990.28695,0.698656877555,0.424986585744
IND_FUA_07163,Mumbai,preexisting_detected_screened,RP75,3281990.28695,0.698656877555,0.461744343601
IND_FUA_07163,Mumbai,preexisting_detected_screened,RP100,3281990.28695,0.698656877555,0.48653762263
IND_FUA_07163,Mumbai,preexisting_detected_screened,RP200,3281990.28695,0.698656877555,0.547773206518
IND_FUA_07163,Mumbai,preexisting_detected_screened,RP500,3281990.28695,0.698656877555,0.624503048282
IND_FUA_07163,Mumbai,joint_supported_screened,normalized_exceedance_trapezoid,916929.828708,0.195192329974,0.323088876042
IND_FUA_07163,Mumbai,joint_supported_screened,uniform_seven_RP_mean,916929.828708,0.195192329974,0.396179864735
IND_FUA_07163,Mumbai,joint_supported_screened,RP10,916929.828708,0.195192329974,0.243063337295
IND_FUA_07163,Mumbai,joint_supported_screened,RP20,916929.828708,0.195192329974,0.303704002245
IND_FUA_07163,Mumbai,joint_supported_screened,RP50,916929.828708,0.195192329974,0.376655588859
IND_FUA_07163,Mumbai,joint_supported_screened,RP75,916929.828708,0.195192329974,0.407280620376
IND_FUA_07163,Mumbai,joint_supported_screened,RP100,916929.828708,0.195192329974,0.427930392875
IND_FUA_07163,Mumbai,joint_supported_screened,RP200,916929.828708,0.195192329974,0.476491917896
IND_FUA_07163,Mumbai,joint_supported_screened,RP500,916929.828708,0.195192329974,0.538133193597
IND_FUA_07320,Jaipur,ghsl_only,normalized_exceedance_trapezoid,13604265,1,0.000276898457947
IND_FUA_07320,Jaipur,ghsl_only,uniform_seven_RP_mean,13604265,1,0.000276898457947
IND_FUA_07320,Jaipur,ghsl_only,RP10,13604265,1,0.000276898457947
IND_FUA_07320,Jaipur,ghsl_only,RP20,13604265,1,0.000276898457947
IND_FUA_07320,Jaipur,ghsl_only,RP50,13604265,1,0.000276898457947
IND_FUA_07320,Jaipur,ghsl_only,RP75,13604265,1,0.000276898457947
IND_FUA_07320,Jaipur,ghsl_only,RP100,13604265,1,0.000276898457947
IND_FUA_07320,Jaipur,ghsl_only,RP200,13604265,1,0.000276898457947
IND_FUA_07320,Jaipur,ghsl_only,RP500,13604265,1,0.000276898457947
IND_FUA_07320,Jaipur,endpoint_supported,normalized_exceedance_trapezoid,4189200.42996,0.307932874724,6.64352769456e-05
IND_FUA_07320,Jaipur,endpoint_supported,uniform_seven_RP_mean,4189200.42996,0.307932874724,6.64352769456e-05
IND_FUA_07320,Jaipur,endpoint_supported,RP10,4189200.42996,0.307932874724,6.64352769456e-05
IND_FUA_07320,Jaipur,endpoint_supported,RP20,4189200.42996,0.307932874724,6.64352769456e-05
IND_FUA_07320,Jaipur,endpoint_supported,RP50,4189200.42996,0.307932874724,6.64352769456e-05
IND_FUA_07320,Jaipur,endpoint_supported,RP75,4189200.42996,0.307932874724,6.64352769456e-05
IND_FUA_07320,Jaipur,endpoint_supported,RP100,4189200.42996,0.307932874724,6.64352769456e-05
IND_FUA_07320,Jaipur,endpoint_supported,RP200,4189200.42996,0.307932874724,6.64352769456e-05
IND_FUA_07320,Jaipur,endpoint_supported,RP500,4189200.42996,0.307932874724,6.64352769456e-05
IND_FUA_07320,Jaipur,preexisting_detected_screened,normalized_exceedance_trapezoid,12163184.037,0.894071384012,0.000267556831998
IND_FUA_07320,Jaipur,preexisting_detected_screened,uniform_seven_RP_mean,12163184.037,0.894071384012,0.000267556831998
IND_FUA_07320,Jaipur,preexisting_detected_screened,RP10,12163184.037,0.894071384012,0.000267556831998
IND_FUA_07320,Jaipur,preexisting_detected_screened,RP20,12163184.037,0.894071384012,0.000267556831998
IND_FUA_07320,Jaipur,preexisting_detected_screened,RP50,12163184.037,0.894071384012,0.000267556831998
IND_FUA_07320,Jaipur,preexisting_detected_screened,RP75,12163184.037,0.894071384012,0.000267556831998
IND_FUA_07320,Jaipur,preexisting_detected_screened,RP100,12163184.037,0.894071384012,0.000267556831998
IND_FUA_07320,Jaipur,preexisting_detected_screened,RP200,12163184.037,0.894071384012,0.000267556831998
IND_FUA_07320,Jaipur,preexisting_detected_screened,RP500,12163184.037,0.894071384012,0.000267556831998
IND_FUA_07320,Jaipur,joint_supported_screened,normalized_exceedance_trapezoid,3514418.71429,0.258332127041,5.52384571532e-05
IND_FUA_07320,Jaipur,joint_supported_screened,uniform_seven_RP_mean,3514418.71429,0.258332127041,5.52384571532e-05
IND_FUA_07320,Jaipur,joint_supported_screened,RP10,3514418.71429,0.258332127041,5.52384571532e-05
IND_FUA_07320,Jaipur,joint_supported_screened,RP20,3514418.71429,0.258332127041,5.52384571532e-05
IND_FUA_07320,Jaipur,joint_supported_screened,RP50,3514418.71429,0.258332127041,5.52384571532e-05
IND_FUA_07320,Jaipur,joint_supported_screened,RP75,3514418.71429,0.258332127041,5.52384571532e-05
IND_FUA_07320,Jaipur,joint_supported_screened,RP100,3514418.71429,0.258332127041,5.52384571532e-05
IND_FUA_07320,Jaipur,joint_supported_screened,RP200,3514418.71429,0.258332127041,5.52384571532e-05
IND_FUA_07320,Jaipur,joint_supported_screened,RP500,3514418.71429,0.258332127041,5.52384571532e-05
IND_FUA_07466,Delhi [New Delhi],ghsl_only,normalized_exceedance_trapezoid,51418537,1,0.298629598494
IND_FUA_07466,Delhi [New Delhi],ghsl_only,uniform_seven_RP_mean,51418537,1,0.343606012133
IND_FUA_07466,Delhi [New Delhi],ghsl_only,RP10,51418537,1,0.245172551895
IND_FUA_07466,Delhi [New Delhi],ghsl_only,RP20,51418537,1,0.288676907468
IND_FUA_07466,Delhi [New Delhi],ghsl_only,RP50,51418537,1,0.33282029348
IND_FUA_07466,Delhi [New Delhi],ghsl_only,RP75,51418537,1,0.3509888915
IND_FUA_07466,Delhi [New Delhi],ghsl_only,RP100,51418537,1,0.363278210966
IND_FUA_07466,Delhi [New Delhi],ghsl_only,RP200,51418537,1,0.39301746462
IND_FUA_07466,Delhi [New Delhi],ghsl_only,RP500,51418537,1,0.431287765004
IND_FUA_07466,Delhi [New Delhi],endpoint_supported,normalized_exceedance_trapezoid,17262569.2666,0.33572657399,0.308400866156
IND_FUA_07466,Delhi [New Delhi],endpoint_supported,uniform_seven_RP_mean,17262569.2666,0.33572657399,0.35603146099
IND_FUA_07466,Delhi [New Delhi],endpoint_supported,RP10,17262569.2666,0.33572657399,0.250729042016
IND_FUA_07466,Delhi [New Delhi],endpoint_supported,RP20,17262569.2666,0.33572657399,0.298223684646
IND_FUA_07466,Delhi [New Delhi],endpoint_supported,RP50,17262569.2666,0.33572657399,0.345178648946
IND_FUA_07466,Delhi [New Delhi],endpoint_supported,RP75,17262569.2666,0.33572657399,0.364183748653
IND_FUA_07466,Delhi [New Delhi],endpoint_supported,RP100,17262569.2666,0.33572657399,0.377040508229
IND_FUA_07466,Delhi [New Delhi],endpoint_supported,RP200,17262569.2666,0.33572657399,0.408247385518
IND_FUA_07466,Delhi [New Delhi],endpoint_supported,RP500,17262569.2666,0.33572657399,0.448617208919
IND_FUA_07466,Delhi [New Delhi],preexisting_detected_screened,normalized_exceedance_trapezoid,40362719.9849,0.78498382762,0.291219217591
IND_FUA_07466,Delhi [New Delhi],preexisting_detected_screened,uniform_seven_RP_mean,40362719.9849,0.78498382762,0.33511686571
IND_FUA_07466,Delhi [New Delhi],preexisting_detected_screened,RP10,40362719.9849,0.78498382762,0.238640514702
IND_FUA_07466,Delhi [New Delhi],preexisting_detected_screened,RP20,40362719.9849,0.78498382762,0.281677445028
IND_FUA_07466,Delhi [New Delhi],preexisting_detected_screened,RP50,40362719.9849,0.78498382762,0.324754431314
IND_FUA_07466,Delhi [New Delhi],preexisting_detected_screened,RP75,40362719.9849,0.78498382762,0.342278684397
IND_FUA_07466,Delhi [New Delhi],preexisting_detected_screened,RP100,40362719.9849,0.78498382762,0.354272559176
IND_FUA_07466,Delhi [New Delhi],preexisting_detected_screened,RP200,40362719.9849,0.78498382762,0.383488276507
IND_FUA_07466,Delhi [New Delhi],preexisting_detected_screened,RP500,40362719.9849,0.78498382762,0.420706148843
IND_FUA_07466,Delhi [New Delhi],joint_supported_screened,normalized_exceedance_trapezoid,12654723.4553,0.246112087073,0.305479910367
IND_FUA_07466,Delhi [New Delhi],joint_supported_screened,uniform_seven_RP_mean,12654723.4553,0.246112087073,0.352958079418
IND_FUA_07466,Delhi [New Delhi],joint_supported_screened,RP10,12654723.4553,0.246112087073,0.247169306476
IND_FUA_07466,Delhi [New Delhi],joint_supported_screened,RP20,12654723.4553,0.246112087073,0.295660357585
IND_FUA_07466,Delhi [New Delhi],joint_supported_screened,RP50,12654723.4553,0.246112087073,0.342506286497
IND_FUA_07466,Delhi [New Delhi],joint_supported_screened,RP75,12654723.4553,0.246112087073,0.361127441104
IND_FUA_07466,Delhi [New Delhi],joint_supported_screened,RP100,12654723.4553,0.246112087073,0.373892368461
IND_FUA_07466,Delhi [New Delhi],joint_supported_screened,RP200,12654723.4553,0.246112087073,0.405221625481
IND_FUA_07466,Delhi [New Delhi],joint_supported_screened,RP500,12654723.4553,0.246112087073,0.445129170326
IND_FUA_07490,Saharanpur,ghsl_only,normalized_exceedance_trapezoid,1511249,1,0
IND_FUA_07490,Saharanpur,ghsl_only,uniform_seven_RP_mean,1511249,1,0
IND_FUA_07490,Saharanpur,ghsl_only,RP10,1511249,1,0
IND_FUA_07490,Saharanpur,ghsl_only,RP20,1511249,1,0
IND_FUA_07490,Saharanpur,ghsl_only,RP50,1511249,1,0
IND_FUA_07490,Saharanpur,ghsl_only,RP75,1511249,1,0
IND_FUA_07490,Saharanpur,ghsl_only,RP100,1511249,1,0
IND_FUA_07490,Saharanpur,ghsl_only,RP200,1511249,1,0
IND_FUA_07490,Saharanpur,ghsl_only,RP500,1511249,1,0
IND_FUA_07490,Saharanpur,endpoint_supported,normalized_exceedance_trapezoid,521967.514189,0.345388161838,0
IND_FUA_07490,Saharanpur,endpoint_supported,uniform_seven_RP_mean,521967.514189,0.345388161838,0
IND_FUA_07490,Saharanpur,endpoint_supported,RP10,521967.514189,0.345388161838,0
IND_FUA_07490,Saharanpur,endpoint_supported,RP20,521967.514189,0.345388161838,0
IND_FUA_07490,Saharanpur,endpoint_supported,RP50,521967.514189,0.345388161838,0
IND_FUA_07490,Saharanpur,endpoint_supported,RP75,521967.514189,0.345388161838,0
IND_FUA_07490,Saharanpur,endpoint_supported,RP100,521967.514189,0.345388161838,0
IND_FUA_07490,Saharanpur,endpoint_supported,RP200,521967.514189,0.345388161838,0
IND_FUA_07490,Saharanpur,endpoint_supported,RP500,521967.514189,0.345388161838,0
IND_FUA_07490,Saharanpur,preexisting_detected_screened,normalized_exceedance_trapezoid,1275240.64727,0.843832252178,0
IND_FUA_07490,Saharanpur,preexisting_detected_screened,uniform_seven_RP_mean,1275240.64727,0.843832252178,0
IND_FUA_07490,Saharanpur,preexisting_detected_screened,RP10,1275240.64727,0.843832252178,0
IND_FUA_07490,Saharanpur,preexisting_detected_screened,RP20,1275240.64727,0.843832252178,0
IND_FUA_07490,Saharanpur,preexisting_detected_screened,RP50,1275240.64727,0.843832252178,0
IND_FUA_07490,Saharanpur,preexisting_detected_screened,RP75,1275240.64727,0.843832252178,0
IND_FUA_07490,Saharanpur,preexisting_detected_screened,RP100,1275240.64727,0.843832252178,0
IND_FUA_07490,Saharanpur,preexisting_detected_screened,RP200,1275240.64727,0.843832252178,0
IND_FUA_07490,Saharanpur,preexisting_detected_screened,RP500,1275240.64727,0.843832252178,0
IND_FUA_07490,Saharanpur,joint_supported_screened,normalized_exceedance_trapezoid,418118.818064,0.276671030428,0
IND_FUA_07490,Saharanpur,joint_supported_screened,uniform_seven_RP_mean,418118.818064,0.276671030428,0
IND_FUA_07490,Saharanpur,joint_supported_screened,RP10,418118.818064,0.276671030428,0
IND_FUA_07490,Saharanpur,joint_supported_screened,RP20,418118.818064,0.276671030428,0
IND_FUA_07490,Saharanpur,joint_supported_screened,RP50,418118.818064,0.276671030428,0
IND_FUA_07490,Saharanpur,joint_supported_screened,RP75,418118.818064,0.276671030428,0
IND_FUA_07490,Saharanpur,joint_supported_screened,RP100,418118.818064,0.276671030428,0
IND_FUA_07490,Saharanpur,joint_supported_screened,RP200,418118.818064,0.276671030428,0
IND_FUA_07490,Saharanpur,joint_supported_screened,RP500,418118.818064,0.276671030428,0
IND_FUA_07499,Nashik,ghsl_only,normalized_exceedance_trapezoid,2715839,1,0.02189109017
IND_FUA_07499,Nashik,ghsl_only,uniform_seven_RP_mean,2715839,1,0.0242584460847
IND_FUA_07499,Nashik,ghsl_only,RP10,2715839,1,0.0193086809753
IND_FUA_07499,Nashik,ghsl_only,RP20,2715839,1,0.021306248346
IND_FUA_07499,Nashik,ghsl_only,RP50,2715839,1,0.0235566162891
IND_FUA_07499,Nashik,ghsl_only,RP75,2715839,1,0.0244736552893
IND_FUA_07499,Nashik,ghsl_only,RP100,2715839,1,0.0251820963889
IND_FUA_07499,Nashik,ghsl_only,RP200,2715839,1,0.0268888655134
IND_FUA_07499,Nashik,ghsl_only,RP500,2715839,1,0.029092959791
IND_FUA_07499,Nashik,endpoint_supported,normalized_exceedance_trapezoid,547412.68268,0.201563009692,0.0241054726445
IND_FUA_07499,Nashik,endpoint_supported,uniform_seven_RP_mean,547412.68268,0.201563009692,0.0262817975244
IND_FUA_07499,Nashik,endpoint_supported,RP10,547412.68268,0.201563009692,0.0216441062468
IND_FUA_07499,Nashik,endpoint_supported,RP20,547412.68268,0.201563009692,0.0235636629461
IND_FUA_07499,Nashik,endpoint_supported,RP50,547412.68268,0.201563009692,0.025732093229
IND_FUA_07499,Nashik,endpoint_supported,RP75,547412.68268,0.201563009692,0.0265888950748
IND_FUA_07499,Nashik,endpoint_supported,RP100,547412.68268,0.201563009692,0.027196867738
IND_FUA_07499,Nashik,endpoint_supported,RP200,547412.68268,0.201563009692,0.0287187635406
IND_FUA_07499,Nashik,endpoint_supported,RP500,547412.68268,0.201563009692,0.0305281938953
IND_FUA_07499,Nashik,preexisting_detected_screened,normalized_exceedance_trapezoid,2306445.00112,0.849256896716,0.0111759789855
IND_FUA_07499,Nashik,preexisting_detected_screened,uniform_seven_RP_mean,2306445.00112,0.849256896716,0.0126750422088
IND_FUA_07499,Nashik,preexisting_detected_screened,RP10,2306445.00112,0.849256896716,0.00961504774991
IND_FUA_07499,Nashik,preexisting_detected_screened,RP20,2306445.00112,0.849256896716,0.010811881431
IND_FUA_07499,Nashik,preexisting_detected_screened,RP50,2306445.00112,0.849256896716,0.0121482751699
IND_FUA_07499,Nashik,preexisting_detected_screened,RP75,2306445.00112,0.849256896716,0.0127088713506
IND_FUA_07499,Nashik,preexisting_detected_screened,RP100,2306445.00112,0.849256896716,0.0131702991397
IND_FUA_07499,Nashik,preexisting_detected_screened,RP200,2306445.00112,0.849256896716,0.0143396509509
IND_FUA_07499,Nashik,preexisting_detected_screened,RP500,2306445.00112,0.849256896716,0.0159312696695
IND_FUA_07499,Nashik,joint_supported_screened,normalized_exceedance_trapezoid,391173.198858,0.144034016324,0.0069587412905
IND_FUA_07499,Nashik,joint_supported_screened,uniform_seven_RP_mean,391173.198858,0.144034016324,0.00783512790215
IND_FUA_07499,Nashik,joint_supported_screened,RP10,391173.198858,0.144034016324,0.00606265387996
IND_FUA_07499,Nashik,joint_supported_screened,RP20,391173.198858,0.144034016324,0.00674564497725
IND_FUA_07499,Nashik,joint_supported_screened,RP50,391173.198858,0.144034016324,0.00751421152731
IND_FUA_07499,Nashik,joint_supported_screened,RP75,391173.198858,0.144034016324,0.00782393086795
IND_FUA_07499,Nashik,joint_supported_screened,RP100,391173.198858,0.144034016324,0.0080725814059
IND_FUA_07499,Nashik,joint_supported_screened,RP200,391173.198858,0.144034016324,0.00884329461201
IND_FUA_07499,Nashik,joint_supported_screened,RP500,391173.198858,0.144034016324,0.00978357804466
IND_FUA_07581,Dehradun,ghsl_only,normalized_exceedance_trapezoid,1480118,1,0
IND_FUA_07581,Dehradun,ghsl_only,uniform_seven_RP_mean,1480118,1,0
IND_FUA_07581,Dehradun,ghsl_only,RP10,1480118,1,0
IND_FUA_07581,Dehradun,ghsl_only,RP20,1480118,1,0
IND_FUA_07581,Dehradun,ghsl_only,RP50,1480118,1,0
IND_FUA_07581,Dehradun,ghsl_only,RP75,1480118,1,0
IND_FUA_07581,Dehradun,ghsl_only,RP100,1480118,1,0
IND_FUA_07581,Dehradun,ghsl_only,RP200,1480118,1,0
IND_FUA_07581,Dehradun,ghsl_only,RP500,1480118,1,0
IND_FUA_07581,Dehradun,endpoint_supported,normalized_exceedance_trapezoid,336715.300194,0.227492200077,0
IND_FUA_07581,Dehradun,endpoint_supported,uniform_seven_RP_mean,336715.300194,0.227492200077,0
IND_FUA_07581,Dehradun,endpoint_supported,RP10,336715.300194,0.227492200077,0
IND_FUA_07581,Dehradun,endpoint_supported,RP20,336715.300194,0.227492200077,0
IND_FUA_07581,Dehradun,endpoint_supported,RP50,336715.300194,0.227492200077,0
IND_FUA_07581,Dehradun,endpoint_supported,RP75,336715.300194,0.227492200077,0
IND_FUA_07581,Dehradun,endpoint_supported,RP100,336715.300194,0.227492200077,0
IND_FUA_07581,Dehradun,endpoint_supported,RP200,336715.300194,0.227492200077,0
IND_FUA_07581,Dehradun,endpoint_supported,RP500,336715.300194,0.227492200077,0
IND_FUA_07581,Dehradun,preexisting_detected_screened,normalized_exceedance_trapezoid,1194190.3551,0.806821047445,0
IND_FUA_07581,Dehradun,preexisting_detected_screened,uniform_seven_RP_mean,1194190.3551,0.806821047445,0
IND_FUA_07581,Dehradun,preexisting_detected_screened,RP10,1194190.3551,0.806821047445,0
IND_FUA_07581,Dehradun,preexisting_detected_screened,RP20,1194190.3551,0.806821047445,0
IND_FUA_07581,Dehradun,preexisting_detected_screened,RP50,1194190.3551,0.806821047445,0
IND_FUA_07581,Dehradun,preexisting_detected_screened,RP75,1194190.3551,0.806821047445,0
IND_FUA_07581,Dehradun,preexisting_detected_screened,RP100,1194190.3551,0.806821047445,0
IND_FUA_07581,Dehradun,preexisting_detected_screened,RP200,1194190.3551,0.806821047445,0
IND_FUA_07581,Dehradun,preexisting_detected_screened,RP500,1194190.3551,0.806821047445,0
IND_FUA_07581,Dehradun,joint_supported_screened,normalized_exceedance_trapezoid,240531.370354,0.162508239447,0
IND_FUA_07581,Dehradun,joint_supported_screened,uniform_seven_RP_mean,240531.370354,0.162508239447,0
IND_FUA_07581,Dehradun,joint_supported_screened,RP10,240531.370354,0.162508239447,0
IND_FUA_07581,Dehradun,joint_supported_screened,RP20,240531.370354,0.162508239447,0
IND_FUA_07581,Dehradun,joint_supported_screened,RP50,240531.370354,0.162508239447,0
IND_FUA_07581,Dehradun,joint_supported_screened,RP75,240531.370354,0.162508239447,0
IND_FUA_07581,Dehradun,joint_supported_screened,RP100,240531.370354,0.162508239447,0
IND_FUA_07581,Dehradun,joint_supported_screened,RP200,240531.370354,0.162508239447,0
IND_FUA_07581,Dehradun,joint_supported_screened,RP500,240531.370354,0.162508239447,0
IND_FUA_07601,Kota,ghsl_only,normalized_exceedance_trapezoid,2483233,1,0.0198426661512
IND_FUA_07601,Kota,ghsl_only,uniform_seven_RP_mean,2483233,1,0.0252363258875
IND_FUA_07601,Kota,ghsl_only,RP10,2483233,1,0.014724408523
IND_FUA_07601,Kota,ghsl_only,RP20,2483233,1,0.0184125642882
IND_FUA_07601,Kota,ghsl_only,RP50,2483233,1,0.0231281932483
IND_FUA_07601,Kota,ghsl_only,RP75,2483233,1,0.0251557924684
IND_FUA_07601,Kota,ghsl_only,RP100,2483233,1,0.0266722481527
IND_FUA_07601,Kota,ghsl_only,RP200,2483233,1,0.0304786722221
IND_FUA_07601,Kota,ghsl_only,RP500,2483233,1,0.0380824023097
IND_FUA_07601,Kota,endpoint_supported,normalized_exceedance_trapezoid,842980.61877,0.339468998185,0.00782040968586
IND_FUA_07601,Kota,endpoint_supported,uniform_seven_RP_mean,842980.61877,0.339468998185,0.0108245372022
IND_FUA_07601,Kota,endpoint_supported,RP10,842980.61877,0.339468998185,0.00517521414537
IND_FUA_07601,Kota,endpoint_supported,RP20,842980.61877,0.339468998185,0.00707544414985
IND_FUA_07601,Kota,endpoint_supported,RP50,842980.61877,0.339468998185,0.00942613879078
IND_FUA_07601,Kota,endpoint_supported,RP75,842980.61877,0.339468998185,0.0105097894787
IND_FUA_07601,Kota,endpoint_supported,RP100,842980.61877,0.339468998185,0.0112780283264
IND_FUA_07601,Kota,endpoint_supported,RP200,842980.61877,0.339468998185,0.013275213886
IND_FUA_07601,Kota,endpoint_supported,RP500,842980.61877,0.339468998185,0.0190319316382
IND_FUA_07601,Kota,preexisting_detected_screened,normalized_exceedance_trapezoid,2024966.58012,0.815455730543,0.0184905274202
IND_FUA_07601,Kota,preexisting_detected_screened,uniform_seven_RP_mean,2024966.58012,0.815455730543,0.0235616653958
IND_FUA_07601,Kota,preexisting_detected_screened,RP10,2024966.58012,0.815455730543,0.0137804172991
IND_FUA_07601,Kota,preexisting_detected_screened,RP20,2024966.58012,0.815455730543,0.0171634692754
IND_FUA_07601,Kota,preexisting_detected_screened,RP50,2024966.58012,0.815455730543,0.0214724078062
IND_FUA_07601,Kota,preexisting_detected_screened,RP75,2024966.58012,0.815455730543,0.0233590010522
IND_FUA_07601,Kota,preexisting_detected_screened,RP100,2024966.58012,0.815455730543,0.0247746084811
IND_FUA_07601,Kota,preexisting_detected_screened,RP200,2024966.58012,0.815455730543,0.0283066010103
IND_FUA_07601,Kota,preexisting_detected_screened,RP500,2024966.58012,0.815455730543,0.0360751528461
IND_FUA_07601,Kota,joint_supported_screened,normalized_exceedance_trapezoid,634385.889833,0.255467726884,0.0061106540818
IND_FUA_07601,Kota,joint_supported_screened,uniform_seven_RP_mean,634385.889833,0.255467726884,0.00866954987222
IND_FUA_07601,Kota,joint_supported_screened,RP10,634385.889833,0.255467726884,0.00399080090649
IND_FUA_07601,Kota,joint_supported_screened,RP20,634385.889833,0.255467726884,0.00551227217121
IND_FUA_07601,Kota,joint_supported_screened,RP50,634385.889833,0.255467726884,0.00736180792804
IND_FUA_07601,Kota,joint_supported_screened,RP75,634385.889833,0.255467726884,0.00819058812849
IND_FUA_07601,Kota,joint_supported_screened,RP100,634385.889833,0.255467726884,0.00877645826429
IND_FUA_07601,Kota,joint_supported_screened,RP200,634385.889833,0.255467726884,0.0103251250082
IND_FUA_07601,Kota,joint_supported_screened,RP500,634385.889833,0.255467726884,0.0165297966988
IND_FUA_07617,Pune,ghsl_only,normalized_exceedance_trapezoid,13965327,1,0.0559425874298
IND_FUA_07617,Pune,ghsl_only,uniform_seven_RP_mean,13965327,1,0.0695547752289
IND_FUA_07617,Pune,ghsl_only,RP10,13965327,1,0.0426724897556
IND_FUA_07617,Pune,ghsl_only,RP20,13965327,1,0.0521288922074
IND_FUA_07617,Pune,ghsl_only,RP50,13965327,1,0.0644713776611
IND_FUA_07617,Pune,ghsl_only,RP75,13965327,1,0.0704479976164
IND_FUA_07617,Pune,ghsl_only,RP100,13965327,1,0.0746144053758
IND_FUA_07617,Pune,ghsl_only,RP200,13965327,1,0.0845898556094
IND_FUA_07617,Pune,ghsl_only,RP500,13965327,1,0.0979584083767
IND_FUA_07617,Pune,endpoint_supported,normalized_exceedance_trapezoid,4243809.03051,0.303881823212,0.0352772179445
IND_FUA_07617,Pune,endpoint_supported,uniform_seven_RP_mean,4243809.03051,0.303881823212,0.0464952263749
IND_FUA_07617,Pune,endpoint_supported,RP10,4243809.03051,0.303881823212,0.0250549843087
IND_FUA_07617,Pune,endpoint_supported,RP20,4243809.03051,0.303881823212,0.0319965582301
IND_FUA_07617,Pune,endpoint_supported,RP50,4243809.03051,0.303881823212,0.0417444720413
IND_FUA_07617,Pune,endpoint_supported,RP75,4243809.03051,0.303881823212,0.0468651687046
IND_FUA_07617,Pune,endpoint_supported,RP100,4243809.03051,0.303881823212,0.0504274949865
IND_FUA_07617,Pune,endpoint_supported,RP200,4243809.03051,0.303881823212,0.0588431341545
IND_FUA_07617,Pune,endpoint_supported,RP500,4243809.03051,0.303881823212,0.0705347721986
IND_FUA_07617,Pune,preexisting_detected_screened,normalized_exceedance_trapezoid,12254864.6991,0.877520784089,0.051776904042
IND_FUA_07617,Pune,preexisting_detected_screened,uniform_seven_RP_mean,12254864.6991,0.877520784089,0.0645317680465
IND_FUA_07617,Pune,preexisting_detected_screened,RP10,12254864.6991,0.877520784089,0.0393058429333
IND_FUA_07617,Pune,preexisting_detected_screened,RP20,12254864.6991,0.877520784089,0.0482722093651
IND_FUA_07617,Pune,preexisting_detected_screened,RP50,12254864.6991,0.877520784089,0.0596901356981
IND_FUA_07617,Pune,preexisting_detected_screened,RP75,12254864.6991,0.877520784089,0.0653205788403
IND_FUA_07617,Pune,preexisting_detected_screened,RP100,12254864.6991,0.877520784089,0.0692025982232
IND_FUA_07617,Pune,preexisting_detected_screened,RP200,12254864.6991,0.877520784089,0.0785757693421
IND_FUA_07617,Pune,preexisting_detected_screened,RP500,12254864.6991,0.877520784089,0.0913552419233
IND_FUA_07617,Pune,joint_supported_screened,normalized_exceedance_trapezoid,3542754.98452,0.253682207694,0.0309738804631
IND_FUA_07617,Pune,joint_supported_screened,uniform_seven_RP_mean,3542754.98452,0.253682207694,0.0411103114505
IND_FUA_07617,Pune,joint_supported_screened,RP10,3542754.98452,0.253682207694,0.0217179955845
IND_FUA_07617,Pune,joint_supported_screened,RP20,3542754.98452,0.253682207694,0.0280984943101
IND_FUA_07617,Pune,joint_supported_screened,RP50,3542754.98452,0.253682207694,0.0366902271763
IND_FUA_07617,Pune,joint_supported_screened,RP75,3542754.98452,0.253682207694,0.0413572219523
IND_FUA_07617,Pune,joint_supported_screened,RP100,3542754.98452,0.253682207694,0.044537946868
IND_FUA_07617,Pune,joint_supported_screened,RP200,3542754.98452,0.253682207694,0.0521920514804
IND_FUA_07617,Pune,joint_supported_screened,RP500,3542754.98452,0.253682207694,0.0631782427818
IND_FUA_07631,Haridwar,ghsl_only,normalized_exceedance_trapezoid,1895887,1,0.0655888319322
IND_FUA_07631,Haridwar,ghsl_only,uniform_seven_RP_mean,1895887,1,0.0790571849686
IND_FUA_07631,Haridwar,ghsl_only,RP10,1895887,1,0.0513962301692
IND_FUA_07631,Haridwar,ghsl_only,RP20,1895887,1,0.0615685516982
IND_FUA_07631,Haridwar,ghsl_only,RP50,1895887,1,0.0758531036219
IND_FUA_07631,Haridwar,ghsl_only,RP75,1895887,1,0.081046471552
IND_FUA_07631,Haridwar,ghsl_only,RP100,1895887,1,0.08464127876
IND_FUA_07631,Haridwar,ghsl_only,RP200,1895887,1,0.093268453226
IND_FUA_07631,Haridwar,ghsl_only,RP500,1895887,1,0.105626205753
IND_FUA_07631,Haridwar,endpoint_supported,normalized_exceedance_trapezoid,651520.444713,0.343649407751,0.0289637201427
IND_FUA_07631,Haridwar,endpoint_supported,uniform_seven_RP_mean,651520.444713,0.343649407751,0.0401101919023
IND_FUA_07631,Haridwar,endpoint_supported,RP10,651520.444713,0.343649407751,0.0169382533015
IND_FUA_07631,Haridwar,endpoint_supported,RP20,651520.444713,0.343649407751,0.025670528338
IND_FUA_07631,Haridwar,endpoint_supported,RP50,651520.444713,0.343649407751,0.0376374659876
IND_FUA_07631,Haridwar,endpoint_supported,RP75,651520.444713,0.343649407751,0.0420472918808
IND_FUA_07631,Haridwar,endpoint_supported,RP100,651520.444713,0.343649407751,0.0450017846717
IND_FUA_07631,Haridwar,endpoint_supported,RP200,651520.444713,0.343649407751,0.0520755895636
IND_FUA_07631,Haridwar,endpoint_supported,RP500,651520.444713,0.343649407751,0.0614004295732
IND_FUA_07631,Haridwar,preexisting_detected_screened,normalized_exceedance_trapezoid,1495805.58658,0.788974019325,0.0662011390603
IND_FUA_07631,Haridwar,preexisting_detected_screened,uniform_seven_RP_mean,1495805.58658,0.788974019325,0.077468703531
IND_FUA_07631,Haridwar,preexisting_detected_screened,RP10,1495805.58658,0.788974019325,0.0545663543261
IND_FUA_07631,Haridwar,preexisting_detected_screened,RP20,1495805.58658,0.788974019325,0.0628144719258
IND_FUA_07631,Haridwar,preexisting_detected_screened,RP50,1495805.58658,0.788974019325,0.0746315235886
IND_FUA_07631,Haridwar,preexisting_detected_screened,RP75,1495805.58658,0.788974019325,0.0789060551985
IND_FUA_07631,Haridwar,preexisting_detected_screened,RP100,1495805.58658,0.788974019325,0.0818919798691
IND_FUA_07631,Haridwar,preexisting_detected_screened,RP200,1495805.58658,0.788974019325,0.0891106500423
IND_FUA_07631,Haridwar,preexisting_detected_screened,RP500,1495805.58658,0.788974019325,0.100359889767
IND_FUA_07631,Haridwar,joint_supported_screened,normalized_exceedance_trapezoid,481288.681582,0.253859371145,0.0202479719631
IND_FUA_07631,Haridwar,joint_supported_screened,uniform_seven_RP_mean,481288.681582,0.253859371145,0.0262973442258
IND_FUA_07631,Haridwar,joint_supported_screened,RP10,481288.681582,0.253859371145,0.0139735777234
IND_FUA_07631,Haridwar,joint_supported_screened,RP20,481288.681582,0.253859371145,0.0184263769939
IND_FUA_07631,Haridwar,joint_supported_screened,RP50,481288.681582,0.253859371145,0.0247902681093
IND_FUA_07631,Haridwar,joint_supported_screened,RP75,481288.681582,0.253859371145,0.0271316828038
IND_FUA_07631,Haridwar,joint_supported_screened,RP100,481288.681582,0.253859371145,0.0287114718325
IND_FUA_07631,Haridwar,joint_supported_screened,RP200,481288.681582,0.253859371145,0.0326227544166
IND_FUA_07631,Haridwar,joint_supported_screened,RP500,481288.681582,0.253859371145,0.0384252777011
IND_FUA_07643,Meerut,ghsl_only,normalized_exceedance_trapezoid,6166678,1,0.119330179136
IND_FUA_07643,Meerut,ghsl_only,uniform_seven_RP_mean,6166678,1,0.137765214297
IND_FUA_07643,Meerut,ghsl_only,RP10,6166678,1,0.0995140798244
IND_FUA_07643,Meerut,ghsl_only,RP20,6166678,1,0.114965349443
IND_FUA_07643,Meerut,ghsl_only,RP50,6166678,1,0.131644252081
IND_FUA_07643,Meerut,ghsl_only,RP75,6166678,1,0.138815693017
IND_FUA_07643,Meerut,ghsl_only,RP100,6166678,1,0.144576926531
IND_FUA_07643,Meerut,ghsl_only,RP200,6166678,1,0.158268401122
IND_FUA_07643,Meerut,ghsl_only,RP500,6166678,1,0.176571798063
IND_FUA_07643,Meerut,endpoint_supported,normalized_exceedance_trapezoid,1881995.42265,0.305187886031,0.125715128901
IND_FUA_07643,Meerut,endpoint_supported,uniform_seven_RP_mean,1881995.42265,0.305187886031,0.144725205147
IND_FUA_07643,Meerut,endpoint_supported,RP10,1881995.42265,0.305187886031,0.105065287933
IND_FUA_07643,Meerut,endpoint_supported,RP20,1881995.42265,0.305187886031,0.12106085448
IND_FUA_07643,Meerut,endpoint_supported,RP50,1881995.42265,0.305187886031,0.138982723832
IND_FUA_07643,Meerut,endpoint_supported,RP75,1881995.42265,0.305187886031,0.146150560306
IND_FUA_07643,Meerut,endpoint_supported,RP100,1881995.42265,0.305187886031,0.151863547485
IND_FUA_07643,Meerut,endpoint_supported,RP200,1881995.42265,0.305187886031,0.165820750196
IND_FUA_07643,Meerut,endpoint_supported,RP500,1881995.42265,0.305187886031,0.184132711795
IND_FUA_07643,Meerut,preexisting_detected_screened,normalized_exceedance_trapezoid,4939394.50873,0.800981421234,0.12774750952
IND_FUA_07643,Meerut,preexisting_detected_screened,uniform_seven_RP_mean,4939394.50873,0.800981421234,0.147366819698
IND_FUA_07643,Meerut,preexisting_detected_screened,RP10,4939394.50873,0.800981421234,0.106728667216
IND_FUA_07643,Meerut,preexisting_detected_screened,RP20,4939394.50873,0.800981421234,0.12305053125
IND_FUA_07643,Meerut,preexisting_detected_screened,RP50,4939394.50873,0.800981421234,0.140856474816
IND_FUA_07643,Meerut,preexisting_detected_screened,RP75,4939394.50873,0.800981421234,0.148533742517
IND_FUA_07643,Meerut,preexisting_detected_screened,RP100,4939394.50873,0.800981421234,0.154434717596
IND_FUA_07643,Meerut,preexisting_detected_screened,RP200,4939394.50873,0.800981421234,0.169422875322
IND_FUA_07643,Meerut,preexisting_detected_screened,RP500,4939394.50873,0.800981421234,0.188540729167
IND_FUA_07643,Meerut,joint_supported_screened,normalized_exceedance_trapezoid,1385253.87071,0.224635349974,0.137480413253
IND_FUA_07643,Meerut,joint_supported_screened,uniform_seven_RP_mean,1385253.87071,0.224635349974,0.158271295299
IND_FUA_07643,Meerut,joint_supported_screened,RP10,1385253.87071,0.224635349974,0.115100374151
IND_FUA_07643,Meerut,joint_supported_screened,RP20,1385253.87071,0.224635349974,0.132281877502
IND_FUA_07643,Meerut,joint_supported_screened,RP50,1385253.87071,0.224635349974,0.151950163014
IND_FUA_07643,Meerut,joint_supported_screened,RP75,1385253.87071,0.224635349974,0.159793073861
IND_FUA_07643,Meerut,joint_supported_screened,RP100,1385253.87071,0.224635349974,0.165808972677
IND_FUA_07643,Meerut,joint_supported_screened,RP200,1385253.87071,0.224635349974,0.181704023512
IND_FUA_07643,Meerut,joint_supported_screened,RP500,1385253.87071,0.224635349974,0.201260582373
IND_FUA_07839,Indore,ghsl_only,normalized_exceedance_trapezoid,5101697,1,0.00155752095822
IND_FUA_07839,Indore,ghsl_only,uniform_seven_RP_mean,5101697,1,0.00155752095822
IND_FUA_07839,Indore,ghsl_only,RP10,5101697,1,0.00155752095822
IND_FUA_07839,Indore,ghsl_only,RP20,5101697,1,0.00155752095822
IND_FUA_07839,Indore,ghsl_only,RP50,5101697,1,0.00155752095822
IND_FUA_07839,Indore,ghsl_only,RP75,5101697,1,0.00155752095822
IND_FUA_07839,Indore,ghsl_only,RP100,5101697,1,0.00155752095822
IND_FUA_07839,Indore,ghsl_only,RP200,5101697,1,0.00155752095822
IND_FUA_07839,Indore,ghsl_only,RP500,5101697,1,0.00155752095822
IND_FUA_07839,Indore,endpoint_supported,normalized_exceedance_trapezoid,1526393.66989,0.299193321338,0.000423054243744
IND_FUA_07839,Indore,endpoint_supported,uniform_seven_RP_mean,1526393.66989,0.299193321338,0.000423054243744
IND_FUA_07839,Indore,endpoint_supported,RP10,1526393.66989,0.299193321338,0.000423054243744
IND_FUA_07839,Indore,endpoint_supported,RP20,1526393.66989,0.299193321338,0.000423054243744
IND_FUA_07839,Indore,endpoint_supported,RP50,1526393.66989,0.299193321338,0.000423054243744
IND_FUA_07839,Indore,endpoint_supported,RP75,1526393.66989,0.299193321338,0.000423054243744
IND_FUA_07839,Indore,endpoint_supported,RP100,1526393.66989,0.299193321338,0.000423054243744
IND_FUA_07839,Indore,endpoint_supported,RP200,1526393.66989,0.299193321338,0.000423054243744
IND_FUA_07839,Indore,endpoint_supported,RP500,1526393.66989,0.299193321338,0.000423054243744
IND_FUA_07839,Indore,preexisting_detected_screened,normalized_exceedance_trapezoid,3960701.39475,0.776349790032,0.00138657849555
IND_FUA_07839,Indore,preexisting_detected_screened,uniform_seven_RP_mean,3960701.39475,0.776349790032,0.00138657849555
IND_FUA_07839,Indore,preexisting_detected_screened,RP10,3960701.39475,0.776349790032,0.00138657849555
IND_FUA_07839,Indore,preexisting_detected_screened,RP20,3960701.39475,0.776349790032,0.00138657849555
IND_FUA_07839,Indore,preexisting_detected_screened,RP50,3960701.39475,0.776349790032,0.00138657849555
IND_FUA_07839,Indore,preexisting_detected_screened,RP75,3960701.39475,0.776349790032,0.00138657849555
IND_FUA_07839,Indore,preexisting_detected_screened,RP100,3960701.39475,0.776349790032,0.00138657849555
IND_FUA_07839,Indore,preexisting_detected_screened,RP200,3960701.39475,0.776349790032,0.00138657849555
IND_FUA_07839,Indore,preexisting_detected_screened,RP500,3960701.39475,0.776349790032,0.00138657849555
IND_FUA_07839,Indore,joint_supported_screened,normalized_exceedance_trapezoid,1079292.66803,0.211555619243,0.000246677568569
IND_FUA_07839,Indore,joint_supported_screened,uniform_seven_RP_mean,1079292.66803,0.211555619243,0.000246677568569
IND_FUA_07839,Indore,joint_supported_screened,RP10,1079292.66803,0.211555619243,0.000246677568569
IND_FUA_07839,Indore,joint_supported_screened,RP20,1079292.66803,0.211555619243,0.000246677568569
IND_FUA_07839,Indore,joint_supported_screened,RP50,1079292.66803,0.211555619243,0.000246677568569
IND_FUA_07839,Indore,joint_supported_screened,RP75,1079292.66803,0.211555619243,0.000246677568569
IND_FUA_07839,Indore,joint_supported_screened,RP100,1079292.66803,0.211555619243,0.000246677568569
IND_FUA_07839,Indore,joint_supported_screened,RP200,1079292.66803,0.211555619243,0.000246677568569
IND_FUA_07839,Indore,joint_supported_screened,RP500,1079292.66803,0.211555619243,0.000246677568569
IND_FUA_07881,Kolhapur,ghsl_only,normalized_exceedance_trapezoid,507716,1,0.0625100984309
IND_FUA_07881,Kolhapur,ghsl_only,uniform_seven_RP_mean,507716,1,0.0779271560284
IND_FUA_07881,Kolhapur,ghsl_only,RP10,507716,1,0.047224958938
IND_FUA_07881,Kolhapur,ghsl_only,RP20,507716,1,0.0585723126595
IND_FUA_07881,Kolhapur,ghsl_only,RP50,507716,1,0.071973157917
IND_FUA_07881,Kolhapur,ghsl_only,RP75,507716,1,0.077797187994
IND_FUA_07881,Kolhapur,ghsl_only,RP100,507716,1,0.0823298402031
IND_FUA_07881,Kolhapur,ghsl_only,RP200,507716,1,0.095819751481
IND_FUA_07881,Kolhapur,ghsl_only,RP500,507716,1,0.111772883006
IND_FUA_07881,Kolhapur,endpoint_supported,normalized_exceedance_trapezoid,69706.4725033,0.137294220594,0.0234256881065
IND_FUA_07881,Kolhapur,endpoint_supported,uniform_seven_RP_mean,69706.4725033,0.137294220594,0.0322807630989
IND_FUA_07881,Kolhapur,endpoint_supported,RP10,69706.4725033,0.137294220594,0.0154156591946
IND_FUA_07881,Kolhapur,endpoint_supported,RP20,69706.4725033,0.137294220594,0.0213446225233
IND_FUA_07881,Kolhapur,endpoint_supported,RP50,69706.4725033,0.137294220594,0.0277535918869
IND_FUA_07881,Kolhapur,endpoint_supported,RP75,69706.4725033,0.137294220594,0.030744138617
IND_FUA_07881,Kolhapur,endpoint_supported,RP100,69706.4725033,0.137294220594,0.0335979341407
IND_FUA_07881,Kolhapur,endpoint_supported,RP200,69706.4725033,0.137294220594,0.0433396096201
IND_FUA_07881,Kolhapur,endpoint_supported,RP500,69706.4725033,0.137294220594,0.0537697857099
IND_FUA_07881,Kolhapur,preexisting_detected_screened,normalized_exceedance_trapezoid,368107.296894,0.72502599267,0.0743275381401
IND_FUA_07881,Kolhapur,preexisting_detected_screened,uniform_seven_RP_mean,368107.296894,0.72502599267,0.0900021869068
IND_FUA_07881,Kolhapur,preexisting_detected_screened,RP10,368107.296894,0.72502599267,0.0580019412686
IND_FUA_07881,Kolhapur,preexisting_detected_screened,RP20,368107.296894,0.72502599267,0.0705382344876
IND_FUA_07881,Kolhapur,preexisting_detected_screened,RP50,368107.296894,0.72502599267,0.0843618360939
IND_FUA_07881,Kolhapur,preexisting_detected_screened,RP75,368107.296894,0.72502599267,0.0905339366049
IND_FUA_07881,Kolhapur,preexisting_detected_screened,RP100,368107.296894,0.72502599267,0.0950765739526
IND_FUA_07881,Kolhapur,preexisting_detected_screened,RP200,368107.296894,0.72502599267,0.107924364555
IND_FUA_07881,Kolhapur,preexisting_detected_screened,RP500,368107.296894,0.72502599267,0.123578421385
IND_FUA_07881,Kolhapur,joint_supported_screened,normalized_exceedance_trapezoid,42940.5763156,0.084575976167,0.0257055490589
IND_FUA_07881,Kolhapur,joint_supported_screened,uniform_seven_RP_mean,42940.5763156,0.084575976167,0.0342480369536
IND_FUA_07881,Kolhapur,joint_supported_screened,RP10,42940.5763156,0.084575976167,0.0173477049244
IND_FUA_07881,Kolhapur,joint_supported_screened,RP20,42940.5763156,0.084575976167,0.0237229717684
IND_FUA_07881,Kolhapur,joint_supported_screened,RP50,42940.5763156,0.084575976167,0.0304420231349
IND_FUA_07881,Kolhapur,joint_supported_screened,RP75,42940.5763156,0.084575976167,0.0336626093971
IND_FUA_07881,Kolhapur,joint_supported_screened,RP100,42940.5763156,0.084575976167,0.0362494797841
IND_FUA_07881,Kolhapur,joint_supported_screened,RP200,42940.5763156,0.084575976167,0.0446435223475
IND_FUA_07881,Kolhapur,joint_supported_screened,RP500,42940.5763156,0.084575976167,0.0536679473189
IND_FUA_07895,Aligarh,ghsl_only,normalized_exceedance_trapezoid,3411737,1,0.251055282553
IND_FUA_07895,Aligarh,ghsl_only,uniform_seven_RP_mean,3411737,1,0.329309194512
IND_FUA_07895,Aligarh,ghsl_only,RP10,3411737,1,0.200273137404
IND_FUA_07895,Aligarh,ghsl_only,RP20,3411737,1,0.226395222242
IND_FUA_07895,Aligarh,ghsl_only,RP50,3411737,1,0.257569305489
IND_FUA_07895,Aligarh,ghsl_only,RP75,3411737,1,0.377494951021
IND_FUA_07895,Aligarh,ghsl_only,RP100,3411737,1,0.388451800067
IND_FUA_07895,Aligarh,ghsl_only,RP200,3411737,1,0.412073036539
IND_FUA_07895,Aligarh,ghsl_only,RP500,3411737,1,0.442906908824
IND_FUA_07895,Aligarh,endpoint_supported,normalized_exceedance_trapezoid,1038483.04028,0.304385431902,0.20553918497
IND_FUA_07895,Aligarh,endpoint_supported,uniform_seven_RP_mean,1038483.04028,0.304385431902,0.271057354333
IND_FUA_07895,Aligarh,endpoint_supported,RP10,1038483.04028,0.304385431902,0.161943830607
IND_FUA_07895,Aligarh,endpoint_supported,RP20,1038483.04028,0.304385431902,0.185098387316
IND_FUA_07895,Aligarh,endpoint_supported,RP50,1038483.04028,0.304385431902,0.212125252951
IND_FUA_07895,Aligarh,endpoint_supported,RP75,1038483.04028,0.304385431902,0.311098583989
IND_FUA_07895,Aligarh,endpoint_supported,RP100,1038483.04028,0.304385431902,0.320332127813
IND_FUA_07895,Aligarh,endpoint_supported,RP200,1038483.04028,0.304385431902,0.340372333125
IND_FUA_07895,Aligarh,endpoint_supported,RP500,1038483.04028,0.304385431902,0.366430964528
IND_FUA_07895,Aligarh,preexisting_detected_screened,normalized_exceedance_trapezoid,2857324.62571,0.837498501704,0.259015862782
IND_FUA_07895,Aligarh,preexisting_detected_screened,uniform_seven_RP_mean,2857324.62571,0.837498501704,0.337742035425
IND_FUA_07895,Aligarh,preexisting_detected_screened,RP10,2857324.62571,0.837498501704,0.206942472711
IND_FUA_07895,Aligarh,preexisting_detected_screened,RP20,2857324.62571,0.837498501704,0.23424993659
IND_FUA_07895,Aligarh,preexisting_detected_screened,RP50,2857324.62571,0.837498501704,0.26730467827
IND_FUA_07895,Aligarh,preexisting_detected_screened,RP75,2857324.62571,0.837498501704,0.384749289566
IND_FUA_07895,Aligarh,preexisting_detected_screened,RP100,2857324.62571,0.837498501704,0.396287429156
IND_FUA_07895,Aligarh,preexisting_detected_screened,RP200,2857324.62571,0.837498501704,0.420989908474
IND_FUA_07895,Aligarh,preexisting_detected_screened,RP500,2857324.62571,0.837498501704,0.45367053321
IND_FUA_07895,Aligarh,joint_supported_screened,normalized_exceedance_trapezoid,794083.458804,0.232750490089,0.211511808894
IND_FUA_07895,Aligarh,joint_supported_screened,uniform_seven_RP_mean,794083.458804,0.232750490089,0.27583281157
IND_FUA_07895,Aligarh,joint_supported_screened,RP10,794083.458804,0.232750490089,0.167039106667
IND_FUA_07895,Aligarh,joint_supported_screened,RP20,794083.458804,0.232750490089,0.191585945575
IND_FUA_07895,Aligarh,joint_supported_screened,RP50,794083.458804,0.232750490089,0.220672191523
IND_FUA_07895,Aligarh,joint_supported_screened,RP75,794083.458804,0.232750490089,0.312975698263
IND_FUA_07895,Aligarh,joint_supported_screened,RP100,794083.458804,0.232750490089,0.322787112372
IND_FUA_07895,Aligarh,joint_supported_screened,RP200,794083.458804,0.232750490089,0.34384228183
IND_FUA_07895,Aligarh,joint_supported_screened,RP500,794083.458804,0.232750490089,0.371927344763
IND_FUA_07933,Moradabad,ghsl_only,normalized_exceedance_trapezoid,2369126,1,0.246006518754
IND_FUA_07933,Moradabad,ghsl_only,uniform_seven_RP_mean,2369126,1,0.276424940204
IND_FUA_07933,Moradabad,ghsl_only,RP10,2369126,1,0.211511309975
IND_FUA_07933,Moradabad,ghsl_only,RP20,2369126,1,0.237825935764
IND_FUA_07933,Moradabad,ghsl_only,RP50,2369126,1,0.26996772284
IND_FUA_07933,Moradabad,ghsl_only,RP75,2369126,1,0.28193388792
IND_FUA_07933,Moradabad,ghsl_only,RP100,2369126,1,0.290556727409
IND_FUA_07933,Moradabad,ghsl_only,RP200,2369126,1,0.309327775666
IND_FUA_07933,Moradabad,ghsl_only,RP500,2369126,1,0.333851221855
IND_FUA_07933,Moradabad,endpoint_supported,normalized_exceedance_trapezoid,795796.897272,0.335903154696,0.227937465807
IND_FUA_07933,Moradabad,endpoint_supported,uniform_seven_RP_mean,795796.897272,0.335903154696,0.25699924922
IND_FUA_07933,Moradabad,endpoint_supported,RP10,795796.897272,0.335903154696,0.195123708163
IND_FUA_07933,Moradabad,endpoint_supported,RP20,795796.897272,0.335903154696,0.220139478585
IND_FUA_07933,Moradabad,endpoint_supported,RP50,795796.897272,0.335903154696,0.250721669015
IND_FUA_07933,Moradabad,endpoint_supported,RP75,795796.897272,0.335903154696,0.261685117895
IND_FUA_07933,Moradabad,endpoint_supported,RP100,795796.897272,0.335903154696,0.270250882702
IND_FUA_07933,Moradabad,endpoint_supported,RP200,795796.897272,0.335903154696,0.288621641332
IND_FUA_07933,Moradabad,endpoint_supported,RP500,795796.897272,0.335903154696,0.312452246847
IND_FUA_07933,Moradabad,preexisting_detected_screened,normalized_exceedance_trapezoid,1908027.24802,0.805371790279,0.242190876814
IND_FUA_07933,Moradabad,preexisting_detected_screened,uniform_seven_RP_mean,1908027.24802,0.805371790279,0.272877616024
IND_FUA_07933,Moradabad,preexisting_detected_screened,RP10,1908027.24802,0.805371790279,0.207609871063
IND_FUA_07933,Moradabad,preexisting_detected_screened,RP20,1908027.24802,0.805371790279,0.23398940262
IND_FUA_07933,Moradabad,preexisting_detected_screened,RP50,1908027.24802,0.805371790279,0.265976766541
IND_FUA_07933,Moradabad,preexisting_detected_screened,RP75,1908027.24802,0.805371790279,0.278208214134
IND_FUA_07933,Moradabad,preexisting_detected_screened,RP100,1908027.24802,0.805371790279,0.287102726179
IND_FUA_07933,Moradabad,preexisting_detected_screened,RP200,1908027.24802,0.805371790279,0.306182159708
IND_FUA_07933,Moradabad,preexisting_detected_screened,RP500,1908027.24802,0.805371790279,0.331074171924
IND_FUA_07933,Moradabad,joint_supported_screened,normalized_exceedance_trapezoid,592006.757326,0.249884032055,0.229399093532
IND_FUA_07933,Moradabad,joint_supported_screened,uniform_seven_RP_mean,592006.757326,0.249884032055,0.259110144123
IND_FUA_07933,Moradabad,joint_supported_screened,RP10,592006.757326,0.249884032055,0.196032792691
IND_FUA_07933,Moradabad,joint_supported_screened,RP20,592006.757326,0.249884032055,0.221575298488
IND_FUA_07933,Moradabad,joint_supported_screened,RP50,592006.757326,0.249884032055,0.252170800167
IND_FUA_07933,Moradabad,joint_supported_screened,RP75,592006.757326,0.249884032055,0.263460720944
IND_FUA_07933,Moradabad,joint_supported_screened,RP100,592006.757326,0.249884032055,0.272567739239
IND_FUA_07933,Moradabad,joint_supported_screened,RP200,592006.757326,0.249884032055,0.291680027512
IND_FUA_07933,Moradabad,joint_supported_screened,RP500,592006.757326,0.249884032055,0.316283629818
IND_FUA_07957,Agra,ghsl_only,normalized_exceedance_trapezoid,3999577,1,0.0987447109449
IND_FUA_07957,Agra,ghsl_only,uniform_seven_RP_mean,3999577,1,0.133513065469
IND_FUA_07957,Agra,ghsl_only,RP10,3999577,1,0.0644570936547
IND_FUA_07957,Agra,ghsl_only,RP20,3999577,1,0.0888523561779
IND_FUA_07957,Agra,ghsl_only,RP50,3999577,1,0.121431477214
IND_FUA_07957,Agra,ghsl_only,RP75,3999577,1,0.134894220425
IND_FUA_07957,Agra,ghsl_only,RP100,3999577,1,0.147028894289
IND_FUA_07957,Agra,ghsl_only,RP200,3999577,1,0.172493486165
IND_FUA_07957,Agra,ghsl_only,RP500,3999577,1,0.205433930355
IND_FUA_07957,Agra,endpoint_supported,normalized_exceedance_trapezoid,989931.230905,0.247508981801,0.0896744531318
IND_FUA_07957,Agra,endpoint_supported,uniform_seven_RP_mean,989931.230905,0.247508981801,0.122465527826
IND_FUA_07957,Agra,endpoint_supported,RP10,989931.230905,0.247508981801,0.0575350811641
IND_FUA_07957,Agra,endpoint_supported,RP20,989931.230905,0.247508981801,0.0807028893583
IND_FUA_07957,Agra,endpoint_supported,RP50,989931.230905,0.247508981801,0.110309210081
IND_FUA_07957,Agra,endpoint_supported,RP75,989931.230905,0.247508981801,0.122328126073
IND_FUA_07957,Agra,endpoint_supported,RP100,989931.230905,0.247508981801,0.134829264743
IND_FUA_07957,Agra,endpoint_supported,RP200,989931.230905,0.247508981801,0.15940314673
IND_FUA_07957,Agra,endpoint_supported,RP500,989931.230905,0.247508981801,0.192150976635
IND_FUA_07957,Agra,preexisting_detected_screened,normalized_exceedance_trapezoid,3193746.73807,0.798521128127,0.0988567049751
IND_FUA_07957,Agra,preexisting_detected_screened,uniform_seven_RP_mean,3193746.73807,0.798521128127,0.134189605927
IND_FUA_07957,Agra,preexisting_detected_screened,RP10,3193746.73807,0.798521128127,0.0642094612013
IND_FUA_07957,Agra,preexisting_detected_screened,RP20,3193746.73807,0.798521128127,0.0887384986315
IND_FUA_07957,Agra,preexisting_detected_screened,RP50,3193746.73807,0.798521128127,0.121847668462
IND_FUA_07957,Agra,preexisting_detected_screened,RP75,3193746.73807,0.798521128127,0.135413137582
IND_FUA_07957,Agra,preexisting_detected_screened,RP100,3193746.73807,0.798521128127,0.14780358592
IND_FUA_07957,Agra,preexisting_detected_screened,RP200,3193746.73807,0.798521128127,0.173768157341
IND_FUA_07957,Agra,preexisting_detected_screened,RP500,3193746.73807,0.798521128127,0.207546732354
IND_FUA_07957,Agra,joint_supported_screened,normalized_exceedance_trapezoid,704131.416926,0.176051471675,0.0892967311913
IND_FUA_07957,Agra,joint_supported_screened,uniform_seven_RP_mean,704131.416926,0.176051471675,0.122846657405
IND_FUA_07957,Agra,joint_supported_screened,RP10,704131.416926,0.176051471675,0.0564878138012
IND_FUA_07957,Agra,joint_supported_screened,RP20,704131.416926,0.176051471675,0.0802094725663
IND_FUA_07957,Agra,joint_supported_screened,RP50,704131.416926,0.176051471675,0.1102057417
IND_FUA_07957,Agra,joint_supported_screened,RP75,704131.416926,0.176051471675,0.122141378708
IND_FUA_07957,Agra,joint_supported_screened,RP100,704131.416926,0.176051471675,0.135414891238
IND_FUA_07957,Agra,joint_supported_screened,RP200,704131.416926,0.176051471675,0.160772099388
IND_FUA_07957,Agra,joint_supported_screened,RP500,704131.416926,0.176051471675,0.194695204432
IND_FUA_07961,Aurangabad,ghsl_only,normalized_exceedance_trapezoid,2253337,1,0
IND_FUA_07961,Aurangabad,ghsl_only,uniform_seven_RP_mean,2253337,1,0
IND_FUA_07961,Aurangabad,ghsl_only,RP10,2253337,1,0
IND_FUA_07961,Aurangabad,ghsl_only,RP20,2253337,1,0
IND_FUA_07961,Aurangabad,ghsl_only,RP50,2253337,1,0
IND_FUA_07961,Aurangabad,ghsl_only,RP75,2253337,1,0
IND_FUA_07961,Aurangabad,ghsl_only,RP100,2253337,1,0
IND_FUA_07961,Aurangabad,ghsl_only,RP200,2253337,1,0
IND_FUA_07961,Aurangabad,ghsl_only,RP500,2253337,1,0
IND_FUA_07961,Aurangabad,endpoint_supported,normalized_exceedance_trapezoid,776049.117829,0.344399935664,0
IND_FUA_07961,Aurangabad,endpoint_supported,uniform_seven_RP_mean,776049.117829,0.344399935664,0
IND_FUA_07961,Aurangabad,endpoint_supported,RP10,776049.117829,0.344399935664,0
IND_FUA_07961,Aurangabad,endpoint_supported,RP20,776049.117829,0.344399935664,0
IND_FUA_07961,Aurangabad,endpoint_supported,RP50,776049.117829,0.344399935664,0
IND_FUA_07961,Aurangabad,endpoint_supported,RP75,776049.117829,0.344399935664,0
IND_FUA_07961,Aurangabad,endpoint_supported,RP100,776049.117829,0.344399935664,0
IND_FUA_07961,Aurangabad,endpoint_supported,RP200,776049.117829,0.344399935664,0
IND_FUA_07961,Aurangabad,endpoint_supported,RP500,776049.117829,0.344399935664,0
IND_FUA_07961,Aurangabad,preexisting_detected_screened,normalized_exceedance_trapezoid,1935695.74762,0.859035176551,0
IND_FUA_07961,Aurangabad,preexisting_detected_screened,uniform_seven_RP_mean,1935695.74762,0.859035176551,0
IND_FUA_07961,Aurangabad,preexisting_detected_screened,RP10,1935695.74762,0.859035176551,0
IND_FUA_07961,Aurangabad,preexisting_detected_screened,RP20,1935695.74762,0.859035176551,0
IND_FUA_07961,Aurangabad,preexisting_detected_screened,RP50,1935695.74762,0.859035176551,0
IND_FUA_07961,Aurangabad,preexisting_detected_screened,RP75,1935695.74762,0.859035176551,0
IND_FUA_07961,Aurangabad,preexisting_detected_screened,RP100,1935695.74762,0.859035176551,0
IND_FUA_07961,Aurangabad,preexisting_detected_screened,RP200,1935695.74762,0.859035176551,0
IND_FUA_07961,Aurangabad,preexisting_detected_screened,RP500,1935695.74762,0.859035176551,0
IND_FUA_07961,Aurangabad,joint_supported_screened,normalized_exceedance_trapezoid,632913.119441,0.280878146252,0
IND_FUA_07961,Aurangabad,joint_supported_screened,uniform_seven_RP_mean,632913.119441,0.280878146252,0
IND_FUA_07961,Aurangabad,joint_supported_screened,RP10,632913.119441,0.280878146252,0
IND_FUA_07961,Aurangabad,joint_supported_screened,RP20,632913.119441,0.280878146252,0
IND_FUA_07961,Aurangabad,joint_supported_screened,RP50,632913.119441,0.280878146252,0
IND_FUA_07961,Aurangabad,joint_supported_screened,RP75,632913.119441,0.280878146252,0
IND_FUA_07961,Aurangabad,joint_supported_screened,RP100,632913.119441,0.280878146252,0
IND_FUA_07961,Aurangabad,joint_supported_screened,RP200,632913.119441,0.280878146252,0
IND_FUA_07961,Aurangabad,joint_supported_screened,RP500,632913.119441,0.280878146252,0
IND_FUA_07996,Sangli,ghsl_only,normalized_exceedance_trapezoid,948177,1,0.257597845414
IND_FUA_07996,Sangli,ghsl_only,uniform_seven_RP_mean,948177,1,0.31147854953
IND_FUA_07996,Sangli,ghsl_only,RP10,948177,1,0.196835247242
IND_FUA_07996,Sangli,ghsl_only,RP20,948177,1,0.244407917021
IND_FUA_07996,Sangli,ghsl_only,RP50,948177,1,0.29751521562
IND_FUA_07996,Sangli,ghsl_only,RP75,948177,1,0.318903013712
IND_FUA_07996,Sangli,ghsl_only,RP100,948177,1,0.333572631784
IND_FUA_07996,Sangli,ghsl_only,RP200,948177,1,0.369948241068
IND_FUA_07996,Sangli,ghsl_only,RP500,948177,1,0.419167580262
IND_FUA_07996,Sangli,endpoint_supported,normalized_exceedance_trapezoid,143578.246395,0.151425573912,0.223776749965
IND_FUA_07996,Sangli,endpoint_supported,uniform_seven_RP_mean,143578.246395,0.151425573912,0.279614103428
IND_FUA_07996,Sangli,endpoint_supported,RP10,143578.246395,0.151425573912,0.161764499113
IND_FUA_07996,Sangli,endpoint_supported,RP20,143578.246395,0.151425573912,0.210076991856
IND_FUA_07996,Sangli,endpoint_supported,RP50,143578.246395,0.151425573912,0.264270400042
IND_FUA_07996,Sangli,endpoint_supported,RP75,143578.246395,0.151425573912,0.286278064354
IND_FUA_07996,Sangli,endpoint_supported,RP100,143578.246395,0.151425573912,0.301675228841
IND_FUA_07996,Sangli,endpoint_supported,RP200,143578.246395,0.151425573912,0.339900503521
IND_FUA_07996,Sangli,endpoint_supported,RP500,143578.246395,0.151425573912,0.393333036266
IND_FUA_07996,Sangli,preexisting_detected_screened,normalized_exceedance_trapezoid,854489.779673,0.9011922665,0.257153942807
IND_FUA_07996,Sangli,preexisting_detected_screened,uniform_seven_RP_mean,854489.779673,0.9011922665,0.309807885141
IND_FUA_07996,Sangli,preexisting_detected_screened,RP10,854489.779673,0.9011922665,0.197423931669
IND_FUA_07996,Sangli,preexisting_detected_screened,RP20,854489.779673,0.9011922665,0.244321822241
IND_FUA_07996,Sangli,preexisting_detected_screened,RP50,854489.779673,0.9011922665,0.29641859765
IND_FUA_07996,Sangli,preexisting_detected_screened,RP75,854489.779673,0.9011922665,0.317351093457
IND_FUA_07996,Sangli,preexisting_detected_screened,RP100,854489.779673,0.9011922665,0.331586071368
IND_FUA_07996,Sangli,preexisting_detected_screened,RP200,854489.779673,0.9011922665,0.367031855755
IND_FUA_07996,Sangli,preexisting_detected_screened,RP500,854489.779673,0.9011922665,0.414521823847
IND_FUA_07996,Sangli,joint_supported_screened,normalized_exceedance_trapezoid,115147.49146,0.12144092449,0.235883043663
IND_FUA_07996,Sangli,joint_supported_screened,uniform_seven_RP_mean,115147.49146,0.12144092449,0.29227766428
IND_FUA_07996,Sangli,joint_supported_screened,RP10,115147.49146,0.12144092449,0.1719858488
IND_FUA_07996,Sangli,joint_supported_screened,RP20,115147.49146,0.12144092449,0.222236754768
IND_FUA_07996,Sangli,joint_supported_screened,RP50,115147.49146,0.12144092449,0.277800024202
IND_FUA_07996,Sangli,joint_supported_screened,RP75,115147.49146,0.12144092449,0.300037829086
IND_FUA_07996,Sangli,joint_supported_screened,RP100,115147.49146,0.12144092449,0.315178309345
IND_FUA_07996,Sangli,joint_supported_screened,RP200,115147.49146,0.12144092449,0.353172799144
IND_FUA_07996,Sangli,joint_supported_screened,RP500,115147.49146,0.12144092449,0.405532084617
IND_FUA_08144,Gwalior,ghsl_only,normalized_exceedance_trapezoid,2023495,1,0.000134420890588
IND_FUA_08144,Gwalior,ghsl_only,uniform_seven_RP_mean,2023495,1,0.000134420890588
IND_FUA_08144,Gwalior,ghsl_only,RP10,2023495,1,0.000134420890588
IND_FUA_08144,Gwalior,ghsl_only,RP20,2023495,1,0.000134420890588
IND_FUA_08144,Gwalior,ghsl_only,RP50,2023495,1,0.000134420890588
IND_FUA_08144,Gwalior,ghsl_only,RP75,2023495,1,0.000134420890588
IND_FUA_08144,Gwalior,ghsl_only,RP100,2023495,1,0.000134420890588
IND_FUA_08144,Gwalior,ghsl_only,RP200,2023495,1,0.000134420890588
IND_FUA_08144,Gwalior,ghsl_only,RP500,2023495,1,0.000134420890588
IND_FUA_08144,Gwalior,endpoint_supported,normalized_exceedance_trapezoid,591650.256133,0.292390273331,0
IND_FUA_08144,Gwalior,endpoint_supported,uniform_seven_RP_mean,591650.256133,0.292390273331,0
IND_FUA_08144,Gwalior,endpoint_supported,RP10,591650.256133,0.292390273331,0
IND_FUA_08144,Gwalior,endpoint_supported,RP20,591650.256133,0.292390273331,0
IND_FUA_08144,Gwalior,endpoint_supported,RP50,591650.256133,0.292390273331,0
IND_FUA_08144,Gwalior,endpoint_supported,RP75,591650.256133,0.292390273331,0
IND_FUA_08144,Gwalior,endpoint_supported,RP100,591650.256133,0.292390273331,0
IND_FUA_08144,Gwalior,endpoint_supported,RP200,591650.256133,0.292390273331,0
IND_FUA_08144,Gwalior,endpoint_supported,RP500,591650.256133,0.292390273331,0
IND_FUA_08144,Gwalior,preexisting_detected_screened,normalized_exceedance_trapezoid,1773321.93797,0.876365861034,0.00011324953085
IND_FUA_08144,Gwalior,preexisting_detected_screened,uniform_seven_RP_mean,1773321.93797,0.876365861034,0.00011324953085
IND_FUA_08144,Gwalior,preexisting_detected_screened,RP10,1773321.93797,0.876365861034,0.00011324953085
IND_FUA_08144,Gwalior,preexisting_detected_screened,RP20,1773321.93797,0.876365861034,0.00011324953085
IND_FUA_08144,Gwalior,preexisting_detected_screened,RP50,1773321.93797,0.876365861034,0.00011324953085
IND_FUA_08144,Gwalior,preexisting_detected_screened,RP75,1773321.93797,0.876365861034,0.00011324953085
IND_FUA_08144,Gwalior,preexisting_detected_screened,RP100,1773321.93797,0.876365861034,0.00011324953085
IND_FUA_08144,Gwalior,preexisting_detected_screened,RP200,1773321.93797,0.876365861034,0.00011324953085
IND_FUA_08144,Gwalior,preexisting_detected_screened,RP500,1773321.93797,0.876365861034,0.00011324953085
IND_FUA_08144,Gwalior,joint_supported_screened,normalized_exceedance_trapezoid,505918.558979,0.250022144349,0
IND_FUA_08144,Gwalior,joint_supported_screened,uniform_seven_RP_mean,505918.558979,0.250022144349,0
IND_FUA_08144,Gwalior,joint_supported_screened,RP10,505918.558979,0.250022144349,0
IND_FUA_08144,Gwalior,joint_supported_screened,RP20,505918.558979,0.250022144349,0
IND_FUA_08144,Gwalior,joint_supported_screened,RP50,505918.558979,0.250022144349,0
IND_FUA_08144,Gwalior,joint_supported_screened,RP75,505918.558979,0.250022144349,0
IND_FUA_08144,Gwalior,joint_supported_screened,RP100,505918.558979,0.250022144349,0
IND_FUA_08144,Gwalior,joint_supported_screened,RP200,505918.558979,0.250022144349,0
IND_FUA_08144,Gwalior,joint_supported_screened,RP500,505918.558979,0.250022144349,0
IND_FUA_08224,Bareilly,ghsl_only,normalized_exceedance_trapezoid,2886159,1,0.0819063629125
IND_FUA_08224,Bareilly,ghsl_only,uniform_seven_RP_mean,2886159,1,0.102296350018
IND_FUA_08224,Bareilly,ghsl_only,RP10,2886159,1,0.0612769633231
IND_FUA_08224,Bareilly,ghsl_only,RP20,2886159,1,0.0765789554283
IND_FUA_08224,Bareilly,ghsl_only,RP50,2886159,1,0.0947363709749
IND_FUA_08224,Bareilly,ghsl_only,RP75,2886159,1,0.103007558051
IND_FUA_08224,Bareilly,ghsl_only,RP100,2886159,1,0.110387385594
IND_FUA_08224,Bareilly,ghsl_only,RP200,2886159,1,0.125916696791
IND_FUA_08224,Bareilly,ghsl_only,RP500,2886159,1,0.144170519964
IND_FUA_08224,Bareilly,endpoint_supported,normalized_exceedance_trapezoid,1131541.84907,0.392058042911,0.0685466666457
IND_FUA_08224,Bareilly,endpoint_supported,uniform_seven_RP_mean,1131541.84907,0.392058042911,0.0873629390272
IND_FUA_08224,Bareilly,endpoint_supported,RP10,1131541.84907,0.392058042911,0.0502931976959
IND_FUA_08224,Bareilly,endpoint_supported,RP20,1131541.84907,0.392058042911,0.0635926196457
IND_FUA_08224,Bareilly,endpoint_supported,RP50,1131541.84907,0.392058042911,0.0795669495351
IND_FUA_08224,Bareilly,endpoint_supported,RP75,1131541.84907,0.392058042911,0.0871868526949
IND_FUA_08224,Bareilly,endpoint_supported,RP100,1131541.84907,0.392058042911,0.0943971227188
IND_FUA_08224,Bareilly,endpoint_supported,RP200,1131541.84907,0.392058042911,0.109519936167
IND_FUA_08224,Bareilly,endpoint_supported,RP500,1131541.84907,0.392058042911,0.126983894733
IND_FUA_08224,Bareilly,preexisting_detected_screened,normalized_exceedance_trapezoid,2352261.14879,0.815014401073,0.0917257520435
IND_FUA_08224,Bareilly,preexisting_detected_screened,uniform_seven_RP_mean,2352261.14879,0.815014401073,0.113442020363
IND_FUA_08224,Bareilly,preexisting_detected_screened,RP10,2352261.14879,0.815014401073,0.0691623852161
IND_FUA_08224,Bareilly,preexisting_detected_screened,RP20,2352261.14879,0.815014401073,0.0860439554126
IND_FUA_08224,Bareilly,preexisting_detected_screened,RP50,2352261.14879,0.815014401073,0.106054772211
IND_FUA_08224,Bareilly,preexisting_detected_screened,RP75,2352261.14879,0.815014401073,0.1151410202
IND_FUA_08224,Bareilly,preexisting_detected_screened,RP100,2352261.14879,0.815014401073,0.122418356708
IND_FUA_08224,Bareilly,preexisting_detected_screened,RP200,2352261.14879,0.815014401073,0.138110518537
IND_FUA_08224,Bareilly,preexisting_detected_screened,RP500,2352261.14879,0.815014401073,0.157163134258
IND_FUA_08224,Bareilly,joint_supported_screened,normalized_exceedance_trapezoid,868752.815291,0.301006567999,0.0787950410812
IND_FUA_08224,Bareilly,joint_supported_screened,uniform_seven_RP_mean,868752.815291,0.301006567999,0.0994452251895
IND_FUA_08224,Bareilly,joint_supported_screened,RP10,868752.815291,0.301006567999,0.0581177795833
IND_FUA_08224,Bareilly,joint_supported_screened,RP20,868752.815291,0.301006567999,0.0733352753562
IND_FUA_08224,Bareilly,joint_supported_screened,RP50,868752.815291,0.301006567999,0.091622107831
IND_FUA_08224,Bareilly,joint_supported_screened,RP75,868752.815291,0.301006567999,0.100437671825
IND_FUA_08224,Bareilly,joint_supported_screened,RP100,868752.815291,0.301006567999,0.107617988291
IND_FUA_08224,Bareilly,joint_supported_screened,RP200,868752.815291,0.301006567999,0.123097841893
IND_FUA_08224,Bareilly,joint_supported_screened,RP500,868752.815291,0.301006567999,0.141887911547
IND_FUA_08258,Bhopal,ghsl_only,normalized_exceedance_trapezoid,3205488,1,0.00431572353414
IND_FUA_08258,Bhopal,ghsl_only,uniform_seven_RP_mean,3205488,1,0.00431572353414
IND_FUA_08258,Bhopal,ghsl_only,RP10,3205488,1,0.00431572353414
IND_FUA_08258,Bhopal,ghsl_only,RP20,3205488,1,0.00431572353414
IND_FUA_08258,Bhopal,ghsl_only,RP50,3205488,1,0.00431572353414
IND_FUA_08258,Bhopal,ghsl_only,RP75,3205488,1,0.00431572353414
IND_FUA_08258,Bhopal,ghsl_only,RP100,3205488,1,0.00431572353414
IND_FUA_08258,Bhopal,ghsl_only,RP200,3205488,1,0.00431572353414
IND_FUA_08258,Bhopal,ghsl_only,RP500,3205488,1,0.00431572353414
IND_FUA_08258,Bhopal,endpoint_supported,normalized_exceedance_trapezoid,1054025.65967,0.328819093901,0.00204601788448
IND_FUA_08258,Bhopal,endpoint_supported,uniform_seven_RP_mean,1054025.65967,0.328819093901,0.00204601788448
IND_FUA_08258,Bhopal,endpoint_supported,RP10,1054025.65967,0.328819093901,0.00204601788448
IND_FUA_08258,Bhopal,endpoint_supported,RP20,1054025.65967,0.328819093901,0.00204601788448
IND_FUA_08258,Bhopal,endpoint_supported,RP50,1054025.65967,0.328819093901,0.00204601788448
IND_FUA_08258,Bhopal,endpoint_supported,RP75,1054025.65967,0.328819093901,0.00204601788448
IND_FUA_08258,Bhopal,endpoint_supported,RP100,1054025.65967,0.328819093901,0.00204601788448
IND_FUA_08258,Bhopal,endpoint_supported,RP200,1054025.65967,0.328819093901,0.00204601788448
IND_FUA_08258,Bhopal,endpoint_supported,RP500,1054025.65967,0.328819093901,0.00204601788448
IND_FUA_08258,Bhopal,preexisting_detected_screened,normalized_exceedance_trapezoid,2714101.37727,0.846704582038,0.0047616880473
IND_FUA_08258,Bhopal,preexisting_detected_screened,uniform_seven_RP_mean,2714101.37727,0.846704582038,0.0047616880473
IND_FUA_08258,Bhopal,preexisting_detected_screened,RP10,2714101.37727,0.846704582038,0.0047616880473
IND_FUA_08258,Bhopal,preexisting_detected_screened,RP20,2714101.37727,0.846704582038,0.0047616880473
IND_FUA_08258,Bhopal,preexisting_detected_screened,RP50,2714101.37727,0.846704582038,0.0047616880473
IND_FUA_08258,Bhopal,preexisting_detected_screened,RP75,2714101.37727,0.846704582038,0.0047616880473
IND_FUA_08258,Bhopal,preexisting_detected_screened,RP100,2714101.37727,0.846704582038,0.0047616880473
IND_FUA_08258,Bhopal,preexisting_detected_screened,RP200,2714101.37727,0.846704582038,0.0047616880473
IND_FUA_08258,Bhopal,preexisting_detected_screened,RP500,2714101.37727,0.846704582038,0.0047616880473
IND_FUA_08258,Bhopal,joint_supported_screened,normalized_exceedance_trapezoid,838337.947104,0.261532080951,0.00228473049353
IND_FUA_08258,Bhopal,joint_supported_screened,uniform_seven_RP_mean,838337.947104,0.261532080951,0.00228473049353
IND_FUA_08258,Bhopal,joint_supported_screened,RP10,838337.947104,0.261532080951,0.00228473049353
IND_FUA_08258,Bhopal,joint_supported_screened,RP20,838337.947104,0.261532080951,0.00228473049353
IND_FUA_08258,Bhopal,joint_supported_screened,RP50,838337.947104,0.261532080951,0.00228473049353
IND_FUA_08258,Bhopal,joint_supported_screened,RP75,838337.947104,0.261532080951,0.00228473049353
IND_FUA_08258,Bhopal,joint_supported_screened,RP100,838337.947104,0.261532080951,0.00228473049353
IND_FUA_08258,Bhopal,joint_supported_screened,RP200,838337.947104,0.261532080951,0.00228473049353
IND_FUA_08258,Bhopal,joint_supported_screened,RP500,838337.947104,0.261532080951,0.00228473049353
IND_FUA_08319,Mangaluru,ghsl_only,normalized_exceedance_trapezoid,1265037,1,0.292770093923
IND_FUA_08319,Mangaluru,ghsl_only,uniform_seven_RP_mean,1265037,1,0.381347511919
IND_FUA_08319,Mangaluru,ghsl_only,RP10,1265037,1,0.186855755426
IND_FUA_08319,Mangaluru,ghsl_only,RP20,1265037,1,0.271445574784
IND_FUA_08319,Mangaluru,ghsl_only,RP50,1265037,1,0.362426315001
IND_FUA_08319,Mangaluru,ghsl_only,RP75,1265037,1,0.402290564451
IND_FUA_08319,Mangaluru,ghsl_only,RP100,1265037,1,0.427265461971
IND_FUA_08319,Mangaluru,ghsl_only,RP200,1265037,1,0.478928375062
IND_FUA_08319,Mangaluru,ghsl_only,RP500,1265037,1,0.54022053674
IND_FUA_08319,Mangaluru,endpoint_supported,normalized_exceedance_trapezoid,251473.455248,0.198787430919,0.450175550418
IND_FUA_08319,Mangaluru,endpoint_supported,uniform_seven_RP_mean,251473.455248,0.198787430919,0.592167921611
IND_FUA_08319,Mangaluru,endpoint_supported,RP10,251473.455248,0.198787430919,0.268042350668
IND_FUA_08319,Mangaluru,endpoint_supported,RP20,251473.455248,0.198787430919,0.418051537396
IND_FUA_08319,Mangaluru,endpoint_supported,RP50,251473.455248,0.198787430919,0.572712776354
IND_FUA_08319,Mangaluru,endpoint_supported,RP75,251473.455248,0.198787430919,0.631635509682
IND_FUA_08319,Mangaluru,endpoint_supported,RP100,251473.455248,0.198787430919,0.668532196002
IND_FUA_08319,Mangaluru,endpoint_supported,RP200,251473.455248,0.198787430919,0.74852778336
IND_FUA_08319,Mangaluru,endpoint_supported,RP500,251473.455248,0.198787430919,0.837673297818
IND_FUA_08319,Mangaluru,preexisting_detected_screened,normalized_exceedance_trapezoid,1135666.4861,0.897733810235,0.267258731951
IND_FUA_08319,Mangaluru,preexisting_detected_screened,uniform_seven_RP_mean,1135666.4861,0.897733810235,0.342816918205
IND_FUA_08319,Mangaluru,preexisting_detected_screened,RP10,1135666.4861,0.897733810235,0.176376537126
IND_FUA_08319,Mangaluru,preexisting_detected_screened,RP20,1135666.4861,0.897733810235,0.249123829159
IND_FUA_08319,Mangaluru,preexisting_detected_screened,RP50,1135666.4861,0.897733810235,0.32739437039
IND_FUA_08319,Mangaluru,preexisting_detected_screened,RP75,1135666.4861,0.897733810235,0.360604637003
IND_FUA_08319,Mangaluru,preexisting_detected_screened,RP100,1135666.4861,0.897733810235,0.381855511896
IND_FUA_08319,Mangaluru,preexisting_detected_screened,RP200,1135666.4861,0.897733810235,0.425650352879
IND_FUA_08319,Mangaluru,preexisting_detected_screened,RP500,1135666.4861,0.897733810235,0.478713188984
IND_FUA_08319,Mangaluru,joint_supported_screened,normalized_exceedance_trapezoid,197026.943132,0.155747968741,0.422379291595
IND_FUA_08319,Mangaluru,joint_supported_screened,uniform_seven_RP_mean,197026.943132,0.155747968741,0.542396678855
IND_FUA_08319,Mangaluru,joint_supported_screened,RP10,197026.943132,0.155747968741,0.263710711179
IND_FUA_08319,Mangaluru,joint_supported_screened,RP20,197026.943132,0.155747968741,0.396093777495
IND_FUA_08319,Mangaluru,joint_supported_screened,RP50,197026.943132,0.155747968741,0.52949191582
IND_FUA_08319,Mangaluru,joint_supported_screened,RP75,197026.943132,0.155747968741,0.579274418579
IND_FUA_08319,Mangaluru,joint_supported_screened,RP100,197026.943132,0.155747968741,0.609618578256
IND_FUA_08319,Mangaluru,joint_supported_screened,RP200,197026.943132,0.155747968741,0.673987751488
IND_FUA_08319,Mangaluru,joint_supported_screened,RP500,197026.943132,0.155747968741,0.74459959917
IND_FUA_08341,Solapur,ghsl_only,normalized_exceedance_trapezoid,922676,1,0.00718928025761
IND_FUA_08341,Solapur,ghsl_only,uniform_seven_RP_mean,922676,1,0.0106161822277
IND_FUA_08341,Solapur,ghsl_only,RP10,922676,1,0.00413608027488
IND_FUA_08341,Solapur,ghsl_only,RP20,922676,1,0.00621807985218
IND_FUA_08341,Solapur,ghsl_only,RP50,922676,1,0.00909457371905
IND_FUA_08341,Solapur,ghsl_only,RP75,922676,1,0.0104602548102
IND_FUA_08341,Solapur,ghsl_only,RP100,922676,1,0.0113827387881
IND_FUA_08341,Solapur,ghsl_only,RP200,922676,1,0.0145714952845
IND_FUA_08341,Solapur,ghsl_only,RP500,922676,1,0.0184500528649
IND_FUA_08341,Solapur,endpoint_supported,normalized_exceedance_trapezoid,216470.406646,0.234611506798,0.00203788848798
IND_FUA_08341,Solapur,endpoint_supported,uniform_seven_RP_mean,216470.406646,0.234611506798,0.00284887388059
IND_FUA_08341,Solapur,endpoint_supported,RP10,216470.406646,0.234611506798,0.00153428942519
IND_FUA_08341,Solapur,endpoint_supported,RP20,216470.406646,0.234611506798,0.00184399706989
IND_FUA_08341,Solapur,endpoint_supported,RP50,216470.406646,0.234611506798,0.00225420286725
IND_FUA_08341,Solapur,endpoint_supported,RP75,216470.406646,0.234611506798,0.00241465876
IND_FUA_08341,Solapur,endpoint_supported,RP100,216470.406646,0.234611506798,0.00252323912229
IND_FUA_08341,Solapur,endpoint_supported,RP200,216470.406646,0.234611506798,0.00384980632337
IND_FUA_08341,Solapur,endpoint_supported,RP500,216470.406646,0.234611506798,0.00552192359612
IND_FUA_08341,Solapur,preexisting_detected_screened,normalized_exceedance_trapezoid,765322.591069,0.82945973567,0.00812776054326
IND_FUA_08341,Solapur,preexisting_detected_screened,uniform_seven_RP_mean,765322.591069,0.82945973567,0.0120453273482
IND_FUA_08341,Solapur,preexisting_detected_screened,RP10,765322.591069,0.82945973567,0.00453691152996
IND_FUA_08341,Solapur,preexisting_detected_screened,RP20,765322.591069,0.82945973567,0.00704679259899
IND_FUA_08341,Solapur,preexisting_detected_screened,RP50,765322.591069,0.82945973567,0.0103770027438
IND_FUA_08341,Solapur,preexisting_detected_screened,RP75,765322.591069,0.82945973567,0.011890605129
IND_FUA_08341,Solapur,preexisting_detected_screened,RP100,765322.591069,0.82945973567,0.0129124051311
IND_FUA_08341,Solapur,preexisting_detected_screened,RP200,765322.591069,0.82945973567,0.0165583662321
IND_FUA_08341,Solapur,preexisting_detected_screened,RP500,765322.591069,0.82945973567,0.0209952080723
IND_FUA_08341,Solapur,joint_supported_screened,normalized_exceedance_trapezoid,156036.364697,0.169112846434,0.00184954743925
IND_FUA_08341,Solapur,joint_supported_screened,uniform_seven_RP_mean,156036.364697,0.169112846434,0.00297175068099
IND_FUA_08341,Solapur,joint_supported_screened,RP10,156036.364697,0.169112846434,0.00115211292387
IND_FUA_08341,Solapur,joint_supported_screened,RP20,156036.364697,0.169112846434,0.00158177263762
IND_FUA_08341,Solapur,joint_supported_screened,RP50,156036.364697,0.169112846434,0.00214899943118
IND_FUA_08341,Solapur,joint_supported_screened,RP75,156036.364697,0.169112846434,0.00236981001116
IND_FUA_08341,Solapur,joint_supported_screened,RP100,156036.364697,0.169112846434,0.00251922642548
IND_FUA_08341,Solapur,joint_supported_screened,RP200,156036.364697,0.169112846434,0.0043569082819
IND_FUA_08341,Solapur,joint_supported_screened,RP500,156036.364697,0.169112846434,0.00667342505573
IND_FUA_08419,Farrukhabad,ghsl_only,normalized_exceedance_trapezoid,1403000,1,0.107996034851
IND_FUA_08419,Farrukhabad,ghsl_only,uniform_seven_RP_mean,1403000,1,0.132639040169
IND_FUA_08419,Farrukhabad,ghsl_only,RP10,1403000,1,0.0792856564843
IND_FUA_08419,Farrukhabad,ghsl_only,RP20,1403000,1,0.102007240804
IND_FUA_08419,Farrukhabad,ghsl_only,RP50,1403000,1,0.12653258898
IND_FUA_08419,Farrukhabad,ghsl_only,RP75,1403000,1,0.138392377497
IND_FUA_08419,Farrukhabad,ghsl_only,RP100,1403000,1,0.144986867543
IND_FUA_08419,Farrukhabad,ghsl_only,RP200,1403000,1,0.159775831786
IND_FUA_08419,Farrukhabad,ghsl_only,RP500,1403000,1,0.177492718088
IND_FUA_08419,Farrukhabad,endpoint_supported,normalized_exceedance_trapezoid,557949.052669,0.397682860064,0.0680758448118
IND_FUA_08419,Farrukhabad,endpoint_supported,uniform_seven_RP_mean,557949.052669,0.397682860064,0.087702702196
IND_FUA_08419,Farrukhabad,endpoint_supported,RP10,557949.052669,0.397682860064,0.0455801851416
IND_FUA_08419,Farrukhabad,endpoint_supported,RP20,557949.052669,0.397682860064,0.0631610186279
IND_FUA_08419,Farrukhabad,endpoint_supported,RP50,557949.052669,0.397682860064,0.0826660710025
IND_FUA_08419,Farrukhabad,endpoint_supported,RP75,557949.052669,0.397682860064,0.0922229730341
IND_FUA_08419,Farrukhabad,endpoint_supported,RP100,557949.052669,0.397682860064,0.0975120385695
IND_FUA_08419,Farrukhabad,endpoint_supported,RP200,557949.052669,0.397682860064,0.109345125392
IND_FUA_08419,Farrukhabad,endpoint_supported,RP500,557949.052669,0.397682860064,0.123431503604
IND_FUA_08419,Farrukhabad,preexisting_detected_screened,normalized_exceedance_trapezoid,1274248.71191,0.908231441132,0.115257240597
IND_FUA_08419,Farrukhabad,preexisting_detected_screened,uniform_seven_RP_mean,1274248.71191,0.908231441132,0.141107132207
IND_FUA_08419,Farrukhabad,preexisting_detected_screened,RP10,1274248.71191,0.908231441132,0.0850487522747
IND_FUA_08419,Farrukhabad,preexisting_detected_screened,RP20,1274248.71191,0.908231441132,0.109009906455
IND_FUA_08419,Farrukhabad,preexisting_detected_screened,RP50,1274248.71191,0.908231441132,0.13475602545
IND_FUA_08419,Farrukhabad,preexisting_detected_screened,RP75,1274248.71191,0.908231441132,0.14712049679
IND_FUA_08419,Farrukhabad,preexisting_detected_screened,RP100,1274248.71191,0.908231441132,0.154047711946
IND_FUA_08419,Farrukhabad,preexisting_detected_screened,RP200,1274248.71191,0.908231441132,0.1695795524
IND_FUA_08419,Farrukhabad,preexisting_detected_screened,RP500,1274248.71191,0.908231441132,0.188187480135
IND_FUA_08419,Farrukhabad,joint_supported_screened,normalized_exceedance_trapezoid,495144.492851,0.35291838407,0.0729111532494
IND_FUA_08419,Farrukhabad,joint_supported_screened,uniform_seven_RP_mean,495144.492851,0.35291838407,0.0934318099376
IND_FUA_08419,Farrukhabad,joint_supported_screened,RP10,495144.492851,0.35291838407,0.0492192401501
IND_FUA_08419,Farrukhabad,joint_supported_screened,RP20,495144.492851,0.35291838407,0.0678430389778
IND_FUA_08419,Farrukhabad,joint_supported_screened,RP50,495144.492851,0.35291838407,0.0882498201924
IND_FUA_08419,Farrukhabad,joint_supported_screened,RP75,495144.492851,0.35291838407,0.098131028257
IND_FUA_08419,Farrukhabad,joint_supported_screened,RP100,495144.492851,0.35291838407,0.103674020328
IND_FUA_08419,Farrukhabad,joint_supported_screened,RP200,495144.492851,0.35291838407,0.116075430766
IND_FUA_08419,Farrukhabad,joint_supported_screened,RP500,495144.492851,0.35291838407,0.130830090892
IND_FUA_08433,Shahjahanpur,ghsl_only,normalized_exceedance_trapezoid,2302832,1,0.191348261536
IND_FUA_08433,Shahjahanpur,ghsl_only,uniform_seven_RP_mean,2302832,1,0.221408582976
IND_FUA_08433,Shahjahanpur,ghsl_only,RP10,2302832,1,0.156892954999
IND_FUA_08433,Shahjahanpur,ghsl_only,RP20,2302832,1,0.183335278837
IND_FUA_08433,Shahjahanpur,ghsl_only,RP50,2302832,1,0.215588948179
IND_FUA_08433,Shahjahanpur,ghsl_only,RP75,2302832,1,0.226026934178
IND_FUA_08433,Shahjahanpur,ghsl_only,RP100,2302832,1,0.234560150961
IND_FUA_08433,Shahjahanpur,ghsl_only,RP200,2302832,1,0.254511279341
IND_FUA_08433,Shahjahanpur,ghsl_only,RP500,2302832,1,0.278944534335
IND_FUA_08433,Shahjahanpur,endpoint_supported,normalized_exceedance_trapezoid,1020548.15589,0.443170911249,0.180608488484
IND_FUA_08433,Shahjahanpur,endpoint_supported,uniform_seven_RP_mean,1020548.15589,0.443170911249,0.210204424742
IND_FUA_08433,Shahjahanpur,endpoint_supported,RP10,1020548.15589,0.443170911249,0.146707837392
IND_FUA_08433,Shahjahanpur,endpoint_supported,RP20,1020548.15589,0.443170911249,0.172780118071
IND_FUA_08433,Shahjahanpur,endpoint_supported,RP50,1020548.15589,0.443170911249,0.2043480599
IND_FUA_08433,Shahjahanpur,endpoint_supported,RP75,1020548.15589,0.443170911249,0.214722073396
IND_FUA_08433,Shahjahanpur,endpoint_supported,RP100,1020548.15589,0.443170911249,0.222978066856
IND_FUA_08433,Shahjahanpur,endpoint_supported,RP200,1020548.15589,0.443170911249,0.242728897459
IND_FUA_08433,Shahjahanpur,endpoint_supported,RP500,1020548.15589,0.443170911249,0.267165920121
IND_FUA_08433,Shahjahanpur,preexisting_detected_screened,normalized_exceedance_trapezoid,2049324.24859,0.88991478692,0.178516361127
IND_FUA_08433,Shahjahanpur,preexisting_detected_screened,uniform_seven_RP_mean,2049324.24859,0.88991478692,0.208490472564
IND_FUA_08433,Shahjahanpur,preexisting_detected_screened,RP10,2049324.24859,0.88991478692,0.144514722826
IND_FUA_08433,Shahjahanpur,preexisting_detected_screened,RP20,2049324.24859,0.88991478692,0.17039612103
IND_FUA_08433,Shahjahanpur,preexisting_detected_screened,RP50,2049324.24859,0.88991478692,0.20253303564
IND_FUA_08433,Shahjahanpur,preexisting_detected_screened,RP75,2049324.24859,0.88991478692,0.212985478833
IND_FUA_08433,Shahjahanpur,preexisting_detected_screened,RP100,2049324.24859,0.88991478692,0.221498424217
IND_FUA_08433,Shahjahanpur,preexisting_detected_screened,RP200,2049324.24859,0.88991478692,0.241475616793
IND_FUA_08433,Shahjahanpur,preexisting_detected_screened,RP500,2049324.24859,0.88991478692,0.266029908609
IND_FUA_08433,Shahjahanpur,joint_supported_screened,normalized_exceedance_trapezoid,901742.870627,0.391579963552,0.164818147378
IND_FUA_08433,Shahjahanpur,joint_supported_screened,uniform_seven_RP_mean,901742.870627,0.391579963552,0.194073091379
IND_FUA_08433,Shahjahanpur,joint_supported_screened,RP10,901742.870627,0.391579963552,0.131639532728
IND_FUA_08433,Shahjahanpur,joint_supported_screened,RP20,901742.870627,0.391579963552,0.156945088039
IND_FUA_08433,Shahjahanpur,joint_supported_screened,RP50,901742.870627,0.391579963552,0.188187145357
IND_FUA_08433,Shahjahanpur,joint_supported_screened,RP75,901742.870627,0.391579963552,0.198408772233
IND_FUA_08433,Shahjahanpur,joint_supported_screened,RP100,901742.870627,0.391579963552,0.206548340372
IND_FUA_08433,Shahjahanpur,joint_supported_screened,RP200,901742.870627,0.391579963552,0.226181140371
IND_FUA_08433,Shahjahanpur,joint_supported_screened,RP500,901742.870627,0.391579963552,0.250601620557
IND_FUA_08497,Kannur,ghsl_only,normalized_exceedance_trapezoid,1419387,1,0.105496251483
IND_FUA_08497,Kannur,ghsl_only,uniform_seven_RP_mean,1419387,1,0.148760068152
IND_FUA_08497,Kannur,ghsl_only,RP10,1419387,1,0.0610332763321
IND_FUA_08497,Kannur,ghsl_only,RP20,1419387,1,0.0953617959853
IND_FUA_08497,Kannur,ghsl_only,RP50,1419387,1,0.132238059395
IND_FUA_08497,Kannur,ghsl_only,RP75,1419387,1,0.149592344047
IND_FUA_08497,Kannur,ghsl_only,RP100,1419387,1,0.160867027745
IND_FUA_08497,Kannur,ghsl_only,RP200,1419387,1,0.196952605018
IND_FUA_08497,Kannur,ghsl_only,RP500,1419387,1,0.24527536854
IND_FUA_08497,Kannur,endpoint_supported,normalized_exceedance_trapezoid,177975.943705,0.125389300948,0.0981281551293
IND_FUA_08497,Kannur,endpoint_supported,uniform_seven_RP_mean,177975.943705,0.125389300948,0.144043124522
IND_FUA_08497,Kannur,endpoint_supported,RP10,177975.943705,0.125389300948,0.0546152316176
IND_FUA_08497,Kannur,endpoint_supported,RP20,177975.943705,0.125389300948,0.0866424112785
IND_FUA_08497,Kannur,endpoint_supported,RP50,177975.943705,0.125389300948,0.12347013875
IND_FUA_08497,Kannur,endpoint_supported,RP75,177975.943705,0.125389300948,0.141843419292
IND_FUA_08497,Kannur,endpoint_supported,RP100,177975.943705,0.125389300948,0.154255737073
IND_FUA_08497,Kannur,endpoint_supported,RP200,177975.943705,0.125389300948,0.199480406375
IND_FUA_08497,Kannur,endpoint_supported,RP500,177975.943705,0.125389300948,0.247994527269
IND_FUA_08497,Kannur,preexisting_detected_screened,normalized_exceedance_trapezoid,1239368.13962,0.873171404007,0.109664691218
IND_FUA_08497,Kannur,preexisting_detected_screened,uniform_seven_RP_mean,1239368.13962,0.873171404007,0.154566988311
IND_FUA_08497,Kannur,preexisting_detected_screened,RP10,1239368.13962,0.873171404007,0.0625146943447
IND_FUA_08497,Kannur,preexisting_detected_screened,RP20,1239368.13962,0.873171404007,0.0995869953536
IND_FUA_08497,Kannur,preexisting_detected_screened,RP50,1239368.13962,0.873171404007,0.13769796957
IND_FUA_08497,Kannur,preexisting_detected_screened,RP75,1239368.13962,0.873171404007,0.155560626328
IND_FUA_08497,Kannur,preexisting_detected_screened,RP100,1239368.13962,0.873171404007,0.167325170334
IND_FUA_08497,Kannur,preexisting_detected_screened,RP200,1239368.13962,0.873171404007,0.204965302566
IND_FUA_08497,Kannur,preexisting_detected_screened,RP500,1239368.13962,0.873171404007,0.254318159683
IND_FUA_08497,Kannur,joint_supported_screened,normalized_exceedance_trapezoid,145509.391847,0.102515657708,0.0967835330679
IND_FUA_08497,Kannur,joint_supported_screened,uniform_seven_RP_mean,145509.391847,0.102515657708,0.14458066349
IND_FUA_08497,Kannur,joint_supported_screened,RP10,145509.391847,0.102515657708,0.0503098850862
IND_FUA_08497,Kannur,joint_supported_screened,RP20,145509.391847,0.102515657708,0.0855314734594
IND_FUA_08497,Kannur,joint_supported_screened,RP50,145509.391847,0.102515657708,0.123064434773
IND_FUA_08497,Kannur,joint_supported_screened,RP75,145509.391847,0.102515657708,0.141963386292
IND_FUA_08497,Kannur,joint_supported_screened,RP100,145509.391847,0.102515657708,0.155211491302
IND_FUA_08497,Kannur,joint_supported_screened,RP200,145509.391847,0.102515657708,0.203636572848
IND_FUA_08497,Kannur,joint_supported_screened,RP500,145509.391847,0.102515657708,0.252347400669
IND_FUA_08587,Hardoi,ghsl_only,normalized_exceedance_trapezoid,866785,1,0
IND_FUA_08587,Hardoi,ghsl_only,uniform_seven_RP_mean,866785,1,0
IND_FUA_08587,Hardoi,ghsl_only,RP10,866785,1,0
IND_FUA_08587,Hardoi,ghsl_only,RP20,866785,1,0
IND_FUA_08587,Hardoi,ghsl_only,RP50,866785,1,0
IND_FUA_08587,Hardoi,ghsl_only,RP75,866785,1,0
IND_FUA_08587,Hardoi,ghsl_only,RP100,866785,1,0
IND_FUA_08587,Hardoi,ghsl_only,RP200,866785,1,0
IND_FUA_08587,Hardoi,ghsl_only,RP500,866785,1,0
IND_FUA_08587,Hardoi,endpoint_supported,normalized_exceedance_trapezoid,314518.021073,0.362855865149,0
IND_FUA_08587,Hardoi,endpoint_supported,uniform_seven_RP_mean,314518.021073,0.362855865149,0
IND_FUA_08587,Hardoi,endpoint_supported,RP10,314518.021073,0.362855865149,0
IND_FUA_08587,Hardoi,endpoint_supported,RP20,314518.021073,0.362855865149,0
IND_FUA_08587,Hardoi,endpoint_supported,RP50,314518.021073,0.362855865149,0
IND_FUA_08587,Hardoi,endpoint_supported,RP75,314518.021073,0.362855865149,0
IND_FUA_08587,Hardoi,endpoint_supported,RP100,314518.021073,0.362855865149,0
IND_FUA_08587,Hardoi,endpoint_supported,RP200,314518.021073,0.362855865149,0
IND_FUA_08587,Hardoi,endpoint_supported,RP500,314518.021073,0.362855865149,0
IND_FUA_08587,Hardoi,preexisting_detected_screened,normalized_exceedance_trapezoid,728042.908703,0.839934826633,0
IND_FUA_08587,Hardoi,preexisting_detected_screened,uniform_seven_RP_mean,728042.908703,0.839934826633,0
IND_FUA_08587,Hardoi,preexisting_detected_screened,RP10,728042.908703,0.839934826633,0
IND_FUA_08587,Hardoi,preexisting_detected_screened,RP20,728042.908703,0.839934826633,0
IND_FUA_08587,Hardoi,preexisting_detected_screened,RP50,728042.908703,0.839934826633,0
IND_FUA_08587,Hardoi,preexisting_detected_screened,RP75,728042.908703,0.839934826633,0
IND_FUA_08587,Hardoi,preexisting_detected_screened,RP100,728042.908703,0.839934826633,0
IND_FUA_08587,Hardoi,preexisting_detected_screened,RP200,728042.908703,0.839934826633,0
IND_FUA_08587,Hardoi,preexisting_detected_screened,RP500,728042.908703,0.839934826633,0
IND_FUA_08587,Hardoi,joint_supported_screened,normalized_exceedance_trapezoid,241690.920428,0.278836067107,0
IND_FUA_08587,Hardoi,joint_supported_screened,uniform_seven_RP_mean,241690.920428,0.278836067107,0
IND_FUA_08587,Hardoi,joint_supported_screened,RP10,241690.920428,0.278836067107,0
IND_FUA_08587,Hardoi,joint_supported_screened,RP20,241690.920428,0.278836067107,0
IND_FUA_08587,Hardoi,joint_supported_screened,RP50,241690.920428,0.278836067107,0
IND_FUA_08587,Hardoi,joint_supported_screened,RP75,241690.920428,0.278836067107,0
IND_FUA_08587,Hardoi,joint_supported_screened,RP100,241690.920428,0.278836067107,0
IND_FUA_08587,Hardoi,joint_supported_screened,RP200,241690.920428,0.278836067107,0
IND_FUA_08587,Hardoi,joint_supported_screened,RP500,241690.920428,0.278836067107,0
IND_FUA_08595,Thalassery,ghsl_only,normalized_exceedance_trapezoid,1231563,1,0.0132864598182
IND_FUA_08595,Thalassery,ghsl_only,uniform_seven_RP_mean,1231563,1,0.0209810146965
IND_FUA_08595,Thalassery,ghsl_only,RP10,1231563,1,0.00737836954623
IND_FUA_08595,Thalassery,ghsl_only,RP20,1231563,1,0.00953897775636
IND_FUA_08595,Thalassery,ghsl_only,RP50,1231563,1,0.0194508257656
IND_FUA_08595,Thalassery,ghsl_only,RP75,1231563,1,0.0220942379649
IND_FUA_08595,Thalassery,ghsl_only,RP100,1231563,1,0.0237287975827
IND_FUA_08595,Thalassery,ghsl_only,RP200,1231563,1,0.0292404879047
IND_FUA_08595,Thalassery,ghsl_only,RP500,1231563,1,0.0354354063551
IND_FUA_08595,Thalassery,endpoint_supported,normalized_exceedance_trapezoid,79267.5829963,0.0643634008136,0.00669105665265
IND_FUA_08595,Thalassery,endpoint_supported,uniform_seven_RP_mean,79267.5829963,0.0643634008136,0.01577672534
IND_FUA_08595,Thalassery,endpoint_supported,RP10,79267.5829963,0.0643634008136,7.52357301591e-05
IND_FUA_08595,Thalassery,endpoint_supported,RP20,79267.5829963,0.0643634008136,0.000118660252158
IND_FUA_08595,Thalassery,endpoint_supported,RP50,79267.5829963,0.0643634008136,0.0179239508119
IND_FUA_08595,Thalassery,endpoint_supported,RP75,79267.5829963,0.0643634008136,0.0193609876619
IND_FUA_08595,Thalassery,endpoint_supported,RP100,79267.5829963,0.0643634008136,0.0203049538178
IND_FUA_08595,Thalassery,endpoint_supported,RP200,79267.5829963,0.0643634008136,0.0240406550103
IND_FUA_08595,Thalassery,endpoint_supported,RP500,79267.5829963,0.0643634008136,0.0286126340956
IND_FUA_08595,Thalassery,preexisting_detected_screened,normalized_exceedance_trapezoid,1091622.48725,0.886371616598,0.0147109883049
IND_FUA_08595,Thalassery,preexisting_detected_screened,uniform_seven_RP_mean,1091622.48725,0.886371616598,0.0232137793596
IND_FUA_08595,Thalassery,preexisting_detected_screened,RP10,1091622.48725,0.886371616598,0.00815406091304
IND_FUA_08595,Thalassery,preexisting_detected_screened,RP20,1091622.48725,0.886371616598,0.0105264521433
IND_FUA_08595,Thalassery,preexisting_detected_screened,RP50,1091622.48725,0.886371616598,0.0216284434767
IND_FUA_08595,Thalassery,preexisting_detected_screened,RP75,1091622.48725,0.886371616598,0.0245451638374
IND_FUA_08595,Thalassery,preexisting_detected_screened,RP100,1091622.48725,0.886371616598,0.0263283691355
IND_FUA_08595,Thalassery,preexisting_detected_screened,RP200,1091622.48725,0.886371616598,0.0323389901259
IND_FUA_08595,Thalassery,preexisting_detected_screened,RP500,1091622.48725,0.886371616598,0.0389749758853
IND_FUA_08595,Thalassery,joint_supported_screened,normalized_exceedance_trapezoid,58021.4979407,0.0471120827279,0.00903356007029
IND_FUA_08595,Thalassery,joint_supported_screened,uniform_seven_RP_mean,58021.4979407,0.0471120827279,0.0209431911381
IND_FUA_08595,Thalassery,joint_supported_screened,RP10,58021.4979407,0.0471120827279,0.000101484444144
IND_FUA_08595,Thalassery,joint_supported_screened,RP20,58021.4979407,0.0471120827279,0.000160332587578
IND_FUA_08595,Thalassery,joint_supported_screened,RP50,58021.4979407,0.0471120827279,0.0244534018089
IND_FUA_08595,Thalassery,joint_supported_screened,RP75,58021.4979407,0.0471120827279,0.0263413559136
IND_FUA_08595,Thalassery,joint_supported_screened,RP100,58021.4979407,0.0471120827279,0.0275775622351
IND_FUA_08595,Thalassery,joint_supported_screened,RP200,58021.4979407,0.0471120827279,0.0317842061754
IND_FUA_08595,Thalassery,joint_supported_screened,RP500,58021.4979407,0.0471120827279,0.036183994802
IND_FUA_08673,Kozhikode,ghsl_only,normalized_exceedance_trapezoid,1608959,1,0.20172212835
IND_FUA_08673,Kozhikode,ghsl_only,uniform_seven_RP_mean,1608959,1,0.26122180279
IND_FUA_08673,Kozhikode,ghsl_only,RP10,1608959,1,0.149675711275
IND_FUA_08673,Kozhikode,ghsl_only,RP20,1608959,1,0.178768946643
IND_FUA_08673,Kozhikode,ghsl_only,RP50,1608959,1,0.243970755699
IND_FUA_08673,Kozhikode,ghsl_only,RP75,1608959,1,0.266217529768
IND_FUA_08673,Kozhikode,ghsl_only,RP100,1608959,1,0.285585601942
IND_FUA_08673,Kozhikode,ghsl_only,RP200,1608959,1,0.330316789863
IND_FUA_08673,Kozhikode,ghsl_only,RP500,1608959,1,0.374017284341
IND_FUA_08673,Kozhikode,endpoint_supported,normalized_exceedance_trapezoid,205816.069315,0.127918778114,0.186907671503
IND_FUA_08673,Kozhikode,endpoint_supported,uniform_seven_RP_mean,205816.069315,0.127918778114,0.268889803736
IND_FUA_08673,Kozhikode,endpoint_supported,RP10,205816.069315,0.127918778114,0.108411918392
IND_FUA_08673,Kozhikode,endpoint_supported,RP20,205816.069315,0.127918778114,0.149816221466
IND_FUA_08673,Kozhikode,endpoint_supported,RP50,205816.069315,0.127918778114,0.264834501673
IND_FUA_08673,Kozhikode,endpoint_supported,RP75,205816.069315,0.127918778114,0.28903450133
IND_FUA_08673,Kozhikode,endpoint_supported,RP100,205816.069315,0.127918778114,0.30925150251
IND_FUA_08673,Kozhikode,endpoint_supported,RP200,205816.069315,0.127918778114,0.353466154625
IND_FUA_08673,Kozhikode,endpoint_supported,RP500,205816.069315,0.127918778114,0.407413826161
IND_FUA_08673,Kozhikode,preexisting_detected_screened,normalized_exceedance_trapezoid,1296110.51261,0.805558446554,0.209123739774
IND_FUA_08673,Kozhikode,preexisting_detected_screened,uniform_seven_RP_mean,1296110.51261,0.805558446554,0.265784936665
IND_FUA_08673,Kozhikode,preexisting_detected_screened,RP10,1296110.51261,0.805558446554,0.161750639822
IND_FUA_08673,Kozhikode,preexisting_detected_screened,RP20,1296110.51261,0.805558446554,0.186901189698
IND_FUA_08673,Kozhikode,preexisting_detected_screened,RP50,1296110.51261,0.805558446554,0.247320574248
IND_FUA_08673,Kozhikode,preexisting_detected_screened,RP75,1296110.51261,0.805558446554,0.268971446257
IND_FUA_08673,Kozhikode,preexisting_detected_screened,RP100,1296110.51261,0.805558446554,0.287688532581
IND_FUA_08673,Kozhikode,preexisting_detected_screened,RP200,1296110.51261,0.805558446554,0.333899870015
IND_FUA_08673,Kozhikode,preexisting_detected_screened,RP500,1296110.51261,0.805558446554,0.373962304034
IND_FUA_08673,Kozhikode,joint_supported_screened,normalized_exceedance_trapezoid,137681.471407,0.0855717711931,0.194431846093
IND_FUA_08673,Kozhikode,joint_supported_screened,uniform_seven_RP_mean,137681.471407,0.0855717711931,0.262188086368
IND_FUA_08673,Kozhikode,joint_supported_screened,RP10,137681.471407,0.0855717711931,0.136703818275
IND_FUA_08673,Kozhikode,joint_supported_screened,RP20,137681.471407,0.0855717711931,0.159385944254
IND_FUA_08673,Kozhikode,joint_supported_screened,RP50,137681.471407,0.0855717711931,0.25910027253
IND_FUA_08673,Kozhikode,joint_supported_screened,RP75,137681.471407,0.0855717711931,0.278502000553
IND_FUA_08673,Kozhikode,joint_supported_screened,RP100,137681.471407,0.0855717711931,0.294233778414
IND_FUA_08673,Kozhikode,joint_supported_screened,RP200,137681.471407,0.0855717711931,0.332618304695
IND_FUA_08673,Kozhikode,joint_supported_screened,RP500,137681.471407,0.0855717711931,0.374772485857
IND_FUA_08674,Guruvayur,ghsl_only,normalized_exceedance_trapezoid,2933656,1,0.197696826834
IND_FUA_08674,Guruvayur,ghsl_only,uniform_seven_RP_mean,2933656,1,0.284856401184
IND_FUA_08674,Guruvayur,ghsl_only,RP10,2933656,1,0.103948009986
IND_FUA_08674,Guruvayur,ghsl_only,RP20,2933656,1,0.168779401167
IND_FUA_08674,Guruvayur,ghsl_only,RP50,2933656,1,0.270096423714
IND_FUA_08674,Guruvayur,ghsl_only,RP75,2933656,1,0.306531795288
IND_FUA_08674,Guruvayur,ghsl_only,RP100,2933656,1,0.329698322826
IND_FUA_08674,Guruvayur,ghsl_only,RP200,2933656,1,0.377532677641
IND_FUA_08674,Guruvayur,ghsl_only,RP500,2933656,1,0.437408177668
IND_FUA_08674,Guruvayur,endpoint_supported,normalized_exceedance_trapezoid,351000.354285,0.119646050623,0.221317893786
IND_FUA_08674,Guruvayur,endpoint_supported,uniform_seven_RP_mean,351000.354285,0.119646050623,0.352398114676
IND_FUA_08674,Guruvayur,endpoint_supported,RP10,351000.354285,0.119646050623,0.0623214621615
IND_FUA_08674,Guruvayur,endpoint_supported,RP20,351000.354285,0.119646050623,0.174501261718
IND_FUA_08674,Guruvayur,endpoint_supported,RP50,351000.354285,0.119646050623,0.359374466652
IND_FUA_08674,Guruvayur,endpoint_supported,RP75,351000.354285,0.119646050623,0.40235049595
IND_FUA_08674,Guruvayur,endpoint_supported,RP100,351000.354285,0.119646050623,0.427260988585
IND_FUA_08674,Guruvayur,endpoint_supported,RP200,351000.354285,0.119646050623,0.483624355732
IND_FUA_08674,Guruvayur,endpoint_supported,RP500,351000.354285,0.119646050623,0.557353771937
IND_FUA_08674,Guruvayur,preexisting_detected_screened,normalized_exceedance_trapezoid,2645309.24269,0.901710780913,0.205163795168
IND_FUA_08674,Guruvayur,preexisting_detected_screened,uniform_seven_RP_mean,2645309.24269,0.901710780913,0.294226068365
IND_FUA_08674,Guruvayur,preexisting_detected_screened,RP10,2645309.24269,0.901710780913,0.108690786702
IND_FUA_08674,Guruvayur,preexisting_detected_screened,RP20,2645309.24269,0.901710780913,0.175587125037
IND_FUA_08674,Guruvayur,preexisting_detected_screened,RP50,2645309.24269,0.901710780913,0.279942939713
IND_FUA_08674,Guruvayur,preexisting_detected_screened,RP75,2645309.24269,0.901710780913,0.316958017131
IND_FUA_08674,Guruvayur,preexisting_detected_screened,RP100,2645309.24269,0.901710780913,0.340639560264
IND_FUA_08674,Guruvayur,preexisting_detected_screened,RP200,2645309.24269,0.901710780913,0.388896947211
IND_FUA_08674,Guruvayur,preexisting_detected_screened,RP500,2645309.24269,0.901710780913,0.448867102497
IND_FUA_08674,Guruvayur,joint_supported_screened,normalized_exceedance_trapezoid,282847.121856,0.0964145495778,0.249377904026
IND_FUA_08674,Guruvayur,joint_supported_screened,uniform_seven_RP_mean,282847.121856,0.0964145495778,0.397941267207
IND_FUA_08674,Guruvayur,joint_supported_screened,RP10,282847.121856,0.0964145495778,0.0638031981178
IND_FUA_08674,Guruvayur,joint_supported_screened,RP20,282847.121856,0.0964145495778,0.196244481351
IND_FUA_08674,Guruvayur,joint_supported_screened,RP50,282847.121856,0.0964145495778,0.412342183781
IND_FUA_08674,Guruvayur,joint_supported_screened,RP75,282847.121856,0.0964145495778,0.45859815367
IND_FUA_08674,Guruvayur,joint_supported_screened,RP100,282847.121856,0.0964145495778,0.485730281042
IND_FUA_08674,Guruvayur,joint_supported_screened,RP200,282847.121856,0.0964145495778,0.545758354716
IND_FUA_08674,Guruvayur,joint_supported_screened,RP500,282847.121856,0.0964145495778,0.623112217772
IND_FUA_08675,Malappuram,ghsl_only,normalized_exceedance_trapezoid,1335935,1,0.415633804674
IND_FUA_08675,Malappuram,ghsl_only,uniform_seven_RP_mean,1335935,1,0.466821583588
IND_FUA_08675,Malappuram,ghsl_only,RP10,1335935,1,0.362474668126
IND_FUA_08675,Malappuram,ghsl_only,RP20,1335935,1,0.400573901929
IND_FUA_08675,Malappuram,ghsl_only,RP50,1335935,1,0.45261519597
IND_FUA_08675,Malappuram,ghsl_only,RP75,1335935,1,0.473117793464
IND_FUA_08675,Malappuram,ghsl_only,RP100,1335935,1,0.48805568868
IND_FUA_08675,Malappuram,ghsl_only,RP200,1335935,1,0.525527890415
IND_FUA_08675,Malappuram,ghsl_only,RP500,1335935,1,0.565385946532
IND_FUA_08675,Malappuram,endpoint_supported,normalized_exceedance_trapezoid,118753.302446,0.0888915272421,0.575723208479
IND_FUA_08675,Malappuram,endpoint_supported,uniform_seven_RP_mean,118753.302446,0.0888915272421,0.637653772407
IND_FUA_08675,Malappuram,endpoint_supported,RP10,118753.302446,0.0888915272421,0.507617246466
IND_FUA_08675,Malappuram,endpoint_supported,RP20,118753.302446,0.0888915272421,0.557655720193
IND_FUA_08675,Malappuram,endpoint_supported,RP50,118753.302446,0.0888915272421,0.624303407975
IND_FUA_08675,Malappuram,endpoint_supported,RP75,118753.302446,0.0888915272421,0.649662514611
IND_FUA_08675,Malappuram,endpoint_supported,RP100,118753.302446,0.0888915272421,0.667200662787
IND_FUA_08675,Malappuram,endpoint_supported,RP200,118753.302446,0.0888915272421,0.705852546042
IND_FUA_08675,Malappuram,endpoint_supported,RP500,118753.302446,0.0888915272421,0.751284308778
IND_FUA_08675,Malappuram,preexisting_detected_screened,normalized_exceedance_trapezoid,1293399.39112,0.968160420322,0.400932458029
IND_FUA_08675,Malappuram,preexisting_detected_screened,uniform_seven_RP_mean,1293399.39112,0.968160420322,0.450557122318
IND_FUA_08675,Malappuram,preexisting_detected_screened,RP10,1293399.39112,0.968160420322,0.350143503634
IND_FUA_08675,Malappuram,preexisting_detected_screened,RP20,1293399.39112,0.968160420322,0.386117287506
IND_FUA_08675,Malappuram,preexisting_detected_screened,RP50,1293399.39112,0.968160420322,0.436345316708
IND_FUA_08675,Malappuram,preexisting_detected_screened,RP75,1293399.39112,0.968160420322,0.456243690378
IND_FUA_08675,Malappuram,preexisting_detected_screened,RP100,1293399.39112,0.968160420322,0.47081062564
IND_FUA_08675,Malappuram,preexisting_detected_screened,RP200,1293399.39112,0.968160420322,0.507659646219
IND_FUA_08675,Malappuram,preexisting_detected_screened,RP500,1293399.39112,0.968160420322,0.546579786146
IND_FUA_08675,Malappuram,joint_supported_screened,normalized_exceedance_trapezoid,105051.561662,0.0786352342458,0.501984084965
IND_FUA_08675,Malappuram,joint_supported_screened,uniform_seven_RP_mean,105051.561662,0.0786352342458,0.556290818637
IND_FUA_08675,Malappuram,joint_supported_screened,RP10,105051.561662,0.0786352342458,0.443681695918
IND_FUA_08675,Malappuram,joint_supported_screened,RP20,105051.561662,0.0786352342458,0.485615110904
IND_FUA_08675,Malappuram,joint_supported_screened,RP50,105051.561662,0.0786352342458,0.543931573608
IND_FUA_08675,Malappuram,joint_supported_screened,RP75,105051.561662,0.0786352342458,0.566242921159
IND_FUA_08675,Malappuram,joint_supported_screened,RP100,105051.561662,0.0786352342458,0.581879272026
IND_FUA_08675,Malappuram,joint_supported_screened,RP200,105051.561662,0.0786352342458,0.616390134072
IND_FUA_08675,Malappuram,joint_supported_screened,RP500,105051.561662,0.0786352342458,0.656295022774
IND_FUA_08686,Lakhimpur,ghsl_only,normalized_exceedance_trapezoid,577485,1,0.00575193472529
IND_FUA_08686,Lakhimpur,ghsl_only,uniform_seven_RP_mean,577485,1,0.00854384837515
IND_FUA_08686,Lakhimpur,ghsl_only,RP10,577485,1,1.47536299314e-06
IND_FUA_08686,Lakhimpur,ghsl_only,RP20,577485,1,0.00606493156132
IND_FUA_08686,Lakhimpur,ghsl_only,RP50,577485,1,0.00896297566867
IND_FUA_08686,Lakhimpur,ghsl_only,RP75,577485,1,0.00961889205159
IND_FUA_08686,Lakhimpur,ghsl_only,RP100,577485,1,0.00999788726178
IND_FUA_08686,Lakhimpur,ghsl_only,RP200,577485,1,0.011696298812
IND_FUA_08686,Lakhimpur,ghsl_only,RP500,577485,1,0.0134644779076
IND_FUA_08686,Lakhimpur,endpoint_supported,normalized_exceedance_trapezoid,168713.951573,0.292152959078,0.00447585279499
IND_FUA_08686,Lakhimpur,endpoint_supported,uniform_seven_RP_mean,168713.951573,0.292152959078,0.00636869110963
IND_FUA_08686,Lakhimpur,endpoint_supported,RP10,168713.951573,0.292152959078,0
IND_FUA_08686,Lakhimpur,endpoint_supported,RP20,168713.951573,0.292152959078,0.00501180887415
IND_FUA_08686,Lakhimpur,endpoint_supported,RP50,168713.951573,0.292152959078,0.00671237564512
IND_FUA_08686,Lakhimpur,endpoint_supported,RP75,168713.951573,0.292152959078,0.00711921880625
IND_FUA_08686,Lakhimpur,endpoint_supported,RP100,168713.951573,0.292152959078,0.00735428390409
IND_FUA_08686,Lakhimpur,endpoint_supported,RP200,168713.951573,0.292152959078,0.00851493173768
IND_FUA_08686,Lakhimpur,endpoint_supported,RP500,168713.951573,0.292152959078,0.0098682188001
IND_FUA_08686,Lakhimpur,preexisting_detected_screened,normalized_exceedance_trapezoid,457318.714461,0.791914447061,0.00725163664724
IND_FUA_08686,Lakhimpur,preexisting_detected_screened,uniform_seven_RP_mean,457318.714461,0.791914447061,0.0107198844259
IND_FUA_08686,Lakhimpur,preexisting_detected_screened,RP10,457318.714461,0.791914447061,1.86303330949e-06
IND_FUA_08686,Lakhimpur,preexisting_detected_screened,RP20,457318.714461,0.791914447061,0.00765856915962
IND_FUA_08686,Lakhimpur,preexisting_detected_screened,RP50,457318.714461,0.791914447061,0.0113181110686
IND_FUA_08686,Lakhimpur,preexisting_detected_screened,RP75,457318.714461,0.791914447061,0.0121463777903
IND_FUA_08686,Lakhimpur,preexisting_detected_screened,RP100,457318.714461,0.791914447061,0.0126249587931
IND_FUA_08686,Lakhimpur,preexisting_detected_screened,RP200,457318.714461,0.791914447061,0.0146009982644
IND_FUA_08686,Lakhimpur,preexisting_detected_screened,RP500,457318.714461,0.791914447061,0.0166883128722
IND_FUA_08686,Lakhimpur,joint_supported_screened,normalized_exceedance_trapezoid,113310.353554,0.196213500876,0.00664331712887
IND_FUA_08686,Lakhimpur,joint_supported_screened,uniform_seven_RP_mean,113310.353554,0.196213500876,0.00935657791841
IND_FUA_08686,Lakhimpur,joint_supported_screened,RP10,113310.353554,0.196213500876,0
IND_FUA_08686,Lakhimpur,joint_supported_screened,RP20,113310.353554,0.196213500876,0.00746235496729
IND_FUA_08686,Lakhimpur,joint_supported_screened,RP50,113310.353554,0.196213500876,0.00999442137469
IND_FUA_08686,Lakhimpur,joint_supported_screened,RP75,113310.353554,0.196213500876,0.0106001922971
IND_FUA_08686,Lakhimpur,joint_supported_screened,RP100,113310.353554,0.196213500876,0.0109501935131
IND_FUA_08686,Lakhimpur,joint_supported_screened,RP200,113310.353554,0.196213500876,0.0123838914788
IND_FUA_08686,Lakhimpur,joint_supported_screened,RP500,113310.353554,0.196213500876,0.014104991798
IND_FUA_08722,Kanpur,ghsl_only,normalized_exceedance_trapezoid,10361223,1,0.198207157542
IND_FUA_08722,Kanpur,ghsl_only,uniform_seven_RP_mean,10361223,1,0.253727019447
IND_FUA_08722,Kanpur,ghsl_only,RP10,10361223,1,0.134704710911
IND_FUA_08722,Kanpur,ghsl_only,RP20,10361223,1,0.184521206947
IND_FUA_08722,Kanpur,ghsl_only,RP50,10361223,1,0.239915911144
IND_FUA_08722,Kanpur,ghsl_only,RP75,10361223,1,0.26334121865
IND_FUA_08722,Kanpur,ghsl_only,RP100,10361223,1,0.27902253029
IND_FUA_08722,Kanpur,ghsl_only,RP200,10361223,1,0.314480684294
IND_FUA_08722,Kanpur,ghsl_only,RP500,10361223,1,0.360102873897
IND_FUA_08722,Kanpur,endpoint_supported,normalized_exceedance_trapezoid,3661683.02497,0.353402588186,0.17333341845
IND_FUA_08722,Kanpur,endpoint_supported,uniform_seven_RP_mean,3661683.02497,0.353402588186,0.225351339074
IND_FUA_08722,Kanpur,endpoint_supported,RP10,3661683.02497,0.353402588186,0.113965697193
IND_FUA_08722,Kanpur,endpoint_supported,RP20,3661683.02497,0.353402588186,0.160561650512
IND_FUA_08722,Kanpur,endpoint_supported,RP50,3661683.02497,0.353402588186,0.212168548573
IND_FUA_08722,Kanpur,endpoint_supported,RP75,3661683.02497,0.353402588186,0.234175102489
IND_FUA_08722,Kanpur,endpoint_supported,RP100,3661683.02497,0.353402588186,0.248961766734
IND_FUA_08722,Kanpur,endpoint_supported,RP200,3661683.02497,0.353402588186,0.282261485892
IND_FUA_08722,Kanpur,endpoint_supported,RP500,3661683.02497,0.353402588186,0.325365122127
IND_FUA_08722,Kanpur,preexisting_detected_screened,normalized_exceedance_trapezoid,9427794.49691,0.909911358621,0.198445510912
IND_FUA_08722,Kanpur,preexisting_detected_screened,uniform_seven_RP_mean,9427794.49691,0.909911358621,0.254379126073
IND_FUA_08722,Kanpur,preexisting_detected_screened,RP10,9427794.49691,0.909911358621,0.134440784696
IND_FUA_08722,Kanpur,preexisting_detected_screened,RP20,9427794.49691,0.909911358621,0.184701812099
IND_FUA_08722,Kanpur,preexisting_detected_screened,RP50,9427794.49691,0.909911358621,0.240420710835
IND_FUA_08722,Kanpur,preexisting_detected_screened,RP75,9427794.49691,0.909911358621,0.264004262633
IND_FUA_08722,Kanpur,preexisting_detected_screened,RP100,9427794.49691,0.909911358621,0.279833179728
IND_FUA_08722,Kanpur,preexisting_detected_screened,RP200,9427794.49691,0.909911358621,0.315592936751
IND_FUA_08722,Kanpur,preexisting_detected_screened,RP500,9427794.49691,0.909911358621,0.361660195771
IND_FUA_08722,Kanpur,joint_supported_screened,normalized_exceedance_trapezoid,3258799.2696,0.31451878505,0.171551486972
IND_FUA_08722,Kanpur,joint_supported_screened,uniform_seven_RP_mean,3258799.2696,0.31451878505,0.223666612706
IND_FUA_08722,Kanpur,joint_supported_screened,RP10,3258799.2696,0.31451878505,0.111934573329
IND_FUA_08722,Kanpur,joint_supported_screened,RP20,3258799.2696,0.31451878505,0.158853700124
IND_FUA_08722,Kanpur,joint_supported_screened,RP50,3258799.2696,0.31451878505,0.210430116107
IND_FUA_08722,Kanpur,joint_supported_screened,RP75,3258799.2696,0.31451878505,0.232472651838
IND_FUA_08722,Kanpur,joint_supported_screened,RP100,3258799.2696,0.31451878505,0.247319266269
IND_FUA_08722,Kanpur,joint_supported_screened,RP200,3258799.2696,0.31451878505,0.280721499683
IND_FUA_08722,Kanpur,joint_supported_screened,RP500,3258799.2696,0.31451878505,0.323934481593
IND_FUA_08848,Lucknow,ghsl_only,normalized_exceedance_trapezoid,19979099,1,0.394595975685
IND_FUA_08848,Lucknow,ghsl_only,uniform_seven_RP_mean,19979099,1,0.428216695747
IND_FUA_08848,Lucknow,ghsl_only,RP10,19979099,1,0.358573489702
IND_FUA_08848,Lucknow,ghsl_only,RP20,19979099,1,0.385588737805
IND_FUA_08848,Lucknow,ghsl_only,RP50,19979099,1,0.418507775599
IND_FUA_08848,Lucknow,ghsl_only,RP75,19979099,1,0.432872549391
IND_FUA_08848,Lucknow,ghsl_only,RP100,19979099,1,0.44250802606
IND_FUA_08848,Lucknow,ghsl_only,RP200,19979099,1,0.465012273352
IND_FUA_08848,Lucknow,ghsl_only,RP500,19979099,1,0.494454018317
IND_FUA_08848,Lucknow,endpoint_supported,normalized_exceedance_trapezoid,7020333.58566,0.35138389302,0.408864502296
IND_FUA_08848,Lucknow,endpoint_supported,uniform_seven_RP_mean,7020333.58566,0.35138389302,0.445251021739
IND_FUA_08848,Lucknow,endpoint_supported,RP10,7020333.58566,0.35138389302,0.369231275367
IND_FUA_08848,Lucknow,endpoint_supported,RP20,7020333.58566,0.35138389302,0.399165992614
IND_FUA_08848,Lucknow,endpoint_supported,RP50,7020333.58566,0.35138389302,0.435414232217
IND_FUA_08848,Lucknow,endpoint_supported,RP75,7020333.58566,0.35138389302,0.450653430758
IND_FUA_08848,Lucknow,endpoint_supported,RP100,7020333.58566,0.35138389302,0.460882534791
IND_FUA_08848,Lucknow,endpoint_supported,RP200,7020333.58566,0.35138389302,0.485191920229
IND_FUA_08848,Lucknow,endpoint_supported,RP500,7020333.58566,0.35138389302,0.516217766199
IND_FUA_08848,Lucknow,preexisting_detected_screened,normalized_exceedance_trapezoid,17845027.6479,0.893184805176,0.400417640739
IND_FUA_08848,Lucknow,preexisting_detected_screened,uniform_seven_RP_mean,17845027.6479,0.893184805176,0.434276075421
IND_FUA_08848,Lucknow,preexisting_detected_screened,RP10,17845027.6479,0.893184805176,0.364335761259
IND_FUA_08848,Lucknow,preexisting_detected_screened,RP20,17845027.6479,0.893184805176,0.391299434594
IND_FUA_08848,Lucknow,preexisting_detected_screened,RP50,17845027.6479,0.893184805176,0.424362024828
IND_FUA_08848,Lucknow,preexisting_detected_screened,RP75,17845027.6479,0.893184805176,0.438855664364
IND_FUA_08848,Lucknow,preexisting_detected_screened,RP100,17845027.6479,0.893184805176,0.448595832252
IND_FUA_08848,Lucknow,preexisting_detected_screened,RP200,17845027.6479,0.893184805176,0.471373433271
IND_FUA_08848,Lucknow,preexisting_detected_screened,RP500,17845027.6479,0.893184805176,0.501110377383
IND_FUA_08848,Lucknow,joint_supported_screened,normalized_exceedance_trapezoid,6049124.87951,0.30277265654,0.42224994098
IND_FUA_08848,Lucknow,joint_supported_screened,uniform_seven_RP_mean,6049124.87951,0.30277265654,0.459652004272
IND_FUA_08848,Lucknow,joint_supported_screened,RP10,6049124.87951,0.30277265654,0.381637176177
IND_FUA_08848,Lucknow,joint_supported_screened,RP20,6049124.87951,0.30277265654,0.412240317409
IND_FUA_08848,Lucknow,joint_supported_screened,RP50,6049124.87951,0.30277265654,0.449462203523
IND_FUA_08848,Lucknow,joint_supported_screened,RP75,6049124.87951,0.30277265654,0.465142583739
IND_FUA_08848,Lucknow,joint_supported_screened,RP100,6049124.87951,0.30277265654,0.475679533214
IND_FUA_08848,Lucknow,joint_supported_screened,RP200,6049124.87951,0.30277265654,0.500798967942
IND_FUA_08848,Lucknow,joint_supported_screened,RP500,6049124.87951,0.30277265654,0.532603247901
IND_FUA_08896,Mysuru,ghsl_only,normalized_exceedance_trapezoid,1690295,1,0.00211874735623
IND_FUA_08896,Mysuru,ghsl_only,uniform_seven_RP_mean,1690295,1,0.00269531987989
IND_FUA_08896,Mysuru,ghsl_only,RP10,1690295,1,0.00156629050109
IND_FUA_08896,Mysuru,ghsl_only,RP20,1690295,1,0.00194553377519
IND_FUA_08896,Mysuru,ghsl_only,RP50,1690295,1,0.00250681448145
IND_FUA_08896,Mysuru,ghsl_only,RP75,1690295,1,0.00273313767414
IND_FUA_08896,Mysuru,ghsl_only,RP100,1690295,1,0.0028911994665
IND_FUA_08896,Mysuru,ghsl_only,RP200,1690295,1,0.00326064567075
IND_FUA_08896,Mysuru,ghsl_only,RP500,1690295,1,0.00396361759013
IND_FUA_08896,Mysuru,endpoint_supported,normalized_exceedance_trapezoid,324600.94265,0.192038042265,0.000412376943639
IND_FUA_08896,Mysuru,endpoint_supported,uniform_seven_RP_mean,324600.94265,0.192038042265,0.00083814626054
IND_FUA_08896,Mysuru,endpoint_supported,RP10,324600.94265,0.192038042265,1.32590655867e-05
IND_FUA_08896,Mysuru,endpoint_supported,RP20,324600.94265,0.192038042265,0.000279629760717
IND_FUA_08896,Mysuru,endpoint_supported,RP50,324600.94265,0.192038042265,0.000696961744888
IND_FUA_08896,Mysuru,endpoint_supported,RP75,324600.94265,0.192038042265,0.000865590879806
IND_FUA_08896,Mysuru,endpoint_supported,RP100,324600.94265,0.192038042265,0.000983750766892
IND_FUA_08896,Mysuru,endpoint_supported,RP200,324600.94265,0.192038042265,0.00125999123283
IND_FUA_08896,Mysuru,endpoint_supported,RP500,324600.94265,0.192038042265,0.00176784037306
IND_FUA_08896,Mysuru,preexisting_detected_screened,normalized_exceedance_trapezoid,1474803.13287,0.872512273226,0.00242825061956
IND_FUA_08896,Mysuru,preexisting_detected_screened,uniform_seven_RP_mean,1474803.13287,0.872512273226,0.00308841148268
IND_FUA_08896,Mysuru,preexisting_detected_screened,RP10,1474803.13287,0.872512273226,0.00179515010751
IND_FUA_08896,Mysuru,preexisting_detected_screened,RP20,1474803.13287,0.872512273226,0.00222980677166
IND_FUA_08896,Mysuru,preexisting_detected_screened,RP50,1474803.13287,0.872512273226,0.00287309939169
IND_FUA_08896,Mysuru,preexisting_detected_screened,RP75,1474803.13287,0.872512273226,0.00313249195227
IND_FUA_08896,Mysuru,preexisting_detected_screened,RP100,1474803.13287,0.872512273226,0.00331364905139
IND_FUA_08896,Mysuru,preexisting_detected_screened,RP200,1474803.13287,0.872512273226,0.00373707714012
IND_FUA_08896,Mysuru,preexisting_detected_screened,RP500,1474803.13287,0.872512273226,0.00453760596409
IND_FUA_08896,Mysuru,joint_supported_screened,normalized_exceedance_trapezoid,254661.446106,0.150660947412,0.00052561527777
IND_FUA_08896,Mysuru,joint_supported_screened,uniform_seven_RP_mean,254661.446106,0.150660947412,0.00106818584704
IND_FUA_08896,Mysuru,joint_supported_screened,RP10,254661.446106,0.150660947412,1.69004977153e-05
IND_FUA_08896,Mysuru,joint_supported_screened,RP20,254661.446106,0.150660947412,0.000356426484296
IND_FUA_08896,Mysuru,joint_supported_screened,RP50,254661.446106,0.150660947412,0.000888373339744
IND_FUA_08896,Mysuru,joint_supported_screened,RP75,254661.446106,0.150660947412,0.00110331430152
IND_FUA_08896,Mysuru,joint_supported_screened,RP100,254661.446106,0.150660947412,0.00125392528452
IND_FUA_08896,Mysuru,joint_supported_screened,RP200,254661.446106,0.150660947412,0.00160603164774
IND_FUA_08896,Mysuru,joint_supported_screened,RP500,254661.446106,0.150660947412,0.00225232937376
IND_FUA_08900,Kochi,ghsl_only,normalized_exceedance_trapezoid,7243384,1,0.270274356789
IND_FUA_08900,Kochi,ghsl_only,uniform_seven_RP_mean,7243384,1,0.322146057245
IND_FUA_08900,Kochi,ghsl_only,RP10,7243384,1,0.222674464402
IND_FUA_08900,Kochi,ghsl_only,RP20,7243384,1,0.25572459862
IND_FUA_08900,Kochi,ghsl_only,RP50,7243384,1,0.299545655975
IND_FUA_08900,Kochi,ghsl_only,RP75,7243384,1,0.321086263341
IND_FUA_08900,Kochi,ghsl_only,RP100,7243384,1,0.338829876592
IND_FUA_08900,Kochi,ghsl_only,RP200,7243384,1,0.382562507635
IND_FUA_08900,Kochi,ghsl_only,RP500,7243384,1,0.434599034151
IND_FUA_08900,Kochi,endpoint_supported,normalized_exceedance_trapezoid,1407983.05066,0.194381942289,0.279361913182
IND_FUA_08900,Kochi,endpoint_supported,uniform_seven_RP_mean,1407983.05066,0.194381942289,0.32719931357
IND_FUA_08900,Kochi,endpoint_supported,RP10,1407983.05066,0.194381942289,0.238489349525
IND_FUA_08900,Kochi,endpoint_supported,RP20,1407983.05066,0.194381942289,0.265335127525
IND_FUA_08900,Kochi,endpoint_supported,RP50,1407983.05066,0.194381942289,0.303886564792
IND_FUA_08900,Kochi,endpoint_supported,RP75,1407983.05066,0.194381942289,0.324753569909
IND_FUA_08900,Kochi,endpoint_supported,RP100,1407983.05066,0.194381942289,0.342732871638
IND_FUA_08900,Kochi,endpoint_supported,RP200,1407983.05066,0.194381942289,0.38238276641
IND_FUA_08900,Kochi,endpoint_supported,RP500,1407983.05066,0.194381942289,0.43281494519
IND_FUA_08900,Kochi,preexisting_detected_screened,normalized_exceedance_trapezoid,5803048.98697,0.80115164224,0.298161559452
IND_FUA_08900,Kochi,preexisting_detected_screened,uniform_seven_RP_mean,5803048.98697,0.80115164224,0.350866609976
IND_FUA_08900,Kochi,preexisting_detected_screened,RP10,5803048.98697,0.80115164224,0.249181773789
IND_FUA_08900,Kochi,preexisting_detected_screened,RP20,5803048.98697,0.80115164224,0.283867708275
IND_FUA_08900,Kochi,preexisting_detected_screened,RP50,5803048.98697,0.80115164224,0.327607678858
IND_FUA_08900,Kochi,preexisting_detected_screened,RP75,5803048.98697,0.80115164224,0.349334953861
IND_FUA_08900,Kochi,preexisting_detected_screened,RP100,5803048.98697,0.80115164224,0.367939251006
IND_FUA_08900,Kochi,preexisting_detected_screened,RP200,5803048.98697,0.80115164224,0.412992813446
IND_FUA_08900,Kochi,preexisting_detected_screened,RP500,5803048.98697,0.80115164224,0.465142090594
IND_FUA_08900,Kochi,joint_supported_screened,normalized_exceedance_trapezoid,991106.644595,0.13682922852,0.327649392602
IND_FUA_08900,Kochi,joint_supported_screened,uniform_seven_RP_mean,991106.644595,0.13682922852,0.375318290158
IND_FUA_08900,Kochi,joint_supported_screened,RP10,991106.644595,0.13682922852,0.287253526649
IND_FUA_08900,Kochi,joint_supported_screened,RP20,991106.644595,0.13682922852,0.314414370118
IND_FUA_08900,Kochi,joint_supported_screened,RP50,991106.644595,0.13682922852,0.350174441173
IND_FUA_08900,Kochi,joint_supported_screened,RP75,991106.644595,0.13682922852,0.370712544401
IND_FUA_08900,Kochi,joint_supported_screened,RP100,991106.644595,0.13682922852,0.390362862533
IND_FUA_08900,Kochi,joint_supported_screened,RP200,991106.644595,0.13682922852,0.432129068231
IND_FUA_08900,Kochi,joint_supported_screened,RP500,991106.644595,0.13682922852,0.482181218004
IND_FUA_08952,Nagpur,ghsl_only,normalized_exceedance_trapezoid,4179117,1,0.0077244680026
IND_FUA_08952,Nagpur,ghsl_only,uniform_seven_RP_mean,4179117,1,0.00935379878426
IND_FUA_08952,Nagpur,ghsl_only,RP10,4179117,1,0.00638191463011
IND_FUA_08952,Nagpur,ghsl_only,RP20,4179117,1,0.00735053786231
IND_FUA_08952,Nagpur,ghsl_only,RP50,4179117,1,0.00835654644226
IND_FUA_08952,Nagpur,ghsl_only,RP75,4179117,1,0.00898310586722
IND_FUA_08952,Nagpur,ghsl_only,RP100,4179117,1,0.00956831664492
IND_FUA_08952,Nagpur,ghsl_only,RP200,4179117,1,0.0112749448589
IND_FUA_08952,Nagpur,ghsl_only,RP500,4179117,1,0.0135612251841
IND_FUA_08952,Nagpur,endpoint_supported,normalized_exceedance_trapezoid,1494934.35402,0.357715362842,0.00188368771564
IND_FUA_08952,Nagpur,endpoint_supported,uniform_seven_RP_mean,1494934.35402,0.357715362842,0.00278048005388
IND_FUA_08952,Nagpur,endpoint_supported,RP10,1494934.35402,0.357715362842,0.00132389032364
IND_FUA_08952,Nagpur,endpoint_supported,RP20,1494934.35402,0.357715362842,0.00171092401164
IND_FUA_08952,Nagpur,endpoint_supported,RP50,1494934.35402,0.357715362842,0.00202926544111
IND_FUA_08952,Nagpur,endpoint_supported,RP75,1494934.35402,0.357715362842,0.0021923997291
IND_FUA_08952,Nagpur,endpoint_supported,RP100,1494934.35402,0.357715362842,0.00253865265635
IND_FUA_08952,Nagpur,endpoint_supported,RP200,1494934.35402,0.357715362842,0.00392876698102
IND_FUA_08952,Nagpur,endpoint_supported,RP500,1494934.35402,0.357715362842,0.0057394612343
IND_FUA_08952,Nagpur,preexisting_detected_screened,normalized_exceedance_trapezoid,3674956.19036,0.879361882034,0.00790540254689
IND_FUA_08952,Nagpur,preexisting_detected_screened,uniform_seven_RP_mean,3674956.19036,0.879361882034,0.00965257342967
IND_FUA_08952,Nagpur,preexisting_detected_screened,RP10,3674956.19036,0.879361882034,0.0064716735586
IND_FUA_08952,Nagpur,preexisting_detected_screened,RP20,3674956.19036,0.879361882034,0.00751488025508
IND_FUA_08952,Nagpur,preexisting_detected_screened,RP50,3674956.19036,0.879361882034,0.00855776736672
IND_FUA_08952,Nagpur,preexisting_detected_screened,RP75,3674956.19036,0.879361882034,0.00922770084117
IND_FUA_08952,Nagpur,preexisting_detected_screened,RP100,3674956.19036,0.879361882034,0.00986150493845
IND_FUA_08952,Nagpur,preexisting_detected_screened,RP200,3674956.19036,0.879361882034,0.0117280640063
IND_FUA_08952,Nagpur,preexisting_detected_screened,RP500,3674956.19036,0.879361882034,0.0142064230413
IND_FUA_08952,Nagpur,joint_supported_screened,normalized_exceedance_trapezoid,1307875.00361,0.312954866689,0.00169183640847
IND_FUA_08952,Nagpur,joint_supported_screened,uniform_seven_RP_mean,1307875.00361,0.312954866689,0.00268572076804
IND_FUA_08952,Nagpur,joint_supported_screened,RP10,1307875.00361,0.312954866689,0.00107815659423
IND_FUA_08952,Nagpur,joint_supported_screened,RP20,1307875.00361,0.312954866689,0.00150530524059
IND_FUA_08952,Nagpur,joint_supported_screened,RP50,1307875.00361,0.312954866689,0.00183857508195
IND_FUA_08952,Nagpur,joint_supported_screened,RP75,1307875.00361,0.312954866689,0.00201207257787
IND_FUA_08952,Nagpur,joint_supported_screened,RP100,1307875.00361,0.312954866689,0.00239910433741
IND_FUA_08952,Nagpur,joint_supported_screened,RP200,1307875.00361,0.312954866689,0.00396790217476
IND_FUA_08952,Nagpur,joint_supported_screened,RP500,1307875.00361,0.312954866689,0.00599892936943
IND_FUA_08997,Kollam,ghsl_only,normalized_exceedance_trapezoid,1788716,1,0.187054371828
IND_FUA_08997,Kollam,ghsl_only,uniform_seven_RP_mean,1788716,1,0.217980789151
IND_FUA_08997,Kollam,ghsl_only,RP10,1788716,1,0.157607991073
IND_FUA_08997,Kollam,ghsl_only,RP20,1788716,1,0.178150776822
IND_FUA_08997,Kollam,ghsl_only,RP50,1788716,1,0.207347536301
IND_FUA_08997,Kollam,ghsl_only,RP75,1788716,1,0.218782941115
IND_FUA_08997,Kollam,ghsl_only,RP100,1788716,1,0.226589025814
IND_FUA_08997,Kollam,ghsl_only,RP200,1788716,1,0.247843825884
IND_FUA_08997,Kollam,ghsl_only,RP500,1788716,1,0.289543427049
IND_FUA_08997,Kollam,endpoint_supported,normalized_exceedance_trapezoid,212756.75686,0.118943843997,0.115871025788
IND_FUA_08997,Kollam,endpoint_supported,uniform_seven_RP_mean,212756.75686,0.118943843997,0.145901688397
IND_FUA_08997,Kollam,endpoint_supported,RP10,212756.75686,0.118943843997,0.0916889836765
IND_FUA_08997,Kollam,endpoint_supported,RP20,212756.75686,0.118943843997,0.104896432508
IND_FUA_08997,Kollam,endpoint_supported,RP50,212756.75686,0.118943843997,0.136653129912
IND_FUA_08997,Kollam,endpoint_supported,RP75,212756.75686,0.118943843997,0.145218058463
IND_FUA_08997,Kollam,endpoint_supported,RP100,212756.75686,0.118943843997,0.150706790857
IND_FUA_08997,Kollam,endpoint_supported,RP200,212756.75686,0.118943843997,0.167885345609
IND_FUA_08997,Kollam,endpoint_supported,RP500,212756.75686,0.118943843997,0.224263077752
IND_FUA_08997,Kollam,preexisting_detected_screened,normalized_exceedance_trapezoid,1481843.68981,0.828439891971,0.216646393356
IND_FUA_08997,Kollam,preexisting_detected_screened,uniform_seven_RP_mean,1481843.68981,0.828439891971,0.249917607154
IND_FUA_08997,Kollam,preexisting_detected_screened,RP10,1481843.68981,0.828439891971,0.183890781743
IND_FUA_08997,Kollam,preexisting_detected_screened,RP20,1481843.68981,0.828439891971,0.207870808975
IND_FUA_08997,Kollam,preexisting_detected_screened,RP50,1481843.68981,0.828439891971,0.238193297991
IND_FUA_08997,Kollam,preexisting_detected_screened,RP75,1481843.68981,0.828439891971,0.250573274815
IND_FUA_08997,Kollam,preexisting_detected_screened,RP100,1481843.68981,0.828439891971,0.259159576671
IND_FUA_08997,Kollam,preexisting_detected_screened,RP200,1481843.68981,0.828439891971,0.282026523256
IND_FUA_08997,Kollam,preexisting_detected_screened,RP500,1481843.68981,0.828439891971,0.32770898663
IND_FUA_08997,Kollam,joint_supported_screened,normalized_exceedance_trapezoid,169871.663928,0.0949684935607,0.133227635726
IND_FUA_08997,Kollam,joint_supported_screened,uniform_seven_RP_mean,169871.663928,0.0949684935607,0.164908549487
IND_FUA_08997,Kollam,joint_supported_screened,RP10,169871.663928,0.0949684935607,0.107336702216
IND_FUA_08997,Kollam,joint_supported_screened,RP20,169871.663928,0.0949684935607,0.122887590592
IND_FUA_08997,Kollam,joint_supported_screened,RP50,169871.663928,0.0949684935607,0.15355296284
IND_FUA_08997,Kollam,joint_supported_screened,RP75,169871.663928,0.0949684935607,0.162691943659
IND_FUA_08997,Kollam,joint_supported_screened,RP100,169871.663928,0.0949684935607,0.168661470457
IND_FUA_08997,Kollam,joint_supported_screened,RP200,169871.663928,0.0949684935607,0.186875943938
IND_FUA_08997,Kollam,joint_supported_screened,RP500,169871.663928,0.0949684935607,0.252353232705
IND_FUA_09007,Jabalpur,ghsl_only,normalized_exceedance_trapezoid,1648394,1,0.0248239359455
IND_FUA_09007,Jabalpur,ghsl_only,uniform_seven_RP_mean,1648394,1,0.0356989284912
IND_FUA_09007,Jabalpur,ghsl_only,RP10,1648394,1,0.011121662099
IND_FUA_09007,Jabalpur,ghsl_only,RP20,1648394,1,0.0211857634654
IND_FUA_09007,Jabalpur,ghsl_only,RP50,1648394,1,0.0364606721259
IND_FUA_09007,Jabalpur,ghsl_only,RP75,1648394,1,0.0394628268498
IND_FUA_09007,Jabalpur,ghsl_only,RP100,1648394,1,0.0418901217598
IND_FUA_09007,Jabalpur,ghsl_only,RP200,1648394,1,0.0469257951896
IND_FUA_09007,Jabalpur,ghsl_only,RP500,1648394,1,0.052845657949
IND_FUA_09007,Jabalpur,endpoint_supported,normalized_exceedance_trapezoid,478529.324112,0.290300331178,0.0183180965251
IND_FUA_09007,Jabalpur,endpoint_supported,uniform_seven_RP_mean,478529.324112,0.290300331178,0.0278030552331
IND_FUA_09007,Jabalpur,endpoint_supported,RP10,478529.324112,0.290300331178,0.00583219349391
IND_FUA_09007,Jabalpur,endpoint_supported,RP20,478529.324112,0.290300331178,0.0153076509903
IND_FUA_09007,Jabalpur,endpoint_supported,RP50,478529.324112,0.290300331178,0.02879669249
IND_FUA_09007,Jabalpur,endpoint_supported,RP75,478529.324112,0.290300331178,0.0311334312774
IND_FUA_09007,Jabalpur,endpoint_supported,RP100,478529.324112,0.290300331178,0.0333814094603
IND_FUA_09007,Jabalpur,endpoint_supported,RP200,478529.324112,0.290300331178,0.0376447377352
IND_FUA_09007,Jabalpur,endpoint_supported,RP500,478529.324112,0.290300331178,0.0425252711848
IND_FUA_09007,Jabalpur,preexisting_detected_screened,normalized_exceedance_trapezoid,1363938.12038,0.827434533478,0.024270116148
IND_FUA_09007,Jabalpur,preexisting_detected_screened,uniform_seven_RP_mean,1363938.12038,0.827434533478,0.0347301852491
IND_FUA_09007,Jabalpur,preexisting_detected_screened,RP10,1363938.12038,0.827434533478,0.0100626443588
IND_FUA_09007,Jabalpur,preexisting_detected_screened,RP20,1363938.12038,0.827434533478,0.0213162344926
IND_FUA_09007,Jabalpur,preexisting_detected_screened,RP50,1363938.12038,0.827434533478,0.0356387098959
IND_FUA_09007,Jabalpur,preexisting_detected_screened,RP75,1363938.12038,0.827434533478,0.0382984199494
IND_FUA_09007,Jabalpur,preexisting_detected_screened,RP100,1363938.12038,0.827434533478,0.0407380025518
IND_FUA_09007,Jabalpur,preexisting_detected_screened,RP200,1363938.12038,0.827434533478,0.0456239361792
IND_FUA_09007,Jabalpur,preexisting_detected_screened,RP500,1363938.12038,0.827434533478,0.0514333493163
IND_FUA_09007,Jabalpur,joint_supported_screened,normalized_exceedance_trapezoid,371556.826697,0.225405350115,0.0163736936983
IND_FUA_09007,Jabalpur,joint_supported_screened,uniform_seven_RP_mean,371556.826697,0.225405350115,0.0263089613821
IND_FUA_09007,Jabalpur,joint_supported_screened,RP10,371556.826697,0.225405350115,0.00219536807776
IND_FUA_09007,Jabalpur,joint_supported_screened,RP20,371556.826697,0.225405350115,0.0137217579961
IND_FUA_09007,Jabalpur,joint_supported_screened,RP50,371556.826697,0.225405350115,0.0276806732197
IND_FUA_09007,Jabalpur,joint_supported_screened,RP75,371556.826697,0.225405350115,0.0298719015166
IND_FUA_09007,Jabalpur,joint_supported_screened,RP100,371556.826697,0.225405350115,0.0323392647446
IND_FUA_09007,Jabalpur,joint_supported_screened,RP200,371556.826697,0.225405350115,0.0367005445658
IND_FUA_09007,Jabalpur,joint_supported_screened,RP500,371556.826697,0.225405350115,0.0416532195542
IND_FUA_09013,Ettumanoor,ghsl_only,normalized_exceedance_trapezoid,2526835,1,0.27688665969
IND_FUA_09013,Ettumanoor,ghsl_only,uniform_seven_RP_mean,2526835,1,0.317880062695
IND_FUA_09013,Ettumanoor,ghsl_only,RP10,2526835,1,0.2278826383
IND_FUA_09013,Ettumanoor,ghsl_only,RP20,2526835,1,0.267788604135
IND_FUA_09013,Ettumanoor,ghsl_only,RP50,2526835,1,0.308199040253
IND_FUA_09013,Ettumanoor,ghsl_only,RP75,2526835,1,0.32466734304
IND_FUA_09013,Ettumanoor,ghsl_only,RP100,2526835,1,0.33583835205
IND_FUA_09013,Ettumanoor,ghsl_only,RP200,2526835,1,0.364850766029
IND_FUA_09013,Ettumanoor,ghsl_only,RP500,2526835,1,0.395933695056
IND_FUA_09013,Ettumanoor,endpoint_supported,normalized_exceedance_trapezoid,163114.832316,0.0645530208009,0.208498189161
IND_FUA_09013,Ettumanoor,endpoint_supported,uniform_seven_RP_mean,163114.832316,0.0645530208009,0.240933727245
IND_FUA_09013,Ettumanoor,endpoint_supported,RP10,163114.832316,0.0645530208009,0.172691828605
IND_FUA_09013,Ettumanoor,endpoint_supported,RP20,163114.832316,0.0645530208009,0.200059181598
IND_FUA_09013,Ettumanoor,endpoint_supported,RP50,163114.832316,0.0645530208009,0.232283925296
IND_FUA_09013,Ettumanoor,endpoint_supported,RP75,163114.832316,0.0645530208009,0.245906225988
IND_FUA_09013,Ettumanoor,endpoint_supported,RP100,163114.832316,0.0645530208009,0.254858737468
IND_FUA_09013,Ettumanoor,endpoint_supported,RP200,163114.832316,0.0645530208009,0.276829641836
IND_FUA_09013,Ettumanoor,endpoint_supported,RP500,163114.832316,0.0645530208009,0.303906549921
IND_FUA_09013,Ettumanoor,preexisting_detected_screened,normalized_exceedance_trapezoid,2378968.47624,0.941481527777,0.284307337574
IND_FUA_09013,Ettumanoor,preexisting_detected_screened,uniform_seven_RP_mean,2378968.47624,0.941481527777,0.325594911162
IND_FUA_09013,Ettumanoor,preexisting_detected_screened,RP10,2378968.47624,0.941481527777,0.234479499946
IND_FUA_09013,Ettumanoor,preexisting_detected_screened,RP20,2378968.47624,0.941481527777,0.275457550485
IND_FUA_09013,Ettumanoor,preexisting_detected_screened,RP50,2378968.47624,0.941481527777,0.315758179147
IND_FUA_09013,Ettumanoor,preexisting_detected_screened,RP75,2378968.47624,0.941481527777,0.332594242323
IND_FUA_09013,Ettumanoor,preexisting_detected_screened,RP100,2378968.47624,0.941481527777,0.34386539299
IND_FUA_09013,Ettumanoor,preexisting_detected_screened,RP200,2378968.47624,0.941481527777,0.37266866437
IND_FUA_09013,Ettumanoor,preexisting_detected_screened,RP500,2378968.47624,0.941481527777,0.404340848874
IND_FUA_09013,Ettumanoor,joint_supported_screened,normalized_exceedance_trapezoid,142069.663397,0.056224353152,0.226716091752
IND_FUA_09013,Ettumanoor,joint_supported_screened,uniform_seven_RP_mean,142069.663397,0.056224353152,0.26060518975
IND_FUA_09013,Ettumanoor,joint_supported_screened,RP10,142069.663397,0.056224353152,0.18939737529
IND_FUA_09013,Ettumanoor,joint_supported_screened,RP20,142069.663397,0.056224353152,0.218297903368
IND_FUA_09013,Ettumanoor,joint_supported_screened,RP50,142069.663397,0.056224353152,0.250637480517
IND_FUA_09013,Ettumanoor,joint_supported_screened,RP75,142069.663397,0.056224353152,0.265345174265
IND_FUA_09013,Ettumanoor,joint_supported_screened,RP100,142069.663397,0.056224353152,0.274941716566
IND_FUA_09013,Ettumanoor,joint_supported_screened,RP200,142069.663397,0.056224353152,0.298225849696
IND_FUA_09013,Ettumanoor,joint_supported_screened,RP500,142069.663397,0.056224353152,0.327390828551
IND_FUA_09045,Hyderabad,ghsl_only,normalized_exceedance_trapezoid,18623822,1,0.00988807344949
IND_FUA_09045,Hyderabad,ghsl_only,uniform_seven_RP_mean,18623822,1,0.0107880586884
IND_FUA_09045,Hyderabad,ghsl_only,RP10,18623822,1,0.00898334616556
IND_FUA_09045,Hyderabad,ghsl_only,RP20,18623822,1,0.00963877569518
IND_FUA_09045,Hyderabad,ghsl_only,RP50,18623822,1,0.0104956551528
IND_FUA_09045,Hyderabad,ghsl_only,RP75,18623822,1,0.0108637935891
IND_FUA_09045,Hyderabad,ghsl_only,RP100,18623822,1,0.0110997578565
IND_FUA_09045,Hyderabad,ghsl_only,RP200,18623822,1,0.0117022356331
IND_FUA_09045,Hyderabad,ghsl_only,RP500,18623822,1,0.0127328467268
IND_FUA_09045,Hyderabad,endpoint_supported,normalized_exceedance_trapezoid,5994778.97649,0.321887686453,0.00715316826765
IND_FUA_09045,Hyderabad,endpoint_supported,uniform_seven_RP_mean,5994778.97649,0.321887686453,0.00772375206636
IND_FUA_09045,Hyderabad,endpoint_supported,RP10,5994778.97649,0.321887686453,0.00661561337431
IND_FUA_09045,Hyderabad,endpoint_supported,RP20,5994778.97649,0.321887686453,0.00700381412451
IND_FUA_09045,Hyderabad,endpoint_supported,RP50,5994778.97649,0.321887686453,0.00750297096386
IND_FUA_09045,Hyderabad,endpoint_supported,RP75,5994778.97649,0.321887686453,0.00771038618252
IND_FUA_09045,Hyderabad,endpoint_supported,RP100,5994778.97649,0.321887686453,0.00784880719816
IND_FUA_09045,Hyderabad,endpoint_supported,RP200,5994778.97649,0.321887686453,0.00823232802022
IND_FUA_09045,Hyderabad,endpoint_supported,RP500,5994778.97649,0.321887686453,0.00915234460093
IND_FUA_09045,Hyderabad,preexisting_detected_screened,normalized_exceedance_trapezoid,15909360.5989,0.854247887404,0.00889198304395
IND_FUA_09045,Hyderabad,preexisting_detected_screened,uniform_seven_RP_mean,15909360.5989,0.854247887404,0.00969599783174
IND_FUA_09045,Hyderabad,preexisting_detected_screened,RP10,15909360.5989,0.854247887404,0.00807655945457
IND_FUA_09045,Hyderabad,preexisting_detected_screened,RP20,15909360.5989,0.854247887404,0.00866400231822
IND_FUA_09045,Hyderabad,preexisting_detected_screened,RP50,15909360.5989,0.854247887404,0.00944307390368
IND_FUA_09045,Hyderabad,preexisting_detected_screened,RP75,15909360.5989,0.854247887404,0.00978257002818
IND_FUA_09045,Hyderabad,preexisting_detected_screened,RP100,15909360.5989,0.854247887404,0.00999735229646
IND_FUA_09045,Hyderabad,preexisting_detected_screened,RP200,15909360.5989,0.854247887404,0.0105544450824
IND_FUA_09045,Hyderabad,preexisting_detected_screened,RP500,15909360.5989,0.854247887404,0.0113539817386
IND_FUA_09045,Hyderabad,joint_supported_screened,normalized_exceedance_trapezoid,4819983.32557,0.258807420172,0.00661750604962
IND_FUA_09045,Hyderabad,joint_supported_screened,uniform_seven_RP_mean,4819983.32557,0.258807420172,0.00707728323566
IND_FUA_09045,Hyderabad,joint_supported_screened,RP10,4819983.32557,0.258807420172,0.0061547802502
IND_FUA_09045,Hyderabad,joint_supported_screened,RP20,4819983.32557,0.258807420172,0.00649776200108
IND_FUA_09045,Hyderabad,joint_supported_screened,RP50,4819983.32557,0.258807420172,0.00691825178877
IND_FUA_09045,Hyderabad,joint_supported_screened,RP75,4819983.32557,0.258807420172,0.00709499281933
IND_FUA_09045,Hyderabad,joint_supported_screened,RP100,4819983.32557,0.258807420172,0.00721206994643
IND_FUA_09045,Hyderabad,joint_supported_screened,RP200,4819983.32557,0.258807420172,0.00755241845235
IND_FUA_09045,Hyderabad,joint_supported_screened,RP500,4819983.32557,0.258807420172,0.00811070739147
IND_FUA_09069,Coimbatore,ghsl_only,normalized_exceedance_trapezoid,7721634,1,0.00103600101274
IND_FUA_09069,Coimbatore,ghsl_only,uniform_seven_RP_mean,7721634,1,0.00111486739592
IND_FUA_09069,Coimbatore,ghsl_only,RP10,7721634,1,0.000907391500685
IND_FUA_09069,Coimbatore,ghsl_only,RP20,7721634,1,0.00103441110478
IND_FUA_09069,Coimbatore,ghsl_only,RP50,7721634,1,0.00110514419183
IND_FUA_09069,Coimbatore,ghsl_only,RP75,7721634,1,0.00113627375563
IND_FUA_09069,Coimbatore,ghsl_only,RP100,7721634,1,0.00115629502298
IND_FUA_09069,Coimbatore,ghsl_only,RP200,7721634,1,0.00120391667567
IND_FUA_09069,Coimbatore,ghsl_only,RP500,7721634,1,0.00126063951987
IND_FUA_09069,Coimbatore,endpoint_supported,normalized_exceedance_trapezoid,2301982.22684,0.298121126543,0.00052325453911
IND_FUA_09069,Coimbatore,endpoint_supported,uniform_seven_RP_mean,2301982.22684,0.298121126543,0.00054847131161
IND_FUA_09069,Coimbatore,endpoint_supported,RP10,2301982.22684,0.298121126543,0.000492859753317
IND_FUA_09069,Coimbatore,endpoint_supported,RP20,2301982.22684,0.298121126543,0.000517443299768
IND_FUA_09069,Coimbatore,endpoint_supported,RP50,2301982.22684,0.298121126543,0.000543195074554
IND_FUA_09069,Coimbatore,endpoint_supported,RP75,2301982.22684,0.298121126543,0.000553472020106
IND_FUA_09069,Coimbatore,endpoint_supported,RP100,2301982.22684,0.298121126543,0.000560419030053
IND_FUA_09069,Coimbatore,endpoint_supported,RP200,2301982.22684,0.298121126543,0.000576335297883
IND_FUA_09069,Coimbatore,endpoint_supported,RP500,2301982.22684,0.298121126543,0.000595574705591
IND_FUA_09069,Coimbatore,preexisting_detected_screened,normalized_exceedance_trapezoid,6726431.6307,0.871115055531,0.000900743681843
IND_FUA_09069,Coimbatore,preexisting_detected_screened,uniform_seven_RP_mean,6726431.6307,0.871115055531,0.000981406121407
IND_FUA_09069,Coimbatore,preexisting_detected_screened,RP10,6726431.6307,0.871115055531,0.000765189279525
IND_FUA_09069,Coimbatore,preexisting_detected_screened,RP20,6726431.6307,0.871115055531,0.000901145872453
IND_FUA_09069,Coimbatore,preexisting_detected_screened,RP50,6726431.6307,0.871115055531,0.000972197275314
IND_FUA_09069,Coimbatore,preexisting_detected_screened,RP75,6726431.6307,0.871115055531,0.00100390449253
IND_FUA_09069,Coimbatore,preexisting_detected_screened,RP100,6726431.6307,0.871115055531,0.00102421096322
IND_FUA_09069,Coimbatore,preexisting_detected_screened,RP200,6726431.6307,0.871115055531,0.00107273465092
IND_FUA_09069,Coimbatore,preexisting_detected_screened,RP500,6726431.6307,0.871115055531,0.00113046031589
IND_FUA_09069,Coimbatore,joint_supported_screened,normalized_exceedance_trapezoid,1858024.2159,0.240625781525,0.000345343479615
IND_FUA_09069,Coimbatore,joint_supported_screened,uniform_seven_RP_mean,1858024.2159,0.240625781525,0.000366677763781
IND_FUA_09069,Coimbatore,joint_supported_screened,RP10,1858024.2159,0.240625781525,0.000319976481228
IND_FUA_09069,Coimbatore,joint_supported_screened,RP20,1858024.2159,0.240625781525,0.000340329895254
IND_FUA_09069,Coimbatore,joint_supported_screened,RP50,1858024.2159,0.240625781525,0.00036201055836
IND_FUA_09069,Coimbatore,joint_supported_screened,RP75,1858024.2159,0.240625781525,0.00037070899169
IND_FUA_09069,Coimbatore,joint_supported_screened,RP100,1858024.2159,0.240625781525,0.000376646619236
IND_FUA_09069,Coimbatore,joint_supported_screened,RP200,1858024.2159,0.240625781525,0.000390271740747
IND_FUA_09069,Coimbatore,joint_supported_screened,RP500,1858024.2159,0.240625781525,0.000406800059954
IND_FUA_09099,Bengaluru,ghsl_only,normalized_exceedance_trapezoid,26136148,1,0.00544828966072
IND_FUA_09099,Bengaluru,ghsl_only,uniform_seven_RP_mean,26136148,1,0.00612464136871
IND_FUA_09099,Bengaluru,ghsl_only,RP10,26136148,1,0.004689310172
IND_FUA_09099,Bengaluru,ghsl_only,RP20,26136148,1,0.00528881480394
IND_FUA_09099,Bengaluru,ghsl_only,RP50,26136148,1,0.00593184979116
IND_FUA_09099,Bengaluru,ghsl_only,RP75,26136148,1,0.00622094715713
IND_FUA_09099,Bengaluru,ghsl_only,RP100,26136148,1,0.00640471797904
IND_FUA_09099,Bengaluru,ghsl_only,RP200,26136148,1,0.00684005022943
IND_FUA_09099,Bengaluru,ghsl_only,RP500,26136148,1,0.00749679944827
IND_FUA_09099,Bengaluru,endpoint_supported,normalized_exceedance_trapezoid,7415752.37312,0.283735475217,0.00226429703727
IND_FUA_09099,Bengaluru,endpoint_supported,uniform_seven_RP_mean,7415752.37312,0.283735475217,0.00261966985749
IND_FUA_09099,Bengaluru,endpoint_supported,RP10,7415752.37312,0.283735475217,0.001888545102
IND_FUA_09099,Bengaluru,endpoint_supported,RP20,7415752.37312,0.283735475217,0.00217838770747
IND_FUA_09099,Bengaluru,endpoint_supported,RP50,7415752.37312,0.283735475217,0.00249460907461
IND_FUA_09099,Bengaluru,endpoint_supported,RP75,7415752.37312,0.283735475217,0.00266876726999
IND_FUA_09099,Bengaluru,endpoint_supported,RP100,7415752.37312,0.283735475217,0.00276276820352
IND_FUA_09099,Bengaluru,endpoint_supported,RP200,7415752.37312,0.283735475217,0.00297807444159
IND_FUA_09099,Bengaluru,endpoint_supported,RP500,7415752.37312,0.283735475217,0.00336653720326
IND_FUA_09099,Bengaluru,preexisting_detected_screened,normalized_exceedance_trapezoid,23166882.1924,0.886392370917,0.00582754096019
IND_FUA_09099,Bengaluru,preexisting_detected_screened,uniform_seven_RP_mean,23166882.1924,0.886392370917,0.00655395656977
IND_FUA_09099,Bengaluru,preexisting_detected_screened,RP10,23166882.1924,0.886392370917,0.00501170850083
IND_FUA_09099,Bengaluru,preexisting_detected_screened,RP20,23166882.1924,0.886392370917,0.0056578817355
IND_FUA_09099,Bengaluru,preexisting_detected_screened,RP50,23166882.1924,0.886392370917,0.00634482193625
IND_FUA_09099,Bengaluru,preexisting_detected_screened,RP75,23166882.1924,0.886392370917,0.00665581432078
IND_FUA_09099,Bengaluru,preexisting_detected_screened,RP100,23166882.1924,0.886392370917,0.00685309879162
IND_FUA_09099,Bengaluru,preexisting_detected_screened,RP200,23166882.1924,0.886392370917,0.00732163628093
IND_FUA_09099,Bengaluru,preexisting_detected_screened,RP500,23166882.1924,0.886392370917,0.00803273442248
IND_FUA_09099,Bengaluru,joint_supported_screened,normalized_exceedance_trapezoid,6183908.92009,0.236603684678,0.00240212071217
IND_FUA_09099,Bengaluru,joint_supported_screened,uniform_seven_RP_mean,6183908.92009,0.236603684678,0.00278771699947
IND_FUA_09099,Bengaluru,joint_supported_screened,RP10,6183908.92009,0.236603684678,0.00199689617114
IND_FUA_09099,Bengaluru,joint_supported_screened,RP20,6183908.92009,0.236603684678,0.00231011099761
IND_FUA_09099,Bengaluru,joint_supported_screened,RP50,6183908.92009,0.236603684678,0.00264685940904
IND_FUA_09099,Bengaluru,joint_supported_screened,RP75,6183908.92009,0.236603684678,0.00283903373242
IND_FUA_09099,Bengaluru,joint_supported_screened,RP100,6183908.92009,0.236603684678,0.00294080956215
IND_FUA_09099,Bengaluru,joint_supported_screened,RP200,6183908.92009,0.236603684678,0.00317448970139
IND_FUA_09099,Bengaluru,joint_supported_screened,RP500,6183908.92009,0.236603684678,0.00360581942256
IND_FUA_09129,Gonda,ghsl_only,normalized_exceedance_trapezoid,1208202,1,0.00221750516778
IND_FUA_09129,Gonda,ghsl_only,uniform_seven_RP_mean,1208202,1,0.00378544527214
IND_FUA_09129,Gonda,ghsl_only,RP10,1208202,1,0.00101369059245
IND_FUA_09129,Gonda,ghsl_only,RP20,1208202,1,0.00127838889558
IND_FUA_09129,Gonda,ghsl_only,RP50,1208202,1,0.00379885315552
IND_FUA_09129,Gonda,ghsl_only,RP75,1208202,1,0.00430269523457
IND_FUA_09129,Gonda,ghsl_only,RP100,1208202,1,0.00461854307845
IND_FUA_09129,Gonda,ghsl_only,RP200,1208202,1,0.00528228801396
IND_FUA_09129,Gonda,ghsl_only,RP500,1208202,1,0.00620365793446
IND_FUA_09129,Gonda,endpoint_supported,normalized_exceedance_trapezoid,367713.278854,0.304347517099,0.000946278625001
IND_FUA_09129,Gonda,endpoint_supported,uniform_seven_RP_mean,367713.278854,0.304347517099,0.00167225184302
IND_FUA_09129,Gonda,endpoint_supported,RP10,367713.278854,0.304347517099,0.000410856544717
IND_FUA_09129,Gonda,endpoint_supported,RP20,367713.278854,0.304347517099,0.000486568902123
IND_FUA_09129,Gonda,endpoint_supported,RP50,367713.278854,0.304347517099,0.00169329429846
IND_FUA_09129,Gonda,endpoint_supported,RP75,367713.278854,0.304347517099,0.00193031648051
IND_FUA_09129,Gonda,endpoint_supported,RP100,367713.278854,0.304347517099,0.00208859556588
IND_FUA_09129,Gonda,endpoint_supported,RP200,367713.278854,0.304347517099,0.00238365846039
IND_FUA_09129,Gonda,endpoint_supported,RP500,367713.278854,0.304347517099,0.00271247264905
IND_FUA_09129,Gonda,preexisting_detected_screened,normalized_exceedance_trapezoid,1147259.52423,0.949559365266,0.00231427580858
IND_FUA_09129,Gonda,preexisting_detected_screened,uniform_seven_RP_mean,1147259.52423,0.949559365266,0.0039578871414
IND_FUA_09129,Gonda,preexisting_detected_screened,RP10,1147259.52423,0.949559365266,0.00105665486597
IND_FUA_09129,Gonda,preexisting_detected_screened,RP20,1147259.52423,0.949559365266,0.0013267175178
IND_FUA_09129,Gonda,preexisting_detected_screened,RP50,1147259.52423,0.949559365266,0.00397316569872
IND_FUA_09129,Gonda,preexisting_detected_screened,RP75,1147259.52423,0.949559365266,0.00450064037062
IND_FUA_09129,Gonda,preexisting_detected_screened,RP100,1147259.52423,0.949559365266,0.00483103069487
IND_FUA_09129,Gonda,preexisting_detected_screened,RP200,1147259.52423,0.949559365266,0.00552583522349
IND_FUA_09129,Gonda,preexisting_detected_screened,RP500,1147259.52423,0.949559365266,0.00649116561831
IND_FUA_09129,Gonda,joint_supported_screened,normalized_exceedance_trapezoid,339474.120938,0.280974639123,0.00102370979765
IND_FUA_09129,Gonda,joint_supported_screened,uniform_seven_RP_mean,339474.120938,0.280974639123,0.001809569148
IND_FUA_09129,Gonda,joint_supported_screened,RP10,339474.120938,0.280974639123,0.000444428767852
IND_FUA_09129,Gonda,joint_supported_screened,RP20,339474.120938,0.280974639123,0.000525846353939
IND_FUA_09129,Gonda,joint_supported_screened,RP50,339474.120938,0.280974639123,0.00183244415426
IND_FUA_09129,Gonda,joint_supported_screened,RP75,339474.120938,0.280974639123,0.00208897341607
IND_FUA_09129,Gonda,joint_supported_screened,RP100,339474.120938,0.280974639123,0.00226026922523
IND_FUA_09129,Gonda,joint_supported_screened,RP200,339474.120938,0.280974639123,0.00257959544953
IND_FUA_09129,Gonda,joint_supported_screened,RP500,339474.120938,0.280974639123,0.00293542666909
IND_FUA_09157,Thiruvananthapuram,ghsl_only,normalized_exceedance_trapezoid,2457935,1,0.0327939588029
IND_FUA_09157,Thiruvananthapuram,ghsl_only,uniform_seven_RP_mean,2457935,1,0.0351557804013
IND_FUA_09157,Thiruvananthapuram,ghsl_only,RP10,2457935,1,0.0301686567328
IND_FUA_09157,Thiruvananthapuram,ghsl_only,RP20,2457935,1,0.0321538535482
IND_FUA_09157,Thiruvananthapuram,ghsl_only,RP50,2457935,1,0.0346381679332
IND_FUA_09157,Thiruvananthapuram,ghsl_only,RP75,2457935,1,0.0355196384339
IND_FUA_09157,Thiruvananthapuram,ghsl_only,RP100,2457935,1,0.0361346637177
IND_FUA_09157,Thiruvananthapuram,ghsl_only,RP200,2457935,1,0.0376127236003
IND_FUA_09157,Thiruvananthapuram,ghsl_only,RP500,2457935,1,0.0398627588432
IND_FUA_09157,Thiruvananthapuram,endpoint_supported,normalized_exceedance_trapezoid,466179.317877,0.189662996734,0.0122429176832
IND_FUA_09157,Thiruvananthapuram,endpoint_supported,uniform_seven_RP_mean,466179.317877,0.189662996734,0.0129159467369
IND_FUA_09157,Thiruvananthapuram,endpoint_supported,RP10,466179.317877,0.189662996734,0.0114723999565
IND_FUA_09157,Thiruvananthapuram,endpoint_supported,RP20,466179.317877,0.189662996734,0.01207829527
IND_FUA_09157,Thiruvananthapuram,endpoint_supported,RP50,466179.317877,0.189662996734,0.0127505983179
IND_FUA_09157,Thiruvananthapuram,endpoint_supported,RP75,466179.317877,0.189662996734,0.013021408404
IND_FUA_09157,Thiruvananthapuram,endpoint_supported,RP100,466179.317877,0.189662996734,0.0132085677125
IND_FUA_09157,Thiruvananthapuram,endpoint_supported,RP200,466179.317877,0.189662996734,0.0136559508028
IND_FUA_09157,Thiruvananthapuram,endpoint_supported,RP500,466179.317877,0.189662996734,0.0142244066947
IND_FUA_09157,Thiruvananthapuram,preexisting_detected_screened,normalized_exceedance_trapezoid,1798335.73763,0.731644953034,0.0310922888501
IND_FUA_09157,Thiruvananthapuram,preexisting_detected_screened,uniform_seven_RP_mean,1798335.73763,0.731644953034,0.0333341854775
IND_FUA_09157,Thiruvananthapuram,preexisting_detected_screened,RP10,1798335.73763,0.731644953034,0.0285556450073
IND_FUA_09157,Thiruvananthapuram,preexisting_detected_screened,RP20,1798335.73763,0.731644953034,0.0305505291494
IND_FUA_09157,Thiruvananthapuram,preexisting_detected_screened,RP50,1798335.73763,0.731644953034,0.0327737717849
IND_FUA_09157,Thiruvananthapuram,preexisting_detected_screened,RP75,1798335.73763,0.731644953034,0.0336218499782
IND_FUA_09157,Thiruvananthapuram,preexisting_detected_screened,RP100,1798335.73763,0.731644953034,0.0342239212076
IND_FUA_09157,Thiruvananthapuram,preexisting_detected_screened,RP200,1798335.73763,0.731644953034,0.0356600960055
IND_FUA_09157,Thiruvananthapuram,preexisting_detected_screened,RP500,1798335.73763,0.731644953034,0.0379534852098
IND_FUA_09157,Thiruvananthapuram,joint_supported_screened,normalized_exceedance_trapezoid,291474.168228,0.118584978133,0.00889036132384
IND_FUA_09157,Thiruvananthapuram,joint_supported_screened,uniform_seven_RP_mean,291474.168228,0.118584978133,0.00936543426899
IND_FUA_09157,Thiruvananthapuram,joint_supported_screened,RP10,291474.168228,0.118584978133,0.00838064286729
IND_FUA_09157,Thiruvananthapuram,joint_supported_screened,RP20,291474.168228,0.118584978133,0.00877179931441
IND_FUA_09157,Thiruvananthapuram,joint_supported_screened,RP50,291474.168228,0.118584978133,0.00921788288049
IND_FUA_09157,Thiruvananthapuram,joint_supported_screened,RP75,291474.168228,0.118584978133,0.00940599606574
IND_FUA_09157,Thiruvananthapuram,joint_supported_screened,RP100,291474.168228,0.118584978133,0.0095463874989
IND_FUA_09157,Thiruvananthapuram,joint_supported_screened,RP200,291474.168228,0.118584978133,0.00988530168411
IND_FUA_09157,Thiruvananthapuram,joint_supported_screened,RP500,291474.168228,0.118584978133,0.010350029572
IND_FUA_09165,Tiruppur,ghsl_only,normalized_exceedance_trapezoid,5777389,1,0.00549100226698
IND_FUA_09165,Tiruppur,ghsl_only,uniform_seven_RP_mean,5777389,1,0.00637041247093
IND_FUA_09165,Tiruppur,ghsl_only,RP10,5777389,1,0.00453524225947
IND_FUA_09165,Tiruppur,ghsl_only,RP20,5777389,1,0.00525662980125
IND_FUA_09165,Tiruppur,ghsl_only,RP50,5777389,1,0.00612667528274
IND_FUA_09165,Tiruppur,ghsl_only,RP75,5777389,1,0.00651267309378
IND_FUA_09165,Tiruppur,ghsl_only,RP100,5777389,1,0.00676238534124
IND_FUA_09165,Tiruppur,ghsl_only,RP200,5777389,1,0.00732428004367
IND_FUA_09165,Tiruppur,ghsl_only,RP500,5777389,1,0.00807500147434
IND_FUA_09165,Tiruppur,endpoint_supported,normalized_exceedance_trapezoid,1644134.13874,0.284580826865,0.00550715242241
IND_FUA_09165,Tiruppur,endpoint_supported,uniform_seven_RP_mean,1644134.13874,0.284580826865,0.0063815539446
IND_FUA_09165,Tiruppur,endpoint_supported,RP10,1644134.13874,0.284580826865,0.00454835003747
IND_FUA_09165,Tiruppur,endpoint_supported,RP20,1644134.13874,0.284580826865,0.00527368412324
IND_FUA_09165,Tiruppur,endpoint_supported,RP50,1644134.13874,0.284580826865,0.00614689017117
IND_FUA_09165,Tiruppur,endpoint_supported,RP75,1644134.13874,0.284580826865,0.00653347583067
IND_FUA_09165,Tiruppur,endpoint_supported,RP100,1644134.13874,0.284580826865,0.00677969943149
IND_FUA_09165,Tiruppur,endpoint_supported,RP200,1644134.13874,0.284580826865,0.00734101649884
IND_FUA_09165,Tiruppur,endpoint_supported,RP500,1644134.13874,0.284580826865,0.00804776151933
IND_FUA_09165,Tiruppur,preexisting_detected_screened,normalized_exceedance_trapezoid,5214331.97512,0.902541264768,0.00455890789751
IND_FUA_09165,Tiruppur,preexisting_detected_screened,uniform_seven_RP_mean,5214331.97512,0.902541264768,0.00533843533639
IND_FUA_09165,Tiruppur,preexisting_detected_screened,RP10,5214331.97512,0.902541264768,0.00371581080154
IND_FUA_09165,Tiruppur,preexisting_detected_screened,RP20,5214331.97512,0.902541264768,0.00434698525964
IND_FUA_09165,Tiruppur,preexisting_detected_screened,RP50,5214331.97512,0.902541264768,0.00512810637693
IND_FUA_09165,Tiruppur,preexisting_detected_screened,RP75,5214331.97512,0.902541264768,0.00546201976511
IND_FUA_09165,Tiruppur,preexisting_detected_screened,RP100,5214331.97512,0.902541264768,0.00568278071959
IND_FUA_09165,Tiruppur,preexisting_detected_screened,RP200,5214331.97512,0.902541264768,0.0061778565933
IND_FUA_09165,Tiruppur,preexisting_detected_screened,RP500,5214331.97512,0.902541264768,0.0068554878386
IND_FUA_09165,Tiruppur,joint_supported_screened,normalized_exceedance_trapezoid,1386059.16348,0.23991099846,0.00469754512284
IND_FUA_09165,Tiruppur,joint_supported_screened,uniform_seven_RP_mean,1386059.16348,0.23991099846,0.0054522430001
IND_FUA_09165,Tiruppur,joint_supported_screened,RP10,1386059.16348,0.23991099846,0.00386813548363
IND_FUA_09165,Tiruppur,joint_supported_screened,RP20,1386059.16348,0.23991099846,0.00449059986457
IND_FUA_09165,Tiruppur,joint_supported_screened,RP50,1386059.16348,0.23991099846,0.00526490097658
IND_FUA_09165,Tiruppur,joint_supported_screened,RP75,1386059.16348,0.23991099846,0.00558634585031
IND_FUA_09165,Tiruppur,joint_supported_screened,RP100,1386059.16348,0.23991099846,0.00579682338005
IND_FUA_09165,Tiruppur,joint_supported_screened,RP200,1386059.16348,0.23991099846,0.00627414104974
IND_FUA_09165,Tiruppur,joint_supported_screened,RP500,1386059.16348,0.23991099846,0.0068847543958
IND_FUA_09195,Faizabad,ghsl_only,normalized_exceedance_trapezoid,2166283,1,0.221428398881
IND_FUA_09195,Faizabad,ghsl_only,uniform_seven_RP_mean,2166283,1,0.285931428887
IND_FUA_09195,Faizabad,ghsl_only,RP10,2166283,1,0.14797074886
IND_FUA_09195,Faizabad,ghsl_only,RP20,2166283,1,0.204684586642
IND_FUA_09195,Faizabad,ghsl_only,RP50,2166283,1,0.271700521156
IND_FUA_09195,Faizabad,ghsl_only,RP75,2166283,1,0.296522139992
IND_FUA_09195,Faizabad,ghsl_only,RP100,2166283,1,0.314606636211
IND_FUA_09195,Faizabad,ghsl_only,RP200,2166283,1,0.355851977501
IND_FUA_09195,Faizabad,ghsl_only,RP500,2166283,1,0.410183391849
IND_FUA_09195,Faizabad,endpoint_supported,normalized_exceedance_trapezoid,714807.795066,0.329969720053,0.134829165643
IND_FUA_09195,Faizabad,endpoint_supported,uniform_seven_RP_mean,714807.795066,0.329969720053,0.185104921733
IND_FUA_09195,Faizabad,endpoint_supported,RP10,714807.795066,0.329969720053,0.080730955317
IND_FUA_09195,Faizabad,endpoint_supported,RP20,714807.795066,0.329969720053,0.121029899317
IND_FUA_09195,Faizabad,endpoint_supported,RP50,714807.795066,0.329969720053,0.171765226896
IND_FUA_09195,Faizabad,endpoint_supported,RP75,714807.795066,0.329969720053,0.191981247136
IND_FUA_09195,Faizabad,endpoint_supported,RP100,714807.795066,0.329969720053,0.206366259836
IND_FUA_09195,Faizabad,endpoint_supported,RP200,714807.795066,0.329969720053,0.239680908218
IND_FUA_09195,Faizabad,endpoint_supported,RP500,714807.795066,0.329969720053,0.284179955411
IND_FUA_09195,Faizabad,preexisting_detected_screened,normalized_exceedance_trapezoid,1896425.44758,0.875428301646,0.235932847751
IND_FUA_09195,Faizabad,preexisting_detected_screened,uniform_seven_RP_mean,1896425.44758,0.875428301646,0.30410260233
IND_FUA_09195,Faizabad,preexisting_detected_screened,RP10,1896425.44758,0.875428301646,0.157862908283
IND_FUA_09195,Faizabad,preexisting_detected_screened,RP20,1896425.44758,0.875428301646,0.218302571974
IND_FUA_09195,Faizabad,preexisting_detected_screened,RP50,1896425.44758,0.875428301646,0.28942809714
IND_FUA_09195,Faizabad,preexisting_detected_screened,RP75,1896425.44758,0.875428301646,0.315639729286
IND_FUA_09195,Faizabad,preexisting_detected_screened,RP100,1896425.44758,0.875428301646,0.334641335984
IND_FUA_09195,Faizabad,preexisting_detected_screened,RP200,1896425.44758,0.875428301646,0.377903522336
IND_FUA_09195,Faizabad,preexisting_detected_screened,RP500,1896425.44758,0.875428301646,0.434940051307
IND_FUA_09195,Faizabad,joint_supported_screened,normalized_exceedance_trapezoid,592292.409389,0.273414142745,0.145895914108
IND_FUA_09195,Faizabad,joint_supported_screened,uniform_seven_RP_mean,592292.409389,0.273414142745,0.200306319282
IND_FUA_09195,Faizabad,joint_supported_screened,RP10,592292.409389,0.273414142745,0.0868969396848
IND_FUA_09195,Faizabad,joint_supported_screened,RP20,592292.409389,0.273414142745,0.131049091626
IND_FUA_09195,Faizabad,joint_supported_screened,RP50,592292.409389,0.273414142745,0.18618356182
IND_FUA_09195,Faizabad,joint_supported_screened,RP75,592292.409389,0.273414142745,0.208099732083
IND_FUA_09195,Faizabad,joint_supported_screened,RP100,592292.409389,0.273414142745,0.223608965945
IND_FUA_09195,Faizabad,joint_supported_screened,RP200,592292.409389,0.273414142745,0.259354209766
IND_FUA_09195,Faizabad,joint_supported_screened,RP500,592292.409389,0.273414142745,0.306951734046
IND_FUA_09258,Sultanpur,ghsl_only,normalized_exceedance_trapezoid,1832581,1,0.582127094723
IND_FUA_09258,Sultanpur,ghsl_only,uniform_seven_RP_mean,1832581,1,0.675029237943
IND_FUA_09258,Sultanpur,ghsl_only,RP10,1832581,1,0.470944875558
IND_FUA_09258,Sultanpur,ghsl_only,RP20,1832581,1,0.558631447835
IND_FUA_09258,Sultanpur,ghsl_only,RP50,1832581,1,0.658636181613
IND_FUA_09258,Sultanpur,ghsl_only,RP75,1832581,1,0.69570885897
IND_FUA_09258,Sultanpur,ghsl_only,RP100,1832581,1,0.720867998583
IND_FUA_09258,Sultanpur,ghsl_only,RP200,1832581,1,0.776717962958
IND_FUA_09258,Sultanpur,ghsl_only,RP500,1832581,1,0.84369734008
IND_FUA_09258,Sultanpur,endpoint_supported,normalized_exceedance_trapezoid,495482.16008,0.270373948044,0.423681680583
IND_FUA_09258,Sultanpur,endpoint_supported,uniform_seven_RP_mean,495482.16008,0.270373948044,0.498940873919
IND_FUA_09258,Sultanpur,endpoint_supported,RP10,495482.16008,0.270373948044,0.333394688329
IND_FUA_09258,Sultanpur,endpoint_supported,RP20,495482.16008,0.270373948044,0.404481266871
IND_FUA_09258,Sultanpur,endpoint_supported,RP50,495482.16008,0.270373948044,0.486417251466
IND_FUA_09258,Sultanpur,endpoint_supported,RP75,495482.16008,0.270373948044,0.515834559264
IND_FUA_09258,Sultanpur,endpoint_supported,RP100,495482.16008,0.270373948044,0.535491348549
IND_FUA_09258,Sultanpur,endpoint_supported,RP200,495482.16008,0.270373948044,0.581279980333
IND_FUA_09258,Sultanpur,endpoint_supported,RP500,495482.16008,0.270373948044,0.635687022621
IND_FUA_09258,Sultanpur,preexisting_detected_screened,normalized_exceedance_trapezoid,1683468.34912,0.918632436505,0.602403818433
IND_FUA_09258,Sultanpur,preexisting_detected_screened,uniform_seven_RP_mean,1683468.34912,0.918632436505,0.697381381727
IND_FUA_09258,Sultanpur,preexisting_detected_screened,RP10,1683468.34912,0.918632436505,0.48910039223
IND_FUA_09258,Sultanpur,preexisting_detected_screened,RP20,1683468.34912,0.918632436505,0.578320308737
IND_FUA_09258,Sultanpur,preexisting_detected_screened,RP50,1683468.34912,0.918632436505,0.680329619495
IND_FUA_09258,Sultanpur,preexisting_detected_screened,RP75,1683468.34912,0.918632436505,0.718273713813
IND_FUA_09258,Sultanpur,preexisting_detected_screened,RP100,1683468.34912,0.918632436505,0.744066767351
IND_FUA_09258,Sultanpur,preexisting_detected_screened,RP200,1683468.34912,0.918632436505,0.80141091537
IND_FUA_09258,Sultanpur,preexisting_detected_screened,RP500,1683468.34912,0.918632436505,0.870167955093
IND_FUA_09258,Sultanpur,joint_supported_screened,normalized_exceedance_trapezoid,413211.481871,0.225480610064,0.430523775192
IND_FUA_09258,Sultanpur,joint_supported_screened,uniform_seven_RP_mean,413211.481871,0.225480610064,0.505466316946
IND_FUA_09258,Sultanpur,joint_supported_screened,RP10,413211.481871,0.225480610064,0.341529689539
IND_FUA_09258,Sultanpur,joint_supported_screened,RP20,413211.481871,0.225480610064,0.411192313822
IND_FUA_09258,Sultanpur,joint_supported_screened,RP50,413211.481871,0.225480610064,0.492400420078
IND_FUA_09258,Sultanpur,joint_supported_screened,RP75,413211.481871,0.225480610064,0.52168150191
IND_FUA_09258,Sultanpur,joint_supported_screened,RP100,413211.481871,0.225480610064,0.541290373168
IND_FUA_09258,Sultanpur,joint_supported_screened,RP200,413211.481871,0.225480610064,0.587606079262
IND_FUA_09258,Sultanpur,joint_supported_screened,RP500,413211.481871,0.225480610064,0.642563840847
IND_FUA_09266,Erode,ghsl_only,normalized_exceedance_trapezoid,3313105,1,0.0104591854938
IND_FUA_09266,Erode,ghsl_only,uniform_seven_RP_mean,3313105,1,0.0143888897247
IND_FUA_09266,Erode,ghsl_only,RP10,3313105,1,0.00678994781705
IND_FUA_09266,Erode,ghsl_only,RP20,3313105,1,0.00911453722903
IND_FUA_09266,Erode,ghsl_only,RP50,3313105,1,0.0132993187993
IND_FUA_09266,Erode,ghsl_only,RP75,3313105,1,0.014643579594
IND_FUA_09266,Erode,ghsl_only,RP100,3313105,1,0.0157853587951
IND_FUA_09266,Erode,ghsl_only,RP200,3313105,1,0.0184898776455
IND_FUA_09266,Erode,ghsl_only,RP500,3313105,1,0.0225996081931
IND_FUA_09266,Erode,endpoint_supported,normalized_exceedance_trapezoid,452535.520275,0.136589549765,0.00760280194542
IND_FUA_09266,Erode,endpoint_supported,uniform_seven_RP_mean,452535.520275,0.136589549765,0.0111899075249
IND_FUA_09266,Erode,endpoint_supported,RP10,452535.520275,0.136589549765,0.00468032629701
IND_FUA_09266,Erode,endpoint_supported,RP20,452535.520275,0.136589549765,0.0066178142404
IND_FUA_09266,Erode,endpoint_supported,RP50,452535.520275,0.136589549765,0.00932534032225
IND_FUA_09266,Erode,endpoint_supported,RP75,452535.520275,0.136589549765,0.0104654358763
IND_FUA_09266,Erode,endpoint_supported,RP100,452535.520275,0.136589549765,0.0117915538307
IND_FUA_09266,Erode,endpoint_supported,RP200,452535.520275,0.136589549765,0.0151029256789
IND_FUA_09266,Erode,endpoint_supported,RP500,452535.520275,0.136589549765,0.0203459564288
IND_FUA_09266,Erode,preexisting_detected_screened,normalized_exceedance_trapezoid,3087017.70063,0.931759693892,0.00877326807055
IND_FUA_09266,Erode,preexisting_detected_screened,uniform_seven_RP_mean,3087017.70063,0.931759693892,0.0121448824612
IND_FUA_09266,Erode,preexisting_detected_screened,RP10,3087017.70063,0.931759693892,0.00564847262625
IND_FUA_09266,Erode,preexisting_detected_screened,RP20,3087017.70063,0.931759693892,0.00757676962228
IND_FUA_09266,Erode,preexisting_detected_screened,RP50,3087017.70063,0.931759693892,0.0112707013226
IND_FUA_09266,Erode,preexisting_detected_screened,RP75,3087017.70063,0.931759693892,0.0123726661057
IND_FUA_09266,Erode,preexisting_detected_screened,RP100,3087017.70063,0.931759693892,0.0133599899104
IND_FUA_09266,Erode,preexisting_detected_screened,RP200,3087017.70063,0.931759693892,0.0156639298009
IND_FUA_09266,Erode,preexisting_detected_screened,RP500,3087017.70063,0.931759693892,0.0191216478402
IND_FUA_09266,Erode,joint_supported_screened,normalized_exceedance_trapezoid,369442.247016,0.111509368709,0.00590563954624
IND_FUA_09266,Erode,joint_supported_screened,uniform_seven_RP_mean,369442.247016,0.111509368709,0.00861219919316
IND_FUA_09266,Erode,joint_supported_screened,RP10,369442.247016,0.111509368709,0.00392539288989
IND_FUA_09266,Erode,joint_supported_screened,RP20,369442.247016,0.111509368709,0.0051602477766
IND_FUA_09266,Erode,joint_supported_screened,RP50,369442.247016,0.111509368709,0.00697317702652
IND_FUA_09266,Erode,joint_supported_screened,RP75,369442.247016,0.111509368709,0.00772568062915
IND_FUA_09266,Erode,joint_supported_screened,RP100,369442.247016,0.111509368709,0.0088875283883
IND_FUA_09266,Erode,joint_supported_screened,RP200,369442.247016,0.111509368709,0.011714616203
IND_FUA_09266,Erode,joint_supported_screened,RP500,369442.247016,0.111509368709,0.0158987514386
IND_FUA_09282,Prayagraj,ghsl_only,normalized_exceedance_trapezoid,2283637,1,0.173608524519
IND_FUA_09282,Prayagraj,ghsl_only,uniform_seven_RP_mean,2283637,1,0.298219297379
IND_FUA_09282,Prayagraj,ghsl_only,RP10,2283637,1,0.0724526430174
IND_FUA_09282,Prayagraj,ghsl_only,RP20,2283637,1,0.136110970073
IND_FUA_09282,Prayagraj,ghsl_only,RP50,2283637,1,0.234841246061
IND_FUA_09282,Prayagraj,ghsl_only,RP75,2283637,1,0.290305988809
IND_FUA_09282,Prayagraj,ghsl_only,RP100,2283637,1,0.328157926337
IND_FUA_09282,Prayagraj,ghsl_only,RP200,2283637,1,0.438041432747
IND_FUA_09282,Prayagraj,ghsl_only,RP500,2283637,1,0.587624874607
IND_FUA_09282,Prayagraj,endpoint_supported,normalized_exceedance_trapezoid,737315.760377,0.322869072614,0.149464183561
IND_FUA_09282,Prayagraj,endpoint_supported,uniform_seven_RP_mean,737315.760377,0.322869072614,0.274371477947
IND_FUA_09282,Prayagraj,endpoint_supported,RP10,737315.760377,0.322869072614,0.0439467644487
IND_FUA_09282,Prayagraj,endpoint_supported,RP20,737315.760377,0.322869072614,0.112835848463
IND_FUA_09282,Prayagraj,endpoint_supported,RP50,737315.760377,0.322869072614,0.21337163703
IND_FUA_09282,Prayagraj,endpoint_supported,RP75,737315.760377,0.322869072614,0.269426309957
IND_FUA_09282,Prayagraj,endpoint_supported,RP100,737315.760377,0.322869072614,0.306341135862
IND_FUA_09282,Prayagraj,endpoint_supported,RP200,737315.760377,0.322869072614,0.415201067872
IND_FUA_09282,Prayagraj,endpoint_supported,RP500,737315.760377,0.322869072614,0.559477581994
IND_FUA_09282,Prayagraj,preexisting_detected_screened,normalized_exceedance_trapezoid,1969172.45017,0.862296612889,0.139256148384
IND_FUA_09282,Prayagraj,preexisting_detected_screened,uniform_seven_RP_mean,1969172.45017,0.862296612889,0.241689019754
IND_FUA_09282,Prayagraj,preexisting_detected_screened,RP10,1969172.45017,0.862296612889,0.0599953884682
IND_FUA_09282,Prayagraj,preexisting_detected_screened,RP20,1969172.45017,0.862296612889,0.108248241401
IND_FUA_09282,Prayagraj,preexisting_detected_screened,RP50,1969172.45017,0.862296612889,0.186428663319
IND_FUA_09282,Prayagraj,preexisting_detected_screened,RP75,1969172.45017,0.862296612889,0.230578450911
IND_FUA_09282,Prayagraj,preexisting_detected_screened,RP100,1969172.45017,0.862296612889,0.262155763626
IND_FUA_09282,Prayagraj,preexisting_detected_screened,RP200,1969172.45017,0.862296612889,0.355038585674
IND_FUA_09282,Prayagraj,preexisting_detected_screened,RP500,1969172.45017,0.862296612889,0.489378044879
IND_FUA_09282,Prayagraj,joint_supported_screened,normalized_exceedance_trapezoid,578475.271418,0.253313145398,0.112481626297
IND_FUA_09282,Prayagraj,joint_supported_screened,uniform_seven_RP_mean,578475.271418,0.253313145398,0.211442095341
IND_FUA_09282,Prayagraj,joint_supported_screened,RP10,578475.271418,0.253313145398,0.0287830098562
IND_FUA_09282,Prayagraj,joint_supported_screened,RP20,578475.271418,0.253313145398,0.08355280567
IND_FUA_09282,Prayagraj,joint_supported_screened,RP50,578475.271418,0.253313145398,0.164062843296
IND_FUA_09282,Prayagraj,joint_supported_screened,RP75,578475.271418,0.253313145398,0.206235664777
IND_FUA_09282,Prayagraj,joint_supported_screened,RP100,578475.271418,0.253313145398,0.23593063507
IND_FUA_09282,Prayagraj,joint_supported_screened,RP200,578475.271418,0.253313145398,0.318870364146
IND_FUA_09282,Prayagraj,joint_supported_screened,RP500,578475.271418,0.253313145398,0.442659344571
IND_FUA_09368,Salem,ghsl_only,normalized_exceedance_trapezoid,4170866,1,0.000220337934616
IND_FUA_09368,Salem,ghsl_only,uniform_seven_RP_mean,4170866,1,0.000220337934616
IND_FUA_09368,Salem,ghsl_only,RP10,4170866,1,0.000220337934616
IND_FUA_09368,Salem,ghsl_only,RP20,4170866,1,0.000220337934616
IND_FUA_09368,Salem,ghsl_only,RP50,4170866,1,0.000220337934616
IND_FUA_09368,Salem,ghsl_only,RP75,4170866,1,0.000220337934616
IND_FUA_09368,Salem,ghsl_only,RP100,4170866,1,0.000220337934616
IND_FUA_09368,Salem,ghsl_only,RP200,4170866,1,0.000220337934616
IND_FUA_09368,Salem,ghsl_only,RP500,4170866,1,0.000220337934616
IND_FUA_09368,Salem,endpoint_supported,normalized_exceedance_trapezoid,547105.474179,0.131173112293,0
IND_FUA_09368,Salem,endpoint_supported,uniform_seven_RP_mean,547105.474179,0.131173112293,0
IND_FUA_09368,Salem,endpoint_supported,RP10,547105.474179,0.131173112293,0
IND_FUA_09368,Salem,endpoint_supported,RP20,547105.474179,0.131173112293,0
IND_FUA_09368,Salem,endpoint_supported,RP50,547105.474179,0.131173112293,0
IND_FUA_09368,Salem,endpoint_supported,RP75,547105.474179,0.131173112293,0
IND_FUA_09368,Salem,endpoint_supported,RP100,547105.474179,0.131173112293,0
IND_FUA_09368,Salem,endpoint_supported,RP200,547105.474179,0.131173112293,0
IND_FUA_09368,Salem,endpoint_supported,RP500,547105.474179,0.131173112293,0
IND_FUA_09368,Salem,preexisting_detected_screened,normalized_exceedance_trapezoid,3967541.93366,0.951251354913,0.000226272902465
IND_FUA_09368,Salem,preexisting_detected_screened,uniform_seven_RP_mean,3967541.93366,0.951251354913,0.000226272902465
IND_FUA_09368,Salem,preexisting_detected_screened,RP10,3967541.93366,0.951251354913,0.000226272902465
IND_FUA_09368,Salem,preexisting_detected_screened,RP20,3967541.93366,0.951251354913,0.000226272902465
IND_FUA_09368,Salem,preexisting_detected_screened,RP50,3967541.93366,0.951251354913,0.000226272902465
IND_FUA_09368,Salem,preexisting_detected_screened,RP75,3967541.93366,0.951251354913,0.000226272902465
IND_FUA_09368,Salem,preexisting_detected_screened,RP100,3967541.93366,0.951251354913,0.000226272902465
IND_FUA_09368,Salem,preexisting_detected_screened,RP200,3967541.93366,0.951251354913,0.000226272902465
IND_FUA_09368,Salem,preexisting_detected_screened,RP500,3967541.93366,0.951251354913,0.000226272902465
IND_FUA_09368,Salem,joint_supported_screened,normalized_exceedance_trapezoid,482588.122076,0.115704537637,0
IND_FUA_09368,Salem,joint_supported_screened,uniform_seven_RP_mean,482588.122076,0.115704537637,0
IND_FUA_09368,Salem,joint_supported_screened,RP10,482588.122076,0.115704537637,0
IND_FUA_09368,Salem,joint_supported_screened,RP20,482588.122076,0.115704537637,0
IND_FUA_09368,Salem,joint_supported_screened,RP50,482588.122076,0.115704537637,0
IND_FUA_09368,Salem,joint_supported_screened,RP75,482588.122076,0.115704537637,0
IND_FUA_09368,Salem,joint_supported_screened,RP100,482588.122076,0.115704537637,0
IND_FUA_09368,Salem,joint_supported_screened,RP200,482588.122076,0.115704537637,0
IND_FUA_09368,Salem,joint_supported_screened,RP500,482588.122076,0.115704537637,0
IND_FUA_09444,Madurai,ghsl_only,normalized_exceedance_trapezoid,1974352,1,0.159789639337
IND_FUA_09444,Madurai,ghsl_only,uniform_seven_RP_mean,1974352,1,0.194937503789
IND_FUA_09444,Madurai,ghsl_only,RP10,1974352,1,0.120145468442
IND_FUA_09444,Madurai,ghsl_only,RP20,1974352,1,0.150403579129
IND_FUA_09444,Madurai,ghsl_only,RP50,1974352,1,0.186924699947
IND_FUA_09444,Madurai,ghsl_only,RP75,1974352,1,0.201990332099
IND_FUA_09444,Madurai,ghsl_only,RP100,1974352,1,0.211236122068
IND_FUA_09444,Madurai,ghsl_only,RP200,1974352,1,0.232702516033
IND_FUA_09444,Madurai,ghsl_only,RP500,1974352,1,0.261159808807
IND_FUA_09444,Madurai,endpoint_supported,normalized_exceedance_trapezoid,425768.814345,0.215649901509,0.170453729044
IND_FUA_09444,Madurai,endpoint_supported,uniform_seven_RP_mean,425768.814345,0.215649901509,0.210512088745
IND_FUA_09444,Madurai,endpoint_supported,RP10,425768.814345,0.215649901509,0.125232063303
IND_FUA_09444,Madurai,endpoint_supported,RP20,425768.814345,0.215649901509,0.159567788173
IND_FUA_09444,Madurai,endpoint_supported,RP50,425768.814345,0.215649901509,0.201774449387
IND_FUA_09444,Madurai,endpoint_supported,RP75,425768.814345,0.215649901509,0.218905262163
IND_FUA_09444,Madurai,endpoint_supported,RP100,425768.814345,0.215649901509,0.229350527722
IND_FUA_09444,Madurai,endpoint_supported,RP200,425768.814345,0.215649901509,0.253387517097
IND_FUA_09444,Madurai,endpoint_supported,RP500,425768.814345,0.215649901509,0.285367013372
IND_FUA_09444,Madurai,preexisting_detected_screened,normalized_exceedance_trapezoid,1803724.21968,0.91357783196,0.144228337196
IND_FUA_09444,Madurai,preexisting_detected_screened,uniform_seven_RP_mean,1803724.21968,0.91357783196,0.177397232017
IND_FUA_09444,Madurai,preexisting_detected_screened,RP10,1803724.21968,0.91357783196,0.106874569228
IND_FUA_09444,Madurai,preexisting_detected_screened,RP20,1803724.21968,0.91357783196,0.13541657939
IND_FUA_09444,Madurai,preexisting_detected_screened,RP50,1803724.21968,0.91357783196,0.169662450924
IND_FUA_09444,Madurai,preexisting_detected_screened,RP75,1803724.21968,0.91357783196,0.183997080458
IND_FUA_09444,Madurai,preexisting_detected_screened,RP100,1803724.21968,0.91357783196,0.192712281016
IND_FUA_09444,Madurai,preexisting_detected_screened,RP200,1803724.21968,0.91357783196,0.21309665499
IND_FUA_09444,Madurai,preexisting_detected_screened,RP500,1803724.21968,0.91357783196,0.240021008115
IND_FUA_09444,Madurai,joint_supported_screened,normalized_exceedance_trapezoid,368232.942952,0.186508253316,0.141737555713
IND_FUA_09444,Madurai,joint_supported_screened,uniform_seven_RP_mean,368232.942952,0.186508253316,0.177392463227
IND_FUA_09444,Madurai,joint_supported_screened,RP10,368232.942952,0.186508253316,0.100776125186
IND_FUA_09444,Madurai,joint_supported_screened,RP20,368232.942952,0.186508253316,0.132386413068
IND_FUA_09444,Madurai,joint_supported_screened,RP50,368232.942952,0.186508253316,0.169730288422
IND_FUA_09444,Madurai,joint_supported_screened,RP75,368232.942952,0.186508253316,0.18511351895
IND_FUA_09444,Madurai,joint_supported_screened,RP100,368232.942952,0.186508253316,0.194313198132
IND_FUA_09444,Madurai,joint_supported_screened,RP200,368232.942952,0.186508253316,0.215740553816
IND_FUA_09444,Madurai,joint_supported_screened,RP500,368232.942952,0.186508253316,0.243687145018
IND_FUA_09500,Gorakhpur,ghsl_only,normalized_exceedance_trapezoid,3389028,1,0.63131563978
IND_FUA_09500,Gorakhpur,ghsl_only,uniform_seven_RP_mean,3389028,1,0.763495998192
IND_FUA_09500,Gorakhpur,ghsl_only,RP10,3389028,1,0.475308684404
IND_FUA_09500,Gorakhpur,ghsl_only,RP20,3389028,1,0.598253672722
IND_FUA_09500,Gorakhpur,ghsl_only,RP50,3389028,1,0.738891591425
IND_FUA_09500,Gorakhpur,ghsl_only,RP75,3389028,1,0.784543174468
IND_FUA_09500,Gorakhpur,ghsl_only,RP100,3389028,1,0.822724303707
IND_FUA_09500,Gorakhpur,ghsl_only,RP200,3389028,1,0.908745276501
IND_FUA_09500,Gorakhpur,ghsl_only,RP500,3389028,1,1.01600528412
IND_FUA_09500,Gorakhpur,endpoint_supported,normalized_exceedance_trapezoid,822632.552388,0.242734067818,0.59273851258
IND_FUA_09500,Gorakhpur,endpoint_supported,uniform_seven_RP_mean,822632.552388,0.242734067818,0.720135675652
IND_FUA_09500,Gorakhpur,endpoint_supported,RP10,822632.552388,0.242734067818,0.442184048817
IND_FUA_09500,Gorakhpur,endpoint_supported,RP20,822632.552388,0.242734067818,0.560194624226
IND_FUA_09500,Gorakhpur,endpoint_supported,RP50,822632.552388,0.242734067818,0.698800238288
IND_FUA_09500,Gorakhpur,endpoint_supported,RP75,822632.552388,0.242734067818,0.738816434234
IND_FUA_09500,Gorakhpur,endpoint_supported,RP100,822632.552388,0.242734067818,0.775841174497
IND_FUA_09500,Gorakhpur,endpoint_supported,RP200,822632.552388,0.242734067818,0.860090718225
IND_FUA_09500,Gorakhpur,endpoint_supported,RP500,822632.552388,0.242734067818,0.965022491277
IND_FUA_09500,Gorakhpur,preexisting_detected_screened,normalized_exceedance_trapezoid,3180113.81364,0.938355721358,0.621306741565
IND_FUA_09500,Gorakhpur,preexisting_detected_screened,uniform_seven_RP_mean,3180113.81364,0.938355721358,0.753219996303
IND_FUA_09500,Gorakhpur,preexisting_detected_screened,RP10,3180113.81364,0.938355721358,0.465630947617
IND_FUA_09500,Gorakhpur,preexisting_detected_screened,RP20,3180113.81364,0.938355721358,0.588395801219
IND_FUA_09500,Gorakhpur,preexisting_detected_screened,RP50,3180113.81364,0.938355721358,0.728424061287
IND_FUA_09500,Gorakhpur,preexisting_detected_screened,RP75,3180113.81364,0.938355721358,0.774305626451
IND_FUA_09500,Gorakhpur,preexisting_detected_screened,RP100,3180113.81364,0.938355721358,0.812445101882
IND_FUA_09500,Gorakhpur,preexisting_detected_screened,RP200,3180113.81364,0.938355721358,0.898116040115
IND_FUA_09500,Gorakhpur,preexisting_detected_screened,RP500,3180113.81364,0.938355721358,1.00522239555
IND_FUA_09500,Gorakhpur,joint_supported_screened,normalized_exceedance_trapezoid,724776.466103,0.213859686643,0.582650992448
IND_FUA_09500,Gorakhpur,joint_supported_screened,uniform_seven_RP_mean,724776.466103,0.213859686643,0.709326647329
IND_FUA_09500,Gorakhpur,joint_supported_screened,RP10,724776.466103,0.213859686643,0.432577922566
IND_FUA_09500,Gorakhpur,joint_supported_screened,RP20,724776.466103,0.213859686643,0.550625706161
IND_FUA_09500,Gorakhpur,joint_supported_screened,RP50,724776.466103,0.213859686643,0.687801702279
IND_FUA_09500,Gorakhpur,joint_supported_screened,RP75,724776.466103,0.213859686643,0.728088927586
IND_FUA_09500,Gorakhpur,joint_supported_screened,RP100,724776.466103,0.213859686643,0.764983300518
IND_FUA_09500,Gorakhpur,joint_supported_screened,RP200,724776.466103,0.213859686643,0.848373823641
IND_FUA_09500,Gorakhpur,joint_supported_screened,RP500,724776.466103,0.213859686643,0.952835148554
IND_FUA_09544,Tiruchirappalli,ghsl_only,normalized_exceedance_trapezoid,2002696,1,0.638437758461
IND_FUA_09544,Tiruchirappalli,ghsl_only,uniform_seven_RP_mean,2002696,1,0.723206631766
IND_FUA_09544,Tiruchirappalli,ghsl_only,RP10,2002696,1,0.532907697977
IND_FUA_09544,Tiruchirappalli,ghsl_only,RP20,2002696,1,0.619320908095
IND_FUA_09544,Tiruchirappalli,ghsl_only,RP50,2002696,1,0.708489210203
IND_FUA_09544,Tiruchirappalli,ghsl_only,RP75,2002696,1,0.742350383917
IND_FUA_09544,Tiruchirappalli,ghsl_only,RP100,2002696,1,0.764894113908
IND_FUA_09544,Tiruchirappalli,ghsl_only,RP200,2002696,1,0.816746324937
IND_FUA_09544,Tiruchirappalli,ghsl_only,RP500,2002696,1,0.877737783324
IND_FUA_09544,Tiruchirappalli,endpoint_supported,normalized_exceedance_trapezoid,380230.229628,0.189859184633,0.532027569879
IND_FUA_09544,Tiruchirappalli,endpoint_supported,uniform_seven_RP_mean,380230.229628,0.189859184633,0.602536619831
IND_FUA_09544,Tiruchirappalli,endpoint_supported,RP10,380230.229628,0.189859184633,0.444297487197
IND_FUA_09544,Tiruchirappalli,endpoint_supported,RP20,380230.229628,0.189859184633,0.516395657162
IND_FUA_09544,Tiruchirappalli,endpoint_supported,RP50,380230.229628,0.189859184633,0.589701864216
IND_FUA_09544,Tiruchirappalli,endpoint_supported,RP75,380230.229628,0.189859184633,0.618239917793
IND_FUA_09544,Tiruchirappalli,endpoint_supported,RP100,380230.229628,0.189859184633,0.636872369935
IND_FUA_09544,Tiruchirappalli,endpoint_supported,RP200,380230.229628,0.189859184633,0.68041180412
IND_FUA_09544,Tiruchirappalli,endpoint_supported,RP500,380230.229628,0.189859184633,0.731837238391
IND_FUA_09544,Tiruchirappalli,preexisting_detected_screened,normalized_exceedance_trapezoid,1728487.07954,0.863080107784,0.687356549711
IND_FUA_09544,Tiruchirappalli,preexisting_detected_screened,uniform_seven_RP_mean,1728487.07954,0.863080107784,0.776212783828
IND_FUA_09544,Tiruchirappalli,preexisting_detected_screened,RP10,1728487.07954,0.863080107784,0.576452272036
IND_FUA_09544,Tiruchirappalli,preexisting_detected_screened,RP20,1728487.07954,0.863080107784,0.667275350848
IND_FUA_09544,Tiruchirappalli,preexisting_detected_screened,RP50,1728487.07954,0.863080107784,0.761102671664
IND_FUA_09544,Tiruchirappalli,preexisting_detected_screened,RP75,1728487.07954,0.863080107784,0.796851787905
IND_FUA_09544,Tiruchirappalli,preexisting_detected_screened,RP100,1728487.07954,0.863080107784,0.82043923214
IND_FUA_09544,Tiruchirappalli,preexisting_detected_screened,RP200,1728487.07954,0.863080107784,0.874105623171
IND_FUA_09544,Tiruchirappalli,preexisting_detected_screened,RP500,1728487.07954,0.863080107784,0.937262549031
IND_FUA_09544,Tiruchirappalli,joint_supported_screened,normalized_exceedance_trapezoid,298092.477339,0.148845594808,0.607237455806
IND_FUA_09544,Tiruchirappalli,joint_supported_screened,uniform_seven_RP_mean,298092.477339,0.148845594808,0.68454043905
IND_FUA_09544,Tiruchirappalli,joint_supported_screened,RP10,298092.477339,0.148845594808,0.510984927547
IND_FUA_09544,Tiruchirappalli,joint_supported_screened,RP20,298092.477339,0.148845594808,0.589916282932
IND_FUA_09544,Tiruchirappalli,joint_supported_screened,RP50,298092.477339,0.148845594808,0.670770170937
IND_FUA_09544,Tiruchirappalli,joint_supported_screened,RP75,298092.477339,0.148845594808,0.702384074046
IND_FUA_09544,Tiruchirappalli,joint_supported_screened,RP100,298092.477339,0.148845594808,0.722764221573
IND_FUA_09544,Tiruchirappalli,joint_supported_screened,RP200,298092.477339,0.148845594808,0.769863989859
IND_FUA_09544,Tiruchirappalli,joint_supported_screened,RP500,298092.477339,0.148845594808,0.825099406454
IND_FUA_09562,Varanasi,ghsl_only,normalized_exceedance_trapezoid,10435276,1,0.172267711967
IND_FUA_09562,Varanasi,ghsl_only,uniform_seven_RP_mean,10435276,1,0.307130958628
IND_FUA_09562,Varanasi,ghsl_only,RP10,10435276,1,0.077959543748
IND_FUA_09562,Varanasi,ghsl_only,RP20,10435276,1,0.128855793918
IND_FUA_09562,Varanasi,ghsl_only,RP50,10435276,1,0.231096202601
IND_FUA_09562,Varanasi,ghsl_only,RP75,10435276,1,0.285674763479
IND_FUA_09562,Varanasi,ghsl_only,RP100,10435276,1,0.328166483415
IND_FUA_09562,Varanasi,ghsl_only,RP200,10435276,1,0.439708663261
IND_FUA_09562,Varanasi,ghsl_only,RP500,10435276,1,0.658455259976
IND_FUA_09562,Varanasi,endpoint_supported,normalized_exceedance_trapezoid,2441970.21601,0.234011080877,0.197314997678
IND_FUA_09562,Varanasi,endpoint_supported,uniform_seven_RP_mean,2441970.21601,0.234011080877,0.362527497819
IND_FUA_09562,Varanasi,endpoint_supported,RP10,2441970.21601,0.234011080877,0.0756020899835
IND_FUA_09562,Varanasi,endpoint_supported,RP20,2441970.21601,0.234011080877,0.143446843559
IND_FUA_09562,Varanasi,endpoint_supported,RP50,2441970.21601,0.234011080877,0.27575616713
IND_FUA_09562,Varanasi,endpoint_supported,RP75,2441970.21601,0.234011080877,0.343487996126
IND_FUA_09562,Varanasi,endpoint_supported,RP100,2441970.21601,0.234011080877,0.398123075861
IND_FUA_09562,Varanasi,endpoint_supported,RP200,2441970.21601,0.234011080877,0.53008538065
IND_FUA_09562,Varanasi,endpoint_supported,RP500,2441970.21601,0.234011080877,0.771190931426
IND_FUA_09562,Varanasi,preexisting_detected_screened,normalized_exceedance_trapezoid,9756609.99529,0.934964249655,0.164763652492
IND_FUA_09562,Varanasi,preexisting_detected_screened,uniform_seven_RP_mean,9756609.99529,0.934964249655,0.297051225556
IND_FUA_09562,Varanasi,preexisting_detected_screened,RP10,9756609.99529,0.934964249655,0.0729507282198
IND_FUA_09562,Varanasi,preexisting_detected_screened,RP20,9756609.99529,0.934964249655,0.121775570798
IND_FUA_09562,Varanasi,preexisting_detected_screened,RP50,9756609.99529,0.934964249655,0.2225787326
IND_FUA_09562,Varanasi,preexisting_detected_screened,RP75,9756609.99529,0.934964249655,0.275895503628
IND_FUA_09562,Varanasi,preexisting_detected_screened,RP100,9756609.99529,0.934964249655,0.317131930799
IND_FUA_09562,Varanasi,preexisting_detected_screened,RP200,9756609.99529,0.934964249655,0.426814830708
IND_FUA_09562,Varanasi,preexisting_detected_screened,RP500,9756609.99529,0.934964249655,0.64221128214
IND_FUA_09562,Varanasi,joint_supported_screened,normalized_exceedance_trapezoid,2112978.26678,0.20248417644,0.19118715125
IND_FUA_09562,Varanasi,joint_supported_screened,uniform_seven_RP_mean,2112978.26678,0.20248417644,0.354732790199
IND_FUA_09562,Varanasi,joint_supported_screened,RP10,2112978.26678,0.20248417644,0.0708478704439
IND_FUA_09562,Varanasi,joint_supported_screened,RP20,2112978.26678,0.20248417644,0.137013744842
IND_FUA_09562,Varanasi,joint_supported_screened,RP50,2112978.26678,0.20248417644,0.270275103592
IND_FUA_09562,Varanasi,joint_supported_screened,RP75,2112978.26678,0.20248417644,0.337191784138
IND_FUA_09562,Varanasi,joint_supported_screened,RP100,2112978.26678,0.20248417644,0.39038747042
IND_FUA_09562,Varanasi,joint_supported_screened,RP200,2112978.26678,0.20248417644,0.520342793661
IND_FUA_09562,Varanasi,joint_supported_screened,RP500,2112978.26678,0.20248417644,0.757070764294
IND_FUA_09564,Durg,ghsl_only,normalized_exceedance_trapezoid,740363,1,0.207769945407
IND_FUA_09564,Durg,ghsl_only,uniform_seven_RP_mean,740363,1,0.266768592569
IND_FUA_09564,Durg,ghsl_only,RP10,740363,1,0.13733198183
IND_FUA_09564,Durg,ghsl_only,RP20,740363,1,0.193063151837
IND_FUA_09564,Durg,ghsl_only,RP50,740363,1,0.255632372153
IND_FUA_09564,Durg,ghsl_only,RP75,740363,1,0.279848197283
IND_FUA_09564,Durg,ghsl_only,RP100,740363,1,0.295948616301
IND_FUA_09564,Durg,ghsl_only,RP200,740363,1,0.33133663092
IND_FUA_09564,Durg,ghsl_only,RP500,740363,1,0.37421919766
IND_FUA_09564,Durg,endpoint_supported,normalized_exceedance_trapezoid,203330.742307,0.274636553025,0.134453140158
IND_FUA_09564,Durg,endpoint_supported,uniform_seven_RP_mean,203330.742307,0.274636553025,0.175684789871
IND_FUA_09564,Durg,endpoint_supported,RP10,203330.742307,0.274636553025,0.0864953385693
IND_FUA_09564,Durg,endpoint_supported,RP20,203330.742307,0.274636553025,0.123601969967
IND_FUA_09564,Durg,endpoint_supported,RP50,203330.742307,0.274636553025,0.167571559394
IND_FUA_09564,Durg,endpoint_supported,RP75,203330.742307,0.274636553025,0.184572853592
IND_FUA_09564,Durg,endpoint_supported,RP100,203330.742307,0.274636553025,0.195728386494
IND_FUA_09564,Durg,endpoint_supported,RP200,203330.742307,0.274636553025,0.220666349491
IND_FUA_09564,Durg,endpoint_supported,RP500,203330.742307,0.274636553025,0.251157071587
IND_FUA_09564,Durg,preexisting_detected_screened,normalized_exceedance_trapezoid,535503.740982,0.723298896598,0.238120857223
IND_FUA_09564,Durg,preexisting_detected_screened,uniform_seven_RP_mean,535503.740982,0.723298896598,0.306648542556
IND_FUA_09564,Durg,preexisting_detected_screened,RP10,535503.740982,0.723298896598,0.156340216734
IND_FUA_09564,Durg,preexisting_detected_screened,RP20,535503.740982,0.723298896598,0.22108643793
IND_FUA_09564,Durg,preexisting_detected_screened,RP50,535503.740982,0.723298896598,0.293650263884
IND_FUA_09564,Durg,preexisting_detected_screened,RP75,535503.740982,0.723298896598,0.321685567243
IND_FUA_09564,Durg,preexisting_detected_screened,RP100,535503.740982,0.723298896598,0.340341590159
IND_FUA_09564,Durg,preexisting_detected_screened,RP200,535503.740982,0.723298896598,0.381448609203
IND_FUA_09564,Durg,preexisting_detected_screened,RP500,535503.740982,0.723298896598,0.431987112743
IND_FUA_09564,Durg,joint_supported_screened,normalized_exceedance_trapezoid,132305.067948,0.178702971309,0.162667200342
IND_FUA_09564,Durg,joint_supported_screened,uniform_seven_RP_mean,132305.067948,0.178702971309,0.213794877735
IND_FUA_09564,Durg,joint_supported_screened,RP10,132305.067948,0.178702971309,0.103622819499
IND_FUA_09564,Durg,joint_supported_screened,RP20,132305.067948,0.178702971309,0.149110723832
IND_FUA_09564,Durg,joint_supported_screened,RP50,132305.067948,0.178702971309,0.203500676156
IND_FUA_09564,Durg,joint_supported_screened,RP75,132305.067948,0.178702971309,0.224574731194
IND_FUA_09564,Durg,joint_supported_screened,RP100,132305.067948,0.178702971309,0.238409753521
IND_FUA_09564,Durg,joint_supported_screened,RP200,132305.067948,0.178702971309,0.269309869744
IND_FUA_09564,Durg,joint_supported_screened,RP500,132305.067948,0.178702971309,0.308035570199
IND_FUA_09570,Vellore,ghsl_only,normalized_exceedance_trapezoid,1847021,1,0.127382350444
IND_FUA_09570,Vellore,ghsl_only,uniform_seven_RP_mean,1847021,1,0.165892507015
IND_FUA_09570,Vellore,ghsl_only,RP10,1847021,1,0.08561346526
IND_FUA_09570,Vellore,ghsl_only,RP20,1847021,1,0.117722541687
IND_FUA_09570,Vellore,ghsl_only,RP50,1847021,1,0.153796178486
IND_FUA_09570,Vellore,ghsl_only,RP75,1847021,1,0.171056605904
IND_FUA_09570,Vellore,ghsl_only,RP100,1847021,1,0.182779855423
IND_FUA_09570,Vellore,ghsl_only,RP200,1847021,1,0.208940529994
IND_FUA_09570,Vellore,ghsl_only,RP500,1847021,1,0.241338372352
IND_FUA_09570,Vellore,endpoint_supported,normalized_exceedance_trapezoid,329564.084122,0.178430068809,0.140653301472
IND_FUA_09570,Vellore,endpoint_supported,uniform_seven_RP_mean,329564.084122,0.178430068809,0.186313130006
IND_FUA_09570,Vellore,endpoint_supported,RP10,329564.084122,0.178430068809,0.0938450274984
IND_FUA_09570,Vellore,endpoint_supported,RP20,329564.084122,0.178430068809,0.128552342372
IND_FUA_09570,Vellore,endpoint_supported,RP50,329564.084122,0.178430068809,0.170036621148
IND_FUA_09570,Vellore,endpoint_supported,RP75,329564.084122,0.178430068809,0.190909239738
IND_FUA_09570,Vellore,endpoint_supported,RP100,329564.084122,0.178430068809,0.205361059417
IND_FUA_09570,Vellore,endpoint_supported,RP200,329564.084122,0.178430068809,0.238006959249
IND_FUA_09570,Vellore,endpoint_supported,RP500,329564.084122,0.178430068809,0.27748066062
IND_FUA_09570,Vellore,preexisting_detected_screened,normalized_exceedance_trapezoid,1623179.30729,0.878809340712,0.12046202848
IND_FUA_09570,Vellore,preexisting_detected_screened,uniform_seven_RP_mean,1623179.30729,0.878809340712,0.155231706191
IND_FUA_09570,Vellore,preexisting_detected_screened,RP10,1623179.30729,0.878809340712,0.0816123362173
IND_FUA_09570,Vellore,preexisting_detected_screened,RP20,1623179.30729,0.878809340712,0.112015307021
IND_FUA_09570,Vellore,preexisting_detected_screened,RP50,1623179.30729,0.878809340712,0.145256986643
IND_FUA_09570,Vellore,preexisting_detected_screened,RP75,1623179.30729,0.878809340712,0.160227207227
IND_FUA_09570,Vellore,preexisting_detected_screened,RP100,1623179.30729,0.878809340712,0.170343811053
IND_FUA_09570,Vellore,preexisting_detected_screened,RP200,1623179.30729,0.878809340712,0.193864796542
IND_FUA_09570,Vellore,preexisting_detected_screened,RP500,1623179.30729,0.878809340712,0.223301498638
IND_FUA_09570,Vellore,joint_supported_screened,normalized_exceedance_trapezoid,253867.809978,0.137447170323,0.132217347954
IND_FUA_09570,Vellore,joint_supported_screened,uniform_seven_RP_mean,253867.809978,0.137447170323,0.171834381259
IND_FUA_09570,Vellore,joint_supported_screened,RP10,253867.809978,0.137447170323,0.0896170225639
IND_FUA_09570,Vellore,joint_supported_screened,RP20,253867.809978,0.137447170323,0.122187823307
IND_FUA_09570,Vellore,joint_supported_screened,RP50,253867.809978,0.137447170323,0.159487737914
IND_FUA_09570,Vellore,joint_supported_screened,RP75,253867.809978,0.137447170323,0.176179267287
IND_FUA_09570,Vellore,joint_supported_screened,RP100,253867.809978,0.137447170323,0.187728614281
IND_FUA_09570,Vellore,joint_supported_screened,RP200,253867.809978,0.137447170323,0.216344216097
IND_FUA_09570,Vellore,joint_supported_screened,RP500,253867.809978,0.137447170323,0.251295987364
IND_FUA_09620,Raipur,ghsl_only,normalized_exceedance_trapezoid,3038998,1,0.0900126388422
IND_FUA_09620,Raipur,ghsl_only,uniform_seven_RP_mean,3038998,1,0.105819215267
IND_FUA_09620,Raipur,ghsl_only,RP10,3038998,1,0.0725266117613
IND_FUA_09620,Raipur,ghsl_only,RP20,3038998,1,0.0860501693483
IND_FUA_09620,Raipur,ghsl_only,RP50,3038998,1,0.1014078959
IND_FUA_09620,Raipur,ghsl_only,RP75,3038998,1,0.107465166615
IND_FUA_09620,Raipur,ghsl_only,RP100,3038998,1,0.112093366738
IND_FUA_09620,Raipur,ghsl_only,RP200,3038998,1,0.124301323134
IND_FUA_09620,Raipur,ghsl_only,RP500,3038998,1,0.136889973374
IND_FUA_09620,Raipur,endpoint_supported,normalized_exceedance_trapezoid,889296.734919,0.292628272516,0.0529322897039
IND_FUA_09620,Raipur,endpoint_supported,uniform_seven_RP_mean,889296.734919,0.292628272516,0.0648445315592
IND_FUA_09620,Raipur,endpoint_supported,RP10,889296.734919,0.292628272516,0.039743598847
IND_FUA_09620,Raipur,endpoint_supported,RP20,889296.734919,0.292628272516,0.0499631702989
IND_FUA_09620,Raipur,endpoint_supported,RP50,889296.734919,0.292628272516,0.0614832031226
IND_FUA_09620,Raipur,endpoint_supported,RP75,889296.734919,0.292628272516,0.0661168772177
IND_FUA_09620,Raipur,endpoint_supported,RP100,889296.734919,0.292628272516,0.0696152141335
IND_FUA_09620,Raipur,endpoint_supported,RP200,889296.734919,0.292628272516,0.0787693145414
IND_FUA_09620,Raipur,endpoint_supported,RP500,889296.734919,0.292628272516,0.0882203427535
IND_FUA_09620,Raipur,preexisting_detected_screened,normalized_exceedance_trapezoid,2420274.62741,0.796405468977,0.103174504246
IND_FUA_09620,Raipur,preexisting_detected_screened,uniform_seven_RP_mean,2420274.62741,0.796405468977,0.121279406084
IND_FUA_09620,Raipur,preexisting_detected_screened,RP10,2420274.62741,0.796405468977,0.0831946489445
IND_FUA_09620,Raipur,preexisting_detected_screened,RP20,2420274.62741,0.796405468977,0.0986585581807
IND_FUA_09620,Raipur,preexisting_detected_screened,RP50,2420274.62741,0.796405468977,0.116135245309
IND_FUA_09620,Raipur,preexisting_detected_screened,RP75,2420274.62741,0.796405468977,0.123044339036
IND_FUA_09620,Raipur,preexisting_detected_screened,RP100,2420274.62741,0.796405468977,0.128348447962
IND_FUA_09620,Raipur,preexisting_detected_screened,RP200,2420274.62741,0.796405468977,0.142551160615
IND_FUA_09620,Raipur,preexisting_detected_screened,RP500,2420274.62741,0.796405468977,0.157023442541
IND_FUA_09620,Raipur,joint_supported_screened,normalized_exceedance_trapezoid,681520.871471,0.224258413948,0.0618338457992
IND_FUA_09620,Raipur,joint_supported_screened,uniform_seven_RP_mean,681520.871471,0.224258413948,0.075972050614
IND_FUA_09620,Raipur,joint_supported_screened,RP10,681520.871471,0.224258413948,0.0461664701739
IND_FUA_09620,Raipur,joint_supported_screened,RP20,681520.871471,0.224258413948,0.058339291029
IND_FUA_09620,Raipur,joint_supported_screened,RP50,681520.871471,0.224258413948,0.0719465338935
IND_FUA_09620,Raipur,joint_supported_screened,RP75,681520.871471,0.224258413948,0.0774214685185
IND_FUA_09620,Raipur,joint_supported_screened,RP100,681520.871471,0.224258413948,0.0815770490952
IND_FUA_09620,Raipur,joint_supported_screened,RP200,681520.871471,0.224258413948,0.0925686714245
IND_FUA_09620,Raipur,joint_supported_screened,RP500,681520.871471,0.224258413948,0.103784870163
IND_FUA_09710,Bilaspur,ghsl_only,normalized_exceedance_trapezoid,1698534,1,0.0520772557796
IND_FUA_09710,Bilaspur,ghsl_only,uniform_seven_RP_mean,1698534,1,0.0632407816327
IND_FUA_09710,Bilaspur,ghsl_only,RP10,1698534,1,0.0400238292712
IND_FUA_09710,Bilaspur,ghsl_only,RP20,1698534,1,0.0493115579897
IND_FUA_09710,Bilaspur,ghsl_only,RP50,1698534,1,0.0596903720857
IND_FUA_09710,Bilaspur,ghsl_only,RP75,1698534,1,0.0643680327097
IND_FUA_09710,Bilaspur,ghsl_only,RP100,1698534,1,0.0675973144422
IND_FUA_09710,Bilaspur,ghsl_only,RP200,1698534,1,0.0760609356029
IND_FUA_09710,Bilaspur,ghsl_only,RP500,1698534,1,0.0856334293278
IND_FUA_09710,Bilaspur,endpoint_supported,normalized_exceedance_trapezoid,430240.303216,0.253300966136,0.0339751564799
IND_FUA_09710,Bilaspur,endpoint_supported,uniform_seven_RP_mean,430240.303216,0.253300966136,0.0441076029446
IND_FUA_09710,Bilaspur,endpoint_supported,RP10,430240.303216,0.253300966136,0.0232482074765
IND_FUA_09710,Bilaspur,endpoint_supported,RP20,430240.303216,0.253300966136,0.0315849260273
IND_FUA_09710,Bilaspur,endpoint_supported,RP50,430240.303216,0.253300966136,0.040337248948
IND_FUA_09710,Bilaspur,endpoint_supported,RP75,430240.303216,0.253300966136,0.0448020664008
IND_FUA_09710,Bilaspur,endpoint_supported,RP100,430240.303216,0.253300966136,0.0480080393852
IND_FUA_09710,Bilaspur,endpoint_supported,RP200,430240.303216,0.253300966136,0.0560975793216
IND_FUA_09710,Bilaspur,endpoint_supported,RP500,430240.303216,0.253300966136,0.0646751530529
IND_FUA_09710,Bilaspur,preexisting_detected_screened,normalized_exceedance_trapezoid,1534475.29499,0.903411586103,0.0519064325298
IND_FUA_09710,Bilaspur,preexisting_detected_screened,uniform_seven_RP_mean,1534475.29499,0.903411586103,0.0631705497874
IND_FUA_09710,Bilaspur,preexisting_detected_screened,RP10,1534475.29499,0.903411586103,0.0395064710194
IND_FUA_09710,Bilaspur,preexisting_detected_screened,RP20,1534475.29499,0.903411586103,0.0491331858892
IND_FUA_09710,Bilaspur,preexisting_detected_screened,RP50,1534475.29499,0.903411586103,0.0598469246683
IND_FUA_09710,Bilaspur,preexisting_detected_screened,RP75,1534475.29499,0.903411586103,0.064537184092
IND_FUA_09710,Bilaspur,preexisting_detected_screened,RP100,1534475.29499,0.903411586103,0.0676918896126
IND_FUA_09710,Bilaspur,preexisting_detected_screened,RP200,1534475.29499,0.903411586103,0.0758779230358
IND_FUA_09710,Bilaspur,preexisting_detected_screened,RP500,1534475.29499,0.903411586103,0.0856002701944
IND_FUA_09710,Bilaspur,joint_supported_screened,normalized_exceedance_trapezoid,370964.427958,0.218402709606,0.0298417109035
IND_FUA_09710,Bilaspur,joint_supported_screened,uniform_seven_RP_mean,370964.427958,0.218402709606,0.0392542853442
IND_FUA_09710,Bilaspur,joint_supported_screened,RP10,370964.427958,0.218402709606,0.0192850815966
IND_FUA_09710,Bilaspur,joint_supported_screened,RP20,370964.427958,0.218402709606,0.0277223280241
IND_FUA_09710,Bilaspur,joint_supported_screened,RP50,370964.427958,0.218402709606,0.0362923758149
IND_FUA_09710,Bilaspur,joint_supported_screened,RP75,370964.427958,0.218402709606,0.0402733408166
IND_FUA_09710,Bilaspur,joint_supported_screened,RP100,370964.427958,0.218402709606,0.0431059878805
IND_FUA_09710,Bilaspur,joint_supported_screened,RP200,370964.427958,0.218402709606,0.0499923890247
IND_FUA_09710,Bilaspur,joint_supported_screened,RP500,370964.427958,0.218402709606,0.058108494252
IND_FUA_09782,Kuchai Kot,ghsl_only,normalized_exceedance_trapezoid,4379570,1,0.165672418823
IND_FUA_09782,Kuchai Kot,ghsl_only,uniform_seven_RP_mean,4379570,1,0.207665488443
IND_FUA_09782,Kuchai Kot,ghsl_only,RP10,4379570,1,0.119017427785
IND_FUA_09782,Kuchai Kot,ghsl_only,RP20,4379570,1,0.154801051853
IND_FUA_09782,Kuchai Kot,ghsl_only,RP50,4379570,1,0.196921260503
IND_FUA_09782,Kuchai Kot,ghsl_only,RP75,4379570,1,0.213562297967
IND_FUA_09782,Kuchai Kot,ghsl_only,RP100,4379570,1,0.22540124475
IND_FUA_09782,Kuchai Kot,ghsl_only,RP200,4379570,1,0.254112047741
IND_FUA_09782,Kuchai Kot,ghsl_only,RP500,4379570,1,0.2898430885
IND_FUA_09782,Kuchai Kot,endpoint_supported,normalized_exceedance_trapezoid,1030864.93806,0.235380399915,0.122434285816
IND_FUA_09782,Kuchai Kot,endpoint_supported,uniform_seven_RP_mean,1030864.93806,0.235380399915,0.155507211797
IND_FUA_09782,Kuchai Kot,endpoint_supported,RP10,1030864.93806,0.235380399915,0.0842140095448
IND_FUA_09782,Kuchai Kot,endpoint_supported,RP20,1030864.93806,0.235380399915,0.114535022639
IND_FUA_09782,Kuchai Kot,endpoint_supported,RP50,1030864.93806,0.235380399915,0.147470157423
IND_FUA_09782,Kuchai Kot,endpoint_supported,RP75,1030864.93806,0.235380399915,0.160535484462
IND_FUA_09782,Kuchai Kot,endpoint_supported,RP100,1030864.93806,0.235380399915,0.16972717924
IND_FUA_09782,Kuchai Kot,endpoint_supported,RP200,1030864.93806,0.235380399915,0.192084946687
IND_FUA_09782,Kuchai Kot,endpoint_supported,RP500,1030864.93806,0.235380399915,0.219983682585
IND_FUA_09782,Kuchai Kot,preexisting_detected_screened,normalized_exceedance_trapezoid,4312443.12182,0.984672723994,0.167385483454
IND_FUA_09782,Kuchai Kot,preexisting_detected_screened,uniform_seven_RP_mean,4312443.12182,0.984672723994,0.209714703271
IND_FUA_09782,Kuchai Kot,preexisting_detected_screened,RP10,4312443.12182,0.984672723994,0.120318421907
IND_FUA_09782,Kuchai Kot,preexisting_detected_screened,RP20,4312443.12182,0.984672723994,0.156440631947
IND_FUA_09782,Kuchai Kot,preexisting_detected_screened,RP50,4312443.12182,0.984672723994,0.198898361852
IND_FUA_09782,Kuchai Kot,preexisting_detected_screened,RP75,4312443.12182,0.984672723994,0.215678027956
IND_FUA_09782,Kuchai Kot,preexisting_detected_screened,RP100,4312443.12182,0.984672723994,0.22762027765
IND_FUA_09782,Kuchai Kot,preexisting_detected_screened,RP200,4312443.12182,0.984672723994,0.256537127997
IND_FUA_09782,Kuchai Kot,preexisting_detected_screened,RP500,4312443.12182,0.984672723994,0.292510073586
IND_FUA_09782,Kuchai Kot,joint_supported_screened,normalized_exceedance_trapezoid,996293.248668,0.227486545179,0.125411223188
IND_FUA_09782,Kuchai Kot,joint_supported_screened,uniform_seven_RP_mean,996293.248668,0.227486545179,0.159065262231
IND_FUA_09782,Kuchai Kot,joint_supported_screened,RP10,996293.248668,0.227486545179,0.0864001194307
IND_FUA_09782,Kuchai Kot,joint_supported_screened,RP20,996293.248668,0.227486545179,0.117415737955
IND_FUA_09782,Kuchai Kot,joint_supported_screened,RP50,996293.248668,0.227486545179,0.150927923529
IND_FUA_09782,Kuchai Kot,joint_supported_screened,RP75,996293.248668,0.227486545179,0.164244595312
IND_FUA_09782,Kuchai Kot,joint_supported_screened,RP100,996293.248668,0.227486545179,0.173619035019
IND_FUA_09782,Kuchai Kot,joint_supported_screened,RP200,996293.248668,0.227486545179,0.196298271233
IND_FUA_09782,Kuchai Kot,joint_supported_screened,RP500,996293.248668,0.227486545179,0.224551153137
IND_FUA_09794,Vijayawada,ghsl_only,normalized_exceedance_trapezoid,2767238,1,1.0889544976
IND_FUA_09794,Vijayawada,ghsl_only,uniform_seven_RP_mean,2767238,1,1.49425809966
IND_FUA_09794,Vijayawada,ghsl_only,RP10,2767238,1,0.615356456346
IND_FUA_09794,Vijayawada,ghsl_only,RP20,2767238,1,0.986065979213
IND_FUA_09794,Vijayawada,ghsl_only,RP50,2767238,1,1.40979159553
IND_FUA_09794,Vijayawada,ghsl_only,RP75,2767238,1,1.57656003478
IND_FUA_09794,Vijayawada,ghsl_only,RP100,2767238,1,1.68776994876
IND_FUA_09794,Vijayawada,ghsl_only,RP200,2767238,1,1.94129678056
IND_FUA_09794,Vijayawada,ghsl_only,RP500,2767238,1,2.24296590244
IND_FUA_09794,Vijayawada,endpoint_supported,normalized_exceedance_trapezoid,958002.527525,0.346194482558,0.938935935713
IND_FUA_09794,Vijayawada,endpoint_supported,uniform_seven_RP_mean,958002.527525,0.346194482558,1.30484943633
IND_FUA_09794,Vijayawada,endpoint_supported,RP10,958002.527525,0.346194482558,0.512152464861
IND_FUA_09794,Vijayawada,endpoint_supported,RP20,958002.527525,0.346194482558,0.84591231124
IND_FUA_09794,Vijayawada,endpoint_supported,RP50,958002.527525,0.346194482558,1.22789017539
IND_FUA_09794,Vijayawada,endpoint_supported,RP75,958002.527525,0.346194482558,1.37876610521
IND_FUA_09794,Vijayawada,endpoint_supported,RP100,958002.527525,0.346194482558,1.47946225107
IND_FUA_09794,Vijayawada,endpoint_supported,RP200,958002.527525,0.346194482558,1.70847882179
IND_FUA_09794,Vijayawada,endpoint_supported,RP500,958002.527525,0.346194482558,1.98128392477
IND_FUA_09794,Vijayawada,preexisting_detected_screened,normalized_exceedance_trapezoid,2385401.06637,0.862015145198,1.10993682035
IND_FUA_09794,Vijayawada,preexisting_detected_screened,uniform_seven_RP_mean,2385401.06637,0.862015145198,1.51184859338
IND_FUA_09794,Vijayawada,preexisting_detected_screened,RP10,2385401.06637,0.862015145198,0.637720261242
IND_FUA_09794,Vijayawada,preexisting_detected_screened,RP20,2385401.06637,0.862015145198,1.00883183348
IND_FUA_09794,Vijayawada,preexisting_detected_screened,RP50,2385401.06637,0.862015145198,1.42917228223
IND_FUA_09794,Vijayawada,preexisting_detected_screened,RP75,2385401.06637,0.862015145198,1.59464639912
IND_FUA_09794,Vijayawada,preexisting_detected_screened,RP100,2385401.06637,0.862015145198,1.70481644241
IND_FUA_09794,Vijayawada,preexisting_detected_screened,RP200,2385401.06637,0.862015145198,1.95510937644
IND_FUA_09794,Vijayawada,preexisting_detected_screened,RP500,2385401.06637,0.862015145198,2.25264355875
IND_FUA_09794,Vijayawada,joint_supported_screened,normalized_exceedance_trapezoid,796996.577711,0.288011576059,0.943808467266
IND_FUA_09794,Vijayawada,joint_supported_screened,uniform_seven_RP_mean,796996.577711,0.288011576059,1.30043281776
IND_FUA_09794,Vijayawada,joint_supported_screened,RP10,796996.577711,0.288011576059,0.524244719167
IND_FUA_09794,Vijayawada,joint_supported_screened,RP20,796996.577711,0.288011576059,0.854289519461
IND_FUA_09794,Vijayawada,joint_supported_screened,RP50,796996.577711,0.288011576059,1.22716920134
IND_FUA_09794,Vijayawada,joint_supported_screened,RP75,796996.577711,0.288011576059,1.37453081194
IND_FUA_09794,Vijayawada,joint_supported_screened,RP100,796996.577711,0.288011576059,1.47243163608
IND_FUA_09794,Vijayawada,joint_supported_screened,RP200,796996.577711,0.288011576059,1.69363895143
IND_FUA_09794,Vijayawada,joint_supported_screened,RP500,796996.577711,0.288011576059,1.95672488492
IND_FUA_09834,Puducherry,ghsl_only,normalized_exceedance_trapezoid,611885,1,0.608600238062
IND_FUA_09834,Puducherry,ghsl_only,uniform_seven_RP_mean,611885,1,0.774991352212
IND_FUA_09834,Puducherry,ghsl_only,RP10,611885,1,0.432979866351
IND_FUA_09834,Puducherry,ghsl_only,RP20,611885,1,0.567094752838
IND_FUA_09834,Puducherry,ghsl_only,RP50,611885,1,0.719232897804
IND_FUA_09834,Puducherry,ghsl_only,RP75,611885,1,0.782661876599
IND_FUA_09834,Puducherry,ghsl_only,RP100,611885,1,0.835681183756
IND_FUA_09834,Puducherry,ghsl_only,RP200,611885,1,0.968940980229
IND_FUA_09834,Puducherry,ghsl_only,RP500,611885,1,1.11834790791
IND_FUA_09834,Puducherry,endpoint_supported,normalized_exceedance_trapezoid,135387.552025,0.221263067447,0.474674059148
IND_FUA_09834,Puducherry,endpoint_supported,uniform_seven_RP_mean,135387.552025,0.221263067447,0.622015592166
IND_FUA_09834,Puducherry,endpoint_supported,RP10,135387.552025,0.221263067447,0.325892122381
IND_FUA_09834,Puducherry,endpoint_supported,RP20,135387.552025,0.221263067447,0.440376049937
IND_FUA_09834,Puducherry,endpoint_supported,RP50,135387.552025,0.221263067447,0.560915654662
IND_FUA_09834,Puducherry,endpoint_supported,RP75,135387.552025,0.221263067447,0.613127169768
IND_FUA_09834,Puducherry,endpoint_supported,RP100,135387.552025,0.221263067447,0.665025193045
IND_FUA_09834,Puducherry,endpoint_supported,RP200,135387.552025,0.221263067447,0.805010193769
IND_FUA_09834,Puducherry,endpoint_supported,RP500,135387.552025,0.221263067447,0.943762761597
IND_FUA_09834,Puducherry,preexisting_detected_screened,normalized_exceedance_trapezoid,477302.98458,0.780053416214,0.639266914917
IND_FUA_09834,Puducherry,preexisting_detected_screened,uniform_seven_RP_mean,477302.98458,0.780053416214,0.807010841799
IND_FUA_09834,Puducherry,preexisting_detected_screened,RP10,477302.98458,0.780053416214,0.455381538267
IND_FUA_09834,Puducherry,preexisting_detected_screened,RP20,477302.98458,0.780053416214,0.597119402282
IND_FUA_09834,Puducherry,preexisting_detected_screened,RP50,477302.98458,0.780053416214,0.759188827597
IND_FUA_09834,Puducherry,preexisting_detected_screened,RP75,477302.98458,0.780053416214,0.825051705829
IND_FUA_09834,Puducherry,preexisting_detected_screened,RP100,477302.98458,0.780053416214,0.873450367958
IND_FUA_09834,Puducherry,preexisting_detected_screened,RP200,477302.98458,0.780053416214,0.994968054536
IND_FUA_09834,Puducherry,preexisting_detected_screened,RP500,477302.98458,0.780053416214,1.14391599612
IND_FUA_09834,Puducherry,joint_supported_screened,normalized_exceedance_trapezoid,90516.471629,0.147930528823,0.484074214936
IND_FUA_09834,Puducherry,joint_supported_screened,uniform_seven_RP_mean,90516.471629,0.147930528823,0.626623884218
IND_FUA_09834,Puducherry,joint_supported_screened,RP10,90516.471629,0.147930528823,0.332084727365
IND_FUA_09834,Puducherry,joint_supported_screened,RP20,90516.471629,0.147930528823,0.450298415556
IND_FUA_09834,Puducherry,joint_supported_screened,RP50,90516.471629,0.147930528823,0.578138672772
IND_FUA_09834,Puducherry,joint_supported_screened,RP75,90516.471629,0.147930528823,0.630122149756
IND_FUA_09834,Puducherry,joint_supported_screened,RP100,90516.471629,0.147930528823,0.672231597747
IND_FUA_09834,Puducherry,joint_supported_screened,RP200,90516.471629,0.147930528823,0.795678431057
IND_FUA_09834,Puducherry,joint_supported_screened,RP500,90516.471629,0.147930528823,0.927813195274
IND_FUA_09850,Chennai,ghsl_only,normalized_exceedance_trapezoid,9614438,1,0.544793613851
IND_FUA_09850,Chennai,ghsl_only,uniform_seven_RP_mean,9614438,1,0.677370506571
IND_FUA_09850,Chennai,ghsl_only,RP10,9614438,1,0.380380701128
IND_FUA_09850,Chennai,ghsl_only,RP20,9614438,1,0.513679653513
IND_FUA_09850,Chennai,ghsl_only,RP50,9614438,1,0.656314641567
IND_FUA_09850,Chennai,ghsl_only,RP75,9614438,1,0.708490229721
IND_FUA_09850,Chennai,ghsl_only,RP100,9614438,1,0.742731221339
IND_FUA_09850,Chennai,ghsl_only,RP200,9614438,1,0.821390069717
IND_FUA_09850,Chennai,ghsl_only,RP500,9614438,1,0.918607029011
IND_FUA_09850,Chennai,endpoint_supported,normalized_exceedance_trapezoid,3100695.61498,0.322504093841,0.588077958061
IND_FUA_09850,Chennai,endpoint_supported,uniform_seven_RP_mean,3100695.61498,0.322504093841,0.737892753597
IND_FUA_09850,Chennai,endpoint_supported,RP10,3100695.61498,0.322504093841,0.402019087765
IND_FUA_09850,Chennai,endpoint_supported,RP20,3100695.61498,0.322504093841,0.553014617794
IND_FUA_09850,Chennai,endpoint_supported,RP50,3100695.61498,0.322504093841,0.71427302007
IND_FUA_09850,Chennai,endpoint_supported,RP75,3100695.61498,0.322504093841,0.772999646087
IND_FUA_09850,Chennai,endpoint_supported,RP100,3100695.61498,0.322504093841,0.811591016751
IND_FUA_09850,Chennai,endpoint_supported,RP200,3100695.61498,0.322504093841,0.900766927688
IND_FUA_09850,Chennai,endpoint_supported,RP500,3100695.61498,0.322504093841,1.01058495903
IND_FUA_09850,Chennai,preexisting_detected_screened,normalized_exceedance_trapezoid,6646936.62231,0.691349470693,0.554322677949
IND_FUA_09850,Chennai,preexisting_detected_screened,uniform_seven_RP_mean,6646936.62231,0.691349470693,0.690455346313
IND_FUA_09850,Chennai,preexisting_detected_screened,RP10,6646936.62231,0.691349470693,0.385399045408
IND_FUA_09850,Chennai,preexisting_detected_screened,RP20,6646936.62231,0.691349470693,0.522337921227
IND_FUA_09850,Chennai,preexisting_detected_screened,RP50,6646936.62231,0.691349470693,0.668939815044
IND_FUA_09850,Chennai,preexisting_detected_screened,RP75,6646936.62231,0.691349470693,0.722562857287
IND_FUA_09850,Chennai,preexisting_detected_screened,RP100,6646936.62231,0.691349470693,0.757833661927
IND_FUA_09850,Chennai,preexisting_detected_screened,RP200,6646936.62231,0.691349470693,0.83864284646
IND_FUA_09850,Chennai,preexisting_detected_screened,RP500,6646936.62231,0.691349470693,0.937471276839
IND_FUA_09850,Chennai,joint_supported_screened,normalized_exceedance_trapezoid,2030567.37962,0.211199799678,0.615498909896
IND_FUA_09850,Chennai,joint_supported_screened,uniform_seven_RP_mean,2030567.37962,0.211199799678,0.775641811653
IND_FUA_09850,Chennai,joint_supported_screened,RP10,2030567.37962,0.211199799678,0.416579307279
IND_FUA_09850,Chennai,joint_supported_screened,RP20,2030567.37962,0.211199799678,0.57797363404
IND_FUA_09850,Chennai,joint_supported_screened,RP50,2030567.37962,0.211199799678,0.750406483944
IND_FUA_09850,Chennai,joint_supported_screened,RP75,2030567.37962,0.211199799678,0.813280771245
IND_FUA_09850,Chennai,joint_supported_screened,RP100,2030567.37962,0.211199799678,0.854749546289
IND_FUA_09850,Chennai,joint_supported_screened,RP200,2030567.37962,0.211199799678,0.950159285325
IND_FUA_09850,Chennai,joint_supported_screened,RP500,2030567.37962,0.211199799678,1.06634365345
IND_FUA_10007,Muzaffarpur,ghsl_only,normalized_exceedance_trapezoid,4557955,1,0.569568380655
IND_FUA_10007,Muzaffarpur,ghsl_only,uniform_seven_RP_mean,4557955,1,0.677648057752
IND_FUA_10007,Muzaffarpur,ghsl_only,RP10,4557955,1,0.432588093834
IND_FUA_10007,Muzaffarpur,ghsl_only,RP20,4557955,1,0.547843136125
IND_FUA_10007,Muzaffarpur,ghsl_only,RP50,4557955,1,0.656952932751
IND_FUA_10007,Muzaffarpur,ghsl_only,RP75,4557955,1,0.699502670067
IND_FUA_10007,Muzaffarpur,ghsl_only,RP100,4557955,1,0.729027399432
IND_FUA_10007,Muzaffarpur,ghsl_only,RP200,4557955,1,0.797430256087
IND_FUA_10007,Muzaffarpur,ghsl_only,RP500,4557955,1,0.880191915969
IND_FUA_10007,Muzaffarpur,endpoint_supported,normalized_exceedance_trapezoid,941040.155697,0.206461045731,0.464552492882
IND_FUA_10007,Muzaffarpur,endpoint_supported,uniform_seven_RP_mean,941040.155697,0.206461045731,0.562912438826
IND_FUA_10007,Muzaffarpur,endpoint_supported,RP10,941040.155697,0.206461045731,0.343562885269
IND_FUA_10007,Muzaffarpur,endpoint_supported,RP20,941040.155697,0.206461045731,0.443671353198
IND_FUA_10007,Muzaffarpur,endpoint_supported,RP50,941040.155697,0.206461045731,0.542368943901
IND_FUA_10007,Muzaffarpur,endpoint_supported,RP75,941040.155697,0.206461045731,0.580866050286
IND_FUA_10007,Muzaffarpur,endpoint_supported,RP100,941040.155697,0.206461045731,0.607229793635
IND_FUA_10007,Muzaffarpur,endpoint_supported,RP200,941040.155697,0.206461045731,0.671320377895
IND_FUA_10007,Muzaffarpur,endpoint_supported,RP500,941040.155697,0.206461045731,0.751367667598
IND_FUA_10007,Muzaffarpur,preexisting_detected_screened,normalized_exceedance_trapezoid,4463616.45993,0.979302441541,0.570492511424
IND_FUA_10007,Muzaffarpur,preexisting_detected_screened,uniform_seven_RP_mean,4463616.45993,0.979302441541,0.678710529263
IND_FUA_10007,Muzaffarpur,preexisting_detected_screened,RP10,4463616.45993,0.979302441541,0.433100247531
IND_FUA_10007,Muzaffarpur,preexisting_detected_screened,RP20,4463616.45993,0.979302441541,0.548773069519
IND_FUA_10007,Muzaffarpur,preexisting_detected_screened,RP50,4463616.45993,0.979302441541,0.658180565284
IND_FUA_10007,Muzaffarpur,preexisting_detected_screened,RP75,4463616.45993,0.979302441541,0.700803895378
IND_FUA_10007,Muzaffarpur,preexisting_detected_screened,RP100,4463616.45993,0.979302441541,0.730324512325
IND_FUA_10007,Muzaffarpur,preexisting_detected_screened,RP200,4463616.45993,0.979302441541,0.798587221278
IND_FUA_10007,Muzaffarpur,preexisting_detected_screened,RP500,4463616.45993,0.979302441541,0.881204193526
IND_FUA_10007,Muzaffarpur,joint_supported_screened,normalized_exceedance_trapezoid,906736.504671,0.198934940049,0.464451859107
IND_FUA_10007,Muzaffarpur,joint_supported_screened,uniform_seven_RP_mean,906736.504671,0.198934940049,0.562906879842
IND_FUA_10007,Muzaffarpur,joint_supported_screened,RP10,906736.504671,0.198934940049,0.343095486264
IND_FUA_10007,Muzaffarpur,joint_supported_screened,RP20,906736.504671,0.198934940049,0.443557949659
IND_FUA_10007,Muzaffarpur,joint_supported_screened,RP50,906736.504671,0.198934940049,0.542594612515
IND_FUA_10007,Muzaffarpur,joint_supported_screened,RP75,906736.504671,0.198934940049,0.581164275294
IND_FUA_10007,Muzaffarpur,joint_supported_screened,RP100,906736.504671,0.198934940049,0.607449019932
IND_FUA_10007,Muzaffarpur,joint_supported_screened,RP200,906736.504671,0.198934940049,0.671367988432
IND_FUA_10007,Muzaffarpur,joint_supported_screened,RP500,906736.504671,0.198934940049,0.751118826797
IND_FUA_10017,Patna,ghsl_only,normalized_exceedance_trapezoid,2677195,1,1.43394084792
IND_FUA_10017,Patna,ghsl_only,uniform_seven_RP_mean,2677195,1,1.82230498078
IND_FUA_10017,Patna,ghsl_only,RP10,2677195,1,0.644064177043
IND_FUA_10017,Patna,ghsl_only,RP20,2677195,1,1.46866335205
IND_FUA_10017,Patna,ghsl_only,RP50,2677195,1,1.87905028565
IND_FUA_10017,Patna,ghsl_only,RP75,2677195,1,1.99433727141
IND_FUA_10017,Patna,ghsl_only,RP100,2677195,1,2.06983825156
IND_FUA_10017,Patna,ghsl_only,RP200,2677195,1,2.23300986188
IND_FUA_10017,Patna,ghsl_only,RP500,2677195,1,2.46717166585
IND_FUA_10017,Patna,endpoint_supported,normalized_exceedance_trapezoid,830902.15817,0.310362957562,1.30755588898
IND_FUA_10017,Patna,endpoint_supported,uniform_seven_RP_mean,830902.15817,0.310362957562,1.69006365504
IND_FUA_10017,Patna,endpoint_supported,RP10,830902.15817,0.310362957562,0.494265187783
IND_FUA_10017,Patna,endpoint_supported,RP20,830902.15817,0.310362957562,1.3559433807
IND_FUA_10017,Patna,endpoint_supported,RP50,830902.15817,0.310362957562,1.76005020133
IND_FUA_10017,Patna,endpoint_supported,RP75,830902.15817,0.310362957562,1.86865524333
IND_FUA_10017,Patna,endpoint_supported,RP100,830902.15817,0.310362957562,1.93996681117
IND_FUA_10017,Patna,endpoint_supported,RP200,830902.15817,0.310362957562,2.09388270747
IND_FUA_10017,Patna,endpoint_supported,RP500,830902.15817,0.310362957562,2.31768205349
IND_FUA_10017,Patna,preexisting_detected_screened,normalized_exceedance_trapezoid,2411745.01354,0.900847720671,1.4522429963
IND_FUA_10017,Patna,preexisting_detected_screened,uniform_seven_RP_mean,2411745.01354,0.900847720671,1.84258003017
IND_FUA_10017,Patna,preexisting_detected_screened,RP10,2411745.01354,0.900847720671,0.640950585584
IND_FUA_10017,Patna,preexisting_detected_screened,RP20,2411745.01354,0.900847720671,1.4940212023
IND_FUA_10017,Patna,preexisting_detected_screened,RP50,2411745.01354,0.900847720671,1.9071078405
IND_FUA_10017,Patna,preexisting_detected_screened,RP75,2411745.01354,0.900847720671,2.01971279132
IND_FUA_10017,Patna,preexisting_detected_screened,RP100,2411745.01354,0.900847720671,2.09366535971
IND_FUA_10017,Patna,preexisting_detected_screened,RP200,2411745.01354,0.900847720671,2.2541935573
IND_FUA_10017,Patna,preexisting_detected_screened,RP500,2411745.01354,0.900847720671,2.48840887443
IND_FUA_10017,Patna,joint_supported_screened,normalized_exceedance_trapezoid,706343.88566,0.263837294504,1.35924929619
IND_FUA_10017,Patna,joint_supported_screened,uniform_seven_RP_mean,706343.88566,0.263837294504,1.74869847515
IND_FUA_10017,Patna,joint_supported_screened,RP10,706343.88566,0.263837294504,0.499935593979
IND_FUA_10017,Patna,joint_supported_screened,RP20,706343.88566,0.263837294504,1.42063343465
IND_FUA_10017,Patna,joint_supported_screened,RP50,706343.88566,0.263837294504,1.83373262697
IND_FUA_10017,Patna,joint_supported_screened,RP75,706343.88566,0.263837294504,1.93852387411
IND_FUA_10017,Patna,joint_supported_screened,RP100,706343.88566,0.263837294504,2.00783163153
IND_FUA_10017,Patna,joint_supported_screened,RP200,706343.88566,0.263837294504,2.15813581914
IND_FUA_10017,Patna,joint_supported_screened,RP500,706343.88566,0.263837294504,2.38209634564
IND_FUA_10065,Gaya,ghsl_only,normalized_exceedance_trapezoid,789658,1,0.038154713871
IND_FUA_10065,Gaya,ghsl_only,uniform_seven_RP_mean,789658,1,0.0473607341993
IND_FUA_10065,Gaya,ghsl_only,RP10,789658,1,0.0210460947388
IND_FUA_10065,Gaya,ghsl_only,RP20,789658,1,0.038744670324
IND_FUA_10065,Gaya,ghsl_only,RP50,789658,1,0.0471691489848
IND_FUA_10065,Gaya,ghsl_only,RP75,789658,1,0.0506896762369
IND_FUA_10065,Gaya,ghsl_only,RP100,789658,1,0.0527746128901
IND_FUA_10065,Gaya,ghsl_only,RP200,789658,1,0.0573844162623
IND_FUA_10065,Gaya,ghsl_only,RP500,789658,1,0.0637165199581
IND_FUA_10065,Gaya,endpoint_supported,normalized_exceedance_trapezoid,191228.043623,0.242165650982,0.0193074084297
IND_FUA_10065,Gaya,endpoint_supported,uniform_seven_RP_mean,191228.043623,0.242165650982,0.026618123282
IND_FUA_10065,Gaya,endpoint_supported,RP10,191228.043623,0.242165650982,0.00439748623696
IND_FUA_10065,Gaya,endpoint_supported,RP20,191228.043623,0.242165650982,0.0203671271256
IND_FUA_10065,Gaya,endpoint_supported,RP50,191228.043623,0.242165650982,0.0267979596337
IND_FUA_10065,Gaya,endpoint_supported,RP75,191228.043623,0.242165650982,0.0297273195333
IND_FUA_10065,Gaya,endpoint_supported,RP100,191228.043623,0.242165650982,0.0312085048003
IND_FUA_10065,Gaya,endpoint_supported,RP200,191228.043623,0.242165650982,0.0347172502981
IND_FUA_10065,Gaya,endpoint_supported,RP500,191228.043623,0.242165650982,0.0391112153462
IND_FUA_10065,Gaya,preexisting_detected_screened,normalized_exceedance_trapezoid,756950.53651,0.958580216385,0.0391117265564
IND_FUA_10065,Gaya,preexisting_detected_screened,uniform_seven_RP_mean,756950.53651,0.958580216385,0.0485292591172
IND_FUA_10065,Gaya,preexisting_detected_screened,RP10,756950.53651,0.958580216385,0.0214272015582
IND_FUA_10065,Gaya,preexisting_detected_screened,RP20,756950.53651,0.958580216385,0.0397933534362
IND_FUA_10065,Gaya,preexisting_detected_screened,RP50,756950.53651,0.958580216385,0.0483944037703
IND_FUA_10065,Gaya,preexisting_detected_screened,RP75,756950.53651,0.958580216385,0.0519838005192
IND_FUA_10065,Gaya,preexisting_detected_screened,RP100,756950.53651,0.958580216385,0.0541034036429
IND_FUA_10065,Gaya,preexisting_detected_screened,RP200,756950.53651,0.958580216385,0.0587801851557
IND_FUA_10065,Gaya,preexisting_detected_screened,RP500,756950.53651,0.958580216385,0.0652224657381
IND_FUA_10065,Gaya,joint_supported_screened,normalized_exceedance_trapezoid,179297.349103,0.227056965297,0.0203819435349
IND_FUA_10065,Gaya,joint_supported_screened,uniform_seven_RP_mean,179297.349103,0.227056965297,0.0278369464842
IND_FUA_10065,Gaya,joint_supported_screened,RP10,179297.349103,0.227056965297,0.00468420359859
IND_FUA_10065,Gaya,joint_supported_screened,RP20,179297.349103,0.227056965297,0.0216680054612
IND_FUA_10065,Gaya,joint_supported_screened,RP50,179297.349103,0.227056965297,0.028193456307
IND_FUA_10065,Gaya,joint_supported_screened,RP75,179297.349103,0.227056965297,0.0311515469078
IND_FUA_10065,Gaya,joint_supported_screened,RP100,179297.349103,0.227056965297,0.0326213478163
IND_FUA_10065,Gaya,joint_supported_screened,RP200,179297.349103,0.227056965297,0.036094004262
IND_FUA_10065,Gaya,joint_supported_screened,RP500,179297.349103,0.227056965297,0.0404460610369
IND_FUA_10142,Visakhapatnam,ghsl_only,normalized_exceedance_trapezoid,7311928,1,0.00962895489649
IND_FUA_10142,Visakhapatnam,ghsl_only,uniform_seven_RP_mean,7311928,1,0.00976047638286
IND_FUA_10142,Visakhapatnam,ghsl_only,RP10,7311928,1,0.00944060171271
IND_FUA_10142,Visakhapatnam,ghsl_only,RP20,7311928,1,0.00958750551496
IND_FUA_10142,Visakhapatnam,ghsl_only,RP50,7311928,1,0.00978935363422
IND_FUA_10142,Visakhapatnam,ghsl_only,RP75,7311928,1,0.0098289973552
IND_FUA_10142,Visakhapatnam,ghsl_only,RP100,7311928,1,0.00985017069487
IND_FUA_10142,Visakhapatnam,ghsl_only,RP200,7311928,1,0.00988936392906
IND_FUA_10142,Visakhapatnam,ghsl_only,RP500,7311928,1,0.009937341839
IND_FUA_10142,Visakhapatnam,endpoint_supported,normalized_exceedance_trapezoid,2896948.26552,0.396194856612,0.00303253201332
IND_FUA_10142,Visakhapatnam,endpoint_supported,uniform_seven_RP_mean,2896948.26552,0.396194856612,0.003042897253
IND_FUA_10142,Visakhapatnam,endpoint_supported,RP10,2896948.26552,0.396194856612,0.00301922919251
IND_FUA_10142,Visakhapatnam,endpoint_supported,RP20,2896948.26552,0.396194856612,0.0030284970461
IND_FUA_10142,Visakhapatnam,endpoint_supported,RP50,2896948.26552,0.396194856612,0.00304486511026
IND_FUA_10142,Visakhapatnam,endpoint_supported,RP75,2896948.26552,0.396194856612,0.00304807668137
IND_FUA_10142,Visakhapatnam,endpoint_supported,RP100,2896948.26552,0.396194856612,0.00304979195198
IND_FUA_10142,Visakhapatnam,endpoint_supported,RP200,2896948.26552,0.396194856612,0.00305296702844
IND_FUA_10142,Visakhapatnam,endpoint_supported,RP500,2896948.26552,0.396194856612,0.00305685376033
IND_FUA_10142,Visakhapatnam,preexisting_detected_screened,normalized_exceedance_trapezoid,6328094.24351,0.865448106643,0.0103806362583
IND_FUA_10142,Visakhapatnam,preexisting_detected_screened,uniform_seven_RP_mean,6328094.24351,0.865448106643,0.0104810663607
IND_FUA_10142,Visakhapatnam,preexisting_detected_screened,RP10,6328094.24351,0.865448106643,0.0102227954805
IND_FUA_10142,Visakhapatnam,preexisting_detected_screened,RP20,6328094.24351,0.865448106643,0.0103559635579
IND_FUA_10142,Visakhapatnam,preexisting_detected_screened,RP50,6328094.24351,0.865448106643,0.0105059329393
IND_FUA_10142,Visakhapatnam,preexisting_detected_screened,RP75,6328094.24351,0.865448106643,0.010535403646
IND_FUA_10142,Visakhapatnam,preexisting_detected_screened,RP100,6328094.24351,0.865448106643,0.0105511436711
IND_FUA_10142,Visakhapatnam,preexisting_detected_screened,RP200,6328094.24351,0.865448106643,0.0105802794928
IND_FUA_10142,Visakhapatnam,preexisting_detected_screened,RP500,6328094.24351,0.865448106643,0.0106159457375
IND_FUA_10142,Visakhapatnam,joint_supported_screened,normalized_exceedance_trapezoid,2443744.13581,0.334213375161,0.00281367986182
IND_FUA_10142,Visakhapatnam,joint_supported_screened,uniform_seven_RP_mean,2443744.13581,0.334213375161,0.00282248283609
IND_FUA_10142,Visakhapatnam,joint_supported_screened,RP10,2443744.13581,0.334213375161,0.00280212748768
IND_FUA_10142,Visakhapatnam,joint_supported_screened,RP20,2443744.13581,0.334213375161,0.00281037965079
IND_FUA_10142,Visakhapatnam,joint_supported_screened,RP50,2443744.13581,0.334213375161,0.00282420559415
IND_FUA_10142,Visakhapatnam,joint_supported_screened,RP75,2443744.13581,0.334213375161,0.00282691837677
IND_FUA_10142,Visakhapatnam,joint_supported_screened,RP100,2443744.13581,0.334213375161,0.00282836724903
IND_FUA_10142,Visakhapatnam,joint_supported_screened,RP200,2443744.13581,0.334213375161,0.00283104920497
IND_FUA_10142,Visakhapatnam,joint_supported_screened,RP500,2443744.13581,0.334213375161,0.00283433228922
IND_FUA_10152,Begusarai,ghsl_only,normalized_exceedance_trapezoid,345601,1,1.07883885621
IND_FUA_10152,Begusarai,ghsl_only,uniform_seven_RP_mean,345601,1,1.46086030722
IND_FUA_10152,Begusarai,ghsl_only,RP10,345601,1,0.66740665028
IND_FUA_10152,Begusarai,ghsl_only,RP20,345601,1,0.996977627353
IND_FUA_10152,Begusarai,ghsl_only,RP50,345601,1,1.31814188707
IND_FUA_10152,Begusarai,ghsl_only,RP75,345601,1,1.47768168804
IND_FUA_10152,Begusarai,ghsl_only,RP100,345601,1,1.59327102981
IND_FUA_10152,Begusarai,ghsl_only,RP200,345601,1,1.88405973134
IND_FUA_10152,Begusarai,ghsl_only,RP500,345601,1,2.28848353666
IND_FUA_10152,Begusarai,endpoint_supported,normalized_exceedance_trapezoid,63778.1527276,0.184542732016,0.910923576312
IND_FUA_10152,Begusarai,endpoint_supported,uniform_seven_RP_mean,63778.1527276,0.184542732016,1.2819515312
IND_FUA_10152,Begusarai,endpoint_supported,RP10,63778.1527276,0.184542732016,0.499795024
IND_FUA_10152,Begusarai,endpoint_supported,RP20,63778.1527276,0.184542732016,0.837711359089
IND_FUA_10152,Begusarai,endpoint_supported,RP50,63778.1527276,0.184542732016,1.14536451174
IND_FUA_10152,Begusarai,endpoint_supported,RP75,63778.1527276,0.184542732016,1.29724750218
IND_FUA_10152,Begusarai,endpoint_supported,RP100,63778.1527276,0.184542732016,1.40752717728
IND_FUA_10152,Begusarai,endpoint_supported,RP200,63778.1527276,0.184542732016,1.6955497336
IND_FUA_10152,Begusarai,endpoint_supported,RP500,63778.1527276,0.184542732016,2.09046541055
IND_FUA_10152,Begusarai,preexisting_detected_screened,normalized_exceedance_trapezoid,316340.703104,0.915335034055,1.10057506584
IND_FUA_10152,Begusarai,preexisting_detected_screened,uniform_seven_RP_mean,316340.703104,0.915335034055,1.48826132264
IND_FUA_10152,Begusarai,preexisting_detected_screened,RP10,316340.703104,0.915335034055,0.690961048843
IND_FUA_10152,Begusarai,preexisting_detected_screened,RP20,316340.703104,0.915335034055,1.01520350412
IND_FUA_10152,Begusarai,preexisting_detected_screened,RP50,316340.703104,0.915335034055,1.33891591533
IND_FUA_10152,Begusarai,preexisting_detected_screened,RP75,316340.703104,0.915335034055,1.50151051296
IND_FUA_10152,Begusarai,preexisting_detected_screened,RP100,316340.703104,0.915335034055,1.61965552322
IND_FUA_10152,Begusarai,preexisting_detected_screened,RP200,316340.703104,0.915335034055,1.91756276362
IND_FUA_10152,Begusarai,preexisting_detected_screened,RP500,316340.703104,0.915335034055,2.33401999041
IND_FUA_10152,Begusarai,joint_supported_screened,normalized_exceedance_trapezoid,53184.3981753,0.153889595734,0.94998640489
IND_FUA_10152,Begusarai,joint_supported_screened,uniform_seven_RP_mean,53184.3981753,0.153889595734,1.33103323761
IND_FUA_10152,Begusarai,joint_supported_screened,RP10,53184.3981753,0.153889595734,0.544252975021
IND_FUA_10152,Begusarai,joint_supported_screened,RP20,53184.3981753,0.153889595734,0.870587093078
IND_FUA_10152,Begusarai,joint_supported_screened,RP50,53184.3981753,0.153889595734,1.18023594772
IND_FUA_10152,Begusarai,joint_supported_screened,RP75,53184.3981753,0.153889595734,1.33796015593
IND_FUA_10152,Begusarai,joint_supported_screened,RP100,53184.3981753,0.153889595734,1.45330550797
IND_FUA_10152,Begusarai,joint_supported_screened,RP200,53184.3981753,0.153889595734,1.75584946703
IND_FUA_10152,Begusarai,joint_supported_screened,RP500,53184.3981753,0.153889595734,2.17504151654
IND_FUA_10168,Ranchi,ghsl_only,normalized_exceedance_trapezoid,3981456,1,0.000414208484833
IND_FUA_10168,Ranchi,ghsl_only,uniform_seven_RP_mean,3981456,1,0.000414679669244
IND_FUA_10168,Ranchi,ghsl_only,RP10,3981456,1,0.000413758685262
IND_FUA_10168,Ranchi,ghsl_only,RP20,3981456,1,0.000414050538323
IND_FUA_10168,Ranchi,ghsl_only,RP50,3981456,1,0.000414546839146
IND_FUA_10168,Ranchi,ghsl_only,RP75,3981456,1,0.000414732700803
IND_FUA_10168,Ranchi,ghsl_only,RP100,3981456,1,0.000414857278298
IND_FUA_10168,Ranchi,ghsl_only,RP200,3981456,1,0.000415185801428
IND_FUA_10168,Ranchi,ghsl_only,RP500,3981456,1,0.000415625841447
IND_FUA_10168,Ranchi,endpoint_supported,normalized_exceedance_trapezoid,717198.078032,0.180134623623,0.00032986306516
IND_FUA_10168,Ranchi,endpoint_supported,uniform_seven_RP_mean,717198.078032,0.180134623623,0.00032986306516
IND_FUA_10168,Ranchi,endpoint_supported,RP10,717198.078032,0.180134623623,0.00032986306516
IND_FUA_10168,Ranchi,endpoint_supported,RP20,717198.078032,0.180134623623,0.00032986306516
IND_FUA_10168,Ranchi,endpoint_supported,RP50,717198.078032,0.180134623623,0.00032986306516
IND_FUA_10168,Ranchi,endpoint_supported,RP75,717198.078032,0.180134623623,0.00032986306516
IND_FUA_10168,Ranchi,endpoint_supported,RP100,717198.078032,0.180134623623,0.00032986306516
IND_FUA_10168,Ranchi,endpoint_supported,RP200,717198.078032,0.180134623623,0.00032986306516
IND_FUA_10168,Ranchi,endpoint_supported,RP500,717198.078032,0.180134623623,0.00032986306516
IND_FUA_10168,Ranchi,preexisting_detected_screened,normalized_exceedance_trapezoid,3731277.97516,0.93716418696,0.000312735533389
IND_FUA_10168,Ranchi,preexisting_detected_screened,uniform_seven_RP_mean,3731277.97516,0.93716418696,0.000313238310189
IND_FUA_10168,Ranchi,preexisting_detected_screened,RP10,3731277.97516,0.93716418696,0.000312255575259
IND_FUA_10168,Ranchi,preexisting_detected_screened,RP20,3731277.97516,0.93716418696,0.000312566996742
IND_FUA_10168,Ranchi,preexisting_detected_screened,RP50,3731277.97516,0.93716418696,0.000313096573982
IND_FUA_10168,Ranchi,preexisting_detected_screened,RP75,3731277.97516,0.93716418696,0.000313294897455
IND_FUA_10168,Ranchi,preexisting_detected_screened,RP100,3731277.97516,0.93716418696,0.000313427827732
IND_FUA_10168,Ranchi,preexisting_detected_screened,RP200,3731277.97516,0.93716418696,0.000313778377971
IND_FUA_10168,Ranchi,preexisting_detected_screened,RP500,3731277.97516,0.93716418696,0.000314247922182
IND_FUA_10168,Ranchi,joint_supported_screened,normalized_exceedance_trapezoid,620634.074086,0.155881183689,9.5484522393e-05
IND_FUA_10168,Ranchi,joint_supported_screened,uniform_seven_RP_mean,620634.074086,0.155881183689,9.5484522393e-05
IND_FUA_10168,Ranchi,joint_supported_screened,RP10,620634.074086,0.155881183689,9.5484522393e-05
IND_FUA_10168,Ranchi,joint_supported_screened,RP20,620634.074086,0.155881183689,9.5484522393e-05
IND_FUA_10168,Ranchi,joint_supported_screened,RP50,620634.074086,0.155881183689,9.5484522393e-05
IND_FUA_10168,Ranchi,joint_supported_screened,RP75,620634.074086,0.155881183689,9.5484522393e-05
IND_FUA_10168,Ranchi,joint_supported_screened,RP100,620634.074086,0.155881183689,9.5484522393e-05
IND_FUA_10168,Ranchi,joint_supported_screened,RP200,620634.074086,0.155881183689,9.5484522393e-05
IND_FUA_10168,Ranchi,joint_supported_screened,RP500,620634.074086,0.155881183689,9.5484522393e-05
IND_FUA_10243,Dhanbad,ghsl_only,normalized_exceedance_trapezoid,3148475,1,0.0181111937864
IND_FUA_10243,Dhanbad,ghsl_only,uniform_seven_RP_mean,3148475,1,0.0178584382583
IND_FUA_10243,Dhanbad,ghsl_only,RP10,3148475,1,0.0155628575014
IND_FUA_10243,Dhanbad,ghsl_only,RP20,3148475,1,0.017504089406
IND_FUA_10243,Dhanbad,ghsl_only,RP50,3148475,1,0.0208438178174
IND_FUA_10243,Dhanbad,ghsl_only,RP75,3148475,1,0.0218439617462
IND_FUA_10243,Dhanbad,ghsl_only,RP100,3148475,1,0.0225289387714
IND_FUA_10243,Dhanbad,ghsl_only,RP200,3148475,1,0.0241387306055
IND_FUA_10243,Dhanbad,ghsl_only,RP500,3148475,1,0.00258667196038
IND_FUA_10243,Dhanbad,endpoint_supported,normalized_exceedance_trapezoid,588179.257937,0.186814015654,0.00152129776411
IND_FUA_10243,Dhanbad,endpoint_supported,uniform_seven_RP_mean,588179.257937,0.186814015654,0.00148247730434
IND_FUA_10243,Dhanbad,endpoint_supported,RP10,588179.257937,0.186814015654,0.00138190630027
IND_FUA_10243,Dhanbad,endpoint_supported,RP20,588179.257937,0.186814015654,0.00146520646032
IND_FUA_10243,Dhanbad,endpoint_supported,RP50,588179.257937,0.186814015654,0.00171970841052
IND_FUA_10243,Dhanbad,endpoint_supported,RP75,588179.257937,0.186814015654,0.00176656239188
IND_FUA_10243,Dhanbad,endpoint_supported,RP100,588179.257937,0.186814015654,0.00180247284234
IND_FUA_10243,Dhanbad,endpoint_supported,RP200,588179.257937,0.186814015654,0.00187917395233
IND_FUA_10243,Dhanbad,endpoint_supported,RP500,588179.257937,0.186814015654,0.000362310772706
IND_FUA_10243,Dhanbad,preexisting_detected_screened,normalized_exceedance_trapezoid,2754788.74678,0.87495970169,0.0191340769925
IND_FUA_10243,Dhanbad,preexisting_detected_screened,uniform_seven_RP_mean,2754788.74678,0.87495970169,0.0188306972701
IND_FUA_10243,Dhanbad,preexisting_detected_screened,RP10,2754788.74678,0.87495970169,0.0164622185975
IND_FUA_10243,Dhanbad,preexisting_detected_screened,RP20,2754788.74678,0.87495970169,0.0184910653433
IND_FUA_10243,Dhanbad,preexisting_detected_screened,RP50,2754788.74678,0.87495970169,0.0220378412705
IND_FUA_10243,Dhanbad,preexisting_detected_screened,RP75,2754788.74678,0.87495970169,0.023066847615
IND_FUA_10243,Dhanbad,preexisting_detected_screened,RP100,2754788.74678,0.87495970169,0.0237674549495
IND_FUA_10243,Dhanbad,preexisting_detected_screened,RP200,2754788.74678,0.87495970169,0.0254259586388
IND_FUA_10243,Dhanbad,preexisting_detected_screened,RP500,2754788.74678,0.87495970169,0.00256349447637
IND_FUA_10243,Dhanbad,joint_supported_screened,normalized_exceedance_trapezoid,474796.570795,0.150802077449,0.00166957551517
IND_FUA_10243,Dhanbad,joint_supported_screened,uniform_seven_RP_mean,474796.570795,0.150802077449,0.0016173018198
IND_FUA_10243,Dhanbad,joint_supported_screened,RP10,474796.570795,0.150802077449,0.00150619426786
IND_FUA_10243,Dhanbad,joint_supported_screened,RP20,474796.570795,0.150802077449,0.0016030618041
IND_FUA_10243,Dhanbad,joint_supported_screened,RP50,474796.570795,0.150802077449,0.00190772311541
IND_FUA_10243,Dhanbad,joint_supported_screened,RP75,474796.570795,0.150802077449,0.00196161092926
IND_FUA_10243,Dhanbad,joint_supported_screened,RP100,474796.570795,0.150802077449,0.00200008144262
IND_FUA_10243,Dhanbad,joint_supported_screened,RP200,474796.570795,0.150802077449,0.00208430350009
IND_FUA_10243,Dhanbad,joint_supported_screened,RP500,474796.570795,0.150802077449,0.000258137679241
IND_FUA_10285,Jamshedpur,ghsl_only,normalized_exceedance_trapezoid,534462,1,0.184731753032
IND_FUA_10285,Jamshedpur,ghsl_only,uniform_seven_RP_mean,534462,1,0.241383685383
IND_FUA_10285,Jamshedpur,ghsl_only,RP10,534462,1,0.125111458541
IND_FUA_10285,Jamshedpur,ghsl_only,RP20,534462,1,0.169819017767
IND_FUA_10285,Jamshedpur,ghsl_only,RP50,534462,1,0.223639240936
IND_FUA_10285,Jamshedpur,ghsl_only,RP75,534462,1,0.247532614715
IND_FUA_10285,Jamshedpur,ghsl_only,RP100,534462,1,0.26316974112
IND_FUA_10285,Jamshedpur,ghsl_only,RP200,534462,1,0.303315049597
IND_FUA_10285,Jamshedpur,ghsl_only,RP500,534462,1,0.357098675003
IND_FUA_10285,Jamshedpur,endpoint_supported,normalized_exceedance_trapezoid,147671.490941,0.276299327064,0.146768765454
IND_FUA_10285,Jamshedpur,endpoint_supported,uniform_seven_RP_mean,147671.490941,0.276299327064,0.197917969112
IND_FUA_10285,Jamshedpur,endpoint_supported,RP10,147671.490941,0.276299327064,0.0905648755539
IND_FUA_10285,Jamshedpur,endpoint_supported,RP20,147671.490941,0.276299327064,0.133671145138
IND_FUA_10285,Jamshedpur,endpoint_supported,RP50,147671.490941,0.276299327064,0.183921946437
IND_FUA_10285,Jamshedpur,endpoint_supported,RP75,147671.490941,0.276299327064,0.205242620623
IND_FUA_10285,Jamshedpur,endpoint_supported,RP100,147671.490941,0.276299327064,0.219205908188
IND_FUA_10285,Jamshedpur,endpoint_supported,RP200,147671.490941,0.276299327064,0.252667593258
IND_FUA_10285,Jamshedpur,endpoint_supported,RP500,147671.490941,0.276299327064,0.300151694589
IND_FUA_10285,Jamshedpur,preexisting_detected_screened,normalized_exceedance_trapezoid,355303.26924,0.664786774814,0.236427292563
IND_FUA_10285,Jamshedpur,preexisting_detected_screened,uniform_seven_RP_mean,355303.26924,0.664786774814,0.30638795819
IND_FUA_10285,Jamshedpur,preexisting_detected_screened,RP10,355303.26924,0.664786774814,0.160771378349
IND_FUA_10285,Jamshedpur,preexisting_detected_screened,RP20,355303.26924,0.664786774814,0.218276711003
IND_FUA_10285,Jamshedpur,preexisting_detected_screened,RP50,355303.26924,0.664786774814,0.286046295834
IND_FUA_10285,Jamshedpur,preexisting_detected_screened,RP75,355303.26924,0.664786774814,0.315685860673
IND_FUA_10285,Jamshedpur,preexisting_detected_screened,RP100,355303.26924,0.664786774814,0.33516897183
IND_FUA_10285,Jamshedpur,preexisting_detected_screened,RP200,355303.26924,0.664786774814,0.382889304646
IND_FUA_10285,Jamshedpur,preexisting_detected_screened,RP500,355303.26924,0.664786774814,0.445877184996
IND_FUA_10285,Jamshedpur,joint_supported_screened,normalized_exceedance_trapezoid,91900.3536365,0.171949275414,0.208898931103
IND_FUA_10285,Jamshedpur,joint_supported_screened,uniform_seven_RP_mean,91900.3536365,0.171949275414,0.279080041202
IND_FUA_10285,Jamshedpur,joint_supported_screened,RP10,91900.3536365,0.171949275414,0.129069990354
IND_FUA_10285,Jamshedpur,joint_supported_screened,RP20,91900.3536365,0.171949275414,0.191385554885
IND_FUA_10285,Jamshedpur,joint_supported_screened,RP50,91900.3536365,0.171949275414,0.261864891371
IND_FUA_10285,Jamshedpur,joint_supported_screened,RP75,91900.3536365,0.171949275414,0.290997897249
IND_FUA_10285,Jamshedpur,joint_supported_screened,RP100,91900.3536365,0.171949275414,0.31017298798
IND_FUA_10285,Jamshedpur,joint_supported_screened,RP200,91900.3536365,0.171949275414,0.354634626429
IND_FUA_10285,Jamshedpur,joint_supported_screened,RP500,91900.3536365,0.171949275414,0.415434340147
IND_FUA_10313,Asansol,ghsl_only,normalized_exceedance_trapezoid,1422481,1,0.018007591621
IND_FUA_10313,Asansol,ghsl_only,uniform_seven_RP_mean,1422481,1,0.0187685456289
IND_FUA_10313,Asansol,ghsl_only,RP10,1422481,1,0.0161724256453
IND_FUA_10313,Asansol,ghsl_only,RP20,1422481,1,0.0175513078936
IND_FUA_10313,Asansol,ghsl_only,RP50,1422481,1,0.0193355911943
IND_FUA_10313,Asansol,ghsl_only,RP75,1422481,1,0.0201396130722
IND_FUA_10313,Asansol,ghsl_only,RP100,1422481,1,0.0213195513115
IND_FUA_10313,Asansol,ghsl_only,RP200,1422481,1,0.0236294635353
IND_FUA_10313,Asansol,ghsl_only,RP500,1422481,1,0.0132318667505
IND_FUA_10313,Asansol,endpoint_supported,normalized_exceedance_trapezoid,244128.98651,0.171621966487,0.00920304946609
IND_FUA_10313,Asansol,endpoint_supported,uniform_seven_RP_mean,244128.98651,0.171621966487,0.00892459407399
IND_FUA_10313,Asansol,endpoint_supported,RP10,244128.98651,0.171621966487,0.00868271554965
IND_FUA_10313,Asansol,endpoint_supported,RP20,244128.98651,0.171621966487,0.00908663219248
IND_FUA_10313,Asansol,endpoint_supported,RP50,244128.98651,0.171621966487,0.00975390342967
IND_FUA_10313,Asansol,endpoint_supported,RP75,244128.98651,0.171621966487,0.0100430131937
IND_FUA_10313,Asansol,endpoint_supported,RP100,244128.98651,0.171621966487,0.0103930639509
IND_FUA_10313,Asansol,endpoint_supported,RP200,244128.98651,0.171621966487,0.0109021455839
IND_FUA_10313,Asansol,endpoint_supported,RP500,244128.98651,0.171621966487,0.00361068461763
IND_FUA_10313,Asansol,preexisting_detected_screened,normalized_exceedance_trapezoid,1182468.78514,0.831272111996,0.0174219048221
IND_FUA_10313,Asansol,preexisting_detected_screened,uniform_seven_RP_mean,1182468.78514,0.831272111996,0.0183536281254
IND_FUA_10313,Asansol,preexisting_detected_screened,RP10,1182468.78514,0.831272111996,0.0155242552077
IND_FUA_10313,Asansol,preexisting_detected_screened,RP20,1182468.78514,0.831272111996,0.0169308281033
IND_FUA_10313,Asansol,preexisting_detected_screened,RP50,1182468.78514,0.831272111996,0.0187713523119
IND_FUA_10313,Asansol,preexisting_detected_screened,RP75,1182468.78514,0.831272111996,0.0195846402324
IND_FUA_10313,Asansol,preexisting_detected_screened,RP100,1182468.78514,0.831272111996,0.020820503421
IND_FUA_10313,Asansol,preexisting_detected_screened,RP200,1182468.78514,0.831272111996,0.0231698736141
IND_FUA_10313,Asansol,preexisting_detected_screened,RP500,1182468.78514,0.831272111996,0.0136739439871
IND_FUA_10313,Asansol,joint_supported_screened,normalized_exceedance_trapezoid,161881.801107,0.113802434695,0.00651893178658
IND_FUA_10313,Asansol,joint_supported_screened,uniform_seven_RP_mean,161881.801107,0.113802434695,0.00638089051072
IND_FUA_10313,Asansol,joint_supported_screened,RP10,161881.801107,0.113802434695,0.00611661515657
IND_FUA_10313,Asansol,joint_supported_screened,RP20,161881.801107,0.113802434695,0.00642059746937
IND_FUA_10313,Asansol,joint_supported_screened,RP50,161881.801107,0.113802434695,0.00693579377329
IND_FUA_10313,Asansol,joint_supported_screened,RP75,161881.801107,0.113802434695,0.00715584070945
IND_FUA_10313,Asansol,joint_supported_screened,RP100,161881.801107,0.113802434695,0.00738865852539
IND_FUA_10313,Asansol,joint_supported_screened,RP200,161881.801107,0.113802434695,0.00776857822859
IND_FUA_10313,Asansol,joint_supported_screened,RP500,161881.801107,0.113802434695,0.00288014971238
IND_FUA_10354,Bhubaneshwar,ghsl_only,normalized_exceedance_trapezoid,1450407,1,0.346809920684
IND_FUA_10354,Bhubaneshwar,ghsl_only,uniform_seven_RP_mean,1450407,1,0.473897759617
IND_FUA_10354,Bhubaneshwar,ghsl_only,RP10,1450407,1,0.216272034985
IND_FUA_10354,Bhubaneshwar,ghsl_only,RP20,1450407,1,0.308291391106
IND_FUA_10354,Bhubaneshwar,ghsl_only,RP50,1450407,1,0.436688767177
IND_FUA_10354,Bhubaneshwar,ghsl_only,RP75,1450407,1,0.498561530568
IND_FUA_10354,Bhubaneshwar,ghsl_only,RP100,1450407,1,0.533889821709
IND_FUA_10354,Bhubaneshwar,ghsl_only,RP200,1450407,1,0.616094096914
IND_FUA_10354,Bhubaneshwar,ghsl_only,RP500,1450407,1,0.707486674863
IND_FUA_10354,Bhubaneshwar,endpoint_supported,normalized_exceedance_trapezoid,371413.2614,0.256075199168,0.330575316522
IND_FUA_10354,Bhubaneshwar,endpoint_supported,uniform_seven_RP_mean,371413.2614,0.256075199168,0.451909870836
IND_FUA_10354,Bhubaneshwar,endpoint_supported,RP10,371413.2614,0.256075199168,0.202328397512
IND_FUA_10354,Bhubaneshwar,endpoint_supported,RP20,371413.2614,0.256075199168,0.29518507511
IND_FUA_10354,Bhubaneshwar,endpoint_supported,RP50,371413.2614,0.256075199168,0.41788123638
IND_FUA_10354,Bhubaneshwar,endpoint_supported,RP75,371413.2614,0.256075199168,0.47648943759
IND_FUA_10354,Bhubaneshwar,endpoint_supported,RP100,371413.2614,0.256075199168,0.510194838919
IND_FUA_10354,Bhubaneshwar,endpoint_supported,RP200,371413.2614,0.256075199168,0.587767157749
IND_FUA_10354,Bhubaneshwar,endpoint_supported,RP500,371413.2614,0.256075199168,0.673522952593
IND_FUA_10354,Bhubaneshwar,preexisting_detected_screened,normalized_exceedance_trapezoid,1080723.89086,0.745117674463,0.391135832382
IND_FUA_10354,Bhubaneshwar,preexisting_detected_screened,uniform_seven_RP_mean,1080723.89086,0.745117674463,0.532218313199
IND_FUA_10354,Bhubaneshwar,preexisting_detected_screened,RP10,1080723.89086,0.745117674463,0.243403660833
IND_FUA_10354,Bhubaneshwar,preexisting_detected_screened,RP20,1080723.89086,0.745117674463,0.350118300878
IND_FUA_10354,Bhubaneshwar,preexisting_detected_screened,RP50,1080723.89086,0.745117674463,0.490714865341
IND_FUA_10354,Bhubaneshwar,preexisting_detected_screened,RP75,1080723.89086,0.745117674463,0.559644332437
IND_FUA_10354,Bhubaneshwar,preexisting_detected_screened,RP100,1080723.89086,0.745117674463,0.599248347205
IND_FUA_10354,Bhubaneshwar,preexisting_detected_screened,RP200,1080723.89086,0.745117674463,0.690544406182
IND_FUA_10354,Bhubaneshwar,preexisting_detected_screened,RP500,1080723.89086,0.745117674463,0.791854279519
IND_FUA_10354,Bhubaneshwar,joint_supported_screened,normalized_exceedance_trapezoid,263233.439164,0.181489360686,0.386697150774
IND_FUA_10354,Bhubaneshwar,joint_supported_screened,uniform_seven_RP_mean,263233.439164,0.181489360686,0.528671678056
IND_FUA_10354,Bhubaneshwar,joint_supported_screened,RP10,263233.439164,0.181489360686,0.232869223705
IND_FUA_10354,Bhubaneshwar,joint_supported_screened,RP20,263233.439164,0.181489360686,0.34722959312
IND_FUA_10354,Bhubaneshwar,joint_supported_screened,RP50,263233.439164,0.181489360686,0.489408811821
IND_FUA_10354,Bhubaneshwar,joint_supported_screened,RP75,263233.439164,0.181489360686,0.557935886361
IND_FUA_10354,Bhubaneshwar,joint_supported_screened,RP100,263233.439164,0.181489360686,0.597504071384
IND_FUA_10354,Bhubaneshwar,joint_supported_screened,RP200,263233.439164,0.181489360686,0.688000242304
IND_FUA_10354,Bhubaneshwar,joint_supported_screened,RP500,263233.439164,0.181489360686,0.787753917701
IND_FUA_10432,Berhampore,ghsl_only,normalized_exceedance_trapezoid,258040,1,0.774709514047
IND_FUA_10432,Berhampore,ghsl_only,uniform_seven_RP_mean,258040,1,1.18152902405
IND_FUA_10432,Berhampore,ghsl_only,RP10,258040,1,0.296324511054
IND_FUA_10432,Berhampore,ghsl_only,RP20,258040,1,0.646246946407
IND_FUA_10432,Berhampore,ghsl_only,RP50,258040,1,1.15120267831
IND_FUA_10432,Berhampore,ghsl_only,RP75,258040,1,1.29641753358
IND_FUA_10432,Berhampore,ghsl_only,RP100,258040,1,1.3967665131
IND_FUA_10432,Berhampore,ghsl_only,RP200,258040,1,1.61223747612
IND_FUA_10432,Berhampore,ghsl_only,RP500,258040,1,1.8715075098
IND_FUA_10432,Berhampore,endpoint_supported,normalized_exceedance_trapezoid,17349.0638936,0.0672340098185,0.614883977154
IND_FUA_10432,Berhampore,endpoint_supported,uniform_seven_RP_mean,17349.0638936,0.0672340098185,0.978547331689
IND_FUA_10432,Berhampore,endpoint_supported,RP10,17349.0638936,0.0672340098185,0.156308152672
IND_FUA_10432,Berhampore,endpoint_supported,RP20,17349.0638936,0.0672340098185,0.522332090338
IND_FUA_10432,Berhampore,endpoint_supported,RP50,17349.0638936,0.0672340098185,0.944030971442
IND_FUA_10432,Berhampore,endpoint_supported,RP75,17349.0638936,0.0672340098185,1.07636994904
IND_FUA_10432,Berhampore,endpoint_supported,RP100,17349.0638936,0.0672340098185,1.17010374708
IND_FUA_10432,Berhampore,endpoint_supported,RP200,17349.0638936,0.0672340098185,1.36883848509
IND_FUA_10432,Berhampore,endpoint_supported,RP500,17349.0638936,0.0672340098185,1.61184792616
IND_FUA_10432,Berhampore,preexisting_detected_screened,normalized_exceedance_trapezoid,231864.702216,0.898561084389,0.790232087678
IND_FUA_10432,Berhampore,preexisting_detected_screened,uniform_seven_RP_mean,231864.702216,0.898561084389,1.20504217851
IND_FUA_10432,Berhampore,preexisting_detected_screened,RP10,231864.702216,0.898561084389,0.3048278796
IND_FUA_10432,Berhampore,preexisting_detected_screened,RP20,231864.702216,0.898561084389,0.657679684171
IND_FUA_10432,Berhampore,preexisting_detected_screened,RP50,231864.702216,0.898561084389,1.17433790364
IND_FUA_10432,Berhampore,preexisting_detected_screened,RP75,231864.702216,0.898561084389,1.32252228352
IND_FUA_10432,Berhampore,preexisting_detected_screened,RP100,231864.702216,0.898561084389,1.42472755589
IND_FUA_10432,Berhampore,preexisting_detected_screened,RP200,231864.702216,0.898561084389,1.64382234167
IND_FUA_10432,Berhampore,preexisting_detected_screened,RP500,231864.702216,0.898561084389,1.90737760107
IND_FUA_10432,Berhampore,joint_supported_screened,normalized_exceedance_trapezoid,12169.7407799,0.0471622259337,0.628225325918
IND_FUA_10432,Berhampore,joint_supported_screened,uniform_seven_RP_mean,12169.7407799,0.0471622259337,1.01383530486
IND_FUA_10432,Berhampore,joint_supported_screened,RP10,12169.7407799,0.0471622259337,0.152327725073
IND_FUA_10432,Berhampore,joint_supported_screened,RP20,12169.7407799,0.0471622259337,0.526770248541
IND_FUA_10432,Berhampore,joint_supported_screened,RP50,12169.7407799,0.0471622259337,0.971725665433
IND_FUA_10432,Berhampore,joint_supported_screened,RP75,12169.7407799,0.0471622259337,1.11406322298
IND_FUA_10432,Berhampore,joint_supported_screened,RP100,12169.7407799,0.0471622259337,1.21392429273
IND_FUA_10432,Berhampore,joint_supported_screened,RP200,12169.7407799,0.0471622259337,1.42668814739
IND_FUA_10432,Berhampore,joint_supported_screened,RP500,12169.7407799,0.0471622259337,1.69134783185
IND_FUA_10441,Tamluk,ghsl_only,normalized_exceedance_trapezoid,2897193,1,0.577415816203
IND_FUA_10441,Tamluk,ghsl_only,uniform_seven_RP_mean,2897193,1,0.759973086453
IND_FUA_10441,Tamluk,ghsl_only,RP10,2897193,1,0.389982991538
IND_FUA_10441,Tamluk,ghsl_only,RP20,2897193,1,0.533340311551
IND_FUA_10441,Tamluk,ghsl_only,RP50,2897193,1,0.689406712965
IND_FUA_10441,Tamluk,ghsl_only,RP75,2897193,1,0.767917746138
IND_FUA_10441,Tamluk,ghsl_only,RP100,2897193,1,0.829285128125
IND_FUA_10441,Tamluk,ghsl_only,RP200,2897193,1,0.961871265155
IND_FUA_10441,Tamluk,ghsl_only,RP500,2897193,1,1.1480074497
IND_FUA_10441,Tamluk,endpoint_supported,normalized_exceedance_trapezoid,236631.720989,0.0816762020996,0.608341359635
IND_FUA_10441,Tamluk,endpoint_supported,uniform_seven_RP_mean,236631.720989,0.0816762020996,0.801971505692
IND_FUA_10441,Tamluk,endpoint_supported,RP10,236631.720989,0.0816762020996,0.435544387861
IND_FUA_10441,Tamluk,endpoint_supported,RP20,236631.720989,0.0816762020996,0.561021840407
IND_FUA_10441,Tamluk,endpoint_supported,RP50,236631.720989,0.0816762020996,0.689107277176
IND_FUA_10441,Tamluk,endpoint_supported,RP75,236631.720989,0.0816762020996,0.816159657099
IND_FUA_10441,Tamluk,endpoint_supported,RP100,236631.720989,0.0816762020996,0.879386993441
IND_FUA_10441,Tamluk,endpoint_supported,RP200,236631.720989,0.0816762020996,1.02422207302
IND_FUA_10441,Tamluk,endpoint_supported,RP500,236631.720989,0.0816762020996,1.20835831084
IND_FUA_10441,Tamluk,preexisting_detected_screened,normalized_exceedance_trapezoid,2782249.81092,0.960326015877,0.580271298075
IND_FUA_10441,Tamluk,preexisting_detected_screened,uniform_seven_RP_mean,2782249.81092,0.960326015877,0.764318998815
IND_FUA_10441,Tamluk,preexisting_detected_screened,RP10,2782249.81092,0.960326015877,0.391011171776
IND_FUA_10441,Tamluk,preexisting_detected_screened,RP20,2782249.81092,0.960326015877,0.535639026669
IND_FUA_10441,Tamluk,preexisting_detected_screened,RP50,2782249.81092,0.960326015877,0.694114486517
IND_FUA_10441,Tamluk,preexisting_detected_screened,RP75,2782249.81092,0.960326015877,0.772231769024
IND_FUA_10441,Tamluk,preexisting_detected_screened,RP100,2782249.81092,0.960326015877,0.834213667169
IND_FUA_10441,Tamluk,preexisting_detected_screened,RP200,2782249.81092,0.960326015877,0.96749246662
IND_FUA_10441,Tamluk,preexisting_detected_screened,RP500,2782249.81092,0.960326015877,1.15553040393
IND_FUA_10441,Tamluk,joint_supported_screened,normalized_exceedance_trapezoid,212983.245048,0.07351365444,0.606800325165
IND_FUA_10441,Tamluk,joint_supported_screened,uniform_seven_RP_mean,212983.245048,0.07351365444,0.799871647778
IND_FUA_10441,Tamluk,joint_supported_screened,RP10,212983.245048,0.07351365444,0.432720712908
IND_FUA_10441,Tamluk,joint_supported_screened,RP20,212983.245048,0.07351365444,0.559376026611
IND_FUA_10441,Tamluk,joint_supported_screened,RP50,212983.245048,0.07351365444,0.69130529519
IND_FUA_10441,Tamluk,joint_supported_screened,RP75,212983.245048,0.07351365444,0.811125670927
IND_FUA_10441,Tamluk,joint_supported_screened,RP100,212983.245048,0.07351365444,0.875477807342
IND_FUA_10441,Tamluk,joint_supported_screened,RP200,212983.245048,0.07351365444,1.02093839322
IND_FUA_10441,Tamluk,joint_supported_screened,RP500,212983.245048,0.07351365444,1.20815762825
IND_FUA_10452,Kolkata,ghsl_only,normalized_exceedance_trapezoid,10554134,1,0.508989180591
IND_FUA_10452,Kolkata,ghsl_only,uniform_seven_RP_mean,10554134,1,0.676388034526
IND_FUA_10452,Kolkata,ghsl_only,RP10,10554134,1,0.354605026864
IND_FUA_10452,Kolkata,ghsl_only,RP20,10554134,1,0.453192980184
IND_FUA_10452,Kolkata,ghsl_only,RP50,10554134,1,0.624532487758
IND_FUA_10452,Kolkata,ghsl_only,RP75,10554134,1,0.687979770411
IND_FUA_10452,Kolkata,ghsl_only,RP100,10554134,1,0.731002956094
IND_FUA_10452,Kolkata,ghsl_only,RP200,10554134,1,0.850993404173
IND_FUA_10452,Kolkata,ghsl_only,RP500,10554134,1,1.0324096162
IND_FUA_10452,Kolkata,endpoint_supported,normalized_exceedance_trapezoid,1266221.48342,0.119973982083,0.541797516163
IND_FUA_10452,Kolkata,endpoint_supported,uniform_seven_RP_mean,1266221.48342,0.119973982083,0.781486662964
IND_FUA_10452,Kolkata,endpoint_supported,RP10,1266221.48342,0.119973982083,0.327262854403
IND_FUA_10452,Kolkata,endpoint_supported,RP20,1266221.48342,0.119973982083,0.457410811283
IND_FUA_10452,Kolkata,endpoint_supported,RP50,1266221.48342,0.119973982083,0.707169924727
IND_FUA_10452,Kolkata,endpoint_supported,RP75,1266221.48342,0.119973982083,0.801963825553
IND_FUA_10452,Kolkata,endpoint_supported,RP100,1266221.48342,0.119973982083,0.862781313073
IND_FUA_10452,Kolkata,endpoint_supported,RP200,1266221.48342,0.119973982083,1.03116107446
IND_FUA_10452,Kolkata,endpoint_supported,RP500,1266221.48342,0.119973982083,1.28265683725
IND_FUA_10452,Kolkata,preexisting_detected_screened,normalized_exceedance_trapezoid,8574009.5089,0.812383991799,0.515392426177
IND_FUA_10452,Kolkata,preexisting_detected_screened,uniform_seven_RP_mean,8574009.5089,0.812383991799,0.672484085714
IND_FUA_10452,Kolkata,preexisting_detected_screened,RP10,8574009.5089,0.812383991799,0.368894850348
IND_FUA_10452,Kolkata,preexisting_detected_screened,RP20,8574009.5089,0.812383991799,0.464771251568
IND_FUA_10452,Kolkata,preexisting_detected_screened,RP50,8574009.5089,0.812383991799,0.62299313163
IND_FUA_10452,Kolkata,preexisting_detected_screened,RP75,8574009.5089,0.812383991799,0.681831361195
IND_FUA_10452,Kolkata,preexisting_detected_screened,RP100,8574009.5089,0.812383991799,0.721543834348
IND_FUA_10452,Kolkata,preexisting_detected_screened,RP200,8574009.5089,0.812383991799,0.83482999677
IND_FUA_10452,Kolkata,preexisting_detected_screened,RP500,8574009.5089,0.812383991799,1.01252417414
IND_FUA_10452,Kolkata,joint_supported_screened,normalized_exceedance_trapezoid,664236.042101,0.0629361008777,0.616849695188
IND_FUA_10452,Kolkata,joint_supported_screened,uniform_seven_RP_mean,664236.042101,0.0629361008777,0.865417111287
IND_FUA_10452,Kolkata,joint_supported_screened,RP10,664236.042101,0.0629361008777,0.384622518332
IND_FUA_10452,Kolkata,joint_supported_screened,RP20,664236.042101,0.0629361008777,0.536283123173
IND_FUA_10452,Kolkata,joint_supported_screened,RP50,664236.042101,0.0629361008777,0.787938079289
IND_FUA_10452,Kolkata,joint_supported_screened,RP75,664236.042101,0.0629361008777,0.883233580342
IND_FUA_10452,Kolkata,joint_supported_screened,RP100,664236.042101,0.0629361008777,0.944860254435
IND_FUA_10452,Kolkata,joint_supported_screened,RP200,664236.042101,0.0629361008777,1.12171673035
IND_FUA_10452,Kolkata,joint_supported_screened,RP500,664236.042101,0.0629361008777,1.39926549309
IND_FUA_10453,Kolkata,ghsl_only,normalized_exceedance_trapezoid,754460,1,0.310206821002
IND_FUA_10453,Kolkata,ghsl_only,uniform_seven_RP_mean,754460,1,0.379549642058
IND_FUA_10453,Kolkata,ghsl_only,RP10,754460,1,0.233897633576
IND_FUA_10453,Kolkata,ghsl_only,RP20,754460,1,0.295356799706
IND_FUA_10453,Kolkata,ghsl_only,RP50,754460,1,0.357198690252
IND_FUA_10453,Kolkata,ghsl_only,RP75,754460,1,0.382275097581
IND_FUA_10453,Kolkata,ghsl_only,RP100,754460,1,0.397588747214
IND_FUA_10453,Kolkata,ghsl_only,RP200,754460,1,0.454448767553
IND_FUA_10453,Kolkata,ghsl_only,RP500,754460,1,0.536081758527
IND_FUA_10453,Kolkata,endpoint_supported,normalized_exceedance_trapezoid,18400.1203559,0.0243884637435,0.384312939464
IND_FUA_10453,Kolkata,endpoint_supported,uniform_seven_RP_mean,18400.1203559,0.0243884637435,0.453751392427
IND_FUA_10453,Kolkata,endpoint_supported,RP10,18400.1203559,0.0243884637435,0.310584628951
IND_FUA_10453,Kolkata,endpoint_supported,RP20,18400.1203559,0.0243884637435,0.368171624814
IND_FUA_10453,Kolkata,endpoint_supported,RP50,18400.1203559,0.0243884637435,0.425915905743
IND_FUA_10453,Kolkata,endpoint_supported,RP75,18400.1203559,0.0243884637435,0.470108919546
IND_FUA_10453,Kolkata,endpoint_supported,RP100,18400.1203559,0.0243884637435,0.485230632448
IND_FUA_10453,Kolkata,endpoint_supported,RP200,18400.1203559,0.0243884637435,0.526407250538
IND_FUA_10453,Kolkata,endpoint_supported,RP500,18400.1203559,0.0243884637435,0.58984078495
IND_FUA_10453,Kolkata,preexisting_detected_screened,normalized_exceedance_trapezoid,718935.951787,0.95291460354,0.317455997832
IND_FUA_10453,Kolkata,preexisting_detected_screened,uniform_seven_RP_mean,718935.951787,0.95291460354,0.38814441701
IND_FUA_10453,Kolkata,preexisting_detected_screened,RP10,718935.951787,0.95291460354,0.240455259532
IND_FUA_10453,Kolkata,preexisting_detected_screened,RP20,718935.951787,0.95291460354,0.302126526503
IND_FUA_10453,Kolkata,preexisting_detected_screened,RP50,718935.951787,0.95291460354,0.364847308799
IND_FUA_10453,Kolkata,preexisting_detected_screened,RP75,718935.951787,0.95291460354,0.39046540023
IND_FUA_10453,Kolkata,preexisting_detected_screened,RP100,718935.951787,0.95291460354,0.406101762366
IND_FUA_10453,Kolkata,preexisting_detected_screened,RP200,718935.951787,0.95291460354,0.464575296383
IND_FUA_10453,Kolkata,preexisting_detected_screened,RP500,718935.951787,0.95291460354,0.548439365254
IND_FUA_10453,Kolkata,joint_supported_screened,normalized_exceedance_trapezoid,13784.5156293,0.0182707043836,0.465034785429
IND_FUA_10453,Kolkata,joint_supported_screened,uniform_seven_RP_mean,13784.5156293,0.0182707043836,0.550844120242
IND_FUA_10453,Kolkata,joint_supported_screened,RP10,13784.5156293,0.0182707043836,0.375706414525
IND_FUA_10453,Kolkata,joint_supported_screened,RP20,13784.5156293,0.0182707043836,0.44460647776
IND_FUA_10453,Kolkata,joint_supported_screened,RP50,13784.5156293,0.0182707043836,0.51494821095
IND_FUA_10453,Kolkata,joint_supported_screened,RP75,13784.5156293,0.0182707043836,0.571091305833
IND_FUA_10453,Kolkata,joint_supported_screened,RP100,13784.5156293,0.0182707043836,0.589762020833
IND_FUA_10453,Kolkata,joint_supported_screened,RP200,13784.5156293,0.0182707043836,0.641312958968
IND_FUA_10453,Kolkata,joint_supported_screened,RP500,13784.5156293,0.0182707043836,0.718481452827
IND_FUA_10496,Guwahati,ghsl_only,normalized_exceedance_trapezoid,788595,1,0.873432491065
IND_FUA_10496,Guwahati,ghsl_only,uniform_seven_RP_mean,788595,1,1.31028498906
IND_FUA_10496,Guwahati,ghsl_only,RP10,788595,1,0.44638922293
IND_FUA_10496,Guwahati,ghsl_only,RP20,788595,1,0.68300998056
IND_FUA_10496,Guwahati,ghsl_only,RP50,788595,1,1.27360233637
IND_FUA_10496,Guwahati,ghsl_only,RP75,788595,1,1.44691109251
IND_FUA_10496,Guwahati,ghsl_only,RP100,788595,1,1.55245711627
IND_FUA_10496,Guwahati,ghsl_only,RP200,788595,1,1.76372544775
IND_FUA_10496,Guwahati,ghsl_only,RP500,788595,1,2.00589972706
IND_FUA_10496,Guwahati,endpoint_supported,normalized_exceedance_trapezoid,164761.513976,0.208930457302,0.890469636749
IND_FUA_10496,Guwahati,endpoint_supported,uniform_seven_RP_mean,164761.513976,0.208930457302,1.43208635273
IND_FUA_10496,Guwahati,endpoint_supported,RP10,164761.513976,0.208930457302,0.389289153372
IND_FUA_10496,Guwahati,endpoint_supported,RP20,164761.513976,0.208930457302,0.636072740356
IND_FUA_10496,Guwahati,endpoint_supported,RP50,164761.513976,0.208930457302,1.38761343049
IND_FUA_10496,Guwahati,endpoint_supported,RP75,164761.513976,0.208930457302,1.61027346326
IND_FUA_10496,Guwahati,endpoint_supported,RP100,164761.513976,0.208930457302,1.73804980775
IND_FUA_10496,Guwahati,endpoint_supported,RP200,164761.513976,0.208930457302,1.98524242713
IND_FUA_10496,Guwahati,endpoint_supported,RP500,164761.513976,0.208930457302,2.27806344672
IND_FUA_10496,Guwahati,preexisting_detected_screened,normalized_exceedance_trapezoid,644974.992435,0.817878622658,0.94714938021
IND_FUA_10496,Guwahati,preexisting_detected_screened,uniform_seven_RP_mean,644974.992435,0.817878622658,1.40285486518
IND_FUA_10496,Guwahati,preexisting_detected_screened,RP10,644974.992435,0.817878622658,0.502666843957
IND_FUA_10496,Guwahati,preexisting_detected_screened,RP20,644974.992435,0.817878622658,0.744313849301
IND_FUA_10496,Guwahati,preexisting_detected_screened,RP50,644974.992435,0.817878622658,1.37195688232
IND_FUA_10496,Guwahati,preexisting_detected_screened,RP75,644974.992435,0.817878622658,1.54647158458
IND_FUA_10496,Guwahati,preexisting_detected_screened,RP100,644974.992435,0.817878622658,1.65674501099
IND_FUA_10496,Guwahati,preexisting_detected_screened,RP200,644974.992435,0.817878622658,1.87866575367
IND_FUA_10496,Guwahati,preexisting_detected_screened,RP500,644974.992435,0.817878622658,2.11916413143
IND_FUA_10496,Guwahati,joint_supported_screened,normalized_exceedance_trapezoid,108363.747815,0.137413688668,1.09837352584
IND_FUA_10496,Guwahati,joint_supported_screened,uniform_seven_RP_mean,108363.747815,0.137413688668,1.74179684768
IND_FUA_10496,Guwahati,joint_supported_screened,RP10,108363.747815,0.137413688668,0.504837155382
IND_FUA_10496,Guwahati,joint_supported_screened,RP20,108363.747815,0.137413688668,0.785054710089
IND_FUA_10496,Guwahati,joint_supported_screened,RP50,108363.747815,0.137413688668,1.70911281305
IND_FUA_10496,Guwahati,joint_supported_screened,RP75,108363.747815,0.137413688668,1.95999310281
IND_FUA_10496,Guwahati,joint_supported_screened,RP100,108363.747815,0.137413688668,2.11044006307
IND_FUA_10496,Guwahati,joint_supported_screened,RP200,108363.747815,0.137413688668,2.40223097088
IND_FUA_10496,Guwahati,joint_supported_screened,RP500,108363.747815,0.137413688668,2.72090911845
IND_FUA_10533,Imphal,ghsl_only,normalized_exceedance_trapezoid,738716,1,0.404211377564
IND_FUA_10533,Imphal,ghsl_only,uniform_seven_RP_mean,738716,1,0.440447777129
IND_FUA_10533,Imphal,ghsl_only,RP10,738716,1,0.362049369899
IND_FUA_10533,Imphal,ghsl_only,RP20,738716,1,0.394475212714
IND_FUA_10533,Imphal,ghsl_only,RP50,738716,1,0.433737520099
IND_FUA_10533,Imphal,ghsl_only,RP75,738716,1,0.448068330304
IND_FUA_10533,Imphal,ghsl_only,RP100,738716,1,0.457858666133
IND_FUA_10533,Imphal,ghsl_only,RP200,738716,1,0.480845442086
IND_FUA_10533,Imphal,ghsl_only,RP500,738716,1,0.50609989867
IND_FUA_10533,Imphal,endpoint_supported,normalized_exceedance_trapezoid,192266.651968,0.260271406019,0.286968925389
IND_FUA_10533,Imphal,endpoint_supported,uniform_seven_RP_mean,192266.651968,0.260271406019,0.311283732043
IND_FUA_10533,Imphal,endpoint_supported,RP10,192266.651968,0.260271406019,0.25890453637
IND_FUA_10533,Imphal,endpoint_supported,RP20,192266.651968,0.260271406019,0.280515430786
IND_FUA_10533,Imphal,endpoint_supported,RP50,192266.651968,0.260271406019,0.306463081261
IND_FUA_10533,Imphal,endpoint_supported,RP75,192266.651968,0.260271406019,0.316004496758
IND_FUA_10533,Imphal,endpoint_supported,RP100,192266.651968,0.260271406019,0.322637196757
IND_FUA_10533,Imphal,endpoint_supported,RP200,192266.651968,0.260271406019,0.338079205534
IND_FUA_10533,Imphal,endpoint_supported,RP500,192266.651968,0.260271406019,0.356382176834
IND_FUA_10533,Imphal,preexisting_detected_screened,normalized_exceedance_trapezoid,617410.567002,0.835788810588,0.41330007966
IND_FUA_10533,Imphal,preexisting_detected_screened,uniform_seven_RP_mean,617410.567002,0.835788810588,0.452439981826
IND_FUA_10533,Imphal,preexisting_detected_screened,RP10,617410.567002,0.835788810588,0.367897786656
IND_FUA_10533,Imphal,preexisting_detected_screened,RP20,617410.567002,0.835788810588,0.402662938366
IND_FUA_10533,Imphal,preexisting_detected_screened,RP50,617410.567002,0.835788810588,0.445224699108
IND_FUA_10533,Imphal,preexisting_detected_screened,RP75,617410.567002,0.835788810588,0.460708886709
IND_FUA_10533,Imphal,preexisting_detected_screened,RP100,617410.567002,0.835788810588,0.471351805655
IND_FUA_10533,Imphal,preexisting_detected_screened,RP200,617410.567002,0.835788810588,0.496252745515
IND_FUA_10533,Imphal,preexisting_detected_screened,RP500,617410.567002,0.835788810588,0.522981010771
IND_FUA_10533,Imphal,joint_supported_screened,normalized_exceedance_trapezoid,142812.306687,0.193325048715,0.310776821757
IND_FUA_10533,Imphal,joint_supported_screened,uniform_seven_RP_mean,142812.306687,0.193325048715,0.33813878979
IND_FUA_10533,Imphal,joint_supported_screened,RP10,142812.306687,0.193325048715,0.279108561854
IND_FUA_10533,Imphal,joint_supported_screened,RP20,142812.306687,0.193325048715,0.303427915634
IND_FUA_10533,Imphal,joint_supported_screened,RP50,142812.306687,0.193325048715,0.332892694506
IND_FUA_10533,Imphal,joint_supported_screened,RP75,142812.306687,0.193325048715,0.343652591081
IND_FUA_10533,Imphal,joint_supported_screened,RP100,142812.306687,0.193325048715,0.351242741031
IND_FUA_10533,Imphal,joint_supported_screened,RP200,142812.306687,0.193325048715,0.368608085967
IND_FUA_10533,Imphal,joint_supported_screened,RP500,142812.306687,0.193325048715,0.388038938455
