unit_key,eFUA_name,family,setting,alpha,beta,threshold,denominator_m2,retained_added_surface_fraction,depth_m
IND_FUA_02091,Srinagar,exponent,alpha_0_beta_0,0,0,,628655,1,0.876950240421
IND_FUA_02091,Srinagar,exponent,alpha_0_beta_0.5,0,0.5,,399374.623126,0.63528425468,0.862768466633
IND_FUA_02091,Srinagar,exponent,alpha_0_beta_1,0,1,,325117.72576,0.517163986225,0.860884828828
IND_FUA_02091,Srinagar,exponent,alpha_0_beta_2,0,2,,254060.676476,0.404133708434,0.856958035788
IND_FUA_02091,Srinagar,exponent,alpha_0.5_beta_0,0.5,0,,208619.242117,0.33185012784,0.948230477507
IND_FUA_02091,Srinagar,exponent,alpha_0.5_beta_0.5,0.5,0.5,,102892.180801,0.163670345103,0.894272947953
IND_FUA_02091,Srinagar,exponent,alpha_0.5_beta_1,0.5,1,,75115.6512396,0.119486286182,0.883055813758
IND_FUA_02091,Srinagar,exponent,alpha_0.5_beta_2,0.5,2,,51272.4267886,0.081558926261,0.849353642083
IND_FUA_02091,Srinagar,exponent,alpha_1_beta_0,1,0,,109413.768572,0.174044219122,1.01150659219
IND_FUA_02091,Srinagar,exponent,alpha_1_beta_0.5,1,0.5,,47446.9555311,0.0754737583112,0.910817296567
IND_FUA_02091,Srinagar,exponent,alpha_1_beta_1,1,1,,33105.0204128,0.0526600765328,0.889345546671
IND_FUA_02091,Srinagar,exponent,alpha_1_beta_2,1,2,,21641.7503615,0.0344254803692,0.822786940659
IND_FUA_02091,Srinagar,exponent,alpha_2_beta_0,2,0,,43053.3328791,0.0684848333014,1.11319815734
IND_FUA_02091,Srinagar,exponent,alpha_2_beta_0.5,2,0.5,,15616.4651464,0.0248410736356,0.843273936153
IND_FUA_02091,Srinagar,exponent,alpha_2_beta_1,2,1,,10441.014096,0.0166084960685,0.769337182937
IND_FUA_02091,Srinagar,exponent,alpha_2_beta_2,2,2,,6822.28406612,0.0108521908934,0.61950366818
IND_FUA_02091,Srinagar,binary_endpoint,endpoint_threshold_0.25,,1,0.25,38498.5735407,0.0612395885513,1.11019025268
IND_FUA_02091,Srinagar,binary_endpoint,endpoint_threshold_0.5,,1,0.5,9743.10726427,0.015498337346,0.316244604138
IND_FUA_02091,Srinagar,binary_endpoint,endpoint_threshold_0.75,,1,0.75,3186.96348643,0.00506949517054,0.0580589414218
IND_FUA_03357,Jammu,exponent,alpha_0_beta_0,0,0,,2691946,1,0.0836882828889
IND_FUA_03357,Jammu,exponent,alpha_0_beta_0.5,0,0.5,,2308971.0327,0.857733042455,0.0863960867026
IND_FUA_03357,Jammu,exponent,alpha_0_beta_1,0,1,,2127792.60738,0.790429156968,0.0877522542926
IND_FUA_03357,Jammu,exponent,alpha_0_beta_2,0,2,,1937958.07048,0.719909712333,0.0901246907613
IND_FUA_03357,Jammu,exponent,alpha_0.5_beta_0,0.5,0,,1200988.9703,0.44614155347,0.0742563102358
IND_FUA_03357,Jammu,exponent,alpha_0.5_beta_0.5,0.5,0.5,,960756.0688,0.356900201119,0.0776767783907
IND_FUA_03357,Jammu,exponent,alpha_0.5_beta_1,0.5,1,,857086.728469,0.31838927247,0.0793582330625
IND_FUA_03357,Jammu,exponent,alpha_0.5_beta_2,0.5,2,,756283.464961,0.280943029675,0.0824932156336
IND_FUA_03357,Jammu,exponent,alpha_1_beta_0,1,0,,723087.702877,0.268611518536,0.0812735107587
IND_FUA_03357,Jammu,exponent,alpha_1_beta_0.5,1,0.5,,554586.476422,0.206016939575,0.0890459418706
IND_FUA_03357,Jammu,exponent,alpha_1_beta_1,1,1,,486460.579203,0.180709635038,0.093258788995
IND_FUA_03357,Jammu,exponent,alpha_1_beta_2,1,2,,423550.881438,0.15734003633,0.099506042363
IND_FUA_03357,Jammu,exponent,alpha_2_beta_0,2,0,,349866.998785,0.129968059829,0.0945792230515
IND_FUA_03357,Jammu,exponent,alpha_2_beta_0.5,2,0.5,,252557.911692,0.0938198283665,0.112767544936
IND_FUA_03357,Jammu,exponent,alpha_2_beta_1,2,1,,216847.870115,0.0805543165113,0.123161349698
IND_FUA_03357,Jammu,exponent,alpha_2_beta_2,2,2,,186279.432792,0.0691987999729,0.136365149469
IND_FUA_03357,Jammu,binary_endpoint,endpoint_threshold_0.25,,1,0.25,787632.800388,0.292588633051,0.0856143343489
IND_FUA_03357,Jammu,binary_endpoint,endpoint_threshold_0.5,,1,0.5,306503.258837,0.11385936376,0.133565489598
IND_FUA_03357,Jammu,binary_endpoint,endpoint_threshold_0.75,,1,0.75,66629.3282258,0.0247513613668,0.210402853738
IND_FUA_03722,Rajkot,exponent,alpha_0_beta_0,0,0,,2602277,1,0.000762409228533
IND_FUA_03722,Rajkot,exponent,alpha_0_beta_0.5,0,0.5,,2263161.39653,0.869685047569,0.000841217858509
IND_FUA_03722,Rajkot,exponent,alpha_0_beta_1,0,1,,2098220.22245,0.806301643696,0.000872711979498
IND_FUA_03722,Rajkot,exponent,alpha_0_beta_2,0,2,,1928910.61833,0.741239544571,0.000883514939771
IND_FUA_03722,Rajkot,exponent,alpha_0.5_beta_0,0.5,0,,1365419.95994,0.524702005182,0.00037681016456
IND_FUA_03722,Rajkot,exponent,alpha_0.5_beta_0.5,0.5,0.5,,1146742.18824,0.440668763641,0.000420229820832
IND_FUA_03722,Rajkot,exponent,alpha_0.5_beta_1,0.5,1,,1043817.80233,0.401117099498,0.000432986579045
IND_FUA_03722,Rajkot,exponent,alpha_0.5_beta_2,0.5,2,,941093.219837,0.361642215582,0.000423899317962
IND_FUA_03722,Rajkot,exponent,alpha_1_beta_0,1,0,,905335.44815,0.347901260377,0.000230284476982
IND_FUA_03722,Rajkot,exponent,alpha_1_beta_0.5,1,0.5,,750049.788521,0.288228266446,0.000259219131462
IND_FUA_03722,Rajkot,exponent,alpha_1_beta_1,1,1,,677966.912634,0.260528342153,0.000267600033254
IND_FUA_03722,Rajkot,exponent,alpha_1_beta_2,1,2,,606809.559696,0.233184076751,0.000260704605962
IND_FUA_03722,Rajkot,exponent,alpha_2_beta_0,2,0,,494311.975699,0.189953635105,8.3331471812e-05
IND_FUA_03722,Rajkot,exponent,alpha_2_beta_0.5,2,0.5,,404579.735224,0.155471433373,9.48760622041e-05
IND_FUA_03722,Rajkot,exponent,alpha_2_beta_1,2,1,,363223.559516,0.139579129938,9.8488507502e-05
IND_FUA_03722,Rajkot,exponent,alpha_2_beta_2,2,2,,322524.369065,0.123939292037,9.63617657988e-05
IND_FUA_03722,Rajkot,binary_endpoint,endpoint_threshold_0.25,,1,0.25,1107320.12733,0.425519699606,0
IND_FUA_03722,Rajkot,binary_endpoint,endpoint_threshold_0.5,,1,0.5,581333.650217,0.223394223681,0
IND_FUA_03722,Rajkot,binary_endpoint,endpoint_threshold_0.75,,1,0.75,116205.271074,0.0446552273542,0
IND_FUA_04396,Amritsar,exponent,alpha_0_beta_0,0,0,,7248249,1,0.0452043669874
IND_FUA_04396,Amritsar,exponent,alpha_0_beta_0.5,0,0.5,,5976411.94971,0.82453182137,0.0486998016422
IND_FUA_04396,Amritsar,exponent,alpha_0_beta_1,0,1,,5339635.82523,0.736679413915,0.0508271601322
IND_FUA_04396,Amritsar,exponent,alpha_0_beta_2,0,2,,4658402.09134,0.642693441042,0.0535964452451
IND_FUA_04396,Amritsar,exponent,alpha_0.5_beta_0,0.5,0,,2817932.23823,0.388774204395,0.0424974526662
IND_FUA_04396,Amritsar,exponent,alpha_0.5_beta_0.5,0.5,0.5,,2125095.54744,0.293187437053,0.0466684526368
IND_FUA_04396,Amritsar,exponent,alpha_0.5_beta_1,0.5,1,,1807097.35002,0.249315020775,0.0491354864912
IND_FUA_04396,Amritsar,exponent,alpha_0.5_beta_2,0.5,2,,1487672.36837,0.20524575913,0.0523992039146
IND_FUA_04396,Amritsar,exponent,alpha_1_beta_0,1,0,,1543025.47369,0.212882514618,0.0411966395436
IND_FUA_04396,Amritsar,exponent,alpha_1_beta_0.5,1,0.5,,1101813.09393,0.152010933113,0.0458048517631
IND_FUA_04396,Amritsar,exponent,alpha_1_beta_1,1,1,,911182.705848,0.12571073453,0.0483805675533
IND_FUA_04396,Amritsar,exponent,alpha_1_beta_2,1,2,,727294.232338,0.100340679844,0.0517047934341
IND_FUA_04396,Amritsar,exponent,alpha_2_beta_0,2,0,,638296.821306,0.0880622094116,0.0395750521792
IND_FUA_04396,Amritsar,exponent,alpha_2_beta_0.5,2,0.5,,418610.948319,0.0577533895867,0.0450535418188
IND_FUA_04396,Amritsar,exponent,alpha_2_beta_1,2,1,,331986.654757,0.0458023247763,0.04773201015
IND_FUA_04396,Amritsar,exponent,alpha_2_beta_2,2,2,,253203.396555,0.0349330433536,0.0508072162696
IND_FUA_04396,Amritsar,binary_endpoint,endpoint_threshold_0.25,,1,0.25,1408926.79342,0.194381676653,0.0457494098982
IND_FUA_04396,Amritsar,binary_endpoint,endpoint_threshold_0.5,,1,0.5,363098.58779,0.0500946625578,0.047499256309
IND_FUA_04396,Amritsar,binary_endpoint,endpoint_threshold_0.75,,1,0.75,70954.308214,0.00978916538519,0.0484977441836
IND_FUA_05324,Jodhpur,exponent,alpha_0_beta_0,0,0,,5353498,1,0.0359714066891
IND_FUA_05324,Jodhpur,exponent,alpha_0_beta_0.5,0,0.5,,4754138.69508,0.888043424147,0.039754025803
IND_FUA_05324,Jodhpur,exponent,alpha_0_beta_1,0,1,,4471809.31564,0.835306058887,0.0417583074118
IND_FUA_05324,Jodhpur,exponent,alpha_0_beta_2,0,2,,4179406.04918,0.780686954432,0.0440531215556
IND_FUA_05324,Jodhpur,exponent,alpha_0.5_beta_0,0.5,0,,2841777.86069,0.530826360762,0.0285011068522
IND_FUA_05324,Jodhpur,exponent,alpha_0.5_beta_0.5,0.5,0.5,,2441682.57975,0.456091060416,0.032313063746
IND_FUA_05324,Jodhpur,exponent,alpha_0.5_beta_1,0.5,1,,2260461.99439,0.422240186583,0.0343253099401
IND_FUA_05324,Jodhpur,exponent,alpha_0.5_beta_2,0.5,2,,2079811.64555,0.388495829371,0.0365991799569
IND_FUA_05324,Jodhpur,exponent,alpha_1_beta_0,1,0,,1825520.27706,0.340995789494,0.0242751637653
IND_FUA_05324,Jodhpur,exponent,alpha_1_beta_0.5,1,0.5,,1533870.0655,0.286517350992,0.0280224771397
IND_FUA_05324,Jodhpur,exponent,alpha_1_beta_1,1,1,,1405691.34794,0.26257436688,0.0299950760464
IND_FUA_05324,Jodhpur,exponent,alpha_1_beta_2,1,2,,1281240.99201,0.23932781744,0.0322082851095
IND_FUA_05324,Jodhpur,exponent,alpha_2_beta_0,2,0,,956546.92916,0.178676993838,0.0191995116227
IND_FUA_05324,Jodhpur,exponent,alpha_2_beta_0.5,2,0.5,,778173.869398,0.145358020008,0.0228013957977
IND_FUA_05324,Jodhpur,exponent,alpha_2_beta_1,2,1,,703154.025357,0.131344781553,0.0247071109974
IND_FUA_05324,Jodhpur,exponent,alpha_2_beta_2,2,2,,632921.95135,0.118225868647,0.0268418548342
IND_FUA_05324,Jodhpur,binary_endpoint,endpoint_threshold_0.25,,1,0.25,2342360.02082,0.437538226561,0.030353739006
IND_FUA_05324,Jodhpur,binary_endpoint,endpoint_threshold_0.5,,1,0.5,1023582.75085,0.191198866768,0.0209920168112
IND_FUA_05324,Jodhpur,binary_endpoint,endpoint_threshold_0.75,,1,0.75,273063.804021,0.0510066136237,0.00682194701018
IND_FUA_05617,Jalandhar,exponent,alpha_0_beta_0,0,0,,2645259,1,0.00621432117105
IND_FUA_05617,Jalandhar,exponent,alpha_0_beta_0.5,0,0.5,,2254487.10708,0.852274619263,0.00691917109241
IND_FUA_05617,Jalandhar,exponent,alpha_0_beta_1,0,1,,2073687.3322,0.78392600959,0.00727429407315
IND_FUA_05617,Jalandhar,exponent,alpha_0_beta_2,0,2,,1890515.01491,0.71468049628,0.00760650772873
IND_FUA_05617,Jalandhar,exponent,alpha_0.5_beta_0,0.5,0,,979651.48659,0.370342369723,0.00479883140471
IND_FUA_05617,Jalandhar,exponent,alpha_0.5_beta_0.5,0.5,0.5,,755624.839126,0.285652497213,0.00558603880266
IND_FUA_05617,Jalandhar,exponent,alpha_0.5_beta_1,0.5,1,,660955.350663,0.249864134538,0.00600206506051
IND_FUA_05617,Jalandhar,exponent,alpha_0.5_beta_2,0.5,2,,572227.088178,0.216321762133,0.00639012224685
IND_FUA_05617,Jalandhar,exponent,alpha_1_beta_0,1,0,,551130.215014,0.208346409563,0.0040036886299
IND_FUA_05617,Jalandhar,exponent,alpha_1_beta_0.5,1,0.5,,402883.923405,0.152304149955,0.0046863393842
IND_FUA_05617,Jalandhar,exponent,alpha_1_beta_1,1,1,,343699.978902,0.12993055837,0.00506438798169
IND_FUA_05617,Jalandhar,exponent,alpha_1_beta_2,1,2,,290820.735787,0.109940363415,0.00544219534497
IND_FUA_05617,Jalandhar,exponent,alpha_2_beta_0,2,0,,242854.659939,0.0918075167454,0.0028950461018
IND_FUA_05617,Jalandhar,exponent,alpha_2_beta_0.5,2,0.5,,164910.192704,0.0623417943967,0.00321868711769
IND_FUA_05617,Jalandhar,exponent,alpha_2_beta_1,2,1,,136089.856161,0.0514467037675,0.00341899280542
IND_FUA_05617,Jalandhar,exponent,alpha_2_beta_2,2,2,,111908.516399,0.0423053154336,0.00369597207028
IND_FUA_05617,Jalandhar,binary_endpoint,endpoint_threshold_0.25,,1,0.25,536773.545961,0.202919088816,0.00703296584803
IND_FUA_05617,Jalandhar,binary_endpoint,endpoint_threshold_0.5,,1,0.5,169209.595599,0.0639671183801,0.000289987667242
IND_FUA_05617,Jalandhar,binary_endpoint,endpoint_threshold_0.75,,1,0.75,25611.6166958,0.00968208281148,0
IND_FUA_05991,Ahmedabad,exponent,alpha_0_beta_0,0,0,,7574231,1,0.424207700507
IND_FUA_05991,Ahmedabad,exponent,alpha_0_beta_0.5,0,0.5,,6637851.74434,0.876373026429,0.429227070268
IND_FUA_05991,Ahmedabad,exponent,alpha_0_beta_1,0,1,,6214999.00312,0.820545214837,0.427720658811
IND_FUA_05991,Ahmedabad,exponent,alpha_0_beta_2,0,2,,5775229.42355,0.762483930521,0.423888806544
IND_FUA_05991,Ahmedabad,exponent,alpha_0.5_beta_0,0.5,0,,4299519.98376,0.567651024079,0.435921244646
IND_FUA_05991,Ahmedabad,exponent,alpha_0.5_beta_0.5,0.5,0.5,,3651388.27643,0.482080395545,0.449348855258
IND_FUA_05991,Ahmedabad,exponent,alpha_0.5_beta_1,0.5,1,,3360935.04125,0.443732841162,0.452842942917
IND_FUA_05991,Ahmedabad,exponent,alpha_0.5_beta_2,0.5,2,,3064552.45188,0.404602454279,0.454683497785
IND_FUA_05991,Ahmedabad,exponent,alpha_1_beta_0,1,0,,3105404.17254,0.409995968243,0.440614143673
IND_FUA_05991,Ahmedabad,exponent,alpha_1_beta_0.5,1,0.5,,2610811.17545,0.344696534268,0.456540968646
IND_FUA_05991,Ahmedabad,exponent,alpha_1_beta_1,1,1,,2388671.06471,0.315368129743,0.461625100246
IND_FUA_05991,Ahmedabad,exponent,alpha_1_beta_2,1,2,,2163296.32193,0.285612667732,0.46516579925
IND_FUA_05991,Ahmedabad,exponent,alpha_2_beta_0,2,0,,1972598.60058,0.260435495112,0.442303323357
IND_FUA_05991,Ahmedabad,exponent,alpha_2_beta_0.5,2,0.5,,1642479.3397,0.216850970046,0.459408322777
IND_FUA_05991,Ahmedabad,exponent,alpha_2_beta_1,2,1,,1492920.84207,0.197105269442,0.465226555775
IND_FUA_05991,Ahmedabad,exponent,alpha_2_beta_2,2,2,,1341669.58594,0.177136079682,0.469255781031
IND_FUA_05991,Ahmedabad,binary_endpoint,endpoint_threshold_0.25,,1,0.25,3646752.32645,0.481468326811,0.467430952764
IND_FUA_05991,Ahmedabad,binary_endpoint,endpoint_threshold_0.5,,1,0.5,2320567.78315,0.306376684728,0.47034352311
IND_FUA_05991,Ahmedabad,binary_endpoint,endpoint_threshold_0.75,,1,0.75,996329.970647,0.131542062903,0.47428588106
IND_FUA_06065,Ludhiana,exponent,alpha_0_beta_0,0,0,,4419355,1,0.112304843224
IND_FUA_06065,Ludhiana,exponent,alpha_0_beta_0.5,0,0.5,,3684242.66749,0.833660719153,0.117697888529
IND_FUA_06065,Ludhiana,exponent,alpha_0_beta_1,0,1,,3374182.17052,0.763501047215,0.120464940351
IND_FUA_06065,Ludhiana,exponent,alpha_0_beta_2,0,2,,3064065.74622,0.69332872019,0.123086455849
IND_FUA_06065,Ludhiana,exponent,alpha_0.5_beta_0,0.5,0,,1850645.12702,0.41875910105,0.109989013005
IND_FUA_06065,Ludhiana,exponent,alpha_0.5_beta_0.5,0.5,0.5,,1420696.37061,0.321471429793,0.117270811266
IND_FUA_06065,Ludhiana,exponent,alpha_0.5_beta_1,0.5,1,,1249192.55291,0.282663998006,0.120944139928
IND_FUA_06065,Ludhiana,exponent,alpha_0.5_beta_2,0.5,2,,1087751.11406,0.246133454783,0.124088359057
IND_FUA_06065,Ludhiana,exponent,alpha_1_beta_0,1,0,,1081019.64704,0.24461027617,0.105710016696
IND_FUA_06065,Ludhiana,exponent,alpha_1_beta_0.5,1,0.5,,791128.859797,0.179014552983,0.113578799539
IND_FUA_06065,Ludhiana,exponent,alpha_1_beta_1,1,1,,680085.515156,0.153887957667,0.117314662487
IND_FUA_06065,Ludhiana,exponent,alpha_1_beta_2,1,2,,579671.045864,0.131166436248,0.120022232422
IND_FUA_06065,Ludhiana,exponent,alpha_2_beta_0,2,0,,498089.393565,0.112706355015,0.0926313760255
IND_FUA_06065,Ludhiana,exponent,alpha_2_beta_0.5,2,0.5,,338698.124752,0.0766397188621,0.0995974175238
IND_FUA_06065,Ludhiana,exponent,alpha_2_beta_1,2,1,,281410.320178,0.0636767854535,0.102409526688
IND_FUA_06065,Ludhiana,exponent,alpha_2_beta_2,2,2,,232617.556982,0.0526360876151,0.103191563157
IND_FUA_06065,Ludhiana,binary_endpoint,endpoint_threshold_0.25,,1,0.25,1113254.36277,0.251904262674,0.131491783525
IND_FUA_06065,Ludhiana,binary_endpoint,endpoint_threshold_0.5,,1,0.5,340949.178477,0.0771490813653,0.0976374164915
IND_FUA_06065,Ludhiana,binary_endpoint,endpoint_threshold_0.75,,1,0.75,59261.0390079,0.0134094316949,0.00587134414167
IND_FUA_06611,Surat,exponent,alpha_0_beta_0,0,0,,3596650,1,1.06741840698
IND_FUA_06611,Surat,exponent,alpha_0_beta_0.5,0,0.5,,2963135.48258,0.823859836955,1.05001465183
IND_FUA_06611,Surat,exponent,alpha_0_beta_1,0,1,,2762766.15277,0.768149848545,1.04171775208
IND_FUA_06611,Surat,exponent,alpha_0_beta_2,0,2,,2575890.59653,0.716191621795,1.02889262695
IND_FUA_06611,Surat,exponent,alpha_0.5_beta_0,0.5,0,,2087813.75754,0.580488442729,1.02983765703
IND_FUA_06611,Surat,exponent,alpha_0.5_beta_0.5,0.5,0.5,,1703154.19297,0.473539041321,1.02953830136
IND_FUA_06611,Surat,exponent,alpha_0.5_beta_1,0.5,1,,1580299.29276,0.439380894099,1.02699619221
IND_FUA_06611,Surat,exponent,alpha_0.5_beta_2,0.5,2,,1466970.92208,0.407871469861,1.02022119141
IND_FUA_06611,Surat,exponent,alpha_1_beta_0,1,0,,1453918.33417,0.404242373923,1.0644232401
IND_FUA_06611,Surat,exponent,alpha_1_beta_0.5,1,0.5,,1186694.4789,0.329944386833,1.08349030085
IND_FUA_06611,Surat,exponent,alpha_1_beta_1,1,1,,1098549.25659,0.305436797182,1.08676022337
IND_FUA_06611,Surat,exponent,alpha_1_beta_2,1,2,,1017049.02839,0.28277675848,1.08571889039
IND_FUA_06611,Surat,exponent,alpha_2_beta_0,2,0,,850253.158385,0.236401417537,1.16057993274
IND_FUA_06611,Surat,exponent,alpha_2_beta_0.5,2,0.5,,696030.712986,0.193521947642,1.21016300942
IND_FUA_06611,Surat,exponent,alpha_2_beta_1,2,1,,641587.974467,0.178384878836,1.22356073981
IND_FUA_06611,Surat,exponent,alpha_2_beta_2,2,2,,590970.888956,0.164311481227,1.23262552509
IND_FUA_06611,Surat,binary_endpoint,endpoint_threshold_0.25,,1,0.25,1786449.96077,0.496698305581,0.981157652886
IND_FUA_06611,Surat,binary_endpoint,endpoint_threshold_0.5,,1,0.5,1062072.42601,0.295294906652,1.13347503193
IND_FUA_06611,Surat,binary_endpoint,endpoint_threshold_0.75,,1,0.75,328631.15428,0.0913714579623,1.80706692917
IND_FUA_06651,Vadodara,exponent,alpha_0_beta_0,0,0,,3106926,1,0.169255487762
IND_FUA_06651,Vadodara,exponent,alpha_0_beta_0.5,0,0.5,,2832467.04457,0.911662216794,0.165923660475
IND_FUA_06651,Vadodara,exponent,alpha_0_beta_1,0,1,,2704286.6594,0.870405880087,0.16524548143
IND_FUA_06651,Vadodara,exponent,alpha_0_beta_2,0,2,,2571417.88445,0.827640531012,0.164951476484
IND_FUA_06651,Vadodara,exponent,alpha_0.5_beta_0,0.5,0,,1866503.6559,0.600755748898,0.189548319751
IND_FUA_06651,Vadodara,exponent,alpha_0.5_beta_0.5,0.5,0.5,,1680125.39902,0.540767755337,0.187094301339
IND_FUA_06651,Vadodara,exponent,alpha_0.5_beta_1,0.5,1,,1594825.66247,0.513313050412,0.187009989028
IND_FUA_06651,Vadodara,exponent,alpha_0.5_beta_2,0.5,2,,1508670.51483,0.485583021555,0.187314596894
IND_FUA_06651,Vadodara,exponent,alpha_1_beta_0,1,0,,1349182.83639,0.434250071094,0.200644619413
IND_FUA_06651,Vadodara,exponent,alpha_1_beta_0.5,1,0.5,,1208981.09498,0.389124522108,0.199096110579
IND_FUA_06651,Vadodara,exponent,alpha_1_beta_1,1,1,,1144800.84342,0.368467367236,0.199438524769
IND_FUA_06651,Vadodara,exponent,alpha_1_beta_2,1,2,,1080232.60638,0.34768533476,0.200111054333
IND_FUA_06651,Vadodara,exponent,alpha_2_beta_0,2,0,,832599.635882,0.267981804485,0.214140948664
IND_FUA_06651,Vadodara,exponent,alpha_2_beta_0.5,2,0.5,,741425.796522,0.23863645176,0.214153278573
IND_FUA_06651,Vadodara,exponent,alpha_2_beta_1,2,1,,699335.208161,0.225089109995,0.215051719432
IND_FUA_06651,Vadodara,exponent,alpha_2_beta_2,2,2,,656832.171511,0.211409016987,0.21617845342
IND_FUA_06651,Vadodara,binary_endpoint,endpoint_threshold_0.25,,1,0.25,1809584.2227,0.582435572235,0.190233885677
IND_FUA_06651,Vadodara,binary_endpoint,endpoint_threshold_0.5,,1,0.5,1183259.17035,0.38084562373,0.221627708257
IND_FUA_06651,Vadodara,binary_endpoint,endpoint_threshold_0.75,,1,0.75,365249.916374,0.117559902094,0.304801675809
IND_FUA_06781,Chandigarh,exponent,alpha_0_beta_0,0,0,,6519940,1,0.002114893135
IND_FUA_06781,Chandigarh,exponent,alpha_0_beta_0.5,0,0.5,,5699737.02007,0.874200839282,0.00216136372248
IND_FUA_06781,Chandigarh,exponent,alpha_0_beta_1,0,1,,5337831.4109,0.818693333205,0.00215571244694
IND_FUA_06781,Chandigarh,exponent,alpha_0_beta_2,0,2,,4961365.43954,0.760952622193,0.00216777214211
IND_FUA_06781,Chandigarh,exponent,alpha_0.5_beta_0,0.5,0,,3385516.49464,0.519255774538,0.00115742264539
IND_FUA_06781,Chandigarh,exponent,alpha_0.5_beta_0.5,0.5,0.5,,2875711.28195,0.44106407144,0.00112552592435
IND_FUA_06781,Chandigarh,exponent,alpha_0.5_beta_1,0.5,1,,2662490.80634,0.408361243561,0.00107332551679
IND_FUA_06781,Chandigarh,exponent,alpha_0.5_beta_2,0.5,2,,2449169.27957,0.375642916893,0.00102630664828
IND_FUA_06781,Chandigarh,exponent,alpha_1_beta_0,1,0,,2218648.44134,0.340286634745,0.000751967811722
IND_FUA_06781,Chandigarh,exponent,alpha_1_beta_0.5,1,0.5,,1858244.17252,0.285009397712,0.000708083487974
IND_FUA_06781,Chandigarh,exponent,alpha_1_beta_1,1,1,,1711764.10177,0.262542922446,0.000652582750225
IND_FUA_06781,Chandigarh,exponent,alpha_1_beta_2,1,2,,1568132.43634,0.24051332318,0.000595605382242
IND_FUA_06781,Chandigarh,exponent,alpha_2_beta_0,2,0,,1186510.58667,0.181981826009,0.000314050030672
IND_FUA_06781,Chandigarh,exponent,alpha_2_beta_0.5,2,0.5,,975088.500284,0.149554827235,0.000279681775982
IND_FUA_06781,Chandigarh,exponent,alpha_2_beta_1,2,1,,891863.482778,0.136790136532,0.000241012664948
IND_FUA_06781,Chandigarh,exponent,alpha_2_beta_2,2,2,,812226.204868,0.124575717701,0.000197427349695
IND_FUA_06781,Chandigarh,binary_endpoint,endpoint_threshold_0.25,,1,0.25,2885336.89985,0.44254040679,0.000340057068163
IND_FUA_06781,Chandigarh,binary_endpoint,endpoint_threshold_0.5,,1,0.5,1406942.07556,0.215790647699,0
IND_FUA_06781,Chandigarh,binary_endpoint,endpoint_threshold_0.75,,1,0.75,311158.170739,0.0477240849975,0
IND_FUA_07108,Silvassa,exponent,alpha_0_beta_0,0,0,,1315759,1,0.260892811439
IND_FUA_07108,Silvassa,exponent,alpha_0_beta_0.5,0,0.5,,1127338.67356,0.856797235329,0.258907355792
IND_FUA_07108,Silvassa,exponent,alpha_0_beta_1,0,1,,1045042.54336,0.794250727798,0.260922195866
IND_FUA_07108,Silvassa,exponent,alpha_0_beta_2,0,2,,961332.22102,0.730629409352,0.261943421377
IND_FUA_07108,Silvassa,exponent,alpha_0.5_beta_0,0.5,0,,629071.938286,0.478105746027,0.178877225658
IND_FUA_07108,Silvassa,exponent,alpha_0.5_beta_0.5,0.5,0.5,,523322.284812,0.39773414798,0.170768366773
IND_FUA_07108,Silvassa,exponent,alpha_0.5_beta_1,0.5,1,,481197.124805,0.365718284888,0.168548640434
IND_FUA_07108,Silvassa,exponent,alpha_0.5_beta_2,0.5,2,,442405.141431,0.336235694707,0.164042394116
IND_FUA_07108,Silvassa,exponent,alpha_1_beta_0,1,0,,421246.174162,0.320154507141,0.162451634691
IND_FUA_07108,Silvassa,exponent,alpha_1_beta_0.5,1,0.5,,349421.515399,0.265566502224,0.158440757134
IND_FUA_07108,Silvassa,exponent,alpha_1_beta_1,1,1,,322019.122435,0.244740201234,0.156407745825
IND_FUA_07108,Silvassa,exponent,alpha_1_beta_2,1,2,,298035.485818,0.226512215244,0.151663165463
IND_FUA_07108,Silvassa,exponent,alpha_2_beta_0,2,0,,244437.078902,0.185776482549,0.143197213293
IND_FUA_07108,Silvassa,exponent,alpha_2_beta_0.5,2,0.5,,202126.030764,0.153619341205,0.142977718769
IND_FUA_07108,Silvassa,exponent,alpha_2_beta_1,2,1,,186490.89054,0.141736359425,0.140707197762
IND_FUA_07108,Silvassa,exponent,alpha_2_beta_2,2,2,,173535.643643,0.131890143745,0.135249947073
IND_FUA_07108,Silvassa,binary_endpoint,endpoint_threshold_0.25,,1,0.25,503034.211622,0.382314855245,0.168310070611
IND_FUA_07108,Silvassa,binary_endpoint,endpoint_threshold_0.5,,1,0.5,303575.468729,0.230722699772,0.127024324305
IND_FUA_07108,Silvassa,binary_endpoint,endpoint_threshold_0.75,,1,0.75,93707.4312188,0.0712192971652,0.134731892909
IND_FUA_07139,Vasai-Virar,exponent,alpha_0_beta_0,0,0,,501725,1,1.17413223585
IND_FUA_07139,Vasai-Virar,exponent,alpha_0_beta_0.5,0,0.5,,396719.463008,0.790710973158,1.21933241478
IND_FUA_07139,Vasai-Virar,exponent,alpha_0_beta_1,0,1,,356957.356018,0.711460174434,1.2623732317
IND_FUA_07139,Vasai-Virar,exponent,alpha_0_beta_2,0,2,,314915.340458,0.627665235853,1.32044157235
IND_FUA_07139,Vasai-Virar,exponent,alpha_0.5_beta_0,0.5,0,,211823.286133,0.422190016709,1.0636450253
IND_FUA_07139,Vasai-Virar,exponent,alpha_0.5_beta_0.5,0.5,0.5,,155021.553892,0.308977136663,1.07677132609
IND_FUA_07139,Vasai-Virar,exponent,alpha_0.5_beta_1,0.5,1,,136438.645483,0.271939101067,1.12796938268
IND_FUA_07139,Vasai-Virar,exponent,alpha_0.5_beta_2,0.5,2,,117762.005871,0.234714247587,1.19786743703
IND_FUA_07139,Vasai-Virar,exponent,alpha_1_beta_0,1,0,,127052.133447,0.253230621251,1.06415439859
IND_FUA_07139,Vasai-Virar,exponent,alpha_1_beta_0.5,1,0.5,,90630.8078403,0.180638413155,1.06602178799
IND_FUA_07139,Vasai-Virar,exponent,alpha_1_beta_1,1,1,,79547.1052708,0.158547222623,1.12978560721
IND_FUA_07139,Vasai-Virar,exponent,alpha_1_beta_2,1,2,,68581.8484112,0.136692109046,1.21458645471
IND_FUA_07139,Vasai-Virar,exponent,alpha_2_beta_0,2,0,,59693.6632818,0.118976856409,1.08637450797
IND_FUA_07139,Vasai-Virar,exponent,alpha_2_beta_0.5,2,0.5,,41387.3384217,0.0824900860465,1.07165207381
IND_FUA_07139,Vasai-Virar,exponent,alpha_2_beta_1,2,1,,36240.1606979,0.0722311240179,1.1568262648
IND_FUA_07139,Vasai-Virar,exponent,alpha_2_beta_2,2,2,,31241.701625,0.0622685766606,1.2658824237
IND_FUA_07139,Vasai-Virar,binary_endpoint,endpoint_threshold_0.25,,1,0.25,124710.293747,0.248563044988,1.02910993347
IND_FUA_07139,Vasai-Virar,binary_endpoint,endpoint_threshold_0.5,,1,0.5,60180.5212021,0.11994722448,1.31948998753
IND_FUA_07139,Vasai-Virar,binary_endpoint,endpoint_threshold_0.75,,1,0.75,4958.94628062,0.00988379347376,0.00528245174809
IND_FUA_07163,Mumbai,exponent,alpha_0_beta_0,0,0,,4697571,1,0.390341067314
IND_FUA_07163,Mumbai,exponent,alpha_0_beta_0.5,0,0.5,,3714804.33295,0.790792588968,0.372247936351
IND_FUA_07163,Mumbai,exponent,alpha_0_beta_1,0,1,,3281990.28695,0.698656877555,0.360035031785
IND_FUA_07163,Mumbai,exponent,alpha_0_beta_2,0,2,,2854499.33376,0.607654324705,0.344428392804
IND_FUA_07163,Mumbai,exponent,alpha_0.5_beta_0,0.5,0,,2205770.68786,0.469555582632,0.368072660925
IND_FUA_07163,Mumbai,exponent,alpha_0.5_beta_0.5,0.5,0.5,,1661618.92454,0.353718746249,0.346493853417
IND_FUA_07163,Mumbai,exponent,alpha_0.5_beta_1,0.5,1,,1436534.01271,0.305803576511,0.33118812105
IND_FUA_07163,Mumbai,exponent,alpha_0.5_beta_2,0.5,2,,1225865.23148,0.260957254607,0.311941615208
IND_FUA_07163,Mumbai,exponent,alpha_1_beta_0,1,0,,1419320.19963,0.302139169292,0.35803076616
IND_FUA_07163,Mumbai,exponent,alpha_1_beta_0.5,1,0.5,,1061497.44912,0.225967302914,0.337794551159
IND_FUA_07163,Mumbai,exponent,alpha_1_beta_1,1,1,,916929.828708,0.195192329974,0.323088876042
IND_FUA_07163,Mumbai,exponent,alpha_1_beta_2,1,2,,783866.118342,0.166866263084,0.304455100139
IND_FUA_07163,Mumbai,exponent,alpha_2_beta_0,2,0,,761758.306989,0.162160041219,0.341752213124
IND_FUA_07163,Mumbai,exponent,alpha_2_beta_0.5,2,0.5,,572292.037621,0.12182722467,0.323861568206
IND_FUA_07163,Mumbai,exponent,alpha_2_beta_1,2,1,,497050.207903,0.105810046916,0.310359815296
IND_FUA_07163,Mumbai,exponent,alpha_2_beta_2,2,2,,428529.656462,0.0912236678193,0.29267701687
IND_FUA_07163,Mumbai,binary_endpoint,endpoint_threshold_0.25,,1,0.25,1473680.68672,0.313711210904,0.320389261886
IND_FUA_07163,Mumbai,binary_endpoint,endpoint_threshold_0.5,,1,0.5,721255.456731,0.153537957538,0.299294442519
IND_FUA_07163,Mumbai,binary_endpoint,endpoint_threshold_0.75,,1,0.75,273677.706659,0.0582594082472,0.443237801091
IND_FUA_07320,Jaipur,exponent,alpha_0_beta_0,0,0,,13604265,1,0.000276898457947
IND_FUA_07320,Jaipur,exponent,alpha_0_beta_0.5,0,0.5,,12586320.8968,0.925174634338,0.000275395078986
IND_FUA_07320,Jaipur,exponent,alpha_0_beta_1,0,1,,12163184.037,0.894071384012,0.000267556831998
IND_FUA_07320,Jaipur,exponent,alpha_0_beta_2,0,2,,11742788.6555,0.863169649778,0.000253727990308
IND_FUA_07320,Jaipur,exponent,alpha_0.5_beta_0,0.5,0,,6651355.18253,0.488916908229,0.000134926399888
IND_FUA_07320,Jaipur,exponent,alpha_0.5_beta_0.5,0.5,0.5,,5977058.51983,0.439351815025,0.000131166639548
IND_FUA_07320,Jaipur,exponent,alpha_0.5_beta_1,0.5,1,,5707396.43251,0.419529936568,0.00012455510967
IND_FUA_07320,Jaipur,exponent,alpha_0.5_beta_2,0.5,2,,5450418.46334,0.400640421467,0.000115244342831
IND_FUA_07320,Jaipur,exponent,alpha_1_beta_0,1,0,,4189200.42996,0.307932874724,6.64352769456e-05
IND_FUA_07320,Jaipur,exponent,alpha_1_beta_0.5,1,0.5,,3704257.81264,0.272286508138,6.10157865959e-05
IND_FUA_07320,Jaipur,exponent,alpha_1_beta_1,1,1,,3514418.71429,0.258332127041,5.52384571532e-05
IND_FUA_07320,Jaipur,exponent,alpha_1_beta_2,1,2,,3337562.76464,0.245332089947,4.84242262296e-05
IND_FUA_07320,Jaipur,exponent,alpha_2_beta_0,2,0,,2132154.39487,0.156726908427,2.09597470597e-05
IND_FUA_07320,Jaipur,exponent,alpha_2_beta_0.5,2,0.5,,1846459.05438,0.135726483891,1.66717335572e-05
IND_FUA_07320,Jaipur,exponent,alpha_2_beta_1,2,1,,1737510.06118,0.127718039981,1.30073770533e-05
IND_FUA_07320,Jaipur,exponent,alpha_2_beta_2,2,2,,1638504.36284,0.120440491481,9.08879030849e-06
IND_FUA_07320,Jaipur,binary_endpoint,endpoint_threshold_0.25,,1,0.25,5870372.02113,0.431509678849,2.32148656438e-05
IND_FUA_07320,Jaipur,binary_endpoint,endpoint_threshold_0.5,,1,0.5,2649820.74846,0.19477867775,0
IND_FUA_07320,Jaipur,binary_endpoint,endpoint_threshold_0.75,,1,0.75,576616.959129,0.0423850137534,0
IND_FUA_07466,Delhi [New Delhi],exponent,alpha_0_beta_0,0,0,,51418537,1,0.298629598494
IND_FUA_07466,Delhi [New Delhi],exponent,alpha_0_beta_0.5,0,0.5,,43624225.9996,0.84841437631,0.292586475732
IND_FUA_07466,Delhi [New Delhi],exponent,alpha_0_beta_1,0,1,,40362719.9849,0.78498382762,0.291219217591
IND_FUA_07466,Delhi [New Delhi],exponent,alpha_0_beta_2,0,2,,37038833.5738,0.720340090069,0.289432708199
IND_FUA_07466,Delhi [New Delhi],exponent,alpha_0.5_beta_0,0.5,0,,26395715.7943,0.513350191085,0.305755486263
IND_FUA_07466,Delhi [New Delhi],exponent,alpha_0.5_beta_0.5,0.5,0.5,,21606216.0839,0.420202855712,0.301729866641
IND_FUA_07466,Delhi [New Delhi],exponent,alpha_0.5_beta_1,0.5,1,,19711013.284,0.38334449858,0.301641234208
IND_FUA_07466,Delhi [New Delhi],exponent,alpha_0.5_beta_2,0.5,2,,17856435.6204,0.347276228812,0.301249606657
IND_FUA_07466,Delhi [New Delhi],exponent,alpha_1_beta_0,1,0,,17262569.2666,0.33572657399,0.308400866156
IND_FUA_07466,Delhi [New Delhi],exponent,alpha_1_beta_0.5,1,0.5,,13931144.1228,0.270936221364,0.305321156582
IND_FUA_07466,Delhi [New Delhi],exponent,alpha_1_beta_1,1,1,,12654723.4553,0.246112087073,0.305479910367
IND_FUA_07466,Delhi [New Delhi],exponent,alpha_1_beta_2,1,2,,11431803.8275,0.222328453793,0.305188678483
IND_FUA_07466,Delhi [New Delhi],exponent,alpha_2_beta_0,2,0,,9387611.07864,0.182572504516,0.310792721483
IND_FUA_07466,Delhi [New Delhi],exponent,alpha_2_beta_0.5,2,0.5,,7485419.83014,0.145578234366,0.308388466813
IND_FUA_07466,Delhi [New Delhi],exponent,alpha_2_beta_1,2,1,,6784131.22045,0.13193940583,0.308156403139
IND_FUA_07466,Delhi [New Delhi],exponent,alpha_2_beta_2,2,2,,6127145.17068,0.119162184072,0.307082519955
IND_FUA_07466,Delhi [New Delhi],binary_endpoint,endpoint_threshold_0.25,,1,0.25,20563651.505,0.39992681054,0.310460765194
IND_FUA_07466,Delhi [New Delhi],binary_endpoint,endpoint_threshold_0.5,,1,0.5,10134835.2701,0.197104699228,0.304522976382
IND_FUA_07466,Delhi [New Delhi],binary_endpoint,endpoint_threshold_0.75,,1,0.75,3261734.39948,0.0634349903709,0.308692395205
IND_FUA_07490,Saharanpur,exponent,alpha_0_beta_0,0,0,,1511249,1,0
IND_FUA_07490,Saharanpur,exponent,alpha_0_beta_0.5,0,0.5,,1349136.64783,0.892729555377,0
IND_FUA_07490,Saharanpur,exponent,alpha_0_beta_1,0,1,,1275240.64727,0.843832252178,0
IND_FUA_07490,Saharanpur,exponent,alpha_0_beta_2,0,2,,1196525.29074,0.79174596029,0
IND_FUA_07490,Saharanpur,exponent,alpha_0.5_beta_0,0.5,0,,811778.30647,0.537157216627,0
IND_FUA_07490,Saharanpur,exponent,alpha_0.5_beta_0.5,0.5,0.5,,707168.580345,0.467936508375,0
IND_FUA_07490,Saharanpur,exponent,alpha_0.5_beta_1,0.5,1,,662209.580528,0.438186943732,0
IND_FUA_07490,Saharanpur,exponent,alpha_0.5_beta_2,0.5,2,,616215.32958,0.407752348938,0
IND_FUA_07490,Saharanpur,exponent,alpha_1_beta_0,1,0,,521967.514189,0.345388161838,0
IND_FUA_07490,Saharanpur,exponent,alpha_1_beta_0.5,1,0.5,,448543.57364,0.296803222791,0
IND_FUA_07490,Saharanpur,exponent,alpha_1_beta_1,1,1,,418118.818064,0.276671030428,0
IND_FUA_07490,Saharanpur,exponent,alpha_1_beta_2,1,2,,387757.870264,0.256581059947,0
IND_FUA_07490,Saharanpur,exponent,alpha_2_beta_0,2,0,,264409.488098,0.174960901942,0
IND_FUA_07490,Saharanpur,exponent,alpha_2_beta_0.5,2,0.5,,223538.246435,0.14791622455,0
IND_FUA_07490,Saharanpur,exponent,alpha_2_beta_1,2,1,,207406.880625,0.137242030019,0
IND_FUA_07490,Saharanpur,exponent,alpha_2_beta_2,2,2,,191790.7495,0.126908768509,0
IND_FUA_07490,Saharanpur,binary_endpoint,endpoint_threshold_0.25,,1,0.25,725654.089723,0.480168449887,0
IND_FUA_07490,Saharanpur,binary_endpoint,endpoint_threshold_0.5,,1,0.5,311868.361584,0.206364643804,0
IND_FUA_07490,Saharanpur,binary_endpoint,endpoint_threshold_0.75,,1,0.75,74463.2590926,0.0492726606222,0
IND_FUA_07499,Nashik,exponent,alpha_0_beta_0,0,0,,2715839,1,0.02189109017
IND_FUA_07499,Nashik,exponent,alpha_0_beta_0.5,0,0.5,,2425181.47666,0.892976894676,0.0147994024382
IND_FUA_07499,Nashik,exponent,alpha_0_beta_1,0,1,,2306445.00112,0.849256896716,0.0111759789855
IND_FUA_07499,Nashik,exponent,alpha_0_beta_2,0,2,,2186445.20517,0.805071731119,0.00801574251921
IND_FUA_07499,Nashik,exponent,alpha_0.5_beta_0,0.5,0,,993779.575249,0.365919914711,0.0233445066973
IND_FUA_07499,Nashik,exponent,alpha_0.5_beta_0.5,0.5,0.5,,823817.563848,0.303338144804,0.0131077613789
IND_FUA_07499,Nashik,exponent,alpha_0.5_beta_1,0.5,1,,759504.863294,0.279657543504,0.00804280882338
IND_FUA_07499,Nashik,exponent,alpha_0.5_beta_2,0.5,2,,697954.341373,0.256994004937,0.0043095159999
IND_FUA_07499,Nashik,exponent,alpha_1_beta_0,1,0,,547412.68268,0.201563009692,0.0241054726445
IND_FUA_07499,Nashik,exponent,alpha_1_beta_0.5,1,0.5,,433049.442138,0.159453282075,0.0126086783683
IND_FUA_07499,Nashik,exponent,alpha_1_beta_1,1,1,,391173.198858,0.144034016324,0.0069587412905
IND_FUA_07499,Nashik,exponent,alpha_1_beta_2,1,2,,351962.686975,0.129596300434,0.00310839239916
IND_FUA_07499,Nashik,exponent,alpha_2_beta_0,2,0,,246761.912679,0.0908602876233,0.0246519997494
IND_FUA_07499,Nashik,exponent,alpha_2_beta_0.5,2,0.5,,184364.664203,0.0678849755832,0.0117939378375
IND_FUA_07499,Nashik,exponent,alpha_2_beta_1,2,1,,161965.041841,0.0596372030305,0.00564755093405
IND_FUA_07499,Nashik,exponent,alpha_2_beta_2,2,2,,141371.982321,0.0520546255948,0.00190849924311
IND_FUA_07499,Nashik,binary_endpoint,endpoint_threshold_0.25,,1,0.25,546676.306095,0.20129186822,0.00809453290262
IND_FUA_07499,Nashik,binary_endpoint,endpoint_threshold_0.5,,1,0.5,216185.381664,0.0796016927601,0.00196059778437
IND_FUA_07499,Nashik,binary_endpoint,endpoint_threshold_0.75,,1,0.75,49706.5700001,0.0183024730111,0.00587200732595
IND_FUA_07581,Dehradun,exponent,alpha_0_beta_0,0,0,,1480118,1,0
IND_FUA_07581,Dehradun,exponent,alpha_0_beta_0.5,0,0.5,,1275937.95408,0.862051508109,0
IND_FUA_07581,Dehradun,exponent,alpha_0_beta_1,0,1,,1194190.3551,0.806821047445,0
IND_FUA_07581,Dehradun,exponent,alpha_0_beta_2,0,2,,1112194.29348,0.751422720002,0
IND_FUA_07581,Dehradun,exponent,alpha_0.5_beta_0,0.5,0,,590445.069944,0.398917565994,0
IND_FUA_07581,Dehradun,exponent,alpha_0.5_beta_0.5,0.5,0.5,,479476.59053,0.323944841242,0
IND_FUA_07581,Dehradun,exponent,alpha_0.5_beta_1,0.5,1,,438435.055224,0.296216284934,0
IND_FUA_07581,Dehradun,exponent,alpha_0.5_beta_2,0.5,2,,399711.801271,0.270054010066,0
IND_FUA_07581,Dehradun,exponent,alpha_1_beta_0,1,0,,336715.300194,0.227492200077,0
IND_FUA_07581,Dehradun,exponent,alpha_1_beta_0.5,1,0.5,,265715.962566,0.179523499185,0
IND_FUA_07581,Dehradun,exponent,alpha_1_beta_1,1,1,,240531.370354,0.162508239447,0
IND_FUA_07581,Dehradun,exponent,alpha_1_beta_2,1,2,,217546.847314,0.146979394423,0
IND_FUA_07581,Dehradun,exponent,alpha_2_beta_0,2,0,,148172.839504,0.100108801801,0
IND_FUA_07581,Dehradun,exponent,alpha_2_beta_0.5,2,0.5,,112255.168617,0.0758420400378,0
IND_FUA_07581,Dehradun,exponent,alpha_2_beta_1,2,1,,100023.605426,0.0675781291936,0
IND_FUA_07581,Dehradun,exponent,alpha_2_beta_2,2,2,,89263.1878175,0.0603081563885,0
IND_FUA_07581,Dehradun,binary_endpoint,endpoint_threshold_0.25,,1,0.25,401775.023667,0.271447968113,0
IND_FUA_07581,Dehradun,binary_endpoint,endpoint_threshold_0.5,,1,0.5,137077.233454,0.092612368375,0
IND_FUA_07581,Dehradun,binary_endpoint,endpoint_threshold_0.75,,1,0.75,13732.5997817,0.00927804390035,0
IND_FUA_07601,Kota,exponent,alpha_0_beta_0,0,0,,2483233,1,0.0198426661512
IND_FUA_07601,Kota,exponent,alpha_0_beta_0.5,0,0.5,,2172434.51591,0.874841191267,0.01938222872
IND_FUA_07601,Kota,exponent,alpha_0_beta_1,0,1,,2024966.58012,0.815455730543,0.0184905274202
IND_FUA_07601,Kota,exponent,alpha_0_beta_2,0,2,,1871115.40504,0.753499734033,0.01700780111
IND_FUA_07601,Kota,exponent,alpha_0.5_beta_0,0.5,0,,1297526.18781,0.522514877905,0.0108471388167
IND_FUA_07601,Kota,exponent,alpha_0.5_beta_0.5,0.5,0.5,,1097400.7211,0.441924185567,0.00998514969185
IND_FUA_07601,Kota,exponent,alpha_0.5_beta_1,0.5,1,,1003863.36246,0.404256613238,0.00901083369215
IND_FUA_07601,Kota,exponent,alpha_0.5_beta_2,0.5,2,,908441.130681,0.365830000922,0.00759875692449
IND_FUA_07601,Kota,exponent,alpha_1_beta_0,1,0,,842980.61877,0.339468998185,0.00782040968586
IND_FUA_07601,Kota,exponent,alpha_1_beta_0.5,1,0.5,,700697.845037,0.282171606546,0.00695613403819
IND_FUA_07601,Kota,exponent,alpha_1_beta_1,1,1,,634385.889833,0.255467726884,0.0061106540818
IND_FUA_07601,Kota,exponent,alpha_1_beta_2,1,2,,567201.224162,0.228412405989,0.00498350590488
IND_FUA_07601,Kota,exponent,alpha_2_beta_0,2,0,,442177.404471,0.178065209536,0.00456859357887
IND_FUA_07601,Kota,exponent,alpha_2_beta_0.5,2,0.5,,359417.203547,0.144737607606,0.00375741185042
IND_FUA_07601,Kota,exponent,alpha_2_beta_1,2,1,,320690.347752,0.12914227048,0.00311848832746
IND_FUA_07601,Kota,exponent,alpha_2_beta_2,2,2,,281476.408765,0.113350784548,0.00240379392377
IND_FUA_07601,Kota,binary_endpoint,endpoint_threshold_0.25,,1,0.25,1057304.10224,0.425777243714,0.00453188797969
IND_FUA_07601,Kota,binary_endpoint,endpoint_threshold_0.5,,1,0.5,534406.792577,0.215206061041,0.000630375786863
IND_FUA_07601,Kota,binary_endpoint,endpoint_threshold_0.75,,1,0.75,112535.790978,0.0453182568764,0.00105187897627
IND_FUA_07617,Pune,exponent,alpha_0_beta_0,0,0,,13965327,1,0.0559425874298
IND_FUA_07617,Pune,exponent,alpha_0_beta_0.5,0,0.5,,12733512.6481,0.911794807818,0.0531066629811
IND_FUA_07617,Pune,exponent,alpha_0_beta_1,0,1,,12254864.6991,0.877520784089,0.051776904042
IND_FUA_07617,Pune,exponent,alpha_0_beta_2,0,2,,11772086.6225,0.842951018801,0.0503256730506
IND_FUA_07617,Pune,exponent,alpha_0.5_beta_0,0.5,0,,6844215.81846,0.490086327263,0.040993457702
IND_FUA_07617,Pune,exponent,alpha_0.5_beta_0.5,0.5,0.5,,6092603.25583,0.436266422965,0.0378659338838
IND_FUA_07617,Pune,exponent,alpha_0.5_beta_1,0.5,1,,5813174.3572,0.416257661364,0.0364821541159
IND_FUA_07617,Pune,exponent,alpha_0.5_beta_2,0.5,2,,5539747.15369,0.396678656625,0.0350278154478
IND_FUA_07617,Pune,exponent,alpha_1_beta_0,1,0,,4243809.03051,0.303881823212,0.0352772179445
IND_FUA_07617,Pune,exponent,alpha_1_beta_0.5,1,0.5,,3730132.60599,0.267099553487,0.0322627409274
IND_FUA_07617,Pune,exponent,alpha_1_beta_1,1,1,,3542754.98452,0.253682207694,0.0309738804631
IND_FUA_07617,Pune,exponent,alpha_1_beta_2,1,2,,3361814.31905,0.240725786016,0.0296882517758
IND_FUA_07617,Pune,exponent,alpha_2_beta_0,2,0,,2093613.62962,0.14991511689,0.0264919616857
IND_FUA_07617,Pune,exponent,alpha_2_beta_0.5,2,0.5,,1811887.81886,0.129741882797,0.0238294563133
IND_FUA_07617,Pune,exponent,alpha_2_beta_1,2,1,,1709991.88919,0.122445531651,0.0227617284977
IND_FUA_07617,Pune,exponent,alpha_2_beta_2,2,2,,1612830.74189,0.115488218922,0.0217862008491
IND_FUA_07617,Pune,binary_endpoint,endpoint_threshold_0.25,,1,0.25,6056873.35982,0.433707951115,0.0358124006109
IND_FUA_07617,Pune,binary_endpoint,endpoint_threshold_0.5,,1,0.5,2556802.46367,0.18308217657,0.020695101037
IND_FUA_07617,Pune,binary_endpoint,endpoint_threshold_0.75,,1,0.75,498894.00698,0.0357237612109,0.00298870541551
IND_FUA_07631,Haridwar,exponent,alpha_0_beta_0,0,0,,1895887,1,0.0655888319322
IND_FUA_07631,Haridwar,exponent,alpha_0_beta_0.5,0,0.5,,1617352.59617,0.853084912853,0.0667654098782
IND_FUA_07631,Haridwar,exponent,alpha_0_beta_1,0,1,,1495805.58658,0.788974019325,0.0662011390603
IND_FUA_07631,Haridwar,exponent,alpha_0_beta_2,0,2,,1371608.37974,0.723465259133,0.0652454254087
IND_FUA_07631,Haridwar,exponent,alpha_0.5_beta_0,0.5,0,,992521.830273,0.523513178936,0.035995231214
IND_FUA_07631,Haridwar,exponent,alpha_0.5_beta_0.5,0.5,0.5,,819286.775965,0.432139033584,0.0325470085472
IND_FUA_07631,Haridwar,exponent,alpha_0.5_beta_1,0.5,1,,747586.92149,0.394320400683,0.0295765816547
IND_FUA_07631,Haridwar,exponent,alpha_0.5_beta_2,0.5,2,,677538.75191,0.357372961526,0.0261567736591
IND_FUA_07631,Haridwar,exponent,alpha_1_beta_0,1,0,,651520.444713,0.343649407751,0.0289637201427
IND_FUA_07631,Haridwar,exponent,alpha_1_beta_0.5,1,0.5,,529788.86221,0.279441159842,0.0239686148125
IND_FUA_07631,Haridwar,exponent,alpha_1_beta_1,1,1,,481288.681582,0.253859371145,0.0202479719631
IND_FUA_07631,Haridwar,exponent,alpha_1_beta_2,1,2,,435063.029597,0.229477299859,0.0162716812533
IND_FUA_07631,Haridwar,exponent,alpha_2_beta_0,2,0,,344126.443476,0.181512106721,0.0238865136544
IND_FUA_07631,Haridwar,exponent,alpha_2_beta_0.5,2,0.5,,273480.540326,0.144249388453,0.0170451302403
IND_FUA_07631,Haridwar,exponent,alpha_2_beta_1,2,1,,246829.133585,0.130191901513,0.0124943824737
IND_FUA_07631,Haridwar,exponent,alpha_2_beta_2,2,2,,222251.480441,0.117228231662,0.00811155034853
IND_FUA_07631,Haridwar,binary_endpoint,endpoint_threshold_0.25,,1,0.25,826540.375983,0.435965000015,0.0144744812695
IND_FUA_07631,Haridwar,binary_endpoint,endpoint_threshold_0.5,,1,0.5,406412.688984,0.214365460064,0.00518495925774
IND_FUA_07631,Haridwar,binary_endpoint,endpoint_threshold_0.75,,1,0.75,76758.3273466,0.0404867628432,0.0111264109493
IND_FUA_07643,Meerut,exponent,alpha_0_beta_0,0,0,,6166678,1,0.119330179136
IND_FUA_07643,Meerut,exponent,alpha_0_beta_0.5,0,0.5,,5329904.2923,0.8643072157,0.124893109156
IND_FUA_07643,Meerut,exponent,alpha_0_beta_1,0,1,,4939394.50873,0.800981421234,0.12774750952
IND_FUA_07643,Meerut,exponent,alpha_0_beta_2,0,2,,4520849.84598,0.733109438499,0.130808488972
IND_FUA_07643,Meerut,exponent,alpha_0.5_beta_0,0.5,0,,3036050.4675,0.492331603418,0.121791772534
IND_FUA_07643,Meerut,exponent,alpha_0.5_beta_0.5,0.5,0.5,,2528182.21166,0.409974740316,0.128467821372
IND_FUA_07643,Meerut,exponent,alpha_0.5_beta_1,0.5,1,,2302584.05378,0.373391322488,0.13176877785
IND_FUA_07643,Meerut,exponent,alpha_0.5_beta_2,0.5,2,,2071256.62296,0.335878835081,0.1350611655
IND_FUA_07643,Meerut,exponent,alpha_1_beta_0,1,0,,1881995.42265,0.305187886031,0.125715128901
IND_FUA_07643,Meerut,exponent,alpha_1_beta_0.5,1,0.5,,1534878.95278,0.248898832205,0.133638608344
IND_FUA_07643,Meerut,exponent,alpha_1_beta_1,1,1,,1385253.87071,0.224635349974,0.137480413253
IND_FUA_07643,Meerut,exponent,alpha_1_beta_2,1,2,,1235847.09518,0.200407268741,0.141208382979
IND_FUA_07643,Meerut,exponent,alpha_2_beta_0,2,0,,928818.894171,0.150619003323,0.132008303894
IND_FUA_07643,Meerut,exponent,alpha_2_beta_0.5,2,0.5,,737131.291835,0.119534584396,0.14244718876
IND_FUA_07643,Meerut,exponent,alpha_2_beta_1,2,1,,657653.639248,0.106646340096,0.147424626439
IND_FUA_07643,Meerut,exponent,alpha_2_beta_2,2,2,,581037.240073,0.0942220819821,0.152200686302
IND_FUA_07643,Meerut,binary_endpoint,endpoint_threshold_0.25,,1,0.25,2321698.67233,0.376490984664,0.130077669773
IND_FUA_07643,Meerut,binary_endpoint,endpoint_threshold_0.5,,1,0.5,969333.677546,0.15718895612,0.165596194165
IND_FUA_07643,Meerut,binary_endpoint,endpoint_threshold_0.75,,1,0.75,238007.761285,0.0385957822486,0.150767826057
IND_FUA_07839,Indore,exponent,alpha_0_beta_0,0,0,,5101697,1,0.00155752095822
IND_FUA_07839,Indore,exponent,alpha_0_beta_0.5,0,0.5,,4336245.36998,0.849961369713,0.00145136816714
IND_FUA_07839,Indore,exponent,alpha_0_beta_1,0,1,,3960701.39475,0.776349790032,0.00138657849555
IND_FUA_07839,Indore,exponent,alpha_0_beta_2,0,2,,3568095.71792,0.699393891467,0.00131149629665
IND_FUA_07839,Indore,exponent,alpha_0.5_beta_0,0.5,0,,2477260.28138,0.485575737128,0.000657707810498
IND_FUA_07839,Indore,exponent,alpha_0.5_beta_0.5,0.5,0.5,,2023859.70201,0.396703234631,0.000563842326158
IND_FUA_07839,Indore,exponent,alpha_0.5_beta_1,0.5,1,,1810466.0556,0.354875261232,0.000518026114462
IND_FUA_07839,Indore,exponent,alpha_0.5_beta_2,0.5,2,,1596168.28654,0.31287006785,0.000464531230434
IND_FUA_07839,Indore,exponent,alpha_1_beta_0,1,0,,1526393.66989,0.299193321338,0.000423054243744
IND_FUA_07839,Indore,exponent,alpha_1_beta_0.5,1,0.5,,1219867.20051,0.239110084451,0.000293707799686
IND_FUA_07839,Indore,exponent,alpha_1_beta_1,1,1,,1079292.66803,0.211555619243,0.000246677568569
IND_FUA_07839,Indore,exponent,alpha_1_beta_2,1,2,,941652.098798,0.184576249589,0.000206555165809
IND_FUA_07839,Indore,exponent,alpha_2_beta_0,2,0,,749648.476061,0.146941003368,0.000393290695046
IND_FUA_07839,Indore,exponent,alpha_2_beta_0.5,2,0.5,,580867.915878,0.11385778416,0.000159321587047
IND_FUA_07839,Indore,exponent,alpha_2_beta_1,2,1,,506196.097566,0.0992211214358,8.949314636e-05
IND_FUA_07839,Indore,exponent,alpha_2_beta_2,2,2,,435541.358538,0.0853718593123,5.50251153599e-05
IND_FUA_07839,Indore,binary_endpoint,endpoint_threshold_0.25,,1,0.25,1793292.94317,0.351509104356,9.50297293807e-05
IND_FUA_07839,Indore,binary_endpoint,endpoint_threshold_0.5,,1,0.5,744313.1815,0.145895215161,1.59580790265e-05
IND_FUA_07839,Indore,binary_endpoint,endpoint_threshold_0.75,,1,0.75,128058.370996,0.0251011322302,9.27530818838e-05
IND_FUA_07881,Kolhapur,exponent,alpha_0_beta_0,0,0,,507716,1,0.0625100984309
IND_FUA_07881,Kolhapur,exponent,alpha_0_beta_0.5,0,0.5,,411558.3035,0.810607314915,0.0705015081885
IND_FUA_07881,Kolhapur,exponent,alpha_0_beta_1,0,1,,368107.296894,0.72502599267,0.0743275381401
IND_FUA_07881,Kolhapur,exponent,alpha_0_beta_2,0,2,,326285.421506,0.642653415505,0.076983098356
IND_FUA_07881,Kolhapur,exponent,alpha_0.5_beta_0,0.5,0,,148909.24461,0.293292400889,0.0311395337791
IND_FUA_07881,Kolhapur,exponent,alpha_0.5_beta_0.5,0.5,0.5,,112764.818246,0.22210215602,0.0338525453173
IND_FUA_07881,Kolhapur,exponent,alpha_0.5_beta_1,0.5,1,,96696.9183124,0.190454739091,0.0341381417344
IND_FUA_07881,Kolhapur,exponent,alpha_0.5_beta_2,0.5,2,,81351.4251522,0.160230178194,0.0323277954825
IND_FUA_07881,Kolhapur,exponent,alpha_1_beta_0,1,0,,69706.4725033,0.137294220594,0.0234256881065
IND_FUA_07881,Kolhapur,exponent,alpha_1_beta_0.5,1,0.5,,51152.3021341,0.100749832848,0.0255988580027
IND_FUA_07881,Kolhapur,exponent,alpha_1_beta_1,1,1,,42940.5763156,0.084575976167,0.0257055490589
IND_FUA_07881,Kolhapur,exponent,alpha_1_beta_2,1,2,,35128.2082003,0.0691886964371,0.0240009430884
IND_FUA_07881,Kolhapur,exponent,alpha_2_beta_0,2,0,,21990.0493529,0.0433117123607,0.0132151472339
IND_FUA_07881,Kolhapur,exponent,alpha_2_beta_0.5,2,0.5,,15438.5820598,0.0304079092639,0.0144507071585
IND_FUA_07881,Kolhapur,exponent,alpha_2_beta_1,2,1,,12567.5629539,0.0247531355204,0.0144118337633
IND_FUA_07881,Kolhapur,exponent,alpha_2_beta_2,2,2,,9875.33581478,0.0194505113386,0.0132576613836
IND_FUA_07881,Kolhapur,binary_endpoint,endpoint_threshold_0.25,,1,0.25,63887.1195961,0.125832393693,0.0215138301184
IND_FUA_07881,Kolhapur,binary_endpoint,endpoint_threshold_0.5,,1,0.5,10047.8444643,0.0197902852467,0.000445527614183
IND_FUA_07881,Kolhapur,binary_endpoint,endpoint_threshold_0.75,,1,0.75,0,0,
IND_FUA_07895,Aligarh,exponent,alpha_0_beta_0,0,0,,3411737,1,0.251055282553
IND_FUA_07895,Aligarh,exponent,alpha_0_beta_0.5,0,0.5,,3045955.88772,0.892787424036,0.255905911036
IND_FUA_07895,Aligarh,exponent,alpha_0_beta_1,0,1,,2857324.62571,0.837498501704,0.259015862782
IND_FUA_07895,Aligarh,exponent,alpha_0_beta_2,0,2,,2644944.22479,0.775248568336,0.263237924809
IND_FUA_07895,Aligarh,exponent,alpha_0.5_beta_0,0.5,0,,1680569.79672,0.492584802615,0.223178589274
IND_FUA_07895,Aligarh,exponent,alpha_0.5_beta_0.5,0.5,0.5,,1445103.86442,0.423568365445,0.227179471761
IND_FUA_07895,Aligarh,exponent,alpha_0.5_beta_1,0.5,1,,1329073.05873,0.389559060011,0.23017588992
IND_FUA_07895,Aligarh,exponent,alpha_0.5_beta_2,0.5,2,,1203148.35035,0.352649794033,0.234510684578
IND_FUA_07895,Aligarh,exponent,alpha_1_beta_0,1,0,,1038483.04028,0.304385431902,0.20553918497
IND_FUA_07895,Aligarh,exponent,alpha_1_beta_0.5,1,0.5,,873145.892227,0.25592415014,0.208714090215
IND_FUA_07895,Aligarh,exponent,alpha_1_beta_1,1,1,,794083.458804,0.232750490089,0.211511808894
IND_FUA_07895,Aligarh,exponent,alpha_1_beta_2,1,2,,710435.936356,0.20823291372,0.215762443839
IND_FUA_07895,Aligarh,exponent,alpha_2_beta_0,2,0,,496836.32433,0.14562562247,0.178996805268
IND_FUA_07895,Aligarh,exponent,alpha_2_beta_0.5,2,0.5,,404578.396904,0.118584286217,0.180606790292
IND_FUA_07895,Aligarh,exponent,alpha_2_beta_1,2,1,,362307.044909,0.106194306568,0.182870909558
IND_FUA_07895,Aligarh,exponent,alpha_2_beta_2,2,2,,319269.338861,0.0935797040807,0.186735520991
IND_FUA_07895,Aligarh,binary_endpoint,endpoint_threshold_0.25,,1,0.25,1371362.09354,0.401954222598,0.207349844182
IND_FUA_07895,Aligarh,binary_endpoint,endpoint_threshold_0.5,,1,0.5,540089.814163,0.158303472443,0.1564033855
IND_FUA_07895,Aligarh,binary_endpoint,endpoint_threshold_0.75,,1,0.75,70286.5302742,0.0206013916882,0.0610828913814
IND_FUA_07933,Moradabad,exponent,alpha_0_beta_0,0,0,,2369126,1,0.246006518754
IND_FUA_07933,Moradabad,exponent,alpha_0_beta_0.5,0,0.5,,2054210.65092,0.867075305798,0.241600861653
IND_FUA_07933,Moradabad,exponent,alpha_0_beta_1,0,1,,1908027.24802,0.805371790279,0.242190876814
IND_FUA_07933,Moradabad,exponent,alpha_0_beta_2,0,2,,1752181.31373,0.739589753237,0.242533932536
IND_FUA_07933,Moradabad,exponent,alpha_0.5_beta_0,0.5,0,,1239198.13647,0.523061304664,0.238394725649
IND_FUA_07933,Moradabad,exponent,alpha_0.5_beta_0.5,0.5,0.5,,1037548.44268,0.437945657038,0.235714310852
IND_FUA_07933,Moradabad,exponent,alpha_0.5_beta_1,0.5,1,,947904.807422,0.400107384505,0.2374627725
IND_FUA_07933,Moradabad,exponent,alpha_0.5_beta_2,0.5,2,,855895.890448,0.361270734629,0.238900810006
IND_FUA_07933,Moradabad,exponent,alpha_1_beta_0,1,0,,795796.897272,0.335903154696,0.227937465807
IND_FUA_07933,Moradabad,exponent,alpha_1_beta_0.5,1,0.5,,653629.913802,0.275894956115,0.227187773611
IND_FUA_07933,Moradabad,exponent,alpha_1_beta_1,1,1,,592006.757326,0.249884032055,0.229399093532
IND_FUA_07933,Moradabad,exponent,alpha_1_beta_2,1,2,,530264.939916,0.223823021619,0.231275138461
IND_FUA_07933,Moradabad,exponent,alpha_2_beta_0,2,0,,404686.683677,0.170816868194,0.212416603187
IND_FUA_07933,Moradabad,exponent,alpha_2_beta_0.5,2,0.5,,323456.718341,0.136529977022,0.216226705662
IND_FUA_07933,Moradabad,exponent,alpha_2_beta_1,2,1,,289545.373689,0.122216114166,0.219225890773
IND_FUA_07933,Moradabad,exponent,alpha_2_beta_2,2,2,,256817.768811,0.108401903829,0.221915414432
IND_FUA_07933,Moradabad,binary_endpoint,endpoint_threshold_0.25,,1,0.25,1017924.52079,0.429662466576,0.241958692273
IND_FUA_07933,Moradabad,binary_endpoint,endpoint_threshold_0.5,,1,0.5,461486.23688,0.194791765774,0.186176065705
IND_FUA_07933,Moradabad,binary_endpoint,endpoint_threshold_0.75,,1,0.75,64614.4881577,0.0272735549556,0.225529857268
IND_FUA_07957,Agra,exponent,alpha_0_beta_0,0,0,,3999577,1,0.0987447109449
IND_FUA_07957,Agra,exponent,alpha_0_beta_0.5,0,0.5,,3434524.90413,0.858722035887,0.0996484537985
IND_FUA_07957,Agra,exponent,alpha_0_beta_1,0,1,,3193746.73807,0.798521128127,0.0988567049751
IND_FUA_07957,Agra,exponent,alpha_0_beta_2,0,2,,2947730.97316,0.737010682169,0.098028043924
IND_FUA_07957,Agra,exponent,alpha_0.5_beta_0,0.5,0,,1735570.65508,0.433938552773,0.08995739799
IND_FUA_07957,Agra,exponent,alpha_0.5_beta_0.5,0.5,0.5,,1415238.30045,0.353846994433,0.0902315795236
IND_FUA_07957,Agra,exponent,alpha_0.5_beta_1,0.5,1,,1286871.56761,0.321751917168,0.0886436095536
IND_FUA_07957,Agra,exponent,alpha_0.5_beta_2,0.5,2,,1163012.73023,0.290783932958,0.0869641536852
IND_FUA_07957,Agra,exponent,alpha_1_beta_0,1,0,,989931.230905,0.247508981801,0.0896744531318
IND_FUA_07957,Agra,exponent,alpha_1_beta_0.5,1,0.5,,783691.39081,0.195943568735,0.0907829013499
IND_FUA_07957,Agra,exponent,alpha_1_beta_1,1,1,,704131.416926,0.176051471675,0.0892967311913
IND_FUA_07957,Agra,exponent,alpha_1_beta_2,1,2,,630059.422066,0.157531514474,0.0876513821974
IND_FUA_07957,Agra,exponent,alpha_2_beta_0,2,0,,423160.870803,0.105801406199,0.093227646772
IND_FUA_07957,Agra,exponent,alpha_2_beta_0.5,2,0.5,,320765.809556,0.0801999335319,0.0981624061532
IND_FUA_07957,Agra,exponent,alpha_2_beta_1,2,1,,283405.427386,0.0708588501699,0.0982390517437
IND_FUA_07957,Agra,exponent,alpha_2_beta_2,2,2,,250351.199149,0.0625944191471,0.0980693368644
IND_FUA_07957,Agra,binary_endpoint,endpoint_threshold_0.25,,1,0.25,1163936.07964,0.291014794725,0.0790177633595
IND_FUA_07957,Agra,binary_endpoint,endpoint_threshold_0.5,,1,0.5,334292.216883,0.0835818930058,0.128417009848
IND_FUA_07957,Agra,binary_endpoint,endpoint_threshold_0.75,,1,0.75,56409.3758056,0.014103835432,0.124325991138
IND_FUA_07961,Aurangabad,exponent,alpha_0_beta_0,0,0,,2253337,1,0
IND_FUA_07961,Aurangabad,exponent,alpha_0_beta_0.5,0,0.5,,2041612.23335,0.906039457636,0
IND_FUA_07961,Aurangabad,exponent,alpha_0_beta_1,0,1,,1935695.74762,0.859035176551,0
IND_FUA_07961,Aurangabad,exponent,alpha_0_beta_2,0,2,,1822610.47181,0.808849484923,0
IND_FUA_07961,Aurangabad,exponent,alpha_0.5_beta_0,0.5,0,,1181805.12449,0.524468876377,0
IND_FUA_07961,Aurangabad,exponent,alpha_0.5_beta_0.5,0.5,0.5,,1046488.83692,0.464417367185,0
IND_FUA_07961,Aurangabad,exponent,alpha_0.5_beta_1,0.5,1,,980840.370429,0.435283479759,0
IND_FUA_07961,Aurangabad,exponent,alpha_0.5_beta_2,0.5,2,,913172.462104,0.405253391794,0
IND_FUA_07961,Aurangabad,exponent,alpha_1_beta_0,1,0,,776049.117829,0.344399935664,0
IND_FUA_07961,Aurangabad,exponent,alpha_1_beta_0.5,1,0.5,,679288.946777,0.301459101225,0
IND_FUA_07961,Aurangabad,exponent,alpha_1_beta_1,1,1,,632913.119441,0.280878146252,0
IND_FUA_07961,Aurangabad,exponent,alpha_1_beta_2,1,2,,586121.31121,0.260112584673,0
IND_FUA_07961,Aurangabad,exponent,alpha_2_beta_0,2,0,,414166.071945,0.183801212134,0
IND_FUA_07961,Aurangabad,exponent,alpha_2_beta_0.5,2,0.5,,356476.536129,0.158199388786,0
IND_FUA_07961,Aurangabad,exponent,alpha_2_beta_1,2,1,,329086.033631,0.14604386012,0
IND_FUA_07961,Aurangabad,exponent,alpha_2_beta_2,2,2,,302251.810409,0.134135200553,0
IND_FUA_07961,Aurangabad,binary_endpoint,endpoint_threshold_0.25,,1,0.25,1073685.14386,0.476486714532,0
IND_FUA_07961,Aurangabad,binary_endpoint,endpoint_threshold_0.5,,1,0.5,533435.222553,0.236731222428,0
IND_FUA_07961,Aurangabad,binary_endpoint,endpoint_threshold_0.75,,1,0.75,108531.990684,0.0481650062482,0
IND_FUA_07996,Sangli,exponent,alpha_0_beta_0,0,0,,948177,1,0.257597845414
IND_FUA_07996,Sangli,exponent,alpha_0_beta_0.5,0,0.5,,885357.311789,0.933746876152,0.259262557934
IND_FUA_07996,Sangli,exponent,alpha_0_beta_1,0,1,,854489.779673,0.9011922665,0.257153942807
IND_FUA_07996,Sangli,exponent,alpha_0_beta_2,0,2,,820931.057082,0.865799378262,0.251697201609
IND_FUA_07996,Sangli,exponent,alpha_0.5_beta_0,0.5,0,,302112.5513,0.318624635801,0.240856016578
IND_FUA_07996,Sangli,exponent,alpha_0.5_beta_0.5,0.5,0.5,,269092.110046,0.283799448885,0.247302992486
IND_FUA_07996,Sangli,exponent,alpha_0.5_beta_1,0.5,1,,253785.177936,0.267655910169,0.246994260498
IND_FUA_07996,Sangli,exponent,alpha_0.5_beta_2,0.5,2,,238064.853667,0.251076385176,0.242822522128
IND_FUA_07996,Sangli,exponent,alpha_1_beta_0,1,0,,143578.246395,0.151425573912,0.223776749965
IND_FUA_07996,Sangli,exponent,alpha_1_beta_0.5,1,0.5,,123840.403868,0.130608951565,0.234207387978
IND_FUA_07996,Sangli,exponent,alpha_1_beta_1,1,1,,115147.49146,0.12144092449,0.235883043663
IND_FUA_07996,Sangli,exponent,alpha_1_beta_2,1,2,,106606.340897,0.112432953865,0.233991083386
IND_FUA_07996,Sangli,exponent,alpha_2_beta_0,2,0,,45502.8298555,0.0479898055485,0.189500010828
IND_FUA_07996,Sangli,exponent,alpha_2_beta_0.5,2,0.5,,36917.3497584,0.038935082541,0.207227457433
IND_FUA_07996,Sangli,exponent,alpha_2_beta_1,2,1,,33404.0277039,0.035229738439,0.213293157947
IND_FUA_07996,Sangli,exponent,alpha_2_beta_2,2,2,,30220.3843078,0.0318720917169,0.216701558965
IND_FUA_07996,Sangli,binary_endpoint,endpoint_threshold_0.25,,1,0.25,161876.058017,0.170723459879,0.227295354093
IND_FUA_07996,Sangli,binary_endpoint,endpoint_threshold_0.5,,1,0.5,21185.6504331,0.0223435607836,0.00317408325422
IND_FUA_07996,Sangli,binary_endpoint,endpoint_threshold_0.75,,1,0.75,444.463487267,0.000468755820134,0
IND_FUA_08144,Gwalior,exponent,alpha_0_beta_0,0,0,,2023495,1,0.000134420890588
IND_FUA_08144,Gwalior,exponent,alpha_0_beta_0.5,0,0.5,,1853551.25757,0.916014745564,0.000126093253541
IND_FUA_08144,Gwalior,exponent,alpha_0_beta_1,0,1,,1773321.93797,0.876365861034,0.00011324953085
IND_FUA_08144,Gwalior,exponent,alpha_0_beta_2,0,2,,1688927.62971,0.83465866222,8.77946500776e-05
IND_FUA_08144,Gwalior,exponent,alpha_0.5_beta_0,0.5,0,,985491.441278,0.487024401483,0
IND_FUA_08144,Gwalior,exponent,alpha_0.5_beta_0.5,0.5,0.5,,891964.32675,0.440803820494,0
IND_FUA_08144,Gwalior,exponent,alpha_0.5_beta_1,0.5,1,,849325.867366,0.41973213048,0
IND_FUA_08144,Gwalior,exponent,alpha_0.5_beta_2,0.5,2,,806337.641195,0.398487587661,0
IND_FUA_08144,Gwalior,exponent,alpha_1_beta_0,1,0,,591650.256133,0.292390273331,0
IND_FUA_08144,Gwalior,exponent,alpha_1_beta_0.5,1,0.5,,532549.086221,0.263182803131,0
IND_FUA_08144,Gwalior,exponent,alpha_1_beta_1,1,1,,505918.558979,0.250022144349,0
IND_FUA_08144,Gwalior,exponent,alpha_1_beta_2,1,2,,479586.792966,0.237009131708,0
IND_FUA_08144,Gwalior,exponent,alpha_2_beta_0,2,0,,266491.452563,0.131698597013,0
IND_FUA_08144,Gwalior,exponent,alpha_2_beta_0.5,2,0.5,,237701.064543,0.11747054702,0
IND_FUA_08144,Gwalior,exponent,alpha_2_beta_1,2,1,,224899.705205,0.111144186274,0
IND_FUA_08144,Gwalior,exponent,alpha_2_beta_2,2,2,,212590.714294,0.105061151273,0
IND_FUA_08144,Gwalior,binary_endpoint,endpoint_threshold_0.25,,1,0.25,916976.741757,0.453164817189,0
IND_FUA_08144,Gwalior,binary_endpoint,endpoint_threshold_0.5,,1,0.5,317469.454877,0.156891642864,0
IND_FUA_08144,Gwalior,binary_endpoint,endpoint_threshold_0.75,,1,0.75,28459.6201223,0.0140645863332,0
IND_FUA_08224,Bareilly,exponent,alpha_0_beta_0,0,0,,2886159,1,0.0819063629125
IND_FUA_08224,Bareilly,exponent,alpha_0_beta_0.5,0,0.5,,2522105.3335,0.87386222779,0.0886650234085
IND_FUA_08224,Bareilly,exponent,alpha_0_beta_1,0,1,,2352261.14879,0.815014401073,0.0917257520435
IND_FUA_08224,Bareilly,exponent,alpha_0_beta_2,0,2,,2166042.82049,0.750493240494,0.0949984560907
IND_FUA_08224,Bareilly,exponent,alpha_0.5_beta_0,0.5,0,,1656576.86876,0.573972836825,0.0748650683458
IND_FUA_08224,Bareilly,exponent,alpha_0.5_beta_0.5,0.5,0.5,,1410713.42752,0.488785762502,0.0820988732248
IND_FUA_08224,Bareilly,exponent,alpha_0.5_beta_1,0.5,1,,1299444.42143,0.450233137341,0.0853333972638
IND_FUA_08224,Bareilly,exponent,alpha_0.5_beta_2,0.5,2,,1181282.50697,0.409292248614,0.0886320392589
IND_FUA_08224,Bareilly,exponent,alpha_1_beta_0,1,0,,1131541.84907,0.392058042911,0.0685466666457
IND_FUA_08224,Bareilly,exponent,alpha_1_beta_0.5,1,0.5,,950123.833973,0.329200100886,0.0756255679538
IND_FUA_08224,Bareilly,exponent,alpha_1_beta_1,1,1,,868752.815291,0.301006567999,0.0787950410812
IND_FUA_08224,Bareilly,exponent,alpha_1_beta_2,1,2,,783776.956774,0.271564025674,0.0819090303469
IND_FUA_08224,Bareilly,exponent,alpha_2_beta_0,2,0,,626961.081334,0.217230263937,0.0601418250411
IND_FUA_08224,Bareilly,exponent,alpha_2_beta_0.5,2,0.5,,516650.755338,0.179009803458,0.0668151380955
IND_FUA_08224,Bareilly,exponent,alpha_2_beta_1,2,1,,467532.256138,0.161991164083,0.0697938839975
IND_FUA_08224,Bareilly,exponent,alpha_2_beta_2,2,2,,417338.664743,0.144600025412,0.0724944285156
IND_FUA_08224,Bareilly,binary_endpoint,endpoint_threshold_0.25,,1,0.25,1481394.52998,0.513275439772,0.078598370461
IND_FUA_08224,Bareilly,binary_endpoint,endpoint_threshold_0.5,,1,0.5,789194.066016,0.273440952496,0.0665614990343
IND_FUA_08224,Bareilly,binary_endpoint,endpoint_threshold_0.75,,1,0.75,149631.460772,0.0518444967073,0.00803842297725
IND_FUA_08258,Bhopal,exponent,alpha_0_beta_0,0,0,,3205488,1,0.00431572353414
IND_FUA_08258,Bhopal,exponent,alpha_0_beta_0.5,0,0.5,,2864586.63092,0.893650711194,0.00464471763346
IND_FUA_08258,Bhopal,exponent,alpha_0_beta_1,0,1,,2714101.37727,0.846704582038,0.0047616880473
IND_FUA_08258,Bhopal,exponent,alpha_0_beta_2,0,2,,2559067.39693,0.798339409453,0.00485460031957
IND_FUA_08258,Bhopal,exponent,alpha_0.5_beta_0,0.5,0,,1650314.63432,0.514840371988,0.00293545199745
IND_FUA_08258,Bhopal,exponent,alpha_0.5_beta_0.5,0.5,0.5,,1434474.82994,0.447505911717,0.00319440012078
IND_FUA_08258,Bhopal,exponent,alpha_0.5_beta_1,0.5,1,,1341705.65966,0.418565179362,0.00327473222792
IND_FUA_08258,Bhopal,exponent,alpha_0.5_beta_2,0.5,2,,1249343.26315,0.389751346174,0.003320282323
IND_FUA_08258,Bhopal,exponent,alpha_1_beta_0,1,0,,1054025.65967,0.328819093901,0.00204601788448
IND_FUA_08258,Bhopal,exponent,alpha_1_beta_0.5,1,0.5,,902789.936855,0.281638844649,0.00223306858144
IND_FUA_08258,Bhopal,exponent,alpha_1_beta_1,1,1,,838337.947104,0.261532080951,0.00228473049353
IND_FUA_08258,Bhopal,exponent,alpha_1_beta_2,1,2,,775239.702502,0.241847638332,0.00230317122198
IND_FUA_08258,Bhopal,exponent,alpha_2_beta_0,2,0,,544939.312989,0.17000198191,0.000964387705552
IND_FUA_08258,Bhopal,exponent,alpha_2_beta_0.5,2,0.5,,458085.155074,0.142906526268,0.00104762252405
IND_FUA_08258,Bhopal,exponent,alpha_2_beta_1,2,1,,421118.3401,0.131374174572,0.0010626107736
IND_FUA_08258,Bhopal,exponent,alpha_2_beta_2,2,2,,385471.224479,0.120253522858,0.00105387730493
IND_FUA_08258,Bhopal,binary_endpoint,endpoint_threshold_0.25,,1,0.25,1421056.201,0.443319769409,0.00218017336919
IND_FUA_08258,Bhopal,binary_endpoint,endpoint_threshold_0.5,,1,0.5,654695.611811,0.204242103483,0
IND_FUA_08258,Bhopal,binary_endpoint,endpoint_threshold_0.75,,1,0.75,155154.252537,0.0484026932987,0
IND_FUA_08319,Mangaluru,exponent,alpha_0_beta_0,0,0,,1265037,1,0.292770093923
IND_FUA_08319,Mangaluru,exponent,alpha_0_beta_0.5,0,0.5,,1180422.64759,0.93311314024,0.278258754591
IND_FUA_08319,Mangaluru,exponent,alpha_0_beta_1,0,1,,1135666.4861,0.897733810235,0.267258731951
IND_FUA_08319,Mangaluru,exponent,alpha_0_beta_2,0,2,,1084725.60882,0.857465519838,0.25158025122
IND_FUA_08319,Mangaluru,exponent,alpha_0.5_beta_0,0.5,0,,424721.981199,0.335738781711,0.406948440073
IND_FUA_08319,Mangaluru,exponent,alpha_0.5_beta_0.5,0.5,0.5,,372727.633337,0.294637732602,0.393352117736
IND_FUA_08319,Mangaluru,exponent,alpha_0.5_beta_1,0.5,1,,348549.326711,0.275525005759,0.377981886458
IND_FUA_08319,Mangaluru,exponent,alpha_0.5_beta_2,0.5,2,,324365.298848,0.256407756333,0.350724573916
IND_FUA_08319,Mangaluru,exponent,alpha_1_beta_0,1,0,,251473.455248,0.198787430919,0.450175550418
IND_FUA_08319,Mangaluru,exponent,alpha_1_beta_0.5,1,0.5,,213590.72972,0.16884148821,0.439924554907
IND_FUA_08319,Mangaluru,exponent,alpha_1_beta_1,1,1,,197026.943132,0.155747968741,0.422379291595
IND_FUA_08319,Mangaluru,exponent,alpha_1_beta_2,1,2,,181443.890101,0.143429710041,0.386640504793
IND_FUA_08319,Mangaluru,exponent,alpha_2_beta_0,2,0,,139505.818991,0.11027805431,0.474673651526
IND_FUA_08319,Mangaluru,exponent,alpha_2_beta_0.5,2,0.5,,115511.396162,0.0913106859026,0.465696963709
IND_FUA_08319,Mangaluru,exponent,alpha_2_beta_1,2,1,,105496.149047,0.0833937260707,0.44364696538
IND_FUA_08319,Mangaluru,exponent,alpha_2_beta_2,2,2,,96382.2809424,0.076189297975,0.394843182339
IND_FUA_08319,Mangaluru,binary_endpoint,endpoint_threshold_0.25,,1,0.25,258051.859674,0.203987598524,0.447763182331
IND_FUA_08319,Mangaluru,binary_endpoint,endpoint_threshold_0.5,,1,0.5,159622.950354,0.126180459824,0.481404731549
IND_FUA_08319,Mangaluru,binary_endpoint,endpoint_threshold_0.75,,1,0.75,64504.1649424,0.0509899433316,0.252213431811
IND_FUA_08341,Solapur,exponent,alpha_0_beta_0,0,0,,922676,1,0.00718928025761
IND_FUA_08341,Solapur,exponent,alpha_0_beta_0.5,0,0.5,,817294.68395,0.885787301231,0.0077961097296
IND_FUA_08341,Solapur,exponent,alpha_0_beta_1,0,1,,765322.591069,0.82945973567,0.00812776054326
IND_FUA_08341,Solapur,exponent,alpha_0_beta_2,0,2,,710560.308282,0.770108150945,0.00851264646098
IND_FUA_08341,Solapur,exponent,alpha_0.5_beta_0,0.5,0,,371111.21472,0.402211843291,0.00285124972999
IND_FUA_08341,Solapur,exponent,alpha_0.5_beta_0.5,0.5,0.5,,308962.584269,0.334854904939,0.00297133161971
IND_FUA_08341,Solapur,exponent,alpha_0.5_beta_1,0.5,1,,280718.544684,0.304243900008,0.00302938056044
IND_FUA_08341,Solapur,exponent,alpha_0.5_beta_2,0.5,2,,253234.094356,0.274456141003,0.00309289750817
IND_FUA_08341,Solapur,exponent,alpha_1_beta_0,1,0,,216470.406646,0.234611506798,0.00203788848798
IND_FUA_08341,Solapur,exponent,alpha_1_beta_0.5,1,0.5,,174402.276171,0.189017895958,0.00192361109378
IND_FUA_08341,Solapur,exponent,alpha_1_beta_1,1,1,,156036.364697,0.169112846434,0.00184954743925
IND_FUA_08341,Solapur,exponent,alpha_1_beta_2,1,2,,138964.270031,0.150610040828,0.00175997877099
IND_FUA_08341,Solapur,exponent,alpha_2_beta_0,2,0,,100273.934039,0.108677297382,0.00152202740738
IND_FUA_08341,Solapur,exponent,alpha_2_beta_0.5,2,0.5,,77427.3367544,0.0839160623604,0.00109834432192
IND_FUA_08341,Solapur,exponent,alpha_2_beta_1,2,1,,67874.6664453,0.0735628394424,0.000872000938401
IND_FUA_08341,Solapur,exponent,alpha_2_beta_2,2,2,,59540.7090764,0.0645304625637,0.000626388541706
IND_FUA_08341,Solapur,binary_endpoint,endpoint_threshold_0.25,,1,0.25,252966.789161,0.274166434546,0.000535488306341
IND_FUA_08341,Solapur,binary_endpoint,endpoint_threshold_0.5,,1,0.5,103341.425453,0.112001857048,0.0013010413899
IND_FUA_08341,Solapur,binary_endpoint,endpoint_threshold_0.75,,1,0.75,13444.1934138,0.0145708714801,0.000180194609501
IND_FUA_08419,Farrukhabad,exponent,alpha_0_beta_0,0,0,,1403000,1,0.107996034851
IND_FUA_08419,Farrukhabad,exponent,alpha_0_beta_0.5,0,0.5,,1316785.24973,0.938549714701,0.112944428927
IND_FUA_08419,Farrukhabad,exponent,alpha_0_beta_1,0,1,,1274248.71191,0.908231441132,0.115257240597
IND_FUA_08419,Farrukhabad,exponent,alpha_0_beta_2,0,2,,1229498.58175,0.876335411082,0.117530758988
IND_FUA_08419,Farrukhabad,exponent,alpha_0.5_beta_0,0.5,0,,806685.890936,0.574972124687,0.0817593456214
IND_FUA_08419,Farrukhabad,exponent,alpha_0.5_beta_0.5,0.5,0.5,,749184.82705,0.533987759836,0.0857865284048
IND_FUA_08419,Farrukhabad,exponent,alpha_0.5_beta_1,0.5,1,,722157.139777,0.514723549378,0.0875546315085
IND_FUA_08419,Farrukhabad,exponent,alpha_0.5_beta_2,0.5,2,,695006.141625,0.495371448058,0.0892077833876
IND_FUA_08419,Farrukhabad,exponent,alpha_1_beta_0,1,0,,557949.052669,0.397682860064,0.0680758448118
IND_FUA_08419,Farrukhabad,exponent,alpha_1_beta_0.5,1,0.5,,514818.111924,0.366940920829,0.0714865626316
IND_FUA_08419,Farrukhabad,exponent,alpha_1_beta_1,1,1,,495144.492851,0.35291838407,0.0729111532494
IND_FUA_08419,Farrukhabad,exponent,alpha_1_beta_2,1,2,,475930.064554,0.339223139383,0.0741891223723
IND_FUA_08419,Farrukhabad,exponent,alpha_2_beta_0,2,0,,328215.75891,0.233938530941,0.0520558116155
IND_FUA_08419,Farrukhabad,exponent,alpha_2_beta_0.5,2,0.5,,300392.628653,0.214107361834,0.054659940415
IND_FUA_08419,Farrukhabad,exponent,alpha_2_beta_1,2,1,,288177.005239,0.205400573941,0.0556835261641
IND_FUA_08419,Farrukhabad,exponent,alpha_2_beta_2,2,2,,276686.938805,0.197210932861,0.0565628450163
IND_FUA_08419,Farrukhabad,binary_endpoint,endpoint_threshold_0.25,,1,0.25,790271.207192,0.563272421377,0.0787365578381
IND_FUA_08419,Farrukhabad,binary_endpoint,endpoint_threshold_0.5,,1,0.5,433375.508829,0.308892023399,0.0574855707857
IND_FUA_08419,Farrukhabad,binary_endpoint,endpoint_threshold_0.75,,1,0.75,180236.463846,0.12846504907,0.0329686306826
IND_FUA_08433,Shahjahanpur,exponent,alpha_0_beta_0,0,0,,2302832,1,0.191348261536
IND_FUA_08433,Shahjahanpur,exponent,alpha_0_beta_0.5,0,0.5,,2127284.76594,0.923768979214,0.184540593337
IND_FUA_08433,Shahjahanpur,exponent,alpha_0_beta_1,0,1,,2049324.24859,0.88991478692,0.178516361127
IND_FUA_08433,Shahjahanpur,exponent,alpha_0_beta_2,0,2,,1964278.61229,0.852983896477,0.170776648001
IND_FUA_08433,Shahjahanpur,exponent,alpha_0.5_beta_0,0.5,0,,1428996.76519,0.620538869181,0.186407525053
IND_FUA_08433,Shahjahanpur,exponent,alpha_0.5_beta_0.5,0.5,0.5,,1316022.35537,0.571479967002,0.178127167012
IND_FUA_08433,Shahjahanpur,exponent,alpha_0.5_beta_1,0.5,1,,1266415.63151,0.549938350477,0.171185128466
IND_FUA_08433,Shahjahanpur,exponent,alpha_0.5_beta_2,0.5,2,,1213327.54805,0.5268849608,0.16264285769
IND_FUA_08433,Shahjahanpur,exponent,alpha_1_beta_0,1,0,,1020548.15589,0.443170911249,0.180608488484
IND_FUA_08433,Shahjahanpur,exponent,alpha_1_beta_0.5,1,0.5,,937732.537132,0.407208401278,0.171975158206
IND_FUA_08433,Shahjahanpur,exponent,alpha_1_beta_1,1,1,,901742.870627,0.391579963552,0.164818147378
IND_FUA_08433,Shahjahanpur,exponent,alpha_1_beta_2,1,2,,863569.518018,0.375003264684,0.156277277073
IND_FUA_08433,Shahjahanpur,exponent,alpha_2_beta_0,2,0,,605961.951131,0.26313771527,0.171255336488
IND_FUA_08433,Shahjahanpur,exponent,alpha_2_beta_0.5,2,0.5,,553704.4097,0.240444986738,0.162456495901
IND_FUA_08433,Shahjahanpur,exponent,alpha_2_beta_1,2,1,,531499.923054,0.230802734656,0.155264333928
IND_FUA_08433,Shahjahanpur,exponent,alpha_2_beta_2,2,2,,508219.687744,0.220693340958,0.147091283646
IND_FUA_08433,Shahjahanpur,binary_endpoint,endpoint_threshold_0.25,,1,0.25,1477388.29845,0.641552791713,0.162692792201
IND_FUA_08433,Shahjahanpur,binary_endpoint,endpoint_threshold_0.5,,1,0.5,929531.824916,0.403647259078,0.161680500203
IND_FUA_08433,Shahjahanpur,binary_endpoint,endpoint_threshold_0.75,,1,0.75,234303.829333,0.101745949914,0.12198795485
IND_FUA_08497,Kannur,exponent,alpha_0_beta_0,0,0,,1419387,1,0.105496251483
IND_FUA_08497,Kannur,exponent,alpha_0_beta_0.5,0,0.5,,1307194.53769,0.920957101683,0.107883493001
IND_FUA_08497,Kannur,exponent,alpha_0_beta_1,0,1,,1239368.13962,0.873171404007,0.109664691218
IND_FUA_08497,Kannur,exponent,alpha_0_beta_2,0,2,,1154824.60833,0.813607992982,0.11247585502
IND_FUA_08497,Kannur,exponent,alpha_0.5_beta_0,0.5,0,,407111.259363,0.286821888155,0.0929636161649
IND_FUA_08497,Kannur,exponent,alpha_0.5_beta_0.5,0.5,0.5,,363500.593699,0.256096888093,0.0936156632348
IND_FUA_08497,Kannur,exponent,alpha_0.5_beta_1,0.5,1,,340109.361963,0.239617075514,0.0940538734911
IND_FUA_08497,Kannur,exponent,alpha_0.5_beta_2,0.5,2,,313680.152605,0.22099691811,0.0949373237516
IND_FUA_08497,Kannur,exponent,alpha_1_beta_0,1,0,,177975.943705,0.125389300948,0.0981281551293
IND_FUA_08497,Kannur,exponent,alpha_1_beta_0.5,1,0.5,,156244.785742,0.110079059299,0.0975014879308
IND_FUA_08497,Kannur,exponent,alpha_1_beta_1,1,1,,145509.391847,0.102515657708,0.0967835330679
IND_FUA_08497,Kannur,exponent,alpha_1_beta_2,1,2,,134205.020239,0.0945513945377,0.0959724352957
IND_FUA_08497,Kannur,exponent,alpha_2_beta_0,2,0,,51530.312418,0.0363046247556,0.10518440312
IND_FUA_08497,Kannur,exponent,alpha_2_beta_0.5,2,0.5,,43784.6739352,0.0308475940213,0.103706505961
IND_FUA_08497,Kannur,exponent,alpha_2_beta_1,2,1,,40325.361695,0.0284104065311,0.101909732511
IND_FUA_08497,Kannur,exponent,alpha_2_beta_2,2,2,,37021.1255199,0.026082474702,0.0993921215775
IND_FUA_08497,Kannur,binary_endpoint,endpoint_threshold_0.25,,1,0.25,203566.315569,0.1434184726,0.120904281803
IND_FUA_08497,Kannur,binary_endpoint,endpoint_threshold_0.5,,1,0.5,30222.9734842,0.0212929761117,0.0714198182749
IND_FUA_08497,Kannur,binary_endpoint,endpoint_threshold_0.75,,1,0.75,4467.29050434,0.00314733790315,0
IND_FUA_08587,Hardoi,exponent,alpha_0_beta_0,0,0,,866785,1,0
IND_FUA_08587,Hardoi,exponent,alpha_0_beta_0.5,0,0.5,,774145.073278,0.893122369767,0
IND_FUA_08587,Hardoi,exponent,alpha_0_beta_1,0,1,,728042.908703,0.839934826633,0
IND_FUA_08587,Hardoi,exponent,alpha_0_beta_2,0,2,,676446.508814,0.780408646682,0
IND_FUA_08587,Hardoi,exponent,alpha_0.5_beta_0,0.5,0,,473579.787128,0.546363616269,0
IND_FUA_08587,Hardoi,exponent,alpha_0.5_beta_0.5,0.5,0.5,,407453.601514,0.470074587717,0
IND_FUA_08587,Hardoi,exponent,alpha_0.5_beta_1,0.5,1,,376042.591209,0.433836062241,0
IND_FUA_08587,Hardoi,exponent,alpha_0.5_beta_2,0.5,2,,342108.104818,0.394686231093,0
IND_FUA_08587,Hardoi,exponent,alpha_1_beta_0,1,0,,314518.021073,0.362855865149,0
IND_FUA_08587,Hardoi,exponent,alpha_1_beta_0.5,1,0.5,,264624.328585,0.305294079368,0
IND_FUA_08587,Hardoi,exponent,alpha_1_beta_1,1,1,,241690.920428,0.278836067107,0
IND_FUA_08587,Hardoi,exponent,alpha_1_beta_2,1,2,,217531.668879,0.250963813263,0
IND_FUA_08587,Hardoi,exponent,alpha_2_beta_0,2,0,,172082.869253,0.198530049843,0
IND_FUA_08587,Hardoi,exponent,alpha_2_beta_0.5,2,0.5,,140934.481799,0.162594509363,0
IND_FUA_08587,Hardoi,exponent,alpha_2_beta_1,2,1,,127300.379203,0.146865000206,0
IND_FUA_08587,Hardoi,exponent,alpha_2_beta_2,2,2,,113519.88557,0.130966601372,0
IND_FUA_08587,Hardoi,binary_endpoint,endpoint_threshold_0.25,,1,0.25,417954.043291,0.482188828015,0
IND_FUA_08587,Hardoi,binary_endpoint,endpoint_threshold_0.5,,1,0.5,187508.373719,0.216326278972,0
IND_FUA_08587,Hardoi,binary_endpoint,endpoint_threshold_0.75,,1,0.75,57102.6992053,0.0658787348712,0
IND_FUA_08595,Thalassery,exponent,alpha_0_beta_0,0,0,,1231563,1,0.0132864598182
IND_FUA_08595,Thalassery,exponent,alpha_0_beta_0.5,0,0.5,,1146315.57912,0.930781112393,0.0141352241132
IND_FUA_08595,Thalassery,exponent,alpha_0_beta_1,0,1,,1091622.48725,0.886371616598,0.0147109883049
IND_FUA_08595,Thalassery,exponent,alpha_0_beta_2,0,2,,1022486.30795,0.83023467573,0.0154552715025
IND_FUA_08595,Thalassery,exponent,alpha_0.5_beta_0,0.5,0,,211060.613079,0.171376221175,0.00597657155883
IND_FUA_08595,Thalassery,exponent,alpha_0.5_beta_0.5,0.5,0.5,,182018.249227,0.147794509276,0.00687786206625
IND_FUA_08595,Thalassery,exponent,alpha_0.5_beta_1,0.5,1,,165669.876605,0.134520017738,0.00751955910861
IND_FUA_08595,Thalassery,exponent,alpha_0.5_beta_2,0.5,2,,147351.624479,0.119646030677,0.00840535298413
IND_FUA_08595,Thalassery,exponent,alpha_1_beta_0,1,0,,79267.5829963,0.0643634008136,0.00669105665265
IND_FUA_08595,Thalassery,exponent,alpha_1_beta_0.5,1,0.5,,65129.6817586,0.0528837597091,0.00808158228078
IND_FUA_08595,Thalassery,exponent,alpha_1_beta_1,1,1,,58021.4979407,0.0471120827279,0.00903356007029
IND_FUA_08595,Thalassery,exponent,alpha_1_beta_2,1,2,,50896.5855316,0.0413268225269,0.0102596314525
IND_FUA_08595,Thalassery,exponent,alpha_2_beta_0,2,0,,23605.5617032,0.0191671572654,0.00477215433458
IND_FUA_08595,Thalassery,exponent,alpha_2_beta_0.5,2,0.5,,18095.4926808,0.0146931116645,0.00613883255256
IND_FUA_08595,Thalassery,exponent,alpha_2_beta_1,2,1,,15751.5747834,0.0127899058216,0.00700210416056
IND_FUA_08595,Thalassery,exponent,alpha_2_beta_2,2,2,,13829.9805258,0.0112296167762,0.00793086514074
IND_FUA_08595,Thalassery,binary_endpoint,endpoint_threshold_0.25,,1,0.25,54307.1743254,0.0440961398852,4.97902002734e-05
IND_FUA_08595,Thalassery,binary_endpoint,endpoint_threshold_0.5,,1,0.5,16861.1958309,0.0136908918431,0.000150387920989
IND_FUA_08595,Thalassery,binary_endpoint,endpoint_threshold_0.75,,1,0.75,6860.681274,0.00557071077484,0
IND_FUA_08673,Kozhikode,exponent,alpha_0_beta_0,0,0,,1608959,1,0.20172212835
IND_FUA_08673,Kozhikode,exponent,alpha_0_beta_0.5,0,0.5,,1413441.69858,0.878482110845,0.206494151185
IND_FUA_08673,Kozhikode,exponent,alpha_0_beta_1,0,1,,1296110.51261,0.805558446554,0.209123739774
IND_FUA_08673,Kozhikode,exponent,alpha_0_beta_2,0,2,,1156805.75688,0.718977771891,0.212076966233
IND_FUA_08673,Kozhikode,exponent,alpha_0.5_beta_0,0.5,0,,450740.86435,0.280144406632,0.181541388847
IND_FUA_08673,Kozhikode,exponent,alpha_0.5_beta_0.5,0.5,0.5,,367606.517092,0.228474757338,0.185558318693
IND_FUA_08673,Kozhikode,exponent,alpha_0.5_beta_1,0.5,1,,322489.030266,0.200433342469,0.188447331806
IND_FUA_08673,Kozhikode,exponent,alpha_0.5_beta_2,0.5,2,,273736.045238,0.170132393205,0.192534472049
IND_FUA_08673,Kozhikode,exponent,alpha_1_beta_0,1,0,,205816.069315,0.127918778114,0.186907671503
IND_FUA_08673,Kozhikode,exponent,alpha_1_beta_0.5,1,0.5,,160491.286423,0.0997485246191,0.190732437249
IND_FUA_08673,Kozhikode,exponent,alpha_1_beta_1,1,1,,137681.471407,0.0855717711931,0.194431846093
IND_FUA_08673,Kozhikode,exponent,alpha_1_beta_2,1,2,,114840.129637,0.0713754232626,0.200653707061
IND_FUA_08673,Kozhikode,exponent,alpha_2_beta_0,2,0,,75947.1609716,0.047202670156,0.188094239467
IND_FUA_08673,Kozhikode,exponent,alpha_2_beta_0.5,2,0.5,,56554.0567997,0.0351494704338,0.188016985303
IND_FUA_08673,Kozhikode,exponent,alpha_2_beta_1,2,1,,47766.1188337,0.0296875923089,0.190300635544
IND_FUA_08673,Kozhikode,exponent,alpha_2_beta_2,2,2,,39953.7176832,0.0248320297057,0.195896126553
IND_FUA_08673,Kozhikode,binary_endpoint,endpoint_threshold_0.25,,1,0.25,147996.862655,0.0919829918943,0.246572766023
IND_FUA_08673,Kozhikode,binary_endpoint,endpoint_threshold_0.5,,1,0.5,59211.2756845,0.0368009847886,0.0856666166823
IND_FUA_08673,Kozhikode,binary_endpoint,endpoint_threshold_0.75,,1,0.75,13132.3195872,0.00816199765639,0.0109061837
IND_FUA_08674,Guruvayur,exponent,alpha_0_beta_0,0,0,,2933656,1,0.197696826834
IND_FUA_08674,Guruvayur,exponent,alpha_0_beta_0.5,0,0.5,,2755190.04782,0.939166026222,0.202137760499
IND_FUA_08674,Guruvayur,exponent,alpha_0_beta_1,0,1,,2645309.24269,0.901710780913,0.205163795168
IND_FUA_08674,Guruvayur,exponent,alpha_0_beta_2,0,2,,2505152.03239,0.853935169082,0.209792320052
IND_FUA_08674,Guruvayur,exponent,alpha_0.5_beta_0,0.5,0,,794179.158348,0.270713116449,0.193463132154
IND_FUA_08674,Guruvayur,exponent,alpha_0.5_beta_0.5,0.5,0.5,,714453.940842,0.243537054393,0.202449726151
IND_FUA_08674,Guruvayur,exponent,alpha_0.5_beta_1,0.5,1,,669213.850717,0.228115992712,0.208584219326
IND_FUA_08674,Guruvayur,exponent,alpha_0.5_beta_2,0.5,2,,615417.087459,0.209778204213,0.217921258714
IND_FUA_08674,Guruvayur,exponent,alpha_1_beta_0,1,0,,351000.354285,0.119646050623,0.221317893786
IND_FUA_08674,Guruvayur,exponent,alpha_1_beta_0.5,1,0.5,,306688.708357,0.104541469196,0.238057551805
IND_FUA_08674,Guruvayur,exponent,alpha_1_beta_1,1,1,,282847.121856,0.0964145495778,0.249377904026
IND_FUA_08674,Guruvayur,exponent,alpha_1_beta_2,1,2,,255849.405947,0.0872117950936,0.265920324747
IND_FUA_08674,Guruvayur,exponent,alpha_2_beta_0,2,0,,111774.491292,0.0381007491308,0.322545597818
IND_FUA_08674,Guruvayur,exponent,alpha_2_beta_0.5,2,0.5,,93686.0193176,0.0319349028371,0.36504143438
IND_FUA_08674,Guruvayur,exponent,alpha_2_beta_1,2,1,,84553.4029785,0.0288218533388,0.393763453106
IND_FUA_08674,Guruvayur,exponent,alpha_2_beta_2,2,2,,74911.7642867,0.0255352925792,0.433386258249
IND_FUA_08674,Guruvayur,binary_endpoint,endpoint_threshold_0.25,,1,0.25,338308.869774,0.115319884054,0.21879451337
IND_FUA_08674,Guruvayur,binary_endpoint,endpoint_threshold_0.5,,1,0.5,74770.0352909,0.0254869811903,0.5235749727
IND_FUA_08674,Guruvayur,binary_endpoint,endpoint_threshold_0.75,,1,0.75,16820.0978705,0.00573349358975,1.00925750933
IND_FUA_08675,Malappuram,exponent,alpha_0_beta_0,0,0,,1335935,1,0.415633804674
IND_FUA_08675,Malappuram,exponent,alpha_0_beta_0.5,0,0.5,,1310239.41473,0.980765841697,0.40675886774
IND_FUA_08675,Malappuram,exponent,alpha_0_beta_1,0,1,,1293399.39112,0.968160420322,0.400932458029
IND_FUA_08675,Malappuram,exponent,alpha_0_beta_2,0,2,,1271783.44024,0.951980029147,0.394172557411
IND_FUA_08675,Malappuram,exponent,alpha_0.5_beta_0,0.5,0,,297721.341434,0.222856157997,0.507240755657
IND_FUA_08675,Malappuram,exponent,alpha_0.5_beta_0.5,0.5,0.5,,283972.134502,0.212564334719,0.481624719207
IND_FUA_08675,Malappuram,exponent,alpha_0.5_beta_1,0.5,1,,275474.842939,0.206203777084,0.464821513478
IND_FUA_08675,Malappuram,exponent,alpha_0.5_beta_2,0.5,2,,265305.241607,0.198591429678,0.446301093442
IND_FUA_08675,Malappuram,exponent,alpha_1_beta_0,1,0,,118753.302446,0.0888915272421,0.575723208479
IND_FUA_08675,Malappuram,exponent,alpha_1_beta_0.5,1,0.5,,110163.98363,0.0824620835819,0.531367242549
IND_FUA_08675,Malappuram,exponent,alpha_1_beta_1,1,1,,105051.561662,0.0786352342458,0.501984084965
IND_FUA_08675,Malappuram,exponent,alpha_1_beta_2,1,2,,99226.3061596,0.0742748009144,0.470749314283
IND_FUA_08675,Malappuram,exponent,alpha_2_beta_0,2,0,,34713.9156472,0.0259847340232,0.633362486811
IND_FUA_08675,Malappuram,exponent,alpha_2_beta_0.5,2,0.5,,30544.9406981,0.0228640919641,0.543066360102
IND_FUA_08675,Malappuram,exponent,alpha_2_beta_1,2,1,,28165.8651699,0.021083260166,0.480480073771
IND_FUA_08675,Malappuram,exponent,alpha_2_beta_2,2,2,,25617.0742477,0.0191753897066,0.414133757339
IND_FUA_08675,Malappuram,binary_endpoint,endpoint_threshold_0.25,,1,0.25,103750.908999,0.0776616444654,0.593003989803
IND_FUA_08675,Malappuram,binary_endpoint,endpoint_threshold_0.5,,1,0.5,25501.7721542,0.0190890815453,0.348492372886
IND_FUA_08675,Malappuram,binary_endpoint,endpoint_threshold_0.75,,1,0.75,9537.6874522,0.0071393349618,0.0421446288526
IND_FUA_08686,Lakhimpur,exponent,alpha_0_beta_0,0,0,,577485,1,0.00575193472529
IND_FUA_08686,Lakhimpur,exponent,alpha_0_beta_0.5,0,0.5,,497009.461708,0.860644798927,0.00667682777255
IND_FUA_08686,Lakhimpur,exponent,alpha_0_beta_1,0,1,,457318.714461,0.791914447061,0.00725163664724
IND_FUA_08686,Lakhimpur,exponent,alpha_0_beta_2,0,2,,415617.00659,0.719701821848,0.00797185999175
IND_FUA_08686,Lakhimpur,exponent,alpha_0.5_beta_0,0.5,0,,273245.55285,0.473164762461,0.00530797305976
IND_FUA_08686,Lakhimpur,exponent,alpha_0.5_beta_0.5,0.5,0.5,,220115.185956,0.381161737458,0.00657931834579
IND_FUA_08686,Lakhimpur,exponent,alpha_0.5_beta_1,0.5,1,,195365.094355,0.338303322778,0.00740590084999
IND_FUA_08686,Lakhimpur,exponent,alpha_0.5_beta_2,0.5,2,,170453.812794,0.295165784035,0.00847700768939
IND_FUA_08686,Lakhimpur,exponent,alpha_1_beta_0,1,0,,168713.951573,0.292152959078,0.00447585279499
IND_FUA_08686,Lakhimpur,exponent,alpha_1_beta_0.5,1,0.5,,130441.087355,0.225877879693,0.00577752079257
IND_FUA_08686,Lakhimpur,exponent,alpha_1_beta_1,1,1,,113310.353554,0.196213500876,0.00664331712887
IND_FUA_08686,Lakhimpur,exponent,alpha_1_beta_2,1,2,,96509.1486155,0.167119749631,0.00778733102308
IND_FUA_08686,Lakhimpur,exponent,alpha_2_beta_0,2,0,,82577.6428078,0.142995303441,0.00254264739853
IND_FUA_08686,Lakhimpur,exponent,alpha_2_beta_0.5,2,0.5,,59998.4873196,0.103896183138,0.00348616300645
IND_FUA_08686,Lakhimpur,exponent,alpha_2_beta_1,2,1,,50454.7724882,0.0873698407546,0.00413809930227
IND_FUA_08686,Lakhimpur,exponent,alpha_2_beta_2,2,2,,41392.7408917,0.0716776035597,0.00503208128643
IND_FUA_08686,Lakhimpur,binary_endpoint,endpoint_threshold_0.25,,1,0.25,188002.957611,0.325554702911,0.0129865303073
IND_FUA_08686,Lakhimpur,binary_endpoint,endpoint_threshold_0.5,,1,0.5,74206.8441445,0.128500037481,2.02190866452e-05
IND_FUA_08686,Lakhimpur,binary_endpoint,endpoint_threshold_0.75,,1,0.75,8487.24894416,0.0146969167063,1.93583620044e-06
IND_FUA_08722,Kanpur,exponent,alpha_0_beta_0,0,0,,10361223,1,0.198207157542
IND_FUA_08722,Kanpur,exponent,alpha_0_beta_0.5,0,0.5,,9721542.66656,0.938262082242,0.198317352121
IND_FUA_08722,Kanpur,exponent,alpha_0_beta_1,0,1,,9427794.49691,0.909911358621,0.198445510912
IND_FUA_08722,Kanpur,exponent,alpha_0_beta_2,0,2,,9131424.81821,0.881307623454,0.19774368357
IND_FUA_08722,Kanpur,exponent,alpha_0.5_beta_0,0.5,0,,5613667.32465,0.54179582127,0.180660588736
IND_FUA_08722,Kanpur,exponent,alpha_0.5_beta_0.5,0.5,0.5,,5210719.27754,0.502905813102,0.179792401632
IND_FUA_08722,Kanpur,exponent,alpha_0.5_beta_1,0.5,1,,5034041.69808,0.485854005659,0.179429169745
IND_FUA_08722,Kanpur,exponent,alpha_0.5_beta_2,0.5,2,,4862871.20098,0.469333707129,0.178002408628
IND_FUA_08722,Kanpur,exponent,alpha_1_beta_0,1,0,,3661683.02497,0.353402588186,0.17333341845
IND_FUA_08722,Kanpur,exponent,alpha_1_beta_0.5,1,0.5,,3378937.93363,0.326113812397,0.172066719565
IND_FUA_08722,Kanpur,exponent,alpha_1_beta_1,1,1,,3258799.2696,0.31451878505,0.171551486972
IND_FUA_08722,Kanpur,exponent,alpha_1_beta_2,1,2,,3145427.67924,0.303576873043,0.169877960506
IND_FUA_08722,Kanpur,exponent,alpha_2_beta_0,2,0,,1911284.95723,0.184465188832,0.162232259571
IND_FUA_08722,Kanpur,exponent,alpha_2_beta_0.5,2,0.5,,1749712.16134,0.168871199987,0.160364430401
IND_FUA_08722,Kanpur,exponent,alpha_2_beta_1,2,1,,1684046.15042,0.162533530107,0.15959938129
IND_FUA_08722,Kanpur,exponent,alpha_2_beta_2,2,2,,1624384.98823,0.156775410416,0.157537603329
IND_FUA_08722,Kanpur,binary_endpoint,endpoint_threshold_0.25,,1,0.25,5624646.18927,0.542855432151,0.178306118048
IND_FUA_08722,Kanpur,binary_endpoint,endpoint_threshold_0.5,,1,0.5,2659356.89721,0.256664381918,0.157746527974
IND_FUA_08722,Kanpur,binary_endpoint,endpoint_threshold_0.75,,1,0.75,549340.095366,0.0530188468452,0.115545037392
IND_FUA_08848,Lucknow,exponent,alpha_0_beta_0,0,0,,19979099,1,0.394595975685
IND_FUA_08848,Lucknow,exponent,alpha_0_beta_0.5,0,0.5,,18508619.4502,0.926399105898,0.396638937018
IND_FUA_08848,Lucknow,exponent,alpha_0_beta_1,0,1,,17845027.6479,0.893184805176,0.400417640739
IND_FUA_08848,Lucknow,exponent,alpha_0_beta_2,0,2,,17118071.9375,0.856798994665,0.405790267031
IND_FUA_08848,Lucknow,exponent,alpha_0.5_beta_0,0.5,0,,10719256.7755,0.536523532694,0.400434290995
IND_FUA_08848,Lucknow,exponent,alpha_0.5_beta_0.5,0.5,0.5,,9772884.43665,0.489155413698,0.404870307135
IND_FUA_08848,Lucknow,exponent,alpha_0.5_beta_1,0.5,1,,9350248.08289,0.468001489101,0.410474915044
IND_FUA_08848,Lucknow,exponent,alpha_0.5_beta_2,0.5,2,,8895663.43752,0.445248478799,0.418198385594
IND_FUA_08848,Lucknow,exponent,alpha_1_beta_0,1,0,,7020333.58566,0.35138389302,0.408864502296
IND_FUA_08848,Lucknow,exponent,alpha_1_beta_0.5,1,0.5,,6347601.83067,0.317712116581,0.415261949501
IND_FUA_08848,Lucknow,exponent,alpha_1_beta_1,1,1,,6049124.87951,0.30277265654,0.42224994098
IND_FUA_08848,Lucknow,exponent,alpha_1_beta_2,1,2,,5731555.43408,0.286877573112,0.431635935762
IND_FUA_08848,Lucknow,exponent,alpha_2_beta_0,2,0,,3672128.35257,0.183798496247,0.427444507396
IND_FUA_08848,Lucknow,exponent,alpha_2_beta_0.5,2,0.5,,3283780.65286,0.164360797895,0.437656531845
IND_FUA_08848,Lucknow,exponent,alpha_2_beta_1,2,1,,3113109.28196,0.155818302014,0.446890373611
IND_FUA_08848,Lucknow,exponent,alpha_2_beta_2,2,2,,2934206.11318,0.146863785658,0.458906639179
IND_FUA_08848,Lucknow,binary_endpoint,endpoint_threshold_0.25,,1,0.25,10553667.0306,0.528235383919,0.41556809116
IND_FUA_08848,Lucknow,binary_endpoint,endpoint_threshold_0.5,,1,0.5,4933111.86458,0.246913630319,0.430779322908
IND_FUA_08848,Lucknow,binary_endpoint,endpoint_threshold_0.75,,1,0.75,1045096.75684,0.0523095038888,0.557804810442
IND_FUA_08896,Mysuru,exponent,alpha_0_beta_0,0,0,,1690295,1,0.00211874735623
IND_FUA_08896,Mysuru,exponent,alpha_0_beta_0.5,0,0.5,,1537264.01529,0.909464924934,0.00232962490663
IND_FUA_08896,Mysuru,exponent,alpha_0_beta_1,0,1,,1474803.13287,0.872512273226,0.00242825061956
IND_FUA_08896,Mysuru,exponent,alpha_0_beta_2,0,2,,1409660.50383,0.833973066137,0.00254038837574
IND_FUA_08896,Mysuru,exponent,alpha_0.5_beta_0,0.5,0,,629783.181999,0.37258773291,0.000560156903504
IND_FUA_08896,Mysuru,exponent,alpha_0.5_beta_0.5,0.5,0.5,,545393.012378,0.322661436245,0.000646811307738
IND_FUA_08896,Mysuru,exponent,alpha_0.5_beta_1,0.5,1,,513320.545969,0.303686957584,0.000687203783178
IND_FUA_08896,Mysuru,exponent,alpha_0.5_beta_2,0.5,2,,481841.612955,0.285063620821,0.000732058179708
IND_FUA_08896,Mysuru,exponent,alpha_1_beta_0,1,0,,324600.94265,0.192038042265,0.000412376943639
IND_FUA_08896,Mysuru,exponent,alpha_1_beta_0.5,1,0.5,,273265.338222,0.161667246381,0.0004898385642
IND_FUA_08896,Mysuru,exponent,alpha_1_beta_1,1,1,,254661.446106,0.150660947412,0.00052561527777
IND_FUA_08896,Mysuru,exponent,alpha_1_beta_2,1,2,,237134.340394,0.140291688962,0.000564449211327
IND_FUA_08896,Mysuru,exponent,alpha_2_beta_0,2,0,,118662.978432,0.0702025258505,0.000171950790268
IND_FUA_08896,Mysuru,exponent,alpha_2_beta_0.5,2,0.5,,96568.5666639,0.0571311911021,0.000211291556384
IND_FUA_08896,Mysuru,exponent,alpha_2_beta_1,2,1,,88918.6044269,0.0526053762373,0.000229468914684
IND_FUA_08896,Mysuru,exponent,alpha_2_beta_2,2,2,,82059.869512,0.04854766151,0.000248646875417
IND_FUA_08896,Mysuru,binary_endpoint,endpoint_threshold_0.25,,1,0.25,378751.206972,0.224074026707,0
IND_FUA_08896,Mysuru,binary_endpoint,endpoint_threshold_0.5,,1,0.5,88938.1728367,0.0526169531571,0
IND_FUA_08896,Mysuru,binary_endpoint,endpoint_threshold_0.75,,1,0.75,8556.77409774,0.00506229628422,0
IND_FUA_08900,Kochi,exponent,alpha_0_beta_0,0,0,,7243384,1,0.270274356789
IND_FUA_08900,Kochi,exponent,alpha_0_beta_0.5,0,0.5,,6322118.36383,0.872812812883,0.287017987873
IND_FUA_08900,Kochi,exponent,alpha_0_beta_1,0,1,,5803048.98697,0.80115164224,0.298161559452
IND_FUA_08900,Kochi,exponent,alpha_0_beta_2,0,2,,5207694.80894,0.718958819377,0.312388138691
IND_FUA_08900,Kochi,exponent,alpha_0.5_beta_0,0.5,0,,2654273.46463,0.366441081217,0.266231721095
IND_FUA_08900,Kochi,exponent,alpha_0.5_beta_0.5,0.5,0.5,,2197922.04462,0.303438564713,0.288547573403
IND_FUA_08900,Kochi,exponent,alpha_0.5_beta_1,0.5,1,,1956047.30813,0.270046059705,0.303730898139
IND_FUA_08900,Kochi,exponent,alpha_0.5_beta_2,0.5,2,,1696690.72639,0.234240063262,0.322931230116
IND_FUA_08900,Kochi,exponent,alpha_1_beta_0,1,0,,1407983.05066,0.194381942289,0.279361913182
IND_FUA_08900,Kochi,exponent,alpha_1_beta_0.5,1,0.5,,1132544.5239,0.156355720461,0.307856295317
IND_FUA_08900,Kochi,exponent,alpha_1_beta_1,1,1,,991106.644595,0.13682922852,0.327649392602
IND_FUA_08900,Kochi,exponent,alpha_1_beta_2,1,2,,845140.591158,0.116677590358,0.352923452019
IND_FUA_08900,Kochi,exponent,alpha_2_beta_0,2,0,,638974.294546,0.088214886101,0.27966517519
IND_FUA_08900,Kochi,exponent,alpha_2_beta_0.5,2,0.5,,503759.773577,0.0695475724574,0.310952378967
IND_FUA_08900,Kochi,exponent,alpha_2_beta_1,2,1,,435894.400514,0.0601782813826,0.333404366982
IND_FUA_08900,Kochi,exponent,alpha_2_beta_2,2,2,,368050.179085,0.0508119104392,0.362832660117
IND_FUA_08900,Kochi,binary_endpoint,endpoint_threshold_0.25,,1,0.25,1269415.64041,0.175251738746,0.386633638092
IND_FUA_08900,Kochi,binary_endpoint,endpoint_threshold_0.5,,1,0.5,529682.756969,0.0731264222591,0.43272958671
IND_FUA_08900,Kochi,binary_endpoint,endpoint_threshold_0.75,,1,0.75,235978.362357,0.0325784691736,0.0981034609217
IND_FUA_08952,Nagpur,exponent,alpha_0_beta_0,0,0,,4179117,1,0.0077244680026
IND_FUA_08952,Nagpur,exponent,alpha_0_beta_0.5,0,0.5,,3828896.65337,0.916197525307,0.00785901502147
IND_FUA_08952,Nagpur,exponent,alpha_0_beta_1,0,1,,3674956.19036,0.879361882034,0.00790540254689
IND_FUA_08952,Nagpur,exponent,alpha_0_beta_2,0,2,,3516469.30381,0.841438347817,0.00796630439471
IND_FUA_08952,Nagpur,exponent,alpha_0.5_beta_0,0.5,0,,2250207.53008,0.538440902726,0.00323671228431
IND_FUA_08952,Nagpur,exponent,alpha_0.5_beta_0.5,0.5,0.5,,2047933.46669,0.490039754018,0.00312540260255
IND_FUA_08952,Nagpur,exponent,alpha_0.5_beta_1,0.5,1,,1962517.76649,0.469601058426,0.00306881747496
IND_FUA_08952,Nagpur,exponent,alpha_0.5_beta_2,0.5,2,,1878700.26966,0.449544788926,0.00303075043772
IND_FUA_08952,Nagpur,exponent,alpha_1_beta_0,1,0,,1494934.35402,0.357715362842,0.00188368771564
IND_FUA_08952,Nagpur,exponent,alpha_1_beta_0.5,1,0.5,,1362301.57203,0.325978327965,0.00175490918728
IND_FUA_08952,Nagpur,exponent,alpha_1_beta_1,1,1,,1307875.00361,0.312954866689,0.00169183640847
IND_FUA_08952,Nagpur,exponent,alpha_1_beta_2,1,2,,1256085.34714,0.300562378879,0.00164650062883
IND_FUA_08952,Nagpur,exponent,alpha_2_beta_0,2,0,,829906.384461,0.198584146953,0.000723791050148
IND_FUA_08952,Nagpur,exponent,alpha_2_beta_0.5,2,0.5,,762549.515663,0.182466658785,0.000638093189319
IND_FUA_08952,Nagpur,exponent,alpha_2_beta_1,2,1,,735914.910632,0.176093397393,0.000597528587577
IND_FUA_08952,Nagpur,exponent,alpha_2_beta_2,2,2,,711552.054414,0.170263731409,0.000570517437076
IND_FUA_08952,Nagpur,binary_endpoint,endpoint_threshold_0.25,,1,0.25,2127232.80519,0.509014896014,0.00107246887877
IND_FUA_08952,Nagpur,binary_endpoint,endpoint_threshold_0.5,,1,0.5,1157345.72495,0.276935468654,0.000237198479148
IND_FUA_08952,Nagpur,binary_endpoint,endpoint_threshold_0.75,,1,0.75,358273.722448,0.0857295267033,0
IND_FUA_08997,Kollam,exponent,alpha_0_beta_0,0,0,,1788716,1,0.187054371828
IND_FUA_08997,Kollam,exponent,alpha_0_beta_0.5,0,0.5,,1603330.97877,0.89635860515,0.203410343436
IND_FUA_08997,Kollam,exponent,alpha_0_beta_1,0,1,,1481843.68981,0.828439891971,0.216646393356
IND_FUA_08997,Kollam,exponent,alpha_0_beta_2,0,2,,1321919.6093,0.739032696808,0.237353009224
IND_FUA_08997,Kollam,exponent,alpha_0.5_beta_0,0.5,0,,504899.090312,0.282269007663,0.13619920768
IND_FUA_08997,Kollam,exponent,alpha_0.5_beta_0.5,0.5,0.5,,443498.840723,0.247942569264,0.148441637424
IND_FUA_08997,Kollam,exponent,alpha_0.5_beta_1,0.5,1,,406627.486913,0.227329261276,0.158328424949
IND_FUA_08997,Kollam,exponent,alpha_0.5_beta_2,0.5,2,,361516.143024,0.20210930244,0.17272408767
IND_FUA_08997,Kollam,exponent,alpha_1_beta_0,1,0,,212756.75686,0.118943843997,0.115871025788
IND_FUA_08997,Kollam,exponent,alpha_1_beta_0.5,1,0.5,,185386.746321,0.103642359279,0.125444332928
IND_FUA_08997,Kollam,exponent,alpha_1_beta_1,1,1,,169871.663928,0.0949684935607,0.133227635726
IND_FUA_08997,Kollam,exponent,alpha_1_beta_2,1,2,,151913.402275,0.0849287434532,0.14386081569
IND_FUA_08997,Kollam,exponent,alpha_2_beta_0,2,0,,62010.8366904,0.0346677933727,0.0995991253363
IND_FUA_08997,Kollam,exponent,alpha_2_beta_0.5,2,0.5,,53615.9858731,0.0299745660424,0.106972149294
IND_FUA_08997,Kollam,exponent,alpha_2_beta_1,2,1,,49193.1161148,0.0275019154046,0.11261127693
IND_FUA_08997,Kollam,exponent,alpha_2_beta_2,2,2,,44488.0415432,0.0248714952755,0.119564709506
IND_FUA_08997,Kollam,binary_endpoint,endpoint_threshold_0.25,,1,0.25,199360.594481,0.111454582215,0.10369932365
IND_FUA_08997,Kollam,binary_endpoint,endpoint_threshold_0.5,,1,0.5,42788.5832647,0.0239213957189,0.0765790375734
IND_FUA_08997,Kollam,binary_endpoint,endpoint_threshold_0.75,,1,0.75,4906.03520949,0.00274276923195,0.042221521618
IND_FUA_09007,Jabalpur,exponent,alpha_0_beta_0,0,0,,1648394,1,0.0248239359455
IND_FUA_09007,Jabalpur,exponent,alpha_0_beta_0.5,0,0.5,,1448808.55954,0.878921277035,0.0240445015099
IND_FUA_09007,Jabalpur,exponent,alpha_0_beta_1,0,1,,1363938.12038,0.827434533478,0.024270116148
IND_FUA_09007,Jabalpur,exponent,alpha_0_beta_2,0,2,,1277024.81049,0.774708480189,0.0244768567397
IND_FUA_09007,Jabalpur,exponent,alpha_0.5_beta_0,0.5,0,,762130.665265,0.462347391015,0.0197681288409
IND_FUA_09007,Jabalpur,exponent,alpha_0.5_beta_0.5,0.5,0.5,,648383.629878,0.393342629176,0.0179508956848
IND_FUA_09007,Jabalpur,exponent,alpha_0.5_beta_1,0.5,1,,602522.813931,0.365521115662,0.0181311670194
IND_FUA_09007,Jabalpur,exponent,alpha_0.5_beta_2,0.5,2,,558087.07877,0.338564128946,0.0184958795563
IND_FUA_09007,Jabalpur,exponent,alpha_1_beta_0,1,0,,478529.324112,0.290300331178,0.0183180965251
IND_FUA_09007,Jabalpur,exponent,alpha_1_beta_0.5,1,0.5,,401838.152337,0.243775549011,0.0161277349293
IND_FUA_09007,Jabalpur,exponent,alpha_1_beta_1,1,1,,371556.826697,0.225405350115,0.0163736936983
IND_FUA_09007,Jabalpur,exponent,alpha_1_beta_2,1,2,,343062.884719,0.208119469447,0.0169332088049
IND_FUA_09007,Jabalpur,exponent,alpha_2_beta_0,2,0,,244768.170108,0.148488874692,0.0161321822922
IND_FUA_09007,Jabalpur,exponent,alpha_2_beta_0.5,2,0.5,,201867.105546,0.122462897551,0.0135668807538
IND_FUA_09007,Jabalpur,exponent,alpha_2_beta_1,2,1,,185273.571039,0.112396411925,0.0139141353516
IND_FUA_09007,Jabalpur,exponent,alpha_2_beta_2,2,2,,170169.622233,0.103233585073,0.0147075527146
IND_FUA_09007,Jabalpur,binary_endpoint,endpoint_threshold_0.25,,1,0.25,632587.651595,0.383759981895,0.017044397009
IND_FUA_09007,Jabalpur,binary_endpoint,endpoint_threshold_0.5,,1,0.5,268182.14113,0.162692985494,0.0129885248996
IND_FUA_09007,Jabalpur,binary_endpoint,endpoint_threshold_0.75,,1,0.75,62973.3812103,0.0382028697085,0
IND_FUA_09013,Ettumanoor,exponent,alpha_0_beta_0,0,0,,2526835,1,0.27688665969
IND_FUA_09013,Ettumanoor,exponent,alpha_0_beta_0.5,0,0.5,,2440012.12711,0.965639674578,0.281394406707
IND_FUA_09013,Ettumanoor,exponent,alpha_0_beta_1,0,1,,2378968.47624,0.941481527777,0.284307337574
IND_FUA_09013,Ettumanoor,exponent,alpha_0_beta_2,0,2,,2294375.686,0.90800376202,0.288009015529
IND_FUA_09013,Ettumanoor,exponent,alpha_0.5_beta_0,0.5,0,,452538.774323,0.179093124135,0.241426251734
IND_FUA_09013,Ettumanoor,exponent,alpha_0.5_beta_0.5,0.5,0.5,,423297.981694,0.167521022027,0.250211202763
IND_FUA_09013,Ettumanoor,exponent,alpha_0.5_beta_1,0.5,1,,404415.984662,0.160048433975,0.255769334524
IND_FUA_09013,Ettumanoor,exponent,alpha_0.5_beta_2,0.5,2,,380144.023394,0.150442756806,0.2625379909
IND_FUA_09013,Ettumanoor,exponent,alpha_1_beta_0,1,0,,163114.832316,0.0645530208009,0.208498189161
IND_FUA_09013,Ettumanoor,exponent,alpha_1_beta_0.5,1,0.5,,149908.238984,0.0593264851027,0.21969423592
IND_FUA_09013,Ettumanoor,exponent,alpha_1_beta_1,1,1,,142069.663397,0.056224353152,0.226716091752
IND_FUA_09013,Ettumanoor,exponent,alpha_1_beta_2,1,2,,132749.771555,0.0525359873338,0.234929405461
IND_FUA_09013,Ettumanoor,exponent,alpha_2_beta_0,2,0,,42189.517848,0.0166965859852,0.134821726069
IND_FUA_09013,Ettumanoor,exponent,alpha_2_beta_0.5,2,0.5,,37657.5583185,0.0149030539463,0.145443337347
IND_FUA_09013,Ettumanoor,exponent,alpha_2_beta_1,2,1,,35390.8094241,0.0140059835423,0.15212080203
IND_FUA_09013,Ettumanoor,exponent,alpha_2_beta_2,2,2,,33142.3937892,0.0131161685623,0.159197130988
IND_FUA_09013,Ettumanoor,binary_endpoint,endpoint_threshold_0.25,,1,0.25,126667.893939,0.0501290721155,0.237415047257
IND_FUA_09013,Ettumanoor,binary_endpoint,endpoint_threshold_0.5,,1,0.5,36670.6178527,0.0145124702851,0.00140097562362
IND_FUA_09013,Ettumanoor,binary_endpoint,endpoint_threshold_0.75,,1,0.75,4464.0618397,0.00176666139249,0
IND_FUA_09045,Hyderabad,exponent,alpha_0_beta_0,0,0,,18623822,1,0.00988807344949
IND_FUA_09045,Hyderabad,exponent,alpha_0_beta_0.5,0,0.5,,16708744.6137,0.897170549294,0.00933617010666
IND_FUA_09045,Hyderabad,exponent,alpha_0_beta_1,0,1,,15909360.5989,0.854247887404,0.00889198304395
IND_FUA_09045,Hyderabad,exponent,alpha_0_beta_2,0,2,,15087887.2192,0.810139144327,0.00836168153405
IND_FUA_09045,Hyderabad,exponent,alpha_0.5_beta_0,0.5,0,,9385663.53764,0.503960118264,0.00826069148573
IND_FUA_09045,Hyderabad,exponent,alpha_0.5_beta_0.5,0.5,0.5,,8170514.9862,0.438713116255,0.0078872798738
IND_FUA_09045,Hyderabad,exponent,alpha_0.5_beta_1,0.5,1,,7690372.24703,0.412932009715,0.00750537576234
IND_FUA_09045,Hyderabad,exponent,alpha_0.5_beta_2,0.5,2,,7216842.29075,0.387505974378,0.00705191472965
IND_FUA_09045,Hyderabad,exponent,alpha_1_beta_0,1,0,,5994778.97649,0.321887686453,0.00715316826765
IND_FUA_09045,Hyderabad,exponent,alpha_1_beta_0.5,1,0.5,,5145123.63736,0.276265722329,0.0069181049525
IND_FUA_09045,Hyderabad,exponent,alpha_1_beta_1,1,1,,4819983.32557,0.258807420172,0.00661750604962
IND_FUA_09045,Hyderabad,exponent,alpha_1_beta_2,1,2,,4506666.41715,0.241983971773,0.00627559486493
IND_FUA_09045,Hyderabad,exponent,alpha_2_beta_0,2,0,,3069842.55043,0.164834186583,0.00606381847109
IND_FUA_09045,Hyderabad,exponent,alpha_2_beta_0.5,2,0.5,,2592907.53683,0.139225317812,0.00588273046845
IND_FUA_09045,Hyderabad,exponent,alpha_2_beta_1,2,1,,2416763.6338,0.129767328844,0.00565868481357
IND_FUA_09045,Hyderabad,exponent,alpha_2_beta_2,2,2,,2251851.38005,0.120912419591,0.00546891202254
IND_FUA_09045,Hyderabad,binary_endpoint,endpoint_threshold_0.25,,1,0.25,8206868.85552,0.440665125317,0.00563039927467
IND_FUA_09045,Hyderabad,binary_endpoint,endpoint_threshold_0.5,,1,0.5,3773310.08783,0.20260664475,0.00642159985301
IND_FUA_09045,Hyderabad,binary_endpoint,endpoint_threshold_0.75,,1,0.75,767690.547591,0.0412208915867,0.000449326192109
IND_FUA_09069,Coimbatore,exponent,alpha_0_beta_0,0,0,,7721634,1,0.00103600101274
IND_FUA_09069,Coimbatore,exponent,alpha_0_beta_0.5,0,0.5,,7067267.11018,0.915255386383,0.000960977345296
IND_FUA_09069,Coimbatore,exponent,alpha_0_beta_1,0,1,,6726431.6307,0.871115055531,0.000900743681843
IND_FUA_09069,Coimbatore,exponent,alpha_0_beta_2,0,2,,6364519.29744,0.82424514001,0.000831196564513
IND_FUA_09069,Coimbatore,exponent,alpha_0.5_beta_0,0.5,0,,3695659.70924,0.478611095688,0.000684437531776
IND_FUA_09069,Coimbatore,exponent,alpha_0.5_beta_0.5,0.5,0.5,,3274418.64641,0.424057737832,0.00057787376142
IND_FUA_09069,Coimbatore,exponent,alpha_0.5_beta_1,0.5,1,,3062920.35306,0.396667383232,0.000495643338067
IND_FUA_09069,Coimbatore,exponent,alpha_0.5_beta_2,0.5,2,,2847833.59184,0.368812299552,0.000403377667321
IND_FUA_09069,Coimbatore,exponent,alpha_1_beta_0,1,0,,2301982.22684,0.298121126543,0.00052325453911
IND_FUA_09069,Coimbatore,exponent,alpha_1_beta_0.5,1,0.5,,2003993.49401,0.259529717935,0.00042281377119
IND_FUA_09069,Coimbatore,exponent,alpha_1_beta_1,1,1,,1858024.2159,0.240625781525,0.000345343479615
IND_FUA_09069,Coimbatore,exponent,alpha_1_beta_2,1,2,,1713667.39153,0.221930667982,0.000260061496429
IND_FUA_09069,Coimbatore,exponent,alpha_2_beta_0,2,0,,1171690.63525,0.151741281088,0.000283137131549
IND_FUA_09069,Coimbatore,exponent,alpha_2_beta_0.5,2,0.5,,998765.632989,0.12934640945,0.000210926419148
IND_FUA_09069,Coimbatore,exponent,alpha_2_beta_1,2,1,,916893.980176,0.118743517263,0.000155523539323
IND_FUA_09069,Coimbatore,exponent,alpha_2_beta_2,2,2,,838810.397685,0.108631203925,9.5868988615e-05
IND_FUA_09069,Coimbatore,binary_endpoint,endpoint_threshold_0.25,,1,0.25,3034793.48798,0.393024777913,0.000184532261212
IND_FUA_09069,Coimbatore,binary_endpoint,endpoint_threshold_0.5,,1,0.5,1352345.45875,0.175137213024,0
IND_FUA_09069,Coimbatore,binary_endpoint,endpoint_threshold_0.75,,1,0.75,332323.787415,0.0430380133809,0
IND_FUA_09099,Bengaluru,exponent,alpha_0_beta_0,0,0,,26136148,1,0.00544828966072
IND_FUA_09099,Bengaluru,exponent,alpha_0_beta_0.5,0,0.5,,24058675.6875,0.920513447026,0.00572635575966
IND_FUA_09099,Bengaluru,exponent,alpha_0_beta_1,0,1,,23166882.1924,0.886392370917,0.00582754096019
IND_FUA_09099,Bengaluru,exponent,alpha_0_beta_2,0,2,,22235605.8617,0.850760634724,0.00593441979112
IND_FUA_09099,Bengaluru,exponent,alpha_0.5_beta_0,0.5,0,,12153681.4315,0.465014256557,0.00321484406952
IND_FUA_09099,Bengaluru,exponent,alpha_0.5_beta_0.5,0.5,0.5,,10872934.261,0.416011351826,0.00339992070724
IND_FUA_09099,Bengaluru,exponent,alpha_0.5_beta_1,0.5,1,,10340610.8759,0.395644028181,0.00346674576388
IND_FUA_09099,Bengaluru,exponent,alpha_0.5_beta_2,0.5,2,,9798093.06862,0.374886653864,0.00354859473692
IND_FUA_09099,Bengaluru,exponent,alpha_1_beta_0,1,0,,7415752.37312,0.283735475217,0.00226429703727
IND_FUA_09099,Bengaluru,exponent,alpha_1_beta_0.5,1,0.5,,6543474.26428,0.250361080917,0.00236683462952
IND_FUA_09099,Bengaluru,exponent,alpha_1_beta_1,1,1,,6183908.92009,0.236603684678,0.00240212071217
IND_FUA_09099,Bengaluru,exponent,alpha_1_beta_2,1,2,,5820181.22463,0.222687031946,0.00246020025981
IND_FUA_09099,Bengaluru,exponent,alpha_2_beta_0,2,0,,3674564.77667,0.140593203584,0.0012812544335
IND_FUA_09099,Bengaluru,exponent,alpha_2_beta_0.5,2,0.5,,3199342.73637,0.122410645072,0.00124020798353
IND_FUA_09099,Bengaluru,exponent,alpha_2_beta_1,2,1,,3001175.2588,0.114828522505,0.00121455110581
IND_FUA_09099,Bengaluru,exponent,alpha_2_beta_2,2,2,,2800772.08199,0.107160859435,0.00122252928975
IND_FUA_09099,Bengaluru,binary_endpoint,endpoint_threshold_0.25,,1,0.25,10016752.5074,0.383252823155,0.00102372965246
IND_FUA_09099,Bengaluru,binary_endpoint,endpoint_threshold_0.5,,1,0.5,4371846.51192,0.167272029219,0.00101065961182
IND_FUA_09099,Bengaluru,binary_endpoint,endpoint_threshold_0.75,,1,0.75,1152061.21568,0.0440792275769,0.000252686134262
IND_FUA_09129,Gonda,exponent,alpha_0_beta_0,0,0,,1208202,1,0.00221750516778
IND_FUA_09129,Gonda,exponent,alpha_0_beta_0.5,0,0.5,,1166625.0956,0.96558778714,0.00228575921364
IND_FUA_09129,Gonda,exponent,alpha_0_beta_1,0,1,,1147259.52423,0.949559365266,0.00231427580858
IND_FUA_09129,Gonda,exponent,alpha_0_beta_2,0,2,,1127373.12263,0.933099864617,0.00233699840782
IND_FUA_09129,Gonda,exponent,alpha_0.5_beta_0,0.5,0,,598597.664193,0.495445020115,0.00128652216861
IND_FUA_09129,Gonda,exponent,alpha_0.5_beta_0.5,0.5,0.5,,571622.724736,0.473118505628,0.00134448163725
IND_FUA_09129,Gonda,exponent,alpha_0.5_beta_1,0.5,1,,559537.369115,0.463115744814,0.00137097306946
IND_FUA_09129,Gonda,exponent,alpha_0.5_beta_2,0.5,2,,547743.539008,0.453354272719,0.00139599552593
IND_FUA_09129,Gonda,exponent,alpha_1_beta_0,1,0,,367713.278854,0.304347517099,0.000946278625001
IND_FUA_09129,Gonda,exponent,alpha_1_beta_0.5,1,0.5,,348120.497958,0.288131039312,0.000998879370258
IND_FUA_09129,Gonda,exponent,alpha_1_beta_1,1,1,,339474.120938,0.280974639123,0.00102370979765
IND_FUA_09129,Gonda,exponent,alpha_1_beta_2,1,2,,331276.427592,0.274189603718,0.00104796058332
IND_FUA_09129,Gonda,exponent,alpha_2_beta_0,2,0,,170549.526347,0.141159778205,0.000520552122199
IND_FUA_09129,Gonda,exponent,alpha_2_beta_0.5,2,0.5,,158792.397658,0.131428683,0.000559063757818
IND_FUA_09129,Gonda,exponent,alpha_2_beta_1,2,1,,153676.255637,0.127194174184,0.000577647369564
IND_FUA_09129,Gonda,exponent,alpha_2_beta_2,2,2,,148981.648882,0.12330856006,0.000595798885051
IND_FUA_09129,Gonda,binary_endpoint,endpoint_threshold_0.25,,1,0.25,634489.940498,0.525152201783,0.000632873821843
IND_FUA_09129,Gonda,binary_endpoint,endpoint_threshold_0.5,,1,0.5,228595.066888,0.189202688696,0
IND_FUA_09129,Gonda,binary_endpoint,endpoint_threshold_0.75,,1,0.75,7769.1889202,0.0064303725041,0
IND_FUA_09157,Thiruvananthapuram,exponent,alpha_0_beta_0,0,0,,2457935,1,0.0327939588029
IND_FUA_09157,Thiruvananthapuram,exponent,alpha_0_beta_0.5,0,0.5,,2028759.9646,0.825392032175,0.0322243368133
IND_FUA_09157,Thiruvananthapuram,exponent,alpha_0_beta_1,0,1,,1798335.73763,0.731644953034,0.0310922888501
IND_FUA_09157,Thiruvananthapuram,exponent,alpha_0_beta_2,0,2,,1535930.10624,0.62488638074,0.0293230092456
IND_FUA_09157,Thiruvananthapuram,exponent,alpha_0.5_beta_0,0.5,0,,906757.780832,0.368910398701,0.0166146359405
IND_FUA_09157,Thiruvananthapuram,exponent,alpha_0.5_beta_0.5,0.5,0.5,,701378.11794,0.285352589853,0.0149654233208
IND_FUA_09157,Thiruvananthapuram,exponent,alpha_0.5_beta_1,0.5,1,,599648.741204,0.243964442186,0.0133998827084
IND_FUA_09157,Thiruvananthapuram,exponent,alpha_0.5_beta_2,0.5,2,,493774.766457,0.200890083121,0.0115260763178
IND_FUA_09157,Thiruvananthapuram,exponent,alpha_1_beta_0,1,0,,466179.317877,0.189662996734,0.0122429176832
IND_FUA_09157,Thiruvananthapuram,exponent,alpha_1_beta_0.5,1,0.5,,347321.115233,0.141306061891,0.0105289606722
IND_FUA_09157,Thiruvananthapuram,exponent,alpha_1_beta_1,1,1,,291474.168228,0.118584978133,0.00889036132384
IND_FUA_09157,Thiruvananthapuram,exponent,alpha_1_beta_2,1,2,,237043.924843,0.0964402739874,0.00689478603993
IND_FUA_09157,Thiruvananthapuram,exponent,alpha_2_beta_0,2,0,,185390.986591,0.0754255041696,0.0068692313033
IND_FUA_09157,Thiruvananthapuram,exponent,alpha_2_beta_0.5,2,0.5,,132624.165519,0.0539575560456,0.00572046408513
IND_FUA_09157,Thiruvananthapuram,exponent,alpha_2_beta_1,2,1,,109237.586545,0.0444428296699,0.00456304379121
IND_FUA_09157,Thiruvananthapuram,exponent,alpha_2_beta_2,2,2,,88333.1039328,0.0359379332378,0.00304739766055
IND_FUA_09157,Thiruvananthapuram,binary_endpoint,endpoint_threshold_0.25,,1,0.25,394820.492481,0.160630973757,0.00178584543395
IND_FUA_09157,Thiruvananthapuram,binary_endpoint,endpoint_threshold_0.5,,1,0.5,135804.400557,0.0552514206261,0.00416578891425
IND_FUA_09157,Thiruvananthapuram,binary_endpoint,endpoint_threshold_0.75,,1,0.75,24955.8020391,0.0101531578496,0
IND_FUA_09165,Tiruppur,exponent,alpha_0_beta_0,0,0,,5777389,1,0.00549100226698
IND_FUA_09165,Tiruppur,exponent,alpha_0_beta_0.5,0,0.5,,5415959.6674,0.937440713686,0.00485411636123
IND_FUA_09165,Tiruppur,exponent,alpha_0_beta_1,0,1,,5214331.97512,0.902541264768,0.00455890789751
IND_FUA_09165,Tiruppur,exponent,alpha_0_beta_2,0,2,,4984006.15423,0.86267449781,0.0043233241152
IND_FUA_09165,Tiruppur,exponent,alpha_0.5_beta_0,0.5,0,,2750650.29482,0.476106125936,0.00565073871756
IND_FUA_09165,Tiruppur,exponent,alpha_0.5_beta_0.5,0.5,0.5,,2512407.55202,0.434869030288,0.00501287560368
IND_FUA_09165,Tiruppur,exponent,alpha_0.5_beta_1,0.5,1,,2384468.25346,0.41272420006,0.00474326029814
IND_FUA_09165,Tiruppur,exponent,alpha_0.5_beta_2,0.5,2,,2244825.23271,0.388553589296,0.00457929686144
IND_FUA_09165,Tiruppur,exponent,alpha_1_beta_0,1,0,,1644134.13874,0.284580826865,0.00550715242241
IND_FUA_09165,Tiruppur,exponent,alpha_1_beta_0.5,1,0.5,,1474566.12936,0.255230542614,0.00492222177936
IND_FUA_09165,Tiruppur,exponent,alpha_1_beta_1,1,1,,1386059.16348,0.23991099846,0.00469754512284
IND_FUA_09165,Tiruppur,exponent,alpha_1_beta_2,1,2,,1292499.21048,0.223716839992,0.00461124521246
IND_FUA_09165,Tiruppur,exponent,alpha_2_beta_0,2,0,,766612.435746,0.132691850202,0.00489461657756
IND_FUA_09165,Tiruppur,exponent,alpha_2_beta_0.5,2,0.5,,669329.866984,0.115853349495,0.00437545963811
IND_FUA_09165,Tiruppur,exponent,alpha_2_beta_1,2,1,,620558.304503,0.107411549491,0.00419631170206
IND_FUA_09165,Tiruppur,exponent,alpha_2_beta_2,2,2,,571274.78179,0.0988811350232,0.00419158519463
IND_FUA_09165,Tiruppur,binary_endpoint,endpoint_threshold_0.25,,1,0.25,2353537.2343,0.407370394187,0.00574121161768
IND_FUA_09165,Tiruppur,binary_endpoint,endpoint_threshold_0.5,,1,0.5,909198.978536,0.157371950986,0.00347945971726
IND_FUA_09165,Tiruppur,binary_endpoint,endpoint_threshold_0.75,,1,0.75,136802.720087,0.0236789871838,0
IND_FUA_09195,Faizabad,exponent,alpha_0_beta_0,0,0,,2166283,1,0.221428398881
IND_FUA_09195,Faizabad,exponent,alpha_0_beta_0.5,0,0.5,,1991387.4828,0.919264695702,0.230760978192
IND_FUA_09195,Faizabad,exponent,alpha_0_beta_1,0,1,,1896425.44758,0.875428301646,0.235932847751
IND_FUA_09195,Faizabad,exponent,alpha_0_beta_2,0,2,,1787903.62806,0.825332437202,0.241852700859
IND_FUA_09195,Faizabad,exponent,alpha_0.5_beta_0,0.5,0,,1111745.55887,0.513204211485,0.162566485524
IND_FUA_09195,Faizabad,exponent,alpha_0.5_beta_0.5,0.5,0.5,,997289.707504,0.460369078049,0.17049917783
IND_FUA_09195,Faizabad,exponent,alpha_0.5_beta_1,0.5,1,,938133.914229,0.433061568701,0.174886763175
IND_FUA_09195,Faizabad,exponent,alpha_0.5_beta_2,0.5,2,,873500.976565,0.403225698842,0.179827335431
IND_FUA_09195,Faizabad,exponent,alpha_1_beta_0,1,0,,714807.795066,0.329969720053,0.134829165643
IND_FUA_09195,Faizabad,exponent,alpha_1_beta_0.5,1,0.5,,632997.244719,0.292204317127,0.141981978862
IND_FUA_09195,Faizabad,exponent,alpha_1_beta_1,1,1,,592292.409389,0.273414142745,0.145895914108
IND_FUA_09195,Faizabad,exponent,alpha_1_beta_2,1,2,,549308.904984,0.253572088681,0.150225283633
IND_FUA_09195,Faizabad,exponent,alpha_2_beta_0,2,0,,370534.089133,0.171046021749,0.103526045096
IND_FUA_09195,Faizabad,exponent,alpha_2_beta_0.5,2,0.5,,322634.150075,0.148934442118,0.109855262685
IND_FUA_09195,Faizabad,exponent,alpha_2_beta_1,2,1,,300219.719111,0.138587487928,0.113190377891
IND_FUA_09195,Faizabad,exponent,alpha_2_beta_2,2,2,,277815.513683,0.128245254052,0.116751485918
IND_FUA_09195,Faizabad,binary_endpoint,endpoint_threshold_0.25,,1,0.25,994679.778925,0.459164282287,0.138555516635
IND_FUA_09195,Faizabad,binary_endpoint,endpoint_threshold_0.5,,1,0.5,464079.326763,0.214228393411,0.130166661045
IND_FUA_09195,Faizabad,binary_endpoint,endpoint_threshold_0.75,,1,0.75,97085.8426334,0.0448167864648,0.00403511755673
IND_FUA_09258,Sultanpur,exponent,alpha_0_beta_0,0,0,,1832581,1,0.582127094723
IND_FUA_09258,Sultanpur,exponent,alpha_0_beta_0.5,0,0.5,,1740191.55305,0.949585067754,0.592636576351
IND_FUA_09258,Sultanpur,exponent,alpha_0_beta_1,0,1,,1683468.34912,0.918632436505,0.602403818433
IND_FUA_09258,Sultanpur,exponent,alpha_0_beta_2,0,2,,1615415.13242,0.881497261198,0.616787206729
IND_FUA_09258,Sultanpur,exponent,alpha_0.5_beta_0,0.5,0,,809166.508479,0.441544743986,0.464200022815
IND_FUA_09258,Sultanpur,exponent,alpha_0.5_beta_0.5,0.5,0.5,,741279.748629,0.404500400599,0.469504606809
IND_FUA_09258,Sultanpur,exponent,alpha_0.5_beta_1,0.5,1,,700733.096378,0.382374965351,0.478554719821
IND_FUA_09258,Sultanpur,exponent,alpha_0.5_beta_2,0.5,2,,653435.477124,0.356565672744,0.494107898487
IND_FUA_09258,Sultanpur,exponent,alpha_1_beta_0,1,0,,495482.16008,0.270373948044,0.423681680583
IND_FUA_09258,Sultanpur,exponent,alpha_1_beta_0.5,1,0.5,,443549.038465,0.242035161592,0.423277239101
IND_FUA_09258,Sultanpur,exponent,alpha_1_beta_1,1,1,,413211.481871,0.225480610064,0.430523775192
IND_FUA_09258,Sultanpur,exponent,alpha_1_beta_2,1,2,,378565.719711,0.206575163505,0.445254929932
IND_FUA_09258,Sultanpur,exponent,alpha_2_beta_0,2,0,,238736.609238,0.130273428153,0.370706865252
IND_FUA_09258,Sultanpur,exponent,alpha_2_beta_0.5,2,0.5,,205898.618015,0.112354443277,0.355903377661
IND_FUA_09258,Sultanpur,exponent,alpha_2_beta_1,2,1,,187395.162394,0.102257505886,0.356941434792
IND_FUA_09258,Sultanpur,exponent,alpha_2_beta_2,2,2,,166928.425152,0.0910892479797,0.366089692819
IND_FUA_09258,Sultanpur,binary_endpoint,endpoint_threshold_0.25,,1,0.25,729408.43792,0.398022481909,0.433703440765
IND_FUA_09258,Sultanpur,binary_endpoint,endpoint_threshold_0.5,,1,0.5,285801.949868,0.155955971315,0.186003508039
IND_FUA_09258,Sultanpur,binary_endpoint,endpoint_threshold_0.75,,1,0.75,35407.2298842,0.019320963103,0.052507482854
IND_FUA_09266,Erode,exponent,alpha_0_beta_0,0,0,,3313105,1,0.0104591854938
IND_FUA_09266,Erode,exponent,alpha_0_beta_0.5,0,0.5,,3164336.60687,0.955096988132,0.00952460596528
IND_FUA_09266,Erode,exponent,alpha_0_beta_1,0,1,,3087017.70063,0.931759693892,0.00877326807055
IND_FUA_09266,Erode,exponent,alpha_0_beta_2,0,2,,3002826.32623,0.90634807114,0.00773406953101
IND_FUA_09266,Erode,exponent,alpha_0.5_beta_0,0.5,0,,986532.307488,0.297766689401,0.00897112021724
IND_FUA_09266,Erode,exponent,alpha_0.5_beta_0.5,0.5,0.5,,899498.465182,0.271497119826,0.00794597291714
IND_FUA_09266,Erode,exponent,alpha_0.5_beta_1,0.5,1,,857789.909688,0.258908157057,0.00708132366722
IND_FUA_09266,Erode,exponent,alpha_0.5_beta_2,0.5,2,,815999.036263,0.24629434813,0.0058888401039
IND_FUA_09266,Erode,exponent,alpha_1_beta_0,1,0,,452535.520275,0.136589549765,0.00760280194542
IND_FUA_09266,Erode,exponent,alpha_1_beta_0.5,1,0.5,,395310.486658,0.119317222563,0.00669504362466
IND_FUA_09266,Erode,exponent,alpha_1_beta_1,1,1,,369442.247016,0.111509368709,0.00590563954624
IND_FUA_09266,Erode,exponent,alpha_1_beta_2,1,2,,344989.356341,0.104128711991,0.00483942952256
IND_FUA_09266,Erode,exponent,alpha_2_beta_0,2,0,,153621.864565,0.0463679432331,0.00507484712032
IND_FUA_09266,Erode,exponent,alpha_2_beta_0.5,2,0.5,,124257.431638,0.0375048275373,0.00437816531437
IND_FUA_09266,Erode,exponent,alpha_2_beta_1,2,1,,111929.962928,0.0337840071257,0.00380915263638
IND_FUA_09266,Erode,exponent,alpha_2_beta_2,2,2,,101101.212341,0.030515547301,0.00315245559387
IND_FUA_09266,Erode,binary_endpoint,endpoint_threshold_0.25,,1,0.25,465175.305578,0.140404637214,0.00466732209375
IND_FUA_09266,Erode,binary_endpoint,endpoint_threshold_0.5,,1,0.5,120485.937547,0.0363664711944,0.00102026733595
IND_FUA_09266,Erode,binary_endpoint,endpoint_threshold_0.75,,1,0.75,14755.1096246,0.00445355931207,0
IND_FUA_09282,Prayagraj,exponent,alpha_0_beta_0,0,0,,2283637,1,0.173608524519
IND_FUA_09282,Prayagraj,exponent,alpha_0_beta_0.5,0,0.5,,2061662.10915,0.902797646537,0.149754737595
IND_FUA_09282,Prayagraj,exponent,alpha_0_beta_1,0,1,,1969172.45017,0.862296612889,0.139256148384
IND_FUA_09282,Prayagraj,exponent,alpha_0_beta_2,0,2,,1877205.72542,0.822024571076,0.127036519798
IND_FUA_09282,Prayagraj,exponent,alpha_0.5_beta_0,0.5,0,,1148499.91288,0.502925777117,0.15035746019
IND_FUA_09282,Prayagraj,exponent,alpha_0.5_beta_0.5,0.5,0.5,,994367.964736,0.435431710353,0.124448625355
IND_FUA_09282,Prayagraj,exponent,alpha_0.5_beta_1,0.5,1,,934106.521448,0.40904334684,0.112492885304
IND_FUA_09282,Prayagraj,exponent,alpha_0.5_beta_2,0.5,2,,877175.00989,0.384113153662,0.0993756103431
IND_FUA_09282,Prayagraj,exponent,alpha_1_beta_0,1,0,,737315.760377,0.322869072614,0.149464183561
IND_FUA_09282,Prayagraj,exponent,alpha_1_beta_0.5,1,0.5,,621803.901036,0.272286664227,0.124918608823
IND_FUA_09282,Prayagraj,exponent,alpha_1_beta_1,1,1,,578475.271418,0.253313145398,0.112481626297
IND_FUA_09282,Prayagraj,exponent,alpha_1_beta_2,1,2,,538907.38672,0.235986449125,0.0992597001211
IND_FUA_09282,Prayagraj,exponent,alpha_2_beta_0,2,0,,390715.058613,0.1710933299,0.153787079199
IND_FUA_09282,Prayagraj,exponent,alpha_2_beta_0.5,2,0.5,,318138.175808,0.139312060458,0.131215985417
IND_FUA_09282,Prayagraj,exponent,alpha_2_beta_1,2,1,,292340.556119,0.128015335239,0.117513862658
IND_FUA_09282,Prayagraj,exponent,alpha_2_beta_2,2,2,,269830.342047,0.118158158257,0.103277240262
IND_FUA_09282,Prayagraj,binary_endpoint,endpoint_threshold_0.25,,1,0.25,950646.055812,0.416285975316,0.106518340528
IND_FUA_09282,Prayagraj,binary_endpoint,endpoint_threshold_0.5,,1,0.5,435551.955731,0.190727316001,0.117472610995
IND_FUA_09282,Prayagraj,binary_endpoint,endpoint_threshold_0.75,,1,0.75,131847.457023,0.0577357334036,0.214294071649
IND_FUA_09368,Salem,exponent,alpha_0_beta_0,0,0,,4170866,1,0.000220337934616
IND_FUA_09368,Salem,exponent,alpha_0_beta_0.5,0,0.5,,4035446.28036,0.967531989845,0.000225034861313
IND_FUA_09368,Salem,exponent,alpha_0_beta_1,0,1,,3967541.93366,0.951251354913,0.000226272902465
IND_FUA_09368,Salem,exponent,alpha_0_beta_2,0,2,,3896914.09569,0.934317740174,0.000225424082666
IND_FUA_09368,Salem,exponent,alpha_0.5_beta_0,0.5,0,,1178397.44428,0.282530640945,0
IND_FUA_09368,Salem,exponent,alpha_0.5_beta_0.5,0.5,0.5,,1106203.923,0.265221640542,0
IND_FUA_09368,Salem,exponent,alpha_0.5_beta_1,0.5,1,,1072296.39503,0.257092027178,0
IND_FUA_09368,Salem,exponent,alpha_0.5_beta_2,0.5,2,,1039516.80521,0.249232846419,0
IND_FUA_09368,Salem,exponent,alpha_1_beta_0,1,0,,547105.474179,0.131173112293,0
IND_FUA_09368,Salem,exponent,alpha_1_beta_0.5,1,0.5,,502573.878026,0.120496289746,0
IND_FUA_09368,Salem,exponent,alpha_1_beta_1,1,1,,482588.122076,0.115704537637,0
IND_FUA_09368,Salem,exponent,alpha_1_beta_2,1,2,,464102.059117,0.111272349463,0
IND_FUA_09368,Salem,exponent,alpha_2_beta_0,2,0,,183884.859493,0.0440879326963,0
IND_FUA_09368,Salem,exponent,alpha_2_beta_0.5,2,0.5,,162748.243414,0.0390202522484,0
IND_FUA_09368,Salem,exponent,alpha_2_beta_1,2,1,,153846.488316,0.0368859820277,0
IND_FUA_09368,Salem,exponent,alpha_2_beta_2,2,2,,146111.232823,0.0350313898416,0
IND_FUA_09368,Salem,binary_endpoint,endpoint_threshold_0.25,,1,0.25,719530.31487,0.172513409654,0
IND_FUA_09368,Salem,binary_endpoint,endpoint_threshold_0.5,,1,0.5,149431.393666,0.0358274261666,0
IND_FUA_09368,Salem,binary_endpoint,endpoint_threshold_0.75,,1,0.75,7317.83349562,0.0017545117718,0
IND_FUA_09444,Madurai,exponent,alpha_0_beta_0,0,0,,1974352,1,0.159789639337
IND_FUA_09444,Madurai,exponent,alpha_0_beta_0.5,0,0.5,,1854999.65068,0.939548596541,0.148976474322
IND_FUA_09444,Madurai,exponent,alpha_0_beta_1,0,1,,1803724.21968,0.91357783196,0.144228337196
IND_FUA_09444,Madurai,exponent,alpha_0_beta_2,0,2,,1749881.74271,0.886306870663,0.140062962352
IND_FUA_09444,Madurai,exponent,alpha_0.5_beta_0,0.5,0,,799123.869485,0.404752480553,0.167976200944
IND_FUA_09444,Madurai,exponent,alpha_0.5_beta_0.5,0.5,0.5,,732077.272291,0.370793694484,0.151633184899
IND_FUA_09444,Madurai,exponent,alpha_0.5_beta_1,0.5,1,,706048.393298,0.357610189722,0.144802211534
IND_FUA_09444,Madurai,exponent,alpha_0.5_beta_2,0.5,2,,680965.95105,0.344906050719,0.13956799225
IND_FUA_09444,Madurai,exponent,alpha_1_beta_0,1,0,,425768.814345,0.215649901509,0.170453729044
IND_FUA_09444,Madurai,exponent,alpha_1_beta_0.5,1,0.5,,383517.550984,0.194249835381,0.15006042138
IND_FUA_09444,Madurai,exponent,alpha_1_beta_1,1,1,,368232.942952,0.186508253316,0.141737555713
IND_FUA_09444,Madurai,exponent,alpha_1_beta_2,1,2,,354508.776954,0.179557027801,0.135845285917
IND_FUA_09444,Madurai,exponent,alpha_2_beta_0,2,0,,167324.33811,0.084748990104,0.167888198038
IND_FUA_09444,Madurai,exponent,alpha_2_beta_0.5,2,0.5,,146783.105153,0.0743449522442,0.14151190903
IND_FUA_09444,Madurai,exponent,alpha_2_beta_1,2,1,,139948.550636,0.0708832825333,0.13111311937
IND_FUA_09444,Madurai,exponent,alpha_2_beta_2,2,2,,134474.726268,0.0681108162413,0.124480484289
IND_FUA_09444,Madurai,binary_endpoint,endpoint_threshold_0.25,,1,0.25,585811.971791,0.29671100786,0.150994774393
IND_FUA_09444,Madurai,binary_endpoint,endpoint_threshold_0.5,,1,0.5,148039.922005,0.0749815240669,0.0705088907271
IND_FUA_09444,Madurai,binary_endpoint,endpoint_threshold_0.75,,1,0.75,20590.4871276,0.0104289848657,0.0169001759157
IND_FUA_09500,Gorakhpur,exponent,alpha_0_beta_0,0,0,,3389028,1,0.63131563978
IND_FUA_09500,Gorakhpur,exponent,alpha_0_beta_0.5,0,0.5,,3242080.63098,0.956640261155,0.623280376255
IND_FUA_09500,Gorakhpur,exponent,alpha_0_beta_1,0,1,,3180113.81364,0.938355721358,0.621306741565
IND_FUA_09500,Gorakhpur,exponent,alpha_0_beta_2,0,2,,3115462.74679,0.919279140445,0.619625568223
IND_FUA_09500,Gorakhpur,exponent,alpha_0.5_beta_0,0.5,0,,1363966.24283,0.402465321274,0.612090156672
IND_FUA_09500,Gorakhpur,exponent,alpha_0.5_beta_0.5,0.5,0.5,,1266486.47755,0.373701981084,0.603075462013
IND_FUA_09500,Gorakhpur,exponent,alpha_0.5_beta_1,0.5,1,,1227820.5369,0.362292827588,0.601254989655
IND_FUA_09500,Gorakhpur,exponent,alpha_0.5_beta_2,0.5,2,,1189738.82521,0.351056062448,0.600110834467
IND_FUA_09500,Gorakhpur,exponent,alpha_1_beta_0,1,0,,822632.552388,0.242734067818,0.59273851258
IND_FUA_09500,Gorakhpur,exponent,alpha_1_beta_0.5,1,0.5,,751893.774529,0.221861186904,0.584486318903
IND_FUA_09500,Gorakhpur,exponent,alpha_1_beta_1,1,1,,724776.466103,0.213859686643,0.582650992448
IND_FUA_09500,Gorakhpur,exponent,alpha_1_beta_2,1,2,,698966.219489,0.206243860921,0.581427308917
IND_FUA_09500,Gorakhpur,exponent,alpha_2_beta_0,2,0,,411100.286406,0.121303301834,0.540797535214
IND_FUA_09500,Gorakhpur,exponent,alpha_2_beta_0.5,2,0.5,,368811.040109,0.108825020067,0.532168881286
IND_FUA_09500,Gorakhpur,exponent,alpha_2_beta_1,2,1,,353154.687929,0.104205302503,0.529366327593
IND_FUA_09500,Gorakhpur,exponent,alpha_2_beta_2,2,2,,338876.98092,0.0999923815678,0.527239814622
IND_FUA_09500,Gorakhpur,binary_endpoint,endpoint_threshold_0.25,,1,0.25,1157716.0984,0.341607121097,0.630416696345
IND_FUA_09500,Gorakhpur,binary_endpoint,endpoint_threshold_0.5,,1,0.5,512817.322223,0.151316932826,0.518070601973
IND_FUA_09500,Gorakhpur,binary_endpoint,endpoint_threshold_0.75,,1,0.75,141951.313357,0.0418855534261,0.308875501848
IND_FUA_09544,Tiruchirappalli,exponent,alpha_0_beta_0,0,0,,2002696,1,0.638437758461
IND_FUA_09544,Tiruchirappalli,exponent,alpha_0_beta_0.5,0,0.5,,1809401.70194,0.903482955947,0.670419133736
IND_FUA_09544,Tiruchirappalli,exponent,alpha_0_beta_1,0,1,,1728487.07954,0.863080107784,0.687356549711
IND_FUA_09544,Tiruchirappalli,exponent,alpha_0_beta_2,0,2,,1645929.27593,0.821856775035,0.706155499485
IND_FUA_09544,Tiruchirappalli,exponent,alpha_0.5_beta_0,0.5,0,,745173.894706,0.372085376266,0.591746854606
IND_FUA_09544,Tiruchirappalli,exponent,alpha_0.5_beta_0.5,0.5,0.5,,647083.529826,0.323106217732,0.63528892936
IND_FUA_09544,Tiruchirappalli,exponent,alpha_0.5_beta_1,0.5,1,,607936.997365,0.303559300745,0.658541429056
IND_FUA_09544,Tiruchirappalli,exponent,alpha_0.5_beta_2,0.5,2,,570027.627097,0.28463013213,0.68403540978
IND_FUA_09544,Tiruchirappalli,exponent,alpha_1_beta_0,1,0,,380230.229628,0.189859184633,0.532027569879
IND_FUA_09544,Tiruchirappalli,exponent,alpha_1_beta_0.5,1,0.5,,321515.408332,0.160541294501,0.580451560657
IND_FUA_09544,Tiruchirappalli,exponent,alpha_1_beta_1,1,1,,298092.477339,0.148845594808,0.607237455806
IND_FUA_09544,Tiruchirappalli,exponent,alpha_1_beta_2,1,2,,275942.348007,0.137785439232,0.636675966988
IND_FUA_09544,Tiruchirappalli,exponent,alpha_2_beta_0,2,0,,141134.048835,0.0704720281237,0.417841592316
IND_FUA_09544,Tiruchirappalli,exponent,alpha_2_beta_0.5,2,0.5,,113816.563882,0.0568316728462,0.471601672402
IND_FUA_09544,Tiruchirappalli,exponent,alpha_2_beta_1,2,1,,102510.273056,0.0511861376143,0.504432625608
IND_FUA_09544,Tiruchirappalli,exponent,alpha_2_beta_2,2,2,,92038.4416506,0.0459572704248,0.542295755384
IND_FUA_09544,Tiruchirappalli,binary_endpoint,endpoint_threshold_0.25,,1,0.25,448936.890221,0.22416626898,0.594031772076
IND_FUA_09544,Tiruchirappalli,binary_endpoint,endpoint_threshold_0.5,,1,0.5,106319.106977,0.0530879908768,0.281763268951
IND_FUA_09544,Tiruchirappalli,binary_endpoint,endpoint_threshold_0.75,,1,0.75,18269.5181779,0.00912246201016,0.0184491117317
IND_FUA_09562,Varanasi,exponent,alpha_0_beta_0,0,0,,10435276,1,0.172267711967
IND_FUA_09562,Varanasi,exponent,alpha_0_beta_0.5,0,0.5,,9993006.21127,0.957617815884,0.167582227595
IND_FUA_09562,Varanasi,exponent,alpha_0_beta_1,0,1,,9756609.99529,0.934964249655,0.164763652492
IND_FUA_09562,Varanasi,exponent,alpha_0_beta_2,0,2,,9489090.73313,0.90932819919,0.161614832211
IND_FUA_09562,Varanasi,exponent,alpha_0.5_beta_0,0.5,0,,4079482.63374,0.390931934502,0.19073355043
IND_FUA_09562,Varanasi,exponent,alpha_0.5_beta_0.5,0.5,0.5,,3780096.37635,0.362242108052,0.18585853105
IND_FUA_09562,Varanasi,exponent,alpha_0.5_beta_1,0.5,1,,3628711.59076,0.347735085374,0.182977462205
IND_FUA_09562,Varanasi,exponent,alpha_0.5_beta_2,0.5,2,,3464785.6706,0.332026260791,0.180011152407
IND_FUA_09562,Varanasi,exponent,alpha_1_beta_0,1,0,,2441970.21601,0.234011080877,0.197314997678
IND_FUA_09562,Varanasi,exponent,alpha_1_beta_0.5,1,0.5,,2220662.53854,0.212803431221,0.193428352073
IND_FUA_09562,Varanasi,exponent,alpha_1_beta_1,1,1,,2112978.26678,0.20248417644,0.19118715125
IND_FUA_09562,Varanasi,exponent,alpha_1_beta_2,1,2,,1999594.26785,0.191618723631,0.189134840227
IND_FUA_09562,Varanasi,exponent,alpha_2_beta_0,2,0,,1197346.3575,0.114740267291,0.205202467359
IND_FUA_09562,Varanasi,exponent,alpha_2_beta_0.5,2,0.5,,1060282.52899,0.101605604776,0.204011838013
IND_FUA_09562,Varanasi,exponent,alpha_2_beta_1,2,1,,997434.610856,0.0955829640593,0.203418734667
IND_FUA_09562,Varanasi,exponent,alpha_2_beta_2,2,2,,933953.542179,0.0894996492837,0.203448365127
IND_FUA_09562,Varanasi,binary_endpoint,endpoint_threshold_0.25,,1,0.25,3380442.22523,0.323943729445,0.197564838609
IND_FUA_09562,Varanasi,binary_endpoint,endpoint_threshold_0.5,,1,0.5,1569122.99425,0.150367177087,0.200777470261
IND_FUA_09562,Varanasi,binary_endpoint,endpoint_threshold_0.75,,1,0.75,320070.009633,0.0306719256523,0.243816364858
IND_FUA_09564,Durg,exponent,alpha_0_beta_0,0,0,,740363,1,0.207769945407
IND_FUA_09564,Durg,exponent,alpha_0_beta_0.5,0,0.5,,594734.68175,0.803301463945,0.230638900524
IND_FUA_09564,Durg,exponent,alpha_0_beta_1,0,1,,535503.740982,0.723298896598,0.238120857223
IND_FUA_09564,Durg,exponent,alpha_0_beta_2,0,2,,479199.065181,0.647248802521,0.243350671939
IND_FUA_09564,Durg,exponent,alpha_0.5_beta_0,0.5,0,,338391.254424,0.457061271868,0.161795630083
IND_FUA_09564,Durg,exponent,alpha_0.5_beta_0.5,0.5,0.5,,258575.59156,0.34925515127,0.184491974462
IND_FUA_09564,Durg,exponent,alpha_0.5_beta_1,0.5,1,,228497.711869,0.308629296533,0.191525426878
IND_FUA_09564,Durg,exponent,alpha_0.5_beta_2,0.5,2,,201591.737325,0.2722876985,0.19587863158
IND_FUA_09564,Durg,exponent,alpha_1_beta_0,1,0,,203330.742307,0.274636553025,0.134453140158
IND_FUA_09564,Durg,exponent,alpha_1_beta_0.5,1,0.5,,151272.700597,0.204322339983,0.155994063598
IND_FUA_09564,Durg,exponent,alpha_1_beta_1,1,1,,132305.067948,0.178702971309,0.162667200342
IND_FUA_09564,Durg,exponent,alpha_1_beta_2,1,2,,115839.955467,0.156463728558,0.166654875252
IND_FUA_09564,Durg,exponent,alpha_2_beta_0,2,0,,97434.0427303,0.131603068671,0.0991767015709
IND_FUA_09564,Durg,exponent,alpha_2_beta_0.5,2,0.5,,69972.3443359,0.0945108606669,0.116885915693
IND_FUA_09564,Durg,exponent,alpha_2_beta_1,2,1,,60242.3994617,0.0813687332588,0.12190350711
IND_FUA_09564,Durg,exponent,alpha_2_beta_2,2,2,,51999.5000577,0.0702351414883,0.124091786847
IND_FUA_09564,Durg,binary_endpoint,endpoint_threshold_0.25,,1,0.25,213264.902728,0.288054512081,0.145831895238
IND_FUA_09564,Durg,binary_endpoint,endpoint_threshold_0.5,,1,0.5,75663.0823749,0.102197276707,0.131353797491
IND_FUA_09564,Durg,binary_endpoint,endpoint_threshold_0.75,,1,0.75,20961.9678148,0.0283130948127,0
IND_FUA_09570,Vellore,exponent,alpha_0_beta_0,0,0,,1847021,1,0.127382350444
IND_FUA_09570,Vellore,exponent,alpha_0_beta_0.5,0,0.5,,1695317.16507,0.917865668593,0.122886396801
IND_FUA_09570,Vellore,exponent,alpha_0_beta_1,0,1,,1623179.30729,0.878809340712,0.12046202848
IND_FUA_09570,Vellore,exponent,alpha_0_beta_2,0,2,,1547428.20386,0.837796756975,0.11788361187
IND_FUA_09570,Vellore,exponent,alpha_0.5_beta_0,0.5,0,,633557.563413,0.343015896091,0.140805511543
IND_FUA_09570,Vellore,exponent,alpha_0.5_beta_0.5,0.5,0.5,,549889.854169,0.297717164109,0.135869412362
IND_FUA_09570,Vellore,exponent,alpha_0.5_beta_1,0.5,1,,512834.03243,0.277654684181,0.132684865027
IND_FUA_09570,Vellore,exponent,alpha_0.5_beta_2,0.5,2,,476385.983024,0.257921259706,0.129147329795
IND_FUA_09570,Vellore,exponent,alpha_1_beta_0,1,0,,329564.084122,0.178430068809,0.140653301472
IND_FUA_09570,Vellore,exponent,alpha_1_beta_0.5,1,0.5,,276381.272033,0.149636236964,0.135759731658
IND_FUA_09570,Vellore,exponent,alpha_1_beta_1,1,1,,253867.809978,0.137447170323,0.132217347954
IND_FUA_09570,Vellore,exponent,alpha_1_beta_2,1,2,,232664.020074,0.125967176374,0.128212394875
IND_FUA_09570,Vellore,exponent,alpha_2_beta_0,2,0,,133266.680863,0.0721522282981,0.125537510362
IND_FUA_09570,Vellore,exponent,alpha_2_beta_0.5,2,0.5,,106842.368703,0.0578457790695,0.118809185813
IND_FUA_09570,Vellore,exponent,alpha_2_beta_1,2,1,,96329.9824061,0.0521542431873,0.114226626895
IND_FUA_09570,Vellore,exponent,alpha_2_beta_2,2,2,,87004.4488921,0.0471052840721,0.109290193347
IND_FUA_09570,Vellore,binary_endpoint,endpoint_threshold_0.25,,1,0.25,375828.358687,0.203478118921,0.139112520822
IND_FUA_09570,Vellore,binary_endpoint,endpoint_threshold_0.5,,1,0.5,111925.872595,0.0605980509127,0.0926164457974
IND_FUA_09570,Vellore,binary_endpoint,endpoint_threshold_0.75,,1,0.75,19993.0200917,0.0108244682068,0.00322029087721
IND_FUA_09620,Raipur,exponent,alpha_0_beta_0,0,0,,3038998,1,0.0900126388422
IND_FUA_09620,Raipur,exponent,alpha_0_beta_0.5,0,0.5,,2582209.19098,0.849690980706,0.0998935104106
IND_FUA_09620,Raipur,exponent,alpha_0_beta_1,0,1,,2420274.62741,0.796405468977,0.103174504246
IND_FUA_09620,Raipur,exponent,alpha_0_beta_2,0,2,,2259719.93121,0.743574010648,0.10622332411
IND_FUA_09620,Raipur,exponent,alpha_0.5_beta_0,0.5,0,,1465853.67791,0.482347694179,0.0609445507902
IND_FUA_09620,Raipur,exponent,alpha_0.5_beta_0.5,0.5,0.5,,1222330.20983,0.402214878005,0.0679591675127
IND_FUA_09620,Raipur,exponent,alpha_0.5_beta_1,0.5,1,,1137818.28505,0.374405736709,0.0703245002111
IND_FUA_09620,Raipur,exponent,alpha_0.5_beta_2,0.5,2,,1056616.22213,0.347685724744,0.0723836380366
IND_FUA_09620,Raipur,exponent,alpha_1_beta_0,1,0,,889296.734919,0.292628272516,0.0529322897039
IND_FUA_09620,Raipur,exponent,alpha_1_beta_0.5,1,0.5,,735125.195063,0.241897228976,0.0594673378552
IND_FUA_09620,Raipur,exponent,alpha_1_beta_1,1,1,,681520.871471,0.224258413948,0.0618338457992
IND_FUA_09620,Raipur,exponent,alpha_1_beta_2,1,2,,630661.713612,0.2075229117,0.0639119511976
IND_FUA_09620,Raipur,exponent,alpha_2_beta_0,2,0,,423295.088713,0.139287715462,0.0410214204511
IND_FUA_09620,Raipur,exponent,alpha_2_beta_0.5,2,0.5,,345809.751561,0.113790713769,0.0467744104923
IND_FUA_09620,Raipur,exponent,alpha_2_beta_1,2,1,,318210.201905,0.104708921133,0.0491477362388
IND_FUA_09620,Raipur,exponent,alpha_2_beta_2,2,2,,292234.699662,0.0961615307616,0.051341876144
IND_FUA_09620,Raipur,binary_endpoint,endpoint_threshold_0.25,,1,0.25,1156400.66318,0.380520376511,0.0659688434045
IND_FUA_09620,Raipur,binary_endpoint,endpoint_threshold_0.5,,1,0.5,464913.420746,0.152982470125,0.0447784813178
IND_FUA_09620,Raipur,binary_endpoint,endpoint_threshold_0.75,,1,0.75,83430.746874,0.027453373406,0
IND_FUA_09710,Bilaspur,exponent,alpha_0_beta_0,0,0,,1698534,1,0.0520772557796
IND_FUA_09710,Bilaspur,exponent,alpha_0_beta_0.5,0,0.5,,1580404.97392,0.930452362993,0.0522721215922
IND_FUA_09710,Bilaspur,exponent,alpha_0_beta_1,0,1,,1534475.29499,0.903411586103,0.0519064325298
IND_FUA_09710,Bilaspur,exponent,alpha_0_beta_2,0,2,,1488564.16972,0.876381732554,0.0514155239891
IND_FUA_09710,Bilaspur,exponent,alpha_0.5_beta_0,0.5,0,,746349.654213,0.439408133257,0.0344163450921
IND_FUA_09710,Bilaspur,exponent,alpha_0.5_beta_0.5,0.5,0.5,,678797.021263,0.399636993585,0.0327943399399
IND_FUA_09710,Bilaspur,exponent,alpha_0.5_beta_1,0.5,1,,654739.37198,0.385473221013,0.0314619100911
IND_FUA_09710,Bilaspur,exponent,alpha_0.5_beta_2,0.5,2,,632101.968717,0.372145608341,0.0299273676423
IND_FUA_09710,Bilaspur,exponent,alpha_1_beta_0,1,0,,430240.303216,0.253300966136,0.0339751564799
IND_FUA_09710,Bilaspur,exponent,alpha_1_beta_0.5,1,0.5,,385990.380276,0.227249133827,0.0316451976548
IND_FUA_09710,Bilaspur,exponent,alpha_1_beta_1,1,1,,370964.427958,0.218402709606,0.0298417109035
IND_FUA_09710,Bilaspur,exponent,alpha_1_beta_2,1,2,,357307.859001,0.210362500251,0.0277844313218
IND_FUA_09710,Bilaspur,exponent,alpha_2_beta_0,2,0,,188289.052974,0.110853861609,0.0364385648802
IND_FUA_09710,Bilaspur,exponent,alpha_2_beta_0.5,2,0.5,,165868.83268,0.097654113889,0.0327495556416
IND_FUA_09710,Bilaspur,exponent,alpha_2_beta_1,2,1,,158689.813556,0.0934275166446,0.0300652041236
IND_FUA_09710,Bilaspur,exponent,alpha_2_beta_2,2,2,,152501.158494,0.0897839893071,0.0271532126197
IND_FUA_09710,Bilaspur,binary_endpoint,endpoint_threshold_0.25,,1,0.25,628498.140251,0.370023879564,0.02550796069
IND_FUA_09710,Bilaspur,binary_endpoint,endpoint_threshold_0.5,,1,0.5,225658.050111,0.13285459703,0.0355726696002
IND_FUA_09710,Bilaspur,binary_endpoint,endpoint_threshold_0.75,,1,0.75,31519.4915004,0.0185568799332,0.000723678829214
IND_FUA_09782,Kuchai Kot,exponent,alpha_0_beta_0,0,0,,4379570,1,0.165672418823
IND_FUA_09782,Kuchai Kot,exponent,alpha_0_beta_0.5,0,0.5,,4338450.67434,0.990611104364,0.166739617187
IND_FUA_09782,Kuchai Kot,exponent,alpha_0_beta_1,0,1,,4312443.12182,0.984672723994,0.167385483454
IND_FUA_09782,Kuchai Kot,exponent,alpha_0_beta_2,0,2,,4279210.41615,0.977084603317,0.168199051825
IND_FUA_09782,Kuchai Kot,exponent,alpha_0.5_beta_0,0.5,0,,1780653.80565,0.406581880334,0.138219363169
IND_FUA_09782,Kuchai Kot,exponent,alpha_0.5_beta_0.5,0.5,0.5,,1751892.1819,0.400014654839,0.139820785264
IND_FUA_09782,Kuchai Kot,exponent,alpha_0.5_beta_1,0.5,1,,1734138.89289,0.395960994548,0.140777492387
IND_FUA_09782,Kuchai Kot,exponent,alpha_0.5_beta_2,0.5,2,,1711992.07154,0.390904146193,0.141958982884
IND_FUA_09782,Kuchai Kot,exponent,alpha_1_beta_0,1,0,,1030864.93806,0.235380399915,0.122434285816
IND_FUA_09782,Kuchai Kot,exponent,alpha_1_beta_0.5,1,0.5,,1009388.74833,0.230476678836,0.124297919338
IND_FUA_09782,Kuchai Kot,exponent,alpha_1_beta_1,1,1,,996293.248668,0.227486545179,0.125411223188
IND_FUA_09782,Kuchai Kot,exponent,alpha_1_beta_2,1,2,,980158.468112,0.223802443645,0.126779925549
IND_FUA_09782,Kuchai Kot,exponent,alpha_2_beta_0,2,0,,481850.694861,0.110022375453,0.0993050106042
IND_FUA_09782,Kuchai Kot,exponent,alpha_2_beta_0.5,2,0.5,,468602.270173,0.106997323978,0.101269270988
IND_FUA_09782,Kuchai Kot,exponent,alpha_2_beta_1,2,1,,460609.978652,0.105172420729,0.102462175721
IND_FUA_09782,Kuchai Kot,exponent,alpha_2_beta_2,2,2,,450902.058034,0.102955782881,0.10395253394
IND_FUA_09782,Kuchai Kot,binary_endpoint,endpoint_threshold_0.25,,1,0.25,1563849.266,0.357078267045,0.123636913313
IND_FUA_09782,Kuchai Kot,binary_endpoint,endpoint_threshold_0.5,,1,0.5,695284.594134,0.158756360587,0.0952189361289
IND_FUA_09782,Kuchai Kot,binary_endpoint,endpoint_threshold_0.75,,1,0.75,167390.829764,0.0382208366949,0.0641324594769
IND_FUA_09794,Vijayawada,exponent,alpha_0_beta_0,0,0,,2767238,1,1.0889544976
IND_FUA_09794,Vijayawada,exponent,alpha_0_beta_0.5,0,0.5,,2512454.27481,0.907928510237,1.10274058545
IND_FUA_09794,Vijayawada,exponent,alpha_0_beta_1,0,1,,2385401.06637,0.862015145198,1.10993682035
IND_FUA_09794,Vijayawada,exponent,alpha_0_beta_2,0,2,,2250760.95398,0.813360091896,1.11667348812
IND_FUA_09794,Vijayawada,exponent,alpha_0.5_beta_0,0.5,0,,1520837.21021,0.549586703497,1.0036682453
IND_FUA_09794,Vijayawada,exponent,alpha_0.5_beta_0.5,0.5,0.5,,1360571.87508,0.491671433785,1.01328246394
IND_FUA_09794,Vijayawada,exponent,alpha_0.5_beta_1,0.5,1,,1283513.251,0.463824669581,1.01749545816
IND_FUA_09794,Vijayawada,exponent,alpha_0.5_beta_2,0.5,2,,1204178.5629,0.435155401488,1.01994089124
IND_FUA_09794,Vijayawada,exponent,alpha_1_beta_0,1,0,,958002.527525,0.346194482558,0.938935935713
IND_FUA_09794,Vijayawada,exponent,alpha_1_beta_0.5,1,0.5,,848244.669187,0.306531158212,0.94318296868
IND_FUA_09794,Vijayawada,exponent,alpha_1_beta_1,1,1,,796996.577711,0.288011576059,0.943808467266
IND_FUA_09794,Vijayawada,exponent,alpha_1_beta_2,1,2,,745269.598416,0.269318937661,0.941453473828
IND_FUA_09794,Vijayawada,exponent,alpha_2_beta_0,2,0,,464179.651461,0.167741138081,0.830944485119
IND_FUA_09794,Vijayawada,exponent,alpha_2_beta_0.5,2,0.5,,404932.899023,0.146331070556,0.823637809243
IND_FUA_09794,Vijayawada,exponent,alpha_2_beta_1,2,1,,378550.842772,0.136797356343,0.817150783022
IND_FUA_09794,Vijayawada,exponent,alpha_2_beta_2,2,2,,352634.178101,0.127431821224,0.805813967487
IND_FUA_09794,Vijayawada,binary_endpoint,endpoint_threshold_0.25,,1,0.25,1416792.58678,0.511987977462,0.962156435885
IND_FUA_09794,Vijayawada,binary_endpoint,endpoint_threshold_0.5,,1,0.5,542648.982358,0.19609769104,0.67478085107
IND_FUA_09794,Vijayawada,binary_endpoint,endpoint_threshold_0.75,,1,0.75,106094.548488,0.0383395098245,0.377252390451
IND_FUA_09834,Puducherry,exponent,alpha_0_beta_0,0,0,,611885,1,0.608600238062
IND_FUA_09834,Puducherry,exponent,alpha_0_beta_0.5,0,0.5,,519914.767076,0.849693597777,0.632619377627
IND_FUA_09834,Puducherry,exponent,alpha_0_beta_1,0,1,,477302.98458,0.780053416214,0.639266914917
IND_FUA_09834,Puducherry,exponent,alpha_0_beta_2,0,2,,430856.580311,0.704146335195,0.647038081609
IND_FUA_09834,Puducherry,exponent,alpha_0.5_beta_0,0.5,0,,248237.795122,0.405693545555,0.527936993547
IND_FUA_09834,Puducherry,exponent,alpha_0.5_beta_0.5,0.5,0.5,,197329.131779,0.322493821191,0.548459074529
IND_FUA_09834,Puducherry,exponent,alpha_0.5_beta_1,0.5,1,,175063.418076,0.286105098304,0.549401341453
IND_FUA_09834,Puducherry,exponent,alpha_0.5_beta_2,0.5,2,,152084.142062,0.248550204796,0.549366279573
IND_FUA_09834,Puducherry,exponent,alpha_1_beta_0,1,0,,135387.552025,0.221263067447,0.474674059148
IND_FUA_09834,Puducherry,exponent,alpha_1_beta_0.5,1,0.5,,103958.330723,0.169898478837,0.489267338804
IND_FUA_09834,Puducherry,exponent,alpha_1_beta_1,1,1,,90516.471629,0.147930528823,0.484074214936
IND_FUA_09834,Puducherry,exponent,alpha_1_beta_2,1,2,,77044.1386291,0.125912775487,0.474459602559
IND_FUA_09834,Puducherry,exponent,alpha_2_beta_0,2,0,,55901.5320131,0.0913595398042,0.384109821975
IND_FUA_09834,Puducherry,exponent,alpha_2_beta_0.5,2,0.5,,41722.1764665,0.0681863037442,0.384825113758
IND_FUA_09834,Puducherry,exponent,alpha_2_beta_1,2,1,,35731.155187,0.0583952134583,0.368770417522
IND_FUA_09834,Puducherry,exponent,alpha_2_beta_2,2,2,,29923.9972128,0.0489046098742,0.342258043421
IND_FUA_09834,Puducherry,binary_endpoint,endpoint_threshold_0.25,,1,0.25,130884.199389,0.213903265138,0.543793877264
IND_FUA_09834,Puducherry,binary_endpoint,endpoint_threshold_0.5,,1,0.5,41694.3785375,0.0681408737549,0.137926981007
IND_FUA_09834,Puducherry,binary_endpoint,endpoint_threshold_0.75,,1,0.75,15548.2624937,0.0254104325056,0.0436888895597
IND_FUA_09850,Chennai,exponent,alpha_0_beta_0,0,0,,9614438,1,0.544793613851
IND_FUA_09850,Chennai,exponent,alpha_0_beta_0.5,0,0.5,,7460320.15567,0.775949686885,0.551028987977
IND_FUA_09850,Chennai,exponent,alpha_0_beta_1,0,1,,6646936.62231,0.691349470693,0.554322677949
IND_FUA_09850,Chennai,exponent,alpha_0_beta_2,0,2,,5837113.92677,0.607119618096,0.559682087262
IND_FUA_09850,Chennai,exponent,alpha_0.5_beta_0,0.5,0,,4924379.72732,0.512185915321,0.572124695621
IND_FUA_09850,Chennai,exponent,alpha_0.5_beta_0.5,0.5,0.5,,3694132.41826,0.384227597937,0.588426996078
IND_FUA_09850,Chennai,exponent,alpha_0.5_beta_1,0.5,1,,3253440.94279,0.338391171984,0.59652648207
IND_FUA_09850,Chennai,exponent,alpha_0.5_beta_2,0.5,2,,2832864.29464,0.29464689404,0.607560381934
IND_FUA_09850,Chennai,exponent,alpha_1_beta_0,1,0,,3100695.61498,0.322504093841,0.588077958061
IND_FUA_09850,Chennai,exponent,alpha_1_beta_0.5,1,0.5,,2308856.07916,0.240144673995,0.606835941192
IND_FUA_09850,Chennai,exponent,alpha_1_beta_1,1,1,,2030567.37962,0.211199799678,0.615498909896
IND_FUA_09850,Chennai,exponent,alpha_1_beta_2,1,2,,1771228.91705,0.184225944049,0.626715026702
IND_FUA_09850,Chennai,exponent,alpha_2_beta_0,2,0,,1585886.89349,0.164948475771,0.604977642401
IND_FUA_09850,Chennai,exponent,alpha_2_beta_0.5,2,0.5,,1190564.88999,0.123830939467,0.622935604369
IND_FUA_09850,Chennai,exponent,alpha_2_beta_1,2,1,,1050808.79027,0.10929487405,0.630234472425
IND_FUA_09850,Chennai,exponent,alpha_2_beta_2,2,2,,923504.108873,0.0960538836356,0.638814067549
IND_FUA_09850,Chennai,binary_endpoint,endpoint_threshold_0.25,,1,0.25,3270101.65049,0.340124056184,0.628801578637
IND_FUA_09850,Chennai,binary_endpoint,endpoint_threshold_0.5,,1,0.5,1467487.12883,0.15263368788,0.635417940715
IND_FUA_09850,Chennai,binary_endpoint,endpoint_threshold_0.75,,1,0.75,487133.631555,0.0506668857353,0.609117190727
IND_FUA_10007,Muzaffarpur,exponent,alpha_0_beta_0,0,0,,4557955,1,0.569568380655
IND_FUA_10007,Muzaffarpur,exponent,alpha_0_beta_0.5,0,0.5,,4495107.61572,0.986211495226,0.570090482852
IND_FUA_10007,Muzaffarpur,exponent,alpha_0_beta_1,0,1,,4463616.45993,0.979302441541,0.570492511424
IND_FUA_10007,Muzaffarpur,exponent,alpha_0_beta_2,0,2,,4425055.60819,0.970842320337,0.570909881332
IND_FUA_10007,Muzaffarpur,exponent,alpha_0.5_beta_0,0.5,0,,1745873.45118,0.383038764353,0.491534135304
IND_FUA_10007,Muzaffarpur,exponent,alpha_0.5_beta_0.5,0.5,0.5,,1710877.89289,0.375360856545,0.491850279106
IND_FUA_10007,Muzaffarpur,exponent,alpha_0.5_beta_1,0.5,1,,1693873.42946,0.37163013445,0.492010366997
IND_FUA_10007,Muzaffarpur,exponent,alpha_0.5_beta_2,0.5,2,,1673638.98592,0.367190765577,0.492073072283
IND_FUA_10007,Muzaffarpur,exponent,alpha_1_beta_0,1,0,,941040.155697,0.206461045731,0.464552492882
IND_FUA_10007,Muzaffarpur,exponent,alpha_1_beta_0.5,1,0.5,,917542.882319,0.201305822966,0.464394717497
IND_FUA_10007,Muzaffarpur,exponent,alpha_1_beta_1,1,1,,906736.504671,0.198934940049,0.464451859107
IND_FUA_10007,Muzaffarpur,exponent,alpha_1_beta_2,1,2,,894089.879535,0.196160313021,0.464414026823
IND_FUA_10007,Muzaffarpur,exponent,alpha_2_beta_0,2,0,,383731.200012,0.0841893349127,0.429082934555
IND_FUA_10007,Muzaffarpur,exponent,alpha_2_beta_0.5,2,0.5,,370773.663648,0.0813464950066,0.428263803154
IND_FUA_10007,Muzaffarpur,exponent,alpha_2_beta_1,2,1,,365410.614638,0.080169860088,0.428461783181
IND_FUA_10007,Muzaffarpur,exponent,alpha_2_beta_2,2,2,,359250.657456,0.0788183861965,0.428693285907
IND_FUA_10007,Muzaffarpur,binary_endpoint,endpoint_threshold_0.25,,1,0.25,1464285.25875,0.321259261829,0.437520346175
IND_FUA_10007,Muzaffarpur,binary_endpoint,endpoint_threshold_0.5,,1,0.5,460389.125774,0.101007826048,0.380452507721
IND_FUA_10007,Muzaffarpur,binary_endpoint,endpoint_threshold_0.75,,1,0.75,81185.2052654,0.0178117610344,0.337164679572
IND_FUA_10017,Patna,exponent,alpha_0_beta_0,0,0,,2677195,1,1.43394084792
IND_FUA_10017,Patna,exponent,alpha_0_beta_0.5,0,0.5,,2488488.11122,0.929513207375,1.45057162316
IND_FUA_10017,Patna,exponent,alpha_0_beta_1,0,1,,2411745.01354,0.900847720671,1.4522429963
IND_FUA_10017,Patna,exponent,alpha_0_beta_2,0,2,,2336586.44142,0.87277409431,1.44654999498
IND_FUA_10017,Patna,exponent,alpha_0.5_beta_0,0.5,0,,1320806.76604,0.493354711197,1.33208976639
IND_FUA_10017,Patna,exponent,alpha_0.5_beta_0.5,0.5,0.5,,1196186.41385,0.44680585981,1.35879670437
IND_FUA_10017,Patna,exponent,alpha_0.5_beta_1,0.5,1,,1149135.6703,0.42923121786,1.36601870924
IND_FUA_10017,Patna,exponent,alpha_0.5_beta_2,0.5,2,,1106078.90388,0.413148427322,1.36619768715
IND_FUA_10017,Patna,exponent,alpha_1_beta_0,1,0,,830902.15817,0.310362957562,1.30755588898
IND_FUA_10017,Patna,exponent,alpha_1_beta_0.5,1,0.5,,739465.114682,0.2762089107,1.34583626834
IND_FUA_10017,Patna,exponent,alpha_1_beta_1,1,1,,706343.88566,0.263837294504,1.35924929619
IND_FUA_10017,Patna,exponent,alpha_1_beta_2,1,2,,677094.677691,0.252911976039,1.36569910278
IND_FUA_10017,Patna,exponent,alpha_2_beta_0,2,0,,418454.106835,0.156303185549,1.25471424761
IND_FUA_10017,Patna,exponent,alpha_2_beta_0.5,2,0.5,,362195.450768,0.135289155541,1.31045376826
IND_FUA_10017,Patna,exponent,alpha_2_beta_1,2,1,,342778.926484,0.128036592958,1.33355601855
IND_FUA_10017,Patna,exponent,alpha_2_beta_2,2,2,,326407.185444,0.121921333875,1.34992315022
IND_FUA_10017,Patna,binary_endpoint,endpoint_threshold_0.25,,1,0.25,1222648.29924,0.456690042839,1.4020471069
IND_FUA_10017,Patna,binary_endpoint,endpoint_threshold_0.5,,1,0.5,504580.12543,0.188473430374,1.32986458007
IND_FUA_10017,Patna,binary_endpoint,endpoint_threshold_0.75,,1,0.75,121313.92301,0.045313816517,1.2146476243
IND_FUA_10065,Gaya,exponent,alpha_0_beta_0,0,0,,789658,1,0.038154713871
IND_FUA_10065,Gaya,exponent,alpha_0_beta_0.5,0,0.5,,766498.269412,0.970671188555,0.0389022845917
IND_FUA_10065,Gaya,exponent,alpha_0_beta_1,0,1,,756950.53651,0.958580216385,0.0391117265564
IND_FUA_10065,Gaya,exponent,alpha_0_beta_2,0,2,,746488.011961,0.945330778591,0.0393115414529
IND_FUA_10065,Gaya,exponent,alpha_0.5_beta_0,0.5,0,,310881.964607,0.393691907898,0.0235497904548
IND_FUA_10065,Gaya,exponent,alpha_0.5_beta_0.5,0.5,0.5,,297889.449716,0.377238563677,0.0244656318236
IND_FUA_10065,Gaya,exponent,alpha_0.5_beta_1,0.5,1,,293178.718206,0.371273029851,0.02478020072
IND_FUA_10065,Gaya,exponent,alpha_0.5_beta_2,0.5,2,,288102.207544,0.36484428391,0.0251042257393
IND_FUA_10065,Gaya,exponent,alpha_1_beta_0,1,0,,191228.043623,0.242165650982,0.0193074084297
IND_FUA_10065,Gaya,exponent,alpha_1_beta_0.5,1,0.5,,182394.754215,0.230979429342,0.0201230938678
IND_FUA_10065,Gaya,exponent,alpha_1_beta_1,1,1,,179297.349103,0.227056965297,0.0203819435349
IND_FUA_10065,Gaya,exponent,alpha_1_beta_2,1,2,,175943.240653,0.222809419588,0.0206404123272
IND_FUA_10065,Gaya,exponent,alpha_2_beta_0,2,0,,104641.000881,0.132514330104,0.0158537177521
IND_FUA_10065,Gaya,exponent,alpha_2_beta_0.5,2,0.5,,99692.611917,0.126247833767,0.0164971867704
IND_FUA_10065,Gaya,exponent,alpha_2_beta_1,2,1,,97885.3477231,0.123959166782,0.0166859924389
IND_FUA_10065,Gaya,exponent,alpha_2_beta_2,2,2,,95876.865749,0.121415683434,0.0168596032864
IND_FUA_10065,Gaya,binary_endpoint,endpoint_threshold_0.25,,1,0.25,261758.678893,0.331483602893,0.0172675707972
IND_FUA_10065,Gaya,binary_endpoint,endpoint_threshold_0.5,,1,0.5,135777.201417,0.171944311862,0.0220116139149
IND_FUA_10065,Gaya,binary_endpoint,endpoint_threshold_0.75,,1,0.75,55160.224093,0.0698533087653,0.00171810259165
IND_FUA_10142,Visakhapatnam,exponent,alpha_0_beta_0,0,0,,7311928,1,0.00962895489649
IND_FUA_10142,Visakhapatnam,exponent,alpha_0_beta_0.5,0,0.5,,6669504.13467,0.912140291134,0.0101109846661
IND_FUA_10142,Visakhapatnam,exponent,alpha_0_beta_1,0,1,,6328094.24351,0.865448106643,0.0103806362583
IND_FUA_10142,Visakhapatnam,exponent,alpha_0_beta_2,0,2,,5943111.15953,0.812796728787,0.0107103338517
IND_FUA_10142,Visakhapatnam,exponent,alpha_0.5_beta_0,0.5,0,,4145067.53208,0.566891185482,0.0043667556512
IND_FUA_10142,Visakhapatnam,exponent,alpha_0.5_beta_0.5,0.5,0.5,,3724877.02481,0.509424740617,0.00436777455474
IND_FUA_10142,Visakhapatnam,exponent,alpha_0.5_beta_1,0.5,1,,3510185.80056,0.480062960216,0.00435775255081
IND_FUA_10142,Visakhapatnam,exponent,alpha_0.5_beta_2,0.5,2,,3276376.81111,0.448086580053,0.0043549406393
IND_FUA_10142,Visakhapatnam,exponent,alpha_1_beta_0,1,0,,2896948.26552,0.396194856612,0.00303253201332
IND_FUA_10142,Visakhapatnam,exponent,alpha_1_beta_0.5,1,0.5,,2594844.53447,0.354878293997,0.00289297845414
IND_FUA_10142,Visakhapatnam,exponent,alpha_1_beta_1,1,1,,2443744.13581,0.334213375161,0.00281367986182
IND_FUA_10142,Visakhapatnam,exponent,alpha_1_beta_2,1,2,,2282021.85095,0.312095777058,0.00274240399099
IND_FUA_10142,Visakhapatnam,exponent,alpha_2_beta_0,2,0,,1768745.25838,0.241898615302,0.00165723024775
IND_FUA_10142,Visakhapatnam,exponent,alpha_2_beta_0.5,2,0.5,,1588006.65712,0.217180291863,0.00139756344854
IND_FUA_10142,Visakhapatnam,exponent,alpha_2_beta_1,2,1,,1499657.05607,0.205097349984,0.00127360807591
IND_FUA_10142,Visakhapatnam,exponent,alpha_2_beta_2,2,2,,1406587.95206,0.192368955501,0.00117242715242
IND_FUA_10142,Visakhapatnam,binary_endpoint,endpoint_threshold_0.25,,1,0.25,3847941.04839,0.526255325324,0.00388788177888
IND_FUA_10142,Visakhapatnam,binary_endpoint,endpoint_threshold_0.5,,1,0.5,2076635.65108,0.284006578166,0.000122829444717
IND_FUA_10142,Visakhapatnam,binary_endpoint,endpoint_threshold_0.75,,1,0.75,1027847.60964,0.140571352677,3.94731716833e-05
IND_FUA_10152,Begusarai,exponent,alpha_0_beta_0,0,0,,345601,1,1.07883885621
IND_FUA_10152,Begusarai,exponent,alpha_0_beta_0.5,0,0.5,,325410.768414,0.941579360055,1.09402309425
IND_FUA_10152,Begusarai,exponent,alpha_0_beta_1,0,1,,316340.703104,0.915335034055,1.10057506584
IND_FUA_10152,Begusarai,exponent,alpha_0_beta_2,0,2,,307216.199064,0.888933189036,1.10734604018
IND_FUA_10152,Begusarai,exponent,alpha_0.5_beta_0,0.5,0,,112127.142305,0.324441023911,0.983784744971
IND_FUA_10152,Begusarai,exponent,alpha_0.5_beta_0.5,0.5,0.5,,101183.5229,0.292775550129,1.00963501977
IND_FUA_10152,Begusarai,exponent,alpha_0.5_beta_1,0.5,1,,96844.4485558,0.280220394489,1.01902327982
IND_FUA_10152,Begusarai,exponent,alpha_0.5_beta_2,0.5,2,,92984.5117372,0.269051628141,1.02718321706
IND_FUA_10152,Begusarai,exponent,alpha_1_beta_0,1,0,,63778.1527276,0.184542732016,0.910923576312
IND_FUA_10152,Begusarai,exponent,alpha_1_beta_0.5,1,0.5,,56035.0885548,0.16213809727,0.939788511899
IND_FUA_10152,Begusarai,exponent,alpha_1_beta_1,1,1,,53184.3981753,0.153889595734,0.94998640489
IND_FUA_10152,Begusarai,exponent,alpha_1_beta_2,1,2,,50845.7278377,0.147122629384,0.958277392235
IND_FUA_10152,Begusarai,exponent,alpha_2_beta_0,2,0,,31808.4995054,0.0920382160508,0.780427251124
IND_FUA_10152,Begusarai,exponent,alpha_2_beta_0.5,2,0.5,,27120.9941002,0.0784748716012,0.804765083197
IND_FUA_10152,Begusarai,exponent,alpha_2_beta_1,2,1,,25488.2333006,0.0737504616614,0.813719899304
IND_FUA_10152,Begusarai,exponent,alpha_2_beta_2,2,2,,24243.3230582,0.070148301244,0.821274806306
IND_FUA_10152,Begusarai,binary_endpoint,endpoint_threshold_0.25,,1,0.25,76012.5174421,0.219942990449,1.06060053874
IND_FUA_10152,Begusarai,binary_endpoint,endpoint_threshold_0.5,,1,0.5,39371.7713711,0.113922619932,0.617849489401
IND_FUA_10152,Begusarai,binary_endpoint,endpoint_threshold_0.75,,1,0.75,14813.6474371,0.0428634391598,0.654815175768
IND_FUA_10168,Ranchi,exponent,alpha_0_beta_0,0,0,,3981456,1,0.000414208484833
IND_FUA_10168,Ranchi,exponent,alpha_0_beta_0.5,0,0.5,,3798492.48824,0.954046079685,0.000351118248171
IND_FUA_10168,Ranchi,exponent,alpha_0_beta_1,0,1,,3731277.97516,0.93716418696,0.000312735533389
IND_FUA_10168,Ranchi,exponent,alpha_0_beta_2,0,2,,3666113.8922,0.920797289284,0.000280251161813
IND_FUA_10168,Ranchi,exponent,alpha_0.5_beta_0,0.5,0,,1330455.21581,0.334162983544,0.000274961587954
IND_FUA_10168,Ranchi,exponent,alpha_0.5_beta_0.5,0.5,0.5,,1222242.23741,0.306983735952,0.00015163033206
IND_FUA_10168,Ranchi,exponent,alpha_0.5_beta_1,0.5,1,,1186995.14948,0.298130922326,7.99372256981e-05
IND_FUA_10168,Ranchi,exponent,alpha_0.5_beta_2,0.5,2,,1156009.52435,0.290348436439,2.30853725821e-05
IND_FUA_10168,Ranchi,exponent,alpha_1_beta_0,1,0,,717198.078032,0.180134623623,0.00032986306516
IND_FUA_10168,Ranchi,exponent,alpha_1_beta_0.5,1,0.5,,643272.973625,0.161567269267,0.000183947420975
IND_FUA_10168,Ranchi,exponent,alpha_1_beta_1,1,1,,620634.074086,0.155881183689,9.5484522393e-05
IND_FUA_10168,Ranchi,exponent,alpha_1_beta_2,1,2,,601884.215886,0.151171886839,2.49412826415e-05
IND_FUA_10168,Ranchi,exponent,alpha_2_beta_0,2,0,,303780.275888,0.0762987901632,0.000338685894459
IND_FUA_10168,Ranchi,exponent,alpha_2_beta_0.5,2,0.5,,262348.609534,0.065892630619,0.000195871839434
IND_FUA_10168,Ranchi,exponent,alpha_2_beta_1,2,1,,250452.131609,0.0629046589009,0.000102478478664
IND_FUA_10168,Ranchi,exponent,alpha_2_beta_2,2,2,,241306.752008,0.0606076651377,2.65400250999e-05
IND_FUA_10168,Ranchi,binary_endpoint,endpoint_threshold_0.25,,1,0.25,964114.944254,0.242151349721,0.000140227526611
IND_FUA_10168,Ranchi,binary_endpoint,endpoint_threshold_0.5,,1,0.5,334279.249235,0.0839590464482,0
IND_FUA_10168,Ranchi,binary_endpoint,endpoint_threshold_0.75,,1,0.75,65552.5743491,0.0164644728836,0
IND_FUA_10243,Dhanbad,exponent,alpha_0_beta_0,0,0,,3148475,1,0.0181111937864
IND_FUA_10243,Dhanbad,exponent,alpha_0_beta_0.5,0,0.5,,2877334.8121,0.913882057853,0.0189347537143
IND_FUA_10243,Dhanbad,exponent,alpha_0_beta_1,0,1,,2754788.74678,0.87495970169,0.0191340769925
IND_FUA_10243,Dhanbad,exponent,alpha_0_beta_2,0,2,,2633892.94234,0.836561491623,0.0190722854244
IND_FUA_10243,Dhanbad,exponent,alpha_0.5_beta_0,0.5,0,,1041337.29892,0.330743391299,0.00394725238469
IND_FUA_10243,Dhanbad,exponent,alpha_0.5_beta_0.5,0.5,0.5,,914469.939959,0.290448531419,0.00431913460961
IND_FUA_10243,Dhanbad,exponent,alpha_0.5_beta_1,0.5,1,,863224.994819,0.274172415159,0.00446143132303
IND_FUA_10243,Dhanbad,exponent,alpha_0.5_beta_2,0.5,2,,817590.248691,0.259678177115,0.00456627803885
IND_FUA_10243,Dhanbad,exponent,alpha_1_beta_0,1,0,,588179.257937,0.186814015654,0.00152129776411
IND_FUA_10243,Dhanbad,exponent,alpha_1_beta_0.5,1,0.5,,506157.65324,0.160762798891,0.00164226424858
IND_FUA_10243,Dhanbad,exponent,alpha_1_beta_1,1,1,,474796.570795,0.150802077449,0.00166957551517
IND_FUA_10243,Dhanbad,exponent,alpha_1_beta_2,1,2,,448190.103722,0.142351488807,0.00167747313986
IND_FUA_10243,Dhanbad,exponent,alpha_2_beta_0,2,0,,264348.003837,0.0839606488337,0.000290397873049
IND_FUA_10243,Dhanbad,exponent,alpha_2_beta_0.5,2,0.5,,219839.748616,0.0698242001656,0.00026514280087
IND_FUA_10243,Dhanbad,exponent,alpha_2_beta_1,2,1,,204033.065289,0.0648037749351,0.00023164137603
IND_FUA_10243,Dhanbad,exponent,alpha_2_beta_2,2,2,,191525.262774,0.060831120709,0.0001911476365
IND_FUA_10243,Dhanbad,binary_endpoint,endpoint_threshold_0.25,,1,0.25,787915.266781,0.250252984947,0.000155825144679
IND_FUA_10243,Dhanbad,binary_endpoint,endpoint_threshold_0.5,,1,0.5,257206.300744,0.0816923433547,0
IND_FUA_10243,Dhanbad,binary_endpoint,endpoint_threshold_0.75,,1,0.75,58806.2275343,0.0186776860335,0
IND_FUA_10285,Jamshedpur,exponent,alpha_0_beta_0,0,0,,534462,1,0.184731753032
IND_FUA_10285,Jamshedpur,exponent,alpha_0_beta_0.5,0,0.5,,395842.046604,0.740636465463,0.222630355329
IND_FUA_10285,Jamshedpur,exponent,alpha_0_beta_1,0,1,,355303.26924,0.664786774814,0.236427292563
IND_FUA_10285,Jamshedpur,exponent,alpha_0_beta_2,0,2,,316494.282763,0.592173592815,0.252444031728
IND_FUA_10285,Jamshedpur,exponent,alpha_0.5_beta_0,0.5,0,,232828.935005,0.435632346182,0.161137063869
IND_FUA_10285,Jamshedpur,exponent,alpha_0.5_beta_0.5,0.5,0.5,,168069.167736,0.314464204632,0.201210146853
IND_FUA_10285,Jamshedpur,exponent,alpha_0.5_beta_1,0.5,1,,146645.554793,0.274379759071,0.22122756432
IND_FUA_10285,Jamshedpur,exponent,alpha_0.5_beta_2,0.5,2,,126279.338329,0.236273745054,0.247303399279
IND_FUA_10285,Jamshedpur,exponent,alpha_1_beta_0,1,0,,147671.490941,0.276299327064,0.146768765454
IND_FUA_10285,Jamshedpur,exponent,alpha_1_beta_0.5,1,0.5,,106797.071471,0.199821636469,0.185825269565
IND_FUA_10285,Jamshedpur,exponent,alpha_1_beta_1,1,1,,91900.3536365,0.171949275414,0.208898931103
IND_FUA_10285,Jamshedpur,exponent,alpha_1_beta_2,1,2,,77509.9804194,0.1450243056,0.240562909241
IND_FUA_10285,Jamshedpur,exponent,alpha_2_beta_0,2,0,,83421.3711396,0.156084756521,0.116560538453
IND_FUA_10285,Jamshedpur,exponent,alpha_2_beta_0.5,2,0.5,,60809.7948759,0.113777583581,0.149460132134
IND_FUA_10285,Jamshedpur,exponent,alpha_2_beta_1,2,1,,51221.5665553,0.0958376209259,0.173639675406
IND_FUA_10285,Jamshedpur,exponent,alpha_2_beta_2,2,2,,41664.3246447,0.0779556350959,0.20957581129
IND_FUA_10285,Jamshedpur,binary_endpoint,endpoint_threshold_0.25,,1,0.25,138006.190164,0.258215158728,0.211021852656
IND_FUA_10285,Jamshedpur,binary_endpoint,endpoint_threshold_0.5,,1,0.5,60363.2914784,0.112942157681,0.178698992968
IND_FUA_10285,Jamshedpur,binary_endpoint,endpoint_threshold_0.75,,1,0.75,33866.3016137,0.0633652188812,0.193662188918
IND_FUA_10313,Asansol,exponent,alpha_0_beta_0,0,0,,1422481,1,0.018007591621
IND_FUA_10313,Asansol,exponent,alpha_0_beta_0.5,0,0.5,,1248842.75235,0.877932817627,0.0180879448406
IND_FUA_10313,Asansol,exponent,alpha_0_beta_1,0,1,,1182468.78514,0.831272111996,0.0174219048221
IND_FUA_10313,Asansol,exponent,alpha_0_beta_2,0,2,,1119472.85225,0.78698615465,0.0162796475696
IND_FUA_10313,Asansol,exponent,alpha_0.5_beta_0,0.5,0,,443590.400174,0.311842759358,0.00893357758657
IND_FUA_10313,Asansol,exponent,alpha_0.5_beta_0.5,0.5,0.5,,350708.44291,0.246547013922,0.00815459226039
IND_FUA_10313,Asansol,exponent,alpha_0.5_beta_1,0.5,1,,319667.247152,0.224725143712,0.00673972655178
IND_FUA_10313,Asansol,exponent,alpha_0.5_beta_2,0.5,2,,292755.894349,0.205806541071,0.00471653722626
IND_FUA_10313,Asansol,exponent,alpha_1_beta_0,1,0,,244128.98651,0.171621966487,0.00920304946609
IND_FUA_10313,Asansol,exponent,alpha_1_beta_0.5,1,0.5,,181320.478792,0.127467768491,0.00839989584246
IND_FUA_10313,Asansol,exponent,alpha_1_beta_1,1,1,,161881.801107,0.113802434695,0.00651893178658
IND_FUA_10313,Asansol,exponent,alpha_1_beta_2,1,2,,145608.036618,0.102362025657,0.00375659494976
IND_FUA_10313,Asansol,exponent,alpha_2_beta_0,2,0,,109097.756129,0.07669540481,0.00993359853872
IND_FUA_10313,Asansol,exponent,alpha_2_beta_0.5,2,0.5,,71899.2815532,0.0505449855241,0.0099420876592
IND_FUA_10313,Asansol,exponent,alpha_2_beta_1,2,1,,61511.3557883,0.0432423039663,0.00769900732359
IND_FUA_10313,Asansol,exponent,alpha_2_beta_2,2,2,,53049.9653907,0.0372939711607,0.00398109458182
IND_FUA_10313,Asansol,binary_endpoint,endpoint_threshold_0.25,,1,0.25,250106.814588,0.175824362215,0.0064096084642
IND_FUA_10313,Asansol,binary_endpoint,endpoint_threshold_0.5,,1,0.5,71318.8033069,0.0501369110075,0.0145226802697
IND_FUA_10313,Asansol,binary_endpoint,endpoint_threshold_0.75,,1,0.75,13706.6113908,0.00963570788697,0
IND_FUA_10354,Bhubaneshwar,exponent,alpha_0_beta_0,0,0,,1450407,1,0.346809920684
IND_FUA_10354,Bhubaneshwar,exponent,alpha_0_beta_0.5,0,0.5,,1178133.71815,0.812278014483,0.376816838858
IND_FUA_10354,Bhubaneshwar,exponent,alpha_0_beta_1,0,1,,1080723.89086,0.745117674463,0.391135832382
IND_FUA_10354,Bhubaneshwar,exponent,alpha_0_beta_2,0,2,,988517.207579,0.681544702679,0.407759813342
IND_FUA_10354,Bhubaneshwar,exponent,alpha_0.5_beta_0,0.5,0,,660575.324923,0.455441351926,0.339374739159
IND_FUA_10354,Bhubaneshwar,exponent,alpha_0.5_beta_0.5,0.5,0.5,,520128.540083,0.358608680242,0.374825665686
IND_FUA_10354,Bhubaneshwar,exponent,alpha_0.5_beta_1,0.5,1,,473873.809941,0.326717817786,0.391365428396
IND_FUA_10354,Bhubaneshwar,exponent,alpha_0.5_beta_2,0.5,2,,432542.035547,0.298221144511,0.40987548073
IND_FUA_10354,Bhubaneshwar,exponent,alpha_1_beta_0,1,0,,371413.2614,0.256075199168,0.330575316522
IND_FUA_10354,Bhubaneshwar,exponent,alpha_1_beta_0.5,1,0.5,,289194.821805,0.199388738337,0.369182387202
IND_FUA_10354,Bhubaneshwar,exponent,alpha_1_beta_1,1,1,,263233.439164,0.181489360686,0.386697150774
IND_FUA_10354,Bhubaneshwar,exponent,alpha_1_beta_2,1,2,,240598.625985,0.165883525097,0.405750176482
IND_FUA_10354,Bhubaneshwar,exponent,alpha_2_beta_0,2,0,,151982.969518,0.104786428581,0.305543519657
IND_FUA_10354,Bhubaneshwar,exponent,alpha_2_beta_0.5,2,0.5,,117282.045253,0.0808614721612,0.348941432436
IND_FUA_10354,Bhubaneshwar,exponent,alpha_2_beta_1,2,1,,106723.275354,0.0735816052694,0.368076003384
IND_FUA_10354,Bhubaneshwar,exponent,alpha_2_beta_2,2,2,,97604.9548047,0.0672948729596,0.388550149364
IND_FUA_10354,Bhubaneshwar,binary_endpoint,endpoint_threshold_0.25,,1,0.25,463990.962251,0.319903973334,0.385918763122
IND_FUA_10354,Bhubaneshwar,binary_endpoint,endpoint_threshold_0.5,,1,0.5,129139.739685,0.089036897702,0.326387784625
IND_FUA_10354,Bhubaneshwar,binary_endpoint,endpoint_threshold_0.75,,1,0.75,13587.3588442,0.00936796281612,0.0047468981082
IND_FUA_10432,Berhampore,exponent,alpha_0_beta_0,0,0,,258040,1,0.774709514047
IND_FUA_10432,Berhampore,exponent,alpha_0_beta_0.5,0,0.5,,239671.097667,0.928813740763,0.786311235118
IND_FUA_10432,Berhampore,exponent,alpha_0_beta_1,0,1,,231864.702216,0.898561084389,0.790232087678
IND_FUA_10432,Berhampore,exponent,alpha_0_beta_2,0,2,,223543.559167,0.866313591565,0.794190337414
IND_FUA_10432,Berhampore,exponent,alpha_0.5_beta_0,0.5,0,,43998.8438422,0.170511718502,0.655510162958
IND_FUA_10432,Berhampore,exponent,alpha_0.5_beta_0.5,0.5,0.5,,36956.8756587,0.14322149922,0.663348064745
IND_FUA_10432,Berhampore,exponent,alpha_0.5_beta_1,0.5,1,,34609.7041749,0.134125345586,0.663345126162
IND_FUA_10432,Berhampore,exponent,alpha_0.5_beta_2,0.5,2,,32589.6650292,0.126296950198,0.660519688562
IND_FUA_10432,Berhampore,exponent,alpha_1_beta_0,1,0,,17349.0638936,0.0672340098185,0.614883977154
IND_FUA_10432,Berhampore,exponent,alpha_1_beta_0.5,1,0.5,,13378.571075,0.05184688837,0.62612958405
IND_FUA_10432,Berhampore,exponent,alpha_1_beta_1,1,1,,12169.7407799,0.0471622259337,0.628225325918
IND_FUA_10432,Berhampore,exponent,alpha_1_beta_2,1,2,,11233.0384024,0.0435321593646,0.624196772777
IND_FUA_10432,Berhampore,exponent,alpha_2_beta_0,2,0,,4666.24713576,0.0180834255765,0.526602382317
IND_FUA_10432,Berhampore,exponent,alpha_2_beta_0.5,2,0.5,,2923.67304316,0.0113303094216,0.549313157874
IND_FUA_10432,Berhampore,exponent,alpha_2_beta_1,2,1,,2431.24368875,0.00942196438053,0.566092284927
IND_FUA_10432,Berhampore,exponent,alpha_2_beta_2,2,2,,2094.76679591,0.00811799254345,0.569199414555
IND_FUA_10432,Berhampore,binary_endpoint,endpoint_threshold_0.25,,1,0.25,12493.1509687,0.0484155594819,0.674169118081
IND_FUA_10432,Berhampore,binary_endpoint,endpoint_threshold_0.5,,1,0.5,430.462658584,0.00166820128114,0.186732037734
IND_FUA_10432,Berhampore,binary_endpoint,endpoint_threshold_0.75,,1,0.75,105.264405072,0.000407938323794,0.122323130821
IND_FUA_10441,Tamluk,exponent,alpha_0_beta_0,0,0,,2897193,1,0.577415816203
IND_FUA_10441,Tamluk,exponent,alpha_0_beta_0.5,0,0.5,,2819873.74419,0.973312355853,0.579741108989
IND_FUA_10441,Tamluk,exponent,alpha_0_beta_1,0,1,,2782249.81092,0.960326015877,0.580271298075
IND_FUA_10441,Tamluk,exponent,alpha_0_beta_2,0,2,,2740160.37913,0.945798356937,0.581138035748
IND_FUA_10441,Tamluk,exponent,alpha_0.5_beta_0,0.5,0,,636649.281274,0.2197469348,0.575804885567
IND_FUA_10441,Tamluk,exponent,alpha_0.5_beta_0.5,0.5,0.5,,605951.718982,0.209151312661,0.576990473824
IND_FUA_10441,Tamluk,exponent,alpha_0.5_beta_1,0.5,1,,592377.935114,0.204466162632,0.576089915411
IND_FUA_10441,Tamluk,exponent,alpha_0.5_beta_2,0.5,2,,578440.361885,0.199655446456,0.575475377714
IND_FUA_10441,Tamluk,exponent,alpha_1_beta_0,1,0,,236631.720989,0.0816762020996,0.608341359635
IND_FUA_10441,Tamluk,exponent,alpha_1_beta_0.5,1,0.5,,219962.37016,0.0759225809808,0.60902470016
IND_FUA_10441,Tamluk,exponent,alpha_1_beta_1,1,1,,212983.245048,0.07351365444,0.606800325165
IND_FUA_10441,Tamluk,exponent,alpha_1_beta_2,1,2,,206197.7444,0.0711715596442,0.604641085286
IND_FUA_10441,Tamluk,exponent,alpha_2_beta_0,2,0,,59960.1744289,0.0206959544735,0.716869113854
IND_FUA_10441,Tamluk,exponent,alpha_2_beta_0.5,2,0.5,,52594.8224301,0.0181537172118,0.730565769933
IND_FUA_10441,Tamluk,exponent,alpha_2_beta_1,2,1,,49790.1995112,0.0171856688564,0.730216934166
IND_FUA_10441,Tamluk,exponent,alpha_2_beta_2,2,2,,47247.0484426,0.0163078705639,0.727977543062
IND_FUA_10441,Tamluk,binary_endpoint,endpoint_threshold_0.25,,1,0.25,160481.622731,0.0553921063355,0.692474751094
IND_FUA_10441,Tamluk,binary_endpoint,endpoint_threshold_0.5,,1,0.5,35210.1794931,0.0121532046685,1.03487320194
IND_FUA_10441,Tamluk,binary_endpoint,endpoint_threshold_0.75,,1,0.75,15749.7941634,0.00543622539588,1.28911180536
IND_FUA_10452,Kolkata,exponent,alpha_0_beta_0,0,0,,10554134,1,0.508989180591
IND_FUA_10452,Kolkata,exponent,alpha_0_beta_0.5,0,0.5,,9198835.10616,0.871585968698,0.512951450309
IND_FUA_10452,Kolkata,exponent,alpha_0_beta_1,0,1,,8574009.5089,0.812383991799,0.515392426177
IND_FUA_10452,Kolkata,exponent,alpha_0_beta_2,0,2,,7925608.22084,0.75094822757,0.517223508694
IND_FUA_10452,Kolkata,exponent,alpha_0.5_beta_0,0.5,0,,2315849.79139,0.219425846914,0.529910007706
IND_FUA_10452,Kolkata,exponent,alpha_0.5_beta_0.5,0.5,0.5,,1627381.76643,0.154193775295,0.559383199087
IND_FUA_10452,Kolkata,exponent,alpha_0.5_beta_1,0.5,1,,1346533.62506,0.127583525571,0.576180529059
IND_FUA_10452,Kolkata,exponent,alpha_0.5_beta_2,0.5,2,,1089692.87243,0.103247966383,0.590720500991
IND_FUA_10452,Kolkata,exponent,alpha_1_beta_0,1,0,,1266221.48342,0.119973982083,0.541797516163
IND_FUA_10452,Kolkata,exponent,alpha_1_beta_0.5,1,0.5,,831432.481294,0.0787778970111,0.589285780709
IND_FUA_10452,Kolkata,exponent,alpha_1_beta_1,1,1,,664236.042101,0.0629361008777,0.616849695188
IND_FUA_10452,Kolkata,exponent,alpha_1_beta_2,1,2,,519454.108792,0.0492180702644,0.643590741531
IND_FUA_10452,Kolkata,exponent,alpha_2_beta_0,2,0,,576202.632408,0.0545949703128,0.552761456619
IND_FUA_10452,Kolkata,exponent,alpha_2_beta_0.5,2,0.5,,358668.458566,0.0339836938366,0.6174482844
IND_FUA_10452,Kolkata,exponent,alpha_2_beta_1,2,1,,280571.498894,0.0265840379603,0.653541259651
IND_FUA_10452,Kolkata,exponent,alpha_2_beta_2,2,2,,216518.985575,0.0205150877917,0.690099870169
IND_FUA_10452,Kolkata,binary_endpoint,endpoint_threshold_0.25,,1,0.25,924077.848755,0.0875560087407,0.655760769696
IND_FUA_10452,Kolkata,binary_endpoint,endpoint_threshold_0.5,,1,0.5,346797.749904,0.0328589489108,0.694618629412
IND_FUA_10452,Kolkata,binary_endpoint,endpoint_threshold_0.75,,1,0.75,112561.047332,0.0106651144785,0.685836949748
IND_FUA_10453,Kolkata,exponent,alpha_0_beta_0,0,0,,754460,1,0.310206821002
IND_FUA_10453,Kolkata,exponent,alpha_0_beta_0.5,0,0.5,,733456.410441,0.972160764575,0.314532829201
IND_FUA_10453,Kolkata,exponent,alpha_0_beta_1,0,1,,718935.951787,0.95291460354,0.317455997832
IND_FUA_10453,Kolkata,exponent,alpha_0_beta_2,0,2,,698998.720876,0.926488774589,0.321473832936
IND_FUA_10453,Kolkata,exponent,alpha_0.5_beta_0,0.5,0,,53108.9798425,0.0703933672329,0.366539020498
IND_FUA_10453,Kolkata,exponent,alpha_0.5_beta_0.5,0.5,0.5,,47258.7923671,0.0626392285437,0.394865058397
IND_FUA_10453,Kolkata,exponent,alpha_0.5_beta_1,0.5,1,,43888.190357,0.0581716596731,0.412203552185
IND_FUA_10453,Kolkata,exponent,alpha_0.5_beta_2,0.5,2,,40064.016726,0.0531029037007,0.431854775087
IND_FUA_10453,Kolkata,exponent,alpha_1_beta_0,1,0,,18400.1203559,0.0243884637435,0.384312939464
IND_FUA_10453,Kolkata,exponent,alpha_1_beta_0.5,1,0.5,,15391.9316158,0.0204012560186,0.433938607068
IND_FUA_10453,Kolkata,exponent,alpha_1_beta_1,1,1,,13784.5156293,0.0182707043836,0.465034785429
IND_FUA_10453,Kolkata,exponent,alpha_1_beta_2,1,2,,12118.1768769,0.0160620534911,0.499192835376
IND_FUA_10453,Kolkata,exponent,alpha_2_beta_0,2,0,,4556.72048844,0.00603971116884,0.379678137256
IND_FUA_10453,Kolkata,exponent,alpha_2_beta_0.5,2,0.5,,3462.18319012,0.00458895526617,0.468632044175
IND_FUA_10453,Kolkata,exponent,alpha_2_beta_1,2,1,,2915.43749698,0.00386427046759,0.532382081137
IND_FUA_10453,Kolkata,exponent,alpha_2_beta_2,2,2,,2398.6713832,0.00317932214193,0.609495671922
IND_FUA_10453,Kolkata,binary_endpoint,endpoint_threshold_0.25,,1,0.25,16312.9116254,0.0216219701845,0.691754094533
IND_FUA_10453,Kolkata,binary_endpoint,endpoint_threshold_0.5,,1,0.5,1114.34575891,0.00147701105283,0
IND_FUA_10453,Kolkata,binary_endpoint,endpoint_threshold_0.75,,1,0.75,0,0,
IND_FUA_10496,Guwahati,exponent,alpha_0_beta_0,0,0,,788595,1,0.873432491065
IND_FUA_10496,Guwahati,exponent,alpha_0_beta_0.5,0,0.5,,685825.455639,0.86968019787,0.926232873146
IND_FUA_10496,Guwahati,exponent,alpha_0_beta_1,0,1,,644974.992435,0.817878622658,0.94714938021
IND_FUA_10496,Guwahati,exponent,alpha_0_beta_2,0,2,,605504.649757,0.767827147974,0.96242591576
IND_FUA_10496,Guwahati,exponent,alpha_0.5_beta_0,0.5,0,,277764.28825,0.352226793538,0.840311660244
IND_FUA_10496,Guwahati,exponent,alpha_0.5_beta_0.5,0.5,0.5,,217240.888703,0.275478399816,0.940540897892
IND_FUA_10496,Guwahati,exponent,alpha_0.5_beta_1,0.5,1,,195216.458289,0.247549703319,0.98150815843
IND_FUA_10496,Guwahati,exponent,alpha_0.5_beta_2,0.5,2,,175220.137378,0.222192807941,1.01261954018
IND_FUA_10496,Guwahati,exponent,alpha_1_beta_0,1,0,,164761.513976,0.208930457302,0.890469636749
IND_FUA_10496,Guwahati,exponent,alpha_1_beta_0.5,1,0.5,,122913.540443,0.15586396115,1.03695933891
IND_FUA_10496,Guwahati,exponent,alpha_1_beta_1,1,1,,108363.747815,0.137413688668,1.09837352584
IND_FUA_10496,Guwahati,exponent,alpha_1_beta_2,1,2,,95527.7475057,0.121136638586,1.1488265405
IND_FUA_10496,Guwahati,exponent,alpha_2_beta_0,2,0,,82676.3705126,0.104840089669,0.959838803943
IND_FUA_10496,Guwahati,exponent,alpha_2_beta_0.5,2,0.5,,58442.0450776,0.0741090738308,1.17825730226
IND_FUA_10496,Guwahati,exponent,alpha_2_beta_1,2,1,,50533.1344589,0.0640799579744,1.27161289843
IND_FUA_10496,Guwahati,exponent,alpha_2_beta_2,2,2,,43784.0690705,0.0555216163816,1.35128200011
IND_FUA_10496,Guwahati,binary_endpoint,endpoint_threshold_0.25,,1,0.25,157277.916292,0.199440671437,1.1908461293
IND_FUA_10496,Guwahati,binary_endpoint,endpoint_threshold_0.5,,1,0.5,76403.2848194,0.0968853274741,1.377754661
IND_FUA_10496,Guwahati,binary_endpoint,endpoint_threshold_0.75,,1,0.75,18467.6683763,0.0234184446723,1.28114307692
IND_FUA_10533,Imphal,exponent,alpha_0_beta_0,0,0,,738716,1,0.404211377564
IND_FUA_10533,Imphal,exponent,alpha_0_beta_0.5,0,0.5,,653812.420207,0.885066006702,0.41260016895
IND_FUA_10533,Imphal,exponent,alpha_0_beta_1,0,1,,617410.567002,0.835788810588,0.41330007966
IND_FUA_10533,Imphal,exponent,alpha_0_beta_2,0,2,,580191.54753,0.785405416331,0.412082747697
IND_FUA_10533,Imphal,exponent,alpha_0.5_beta_0,0.5,0,,315147.267211,0.426614919957,0.3282589982
IND_FUA_10533,Imphal,exponent,alpha_0.5_beta_0.5,0.5,0.5,,263252.278379,0.356364662981,0.343301066969
IND_FUA_10533,Imphal,exponent,alpha_0.5_beta_1,0.5,1,,243465.25652,0.329578967451,0.344658196364
IND_FUA_10533,Imphal,exponent,alpha_0.5_beta_2,0.5,2,,225183.758475,0.304831299817,0.342197083321
IND_FUA_10533,Imphal,exponent,alpha_1_beta_0,1,0,,192266.651968,0.260271406019,0.286968925389
IND_FUA_10533,Imphal,exponent,alpha_1_beta_0.5,1,0.5,,155662.539196,0.210720411087,0.30737783269
IND_FUA_10533,Imphal,exponent,alpha_1_beta_1,1,1,,142812.306687,0.193325048715,0.310776821757
IND_FUA_10533,Imphal,exponent,alpha_1_beta_2,1,2,,131705.558417,0.178289841316,0.310371369169
IND_FUA_10533,Imphal,exponent,alpha_2_beta_0,2,0,,98593.4042822,0.133465911504,0.204602843941
IND_FUA_10533,Imphal,exponent,alpha_2_beta_0.5,2,0.5,,76713.1795738,0.103846646849,0.223951675722
IND_FUA_10533,Imphal,exponent,alpha_2_beta_1,2,1,,69934.344139,0.0946701359372,0.227580045892
IND_FUA_10533,Imphal,exponent,alpha_2_beta_2,2,2,,64558.3945562,0.0873927118896,0.228933723155
IND_FUA_10533,Imphal,binary_endpoint,endpoint_threshold_0.25,,1,0.25,232608.138196,0.31488168416,0.329807403749
IND_FUA_10533,Imphal,binary_endpoint,endpoint_threshold_0.5,,1,0.5,76854.4674599,0.104037908289,0.205779724451
IND_FUA_10533,Imphal,binary_endpoint,endpoint_threshold_0.75,,1,0.75,37595.614735,0.0508931913415,2.30489468745e-05
