unit_key,eFUA_name,scenario,setting,retained_record_count,retained_positive_GHSL_change_m2,retained_positive_GHSL_fraction,denominator_m2,retained_added_surface_fraction,depth_m
IND_FUA_02091,Srinagar,ghsl_only,GHSL_g_gt_0_m2,3576,628655,1,628655,1,0.876950240421
IND_FUA_02091,Srinagar,endpoint_supported,GHSL_g_gt_0_m2,3576,628655,1,109413.768572,0.174044219122,1.01150659219
IND_FUA_02091,Srinagar,preexisting_detected_screened,GHSL_g_gt_0_m2,3576,628655,1,325117.72576,0.517163986225,0.860884828828
IND_FUA_02091,Srinagar,joint_supported_screened,GHSL_g_gt_0_m2,3576,628655,1,33105.0204128,0.0526600765328,0.889345546671
IND_FUA_02091,Srinagar,ghsl_only,GHSL_g_gt_10_m2,2068,622810,0.990702372525,622810,0.990702372525,0.879286501445
IND_FUA_02091,Srinagar,endpoint_supported,GHSL_g_gt_10_m2,2068,622810,0.990702372525,109379.05233,0.173988996078,1.01168637894
IND_FUA_02091,Srinagar,preexisting_detected_screened,GHSL_g_gt_10_m2,2068,622810,0.990702372525,319467.96329,0.508176922621,0.865159763242
IND_FUA_02091,Srinagar,joint_supported_screened,GHSL_g_gt_10_m2,2068,622810,0.990702372525,33072.8002769,0.05260882404,0.889817975979
IND_FUA_02091,Srinagar,ghsl_only,GHSL_g_gt_50_m2,1406,606751,0.96515735976,606751,0.96515735976,0.885033805158
IND_FUA_02091,Srinagar,endpoint_supported,GHSL_g_gt_50_m2,1406,606751,0.96515735976,108479.75498,0.172558485942,1.0143482237
IND_FUA_02091,Srinagar,preexisting_detected_screened,GHSL_g_gt_50_m2,1406,606751,0.96515735976,306507.545598,0.487560817297,0.875800498336
IND_FUA_02091,Srinagar,joint_supported_screened,GHSL_g_gt_50_m2,1406,606751,0.96515735976,32703.0017537,0.0520205864165,0.894082813266
IND_FUA_02091,Srinagar,ghsl_only,GHSL_g_gt_100_m2,1147,587601,0.934695500712,587601,0.934695500712,0.886320650554
IND_FUA_02091,Srinagar,endpoint_supported,GHSL_g_gt_100_m2,1147,587601,0.934695500712,106778.462755,0.169852244483,1.01864687725
IND_FUA_02091,Srinagar,preexisting_detected_screened,GHSL_g_gt_100_m2,1147,587601,0.934695500712,294414.299247,0.468324119345,0.87741201854
IND_FUA_02091,Srinagar,joint_supported_screened,GHSL_g_gt_100_m2,1147,587601,0.934695500712,32372.7374755,0.0514952358217,0.898131754005
IND_FUA_02091,Srinagar,ghsl_only,GHSL_g_gt_500_m2,388,399225,0.635046249533,399225,0.635046249533,0.864057936054
IND_FUA_02091,Srinagar,endpoint_supported,GHSL_g_gt_500_m2,388,399225,0.635046249533,84018.625084,0.133648225313,0.986239807813
IND_FUA_02091,Srinagar,preexisting_detected_screened,GHSL_g_gt_500_m2,388,399225,0.635046249533,187988.728138,0.299033218757,0.887715455035
IND_FUA_02091,Srinagar,joint_supported_screened,GHSL_g_gt_500_m2,388,399225,0.635046249533,27686.2808969,0.0440405005876,0.857428629723
IND_FUA_02091,Srinagar,ghsl_only,exclude_any_permanent_water_QA,3406,587762,0.934951603026,587762,0.934951603026,0.733377687522
IND_FUA_02091,Srinagar,endpoint_supported,exclude_any_permanent_water_QA,3406,587762,0.934951603026,99859.9642098,0.158847005448,0.825313042563
IND_FUA_02091,Srinagar,preexisting_detected_screened,exclude_any_permanent_water_QA,3406,587762,0.934951603026,301963.374892,0.480332415859,0.693960905353
IND_FUA_02091,Srinagar,joint_supported_screened,exclude_any_permanent_water_QA,3406,587762,0.934951603026,29026.6349159,0.0461725985094,0.583023945947
IND_FUA_02091,Srinagar,ghsl_only,exclude_any_spurious_depth_QA,3576,628655,1,628655,1,0.876950240421
IND_FUA_02091,Srinagar,endpoint_supported,exclude_any_spurious_depth_QA,3576,628655,1,109413.768572,0.174044219122,1.01150659219
IND_FUA_02091,Srinagar,preexisting_detected_screened,exclude_any_spurious_depth_QA,3576,628655,1,325117.72576,0.517163986225,0.860884828828
IND_FUA_02091,Srinagar,joint_supported_screened,exclude_any_spurious_depth_QA,3576,628655,1,33105.0204128,0.0526600765328,0.889345546671
IND_FUA_02091,Srinagar,ghsl_only,exclude_either_QA,3406,587762,0.934951603026,587762,0.934951603026,0.733377687522
IND_FUA_02091,Srinagar,endpoint_supported,exclude_either_QA,3406,587762,0.934951603026,99859.9642098,0.158847005448,0.825313042563
IND_FUA_02091,Srinagar,preexisting_detected_screened,exclude_either_QA,3406,587762,0.934951603026,301963.374892,0.480332415859,0.693960905353
IND_FUA_02091,Srinagar,joint_supported_screened,exclude_either_QA,3406,587762,0.934951603026,29026.6349159,0.0461725985094,0.583023945947
IND_FUA_03357,Jammu,ghsl_only,GHSL_g_gt_0_m2,8365,2691946,1,2691946,1,0.0836882828889
IND_FUA_03357,Jammu,endpoint_supported,GHSL_g_gt_0_m2,8365,2691946,1,723087.702877,0.268611518536,0.0812735107587
IND_FUA_03357,Jammu,preexisting_detected_screened,GHSL_g_gt_0_m2,8365,2691946,1,2127792.60738,0.790429156968,0.0877522542926
IND_FUA_03357,Jammu,joint_supported_screened,GHSL_g_gt_0_m2,8365,2691946,1,486460.579203,0.180709635038,0.093258788995
IND_FUA_03357,Jammu,ghsl_only,GHSL_g_gt_10_m2,6353,2682846,0.99661954586,2682846,0.99661954586,0.0835668152063
IND_FUA_03357,Jammu,endpoint_supported,GHSL_g_gt_10_m2,6353,2682846,0.99661954586,722893.382588,0.268539332731,0.081271020452
IND_FUA_03357,Jammu,preexisting_detected_screened,GHSL_g_gt_10_m2,6353,2682846,0.99661954586,2118751.11366,0.787070436649,0.0876284440943
IND_FUA_03357,Jammu,joint_supported_screened,GHSL_g_gt_10_m2,6353,2682846,0.99661954586,486267.513507,0.180637915288,0.0932597061837
IND_FUA_03357,Jammu,ghsl_only,GHSL_g_gt_50_m2,4496,2634734,0.978746973379,2634734,0.978746973379,0.0829937830912
IND_FUA_03357,Jammu,endpoint_supported,GHSL_g_gt_50_m2,4496,2634734,0.978746973379,720202.208148,0.267539619349,0.0814018119668
IND_FUA_03357,Jammu,preexisting_detected_screened,GHSL_g_gt_50_m2,4496,2634734,0.978746973379,2073249.43773,0.770167543381,0.0870114571406
IND_FUA_03357,Jammu,joint_supported_screened,GHSL_g_gt_50_m2,4496,2634734,0.978746973379,484282.597616,0.179900561756,0.0933970563039
IND_FUA_03357,Jammu,ghsl_only,GHSL_g_gt_100_m2,3669,2575890,0.956887693884,2575890,0.956887693884,0.0820101858277
IND_FUA_03357,Jammu,endpoint_supported,GHSL_g_gt_100_m2,3669,2575890,0.956887693884,713447.750554,0.26503048373,0.0817781354686
IND_FUA_03357,Jammu,preexisting_detected_screened,GHSL_g_gt_100_m2,3669,2575890,0.956887693884,2022764.32907,0.751413412107,0.0860051271717
IND_FUA_03357,Jammu,joint_supported_screened,GHSL_g_gt_100_m2,3669,2575890,0.956887693884,480343.022747,0.178437094484,0.0936509727562
IND_FUA_03357,Jammu,ghsl_only,GHSL_g_gt_500_m2,1602,2043936,0.759278232179,2043936,0.759278232179,0.0726543492782
IND_FUA_03357,Jammu,endpoint_supported,GHSL_g_gt_500_m2,1602,2043936,0.759278232179,614885.181439,0.228416610675,0.0825102935518
IND_FUA_03357,Jammu,preexisting_detected_screened,GHSL_g_gt_500_m2,1602,2043936,0.759278232179,1656967.75527,0.615527858015,0.0778174113633
IND_FUA_03357,Jammu,joint_supported_screened,GHSL_g_gt_500_m2,1602,2043936,0.759278232179,451838.152324,0.167848148635,0.0950527417901
IND_FUA_03357,Jammu,ghsl_only,exclude_any_permanent_water_QA,8320,2681072,0.995960543042,2681072,0.995960543042,0.0630723523702
IND_FUA_03357,Jammu,endpoint_supported,exclude_any_permanent_water_QA,8320,2681072,0.995960543042,720503.084434,0.267651388413,0.0608571663822
IND_FUA_03357,Jammu,preexisting_detected_screened,exclude_any_permanent_water_QA,8320,2681072,0.995960543042,2120454.91163,0.787703360924,0.0716713550378
IND_FUA_03357,Jammu,joint_supported_screened,exclude_any_permanent_water_QA,8320,2681072,0.995960543042,485077.923515,0.180196008209,0.0779400218219
IND_FUA_03357,Jammu,ghsl_only,exclude_any_spurious_depth_QA,8095,2591807,0.962800516801,2591807,0.962800516801,0.0463613451361
IND_FUA_03357,Jammu,endpoint_supported,exclude_any_spurious_depth_QA,8095,2591807,0.962800516801,692479.340939,0.257241170863,0.0611690718723
IND_FUA_03357,Jammu,preexisting_detected_screened,exclude_any_spurious_depth_QA,8095,2591807,0.962800516801,2066317.64688,0.767592532272,0.0517222626698
IND_FUA_03357,Jammu,joint_supported_screened,exclude_any_spurious_depth_QA,8095,2591807,0.962800516801,473208.521984,0.175786781007,0.0798283182981
IND_FUA_03357,Jammu,ghsl_only,exclude_either_QA,8072,2587332,0.961138150617,2587332,0.961138150617,0.0421129118513
IND_FUA_03357,Jammu,endpoint_supported,exclude_either_QA,8072,2587332,0.961138150617,691588.562496,0.256910265844,0.0585401245283
IND_FUA_03357,Jammu,preexisting_detected_screened,exclude_either_QA,8072,2587332,0.961138150617,2063228.22489,0.766444878496,0.0479363539461
IND_FUA_03357,Jammu,joint_supported_screened,exclude_either_QA,8072,2587332,0.961138150617,472766.197632,0.17562246703,0.0773326329281
IND_FUA_03722,Rajkot,ghsl_only,GHSL_g_gt_0_m2,7272,2602277,1,2602277,1,0.000762409228533
IND_FUA_03722,Rajkot,endpoint_supported,GHSL_g_gt_0_m2,7272,2602277,1,905335.44815,0.347901260377,0.000230284476982
IND_FUA_03722,Rajkot,preexisting_detected_screened,GHSL_g_gt_0_m2,7272,2602277,1,2098220.22245,0.806301643696,0.000872711979498
IND_FUA_03722,Rajkot,joint_supported_screened,GHSL_g_gt_0_m2,7272,2602277,1,677966.912634,0.260528342153,0.000267600033254
IND_FUA_03722,Rajkot,ghsl_only,GHSL_g_gt_10_m2,5204,2593669,0.996692127702,2593669,0.996692127702,0.000743734069382
IND_FUA_03722,Rajkot,endpoint_supported,GHSL_g_gt_10_m2,5204,2593669,0.996692127702,905294.476458,0.347885515823,0.000229738989743
IND_FUA_03722,Rajkot,preexisting_detected_screened,GHSL_g_gt_10_m2,5204,2593669,0.996692127702,2089734.51364,0.803040765313,0.00084993663653
IND_FUA_03722,Rajkot,joint_supported_screened,GHSL_g_gt_10_m2,5204,2593669,0.996692127702,677928.63931,0.260513634525,0.000266872788883
IND_FUA_03722,Rajkot,ghsl_only,GHSL_g_gt_50_m2,3860,2560010,0.983757686057,2560010,0.983757686057,0.000674997363292
IND_FUA_03722,Rajkot,endpoint_supported,GHSL_g_gt_50_m2,3860,2560010,0.983757686057,903883.581577,0.347343338767,0.000226845350922
IND_FUA_03722,Rajkot,preexisting_detected_screened,GHSL_g_gt_50_m2,3860,2560010,0.983757686057,2059950.68444,0.791595469831,0.000773573268973
IND_FUA_03722,Rajkot,joint_supported_screened,GHSL_g_gt_50_m2,3860,2560010,0.983757686057,677349.797526,0.260291197872,0.000264012813869
IND_FUA_03722,Rajkot,ghsl_only,GHSL_g_gt_100_m2,3228,2513540,0.965900248129,2513540,0.965900248129,0.000661616684039
IND_FUA_03722,Rajkot,endpoint_supported,GHSL_g_gt_100_m2,3228,2513540,0.965900248129,899044.170181,0.345483655345,0.00022412144299
IND_FUA_03722,Rajkot,preexisting_detected_screened,GHSL_g_gt_100_m2,3228,2513540,0.965900248129,2023937.62545,0.777756413115,0.000761293791414
IND_FUA_03722,Rajkot,joint_supported_screened,GHSL_g_gt_100_m2,3228,2513540,0.965900248129,675854.568057,0.259716612819,0.000260341255089
IND_FUA_03722,Rajkot,ghsl_only,GHSL_g_gt_500_m2,1439,2070957,0.79582496406,2070957,0.79582496406,0.000450033486934
IND_FUA_03722,Rajkot,endpoint_supported,GHSL_g_gt_500_m2,1439,2070957,0.79582496406,824013.178762,0.316650832622,0.000236433671937
IND_FUA_03722,Rajkot,preexisting_detected_screened,GHSL_g_gt_500_m2,1439,2070957,0.79582496406,1726332.55545,0.663393080541,0.000469093365532
IND_FUA_03722,Rajkot,joint_supported_screened,GHSL_g_gt_500_m2,1439,2070957,0.79582496406,658246.32684,0.252950138221,0.000257171524473
IND_FUA_03722,Rajkot,ghsl_only,exclude_any_permanent_water_QA,7248,2600293,0.999237590771,2600293,0.999237590771,0
IND_FUA_03722,Rajkot,endpoint_supported,exclude_any_permanent_water_QA,7248,2600293,0.999237590771,905126.96345,0.347821144117,0
IND_FUA_03722,Rajkot,preexisting_detected_screened,exclude_any_permanent_water_QA,7248,2600293,0.999237590771,2096389.08053,0.805597974592,0
IND_FUA_03722,Rajkot,joint_supported_screened,exclude_any_permanent_water_QA,7248,2600293,0.999237590771,677785.488666,0.26045862476,0
IND_FUA_03722,Rajkot,ghsl_only,exclude_any_spurious_depth_QA,7272,2602277,1,2602277,1,0.000762409228533
IND_FUA_03722,Rajkot,endpoint_supported,exclude_any_spurious_depth_QA,7272,2602277,1,905335.44815,0.347901260377,0.000230284476982
IND_FUA_03722,Rajkot,preexisting_detected_screened,exclude_any_spurious_depth_QA,7272,2602277,1,2098220.22245,0.806301643696,0.000872711979498
IND_FUA_03722,Rajkot,joint_supported_screened,exclude_any_spurious_depth_QA,7272,2602277,1,677966.912634,0.260528342153,0.000267600033254
IND_FUA_03722,Rajkot,ghsl_only,exclude_either_QA,7248,2600293,0.999237590771,2600293,0.999237590771,0
IND_FUA_03722,Rajkot,endpoint_supported,exclude_either_QA,7248,2600293,0.999237590771,905126.96345,0.347821144117,0
IND_FUA_03722,Rajkot,preexisting_detected_screened,exclude_either_QA,7248,2600293,0.999237590771,2096389.08053,0.805597974592,0
IND_FUA_03722,Rajkot,joint_supported_screened,exclude_either_QA,7248,2600293,0.999237590771,677785.488666,0.26045862476,0
IND_FUA_04396,Amritsar,ghsl_only,GHSL_g_gt_0_m2,14794,7248249,1,7248249,1,0.0452043669874
IND_FUA_04396,Amritsar,endpoint_supported,GHSL_g_gt_0_m2,14794,7248249,1,1543025.47369,0.212882514618,0.0411966395436
IND_FUA_04396,Amritsar,preexisting_detected_screened,GHSL_g_gt_0_m2,14794,7248249,1,5339635.82523,0.736679413915,0.0508271601322
IND_FUA_04396,Amritsar,joint_supported_screened,GHSL_g_gt_0_m2,14794,7248249,1,911182.705848,0.12571073453,0.0483805675533
IND_FUA_04396,Amritsar,ghsl_only,GHSL_g_gt_10_m2,12252,7237190,0.998474252195,7237190,0.998474252195,0.0451604914107
IND_FUA_04396,Amritsar,endpoint_supported,GHSL_g_gt_10_m2,12252,7237190,0.998474252195,1542998.21944,0.212878754501,0.0411961065331
IND_FUA_04396,Amritsar,preexisting_detected_screened,GHSL_g_gt_10_m2,12252,7237190,0.998474252195,5328752.21282,0.735177863346,0.0507794640769
IND_FUA_04396,Amritsar,joint_supported_screened,GHSL_g_gt_10_m2,12252,7237190,0.998474252195,911157.41363,0.125707245106,0.0483798395817
IND_FUA_04396,Amritsar,ghsl_only,GHSL_g_gt_50_m2,10212,7183953,0.991129443815,7183953,0.991129443815,0.0450589855103
IND_FUA_04396,Amritsar,endpoint_supported,GHSL_g_gt_50_m2,10212,7183953,0.991129443815,1541048.67177,0.212609786415,0.0412068633897
IND_FUA_04396,Amritsar,preexisting_detected_screened,GHSL_g_gt_50_m2,10212,7183953,0.991129443815,5282060.85424,0.728736120164,0.0506671813756
IND_FUA_04396,Amritsar,joint_supported_screened,GHSL_g_gt_50_m2,10212,7183953,0.991129443815,910583.455689,0.125628059368,0.0483822201306
IND_FUA_04396,Amritsar,ghsl_only,GHSL_g_gt_100_m2,9144,7104214,0.980128304091,7104214,0.980128304091,0.0449019736059
IND_FUA_04396,Amritsar,endpoint_supported,GHSL_g_gt_100_m2,9144,7104214,0.980128304091,1533823.76683,0.211613007062,0.0412350330628
IND_FUA_04396,Amritsar,preexisting_detected_screened,GHSL_g_gt_100_m2,9144,7104214,0.980128304091,5224952.90236,0.720857258402,0.0504271987846
IND_FUA_04396,Amritsar,joint_supported_screened,GHSL_g_gt_100_m2,9144,7104214,0.980128304091,909536.765926,0.12548365349,0.0483794299944
IND_FUA_04396,Amritsar,ghsl_only,GHSL_g_gt_500_m2,4752,5912061,0.815653684083,5912061,0.815653684083,0.0450332567706
IND_FUA_04396,Amritsar,endpoint_supported,GHSL_g_gt_500_m2,4752,5912061,0.815653684083,1360547.7885,0.187707098431,0.0432330845859
IND_FUA_04396,Amritsar,preexisting_detected_screened,GHSL_g_gt_500_m2,4752,5912061,0.815653684083,4501128.64926,0.620995312007,0.0493290096867
IND_FUA_04396,Amritsar,joint_supported_screened,GHSL_g_gt_500_m2,4752,5912061,0.815653684083,878412.494783,0.121189613489,0.0488725449121
IND_FUA_04396,Amritsar,ghsl_only,exclude_any_permanent_water_QA,14770,7240484,0.998928706781,7240484,0.998928706781,0.0440799883893
IND_FUA_04396,Amritsar,endpoint_supported,exclude_any_permanent_water_QA,14770,7240484,0.998928706781,1541919.04863,0.212729867397,0.040454692786
IND_FUA_04396,Amritsar,preexisting_detected_screened,exclude_any_permanent_water_QA,14770,7240484,0.998928706781,5333615.22003,0.735848785001,0.0496397247911
IND_FUA_04396,Amritsar,joint_supported_screened,exclude_any_permanent_water_QA,14770,7240484,0.998928706781,910606.429274,0.125631228904,0.0477388275172
IND_FUA_04396,Amritsar,ghsl_only,exclude_any_spurious_depth_QA,14794,7248249,1,7248249,1,0.0452043669874
IND_FUA_04396,Amritsar,endpoint_supported,exclude_any_spurious_depth_QA,14794,7248249,1,1543025.47369,0.212882514618,0.0411966395436
IND_FUA_04396,Amritsar,preexisting_detected_screened,exclude_any_spurious_depth_QA,14794,7248249,1,5339635.82523,0.736679413915,0.0508271601322
IND_FUA_04396,Amritsar,joint_supported_screened,exclude_any_spurious_depth_QA,14794,7248249,1,911182.705848,0.12571073453,0.0483805675533
IND_FUA_04396,Amritsar,ghsl_only,exclude_either_QA,14770,7240484,0.998928706781,7240484,0.998928706781,0.0440799883893
IND_FUA_04396,Amritsar,endpoint_supported,exclude_either_QA,14770,7240484,0.998928706781,1541919.04863,0.212729867397,0.040454692786
IND_FUA_04396,Amritsar,preexisting_detected_screened,exclude_either_QA,14770,7240484,0.998928706781,5333615.22003,0.735848785001,0.0496397247911
IND_FUA_04396,Amritsar,joint_supported_screened,exclude_either_QA,14770,7240484,0.998928706781,910606.429274,0.125631228904,0.0477388275172
IND_FUA_05324,Jodhpur,ghsl_only,GHSL_g_gt_0_m2,12265,5353498,1,5353498,1,0.0359714066891
IND_FUA_05324,Jodhpur,endpoint_supported,GHSL_g_gt_0_m2,12265,5353498,1,1825520.27706,0.340995789494,0.0242751637653
IND_FUA_05324,Jodhpur,preexisting_detected_screened,GHSL_g_gt_0_m2,12265,5353498,1,4471809.31564,0.835306058887,0.0417583074118
IND_FUA_05324,Jodhpur,joint_supported_screened,GHSL_g_gt_0_m2,12265,5353498,1,1405691.34794,0.26257436688,0.0299950760464
IND_FUA_05324,Jodhpur,ghsl_only,GHSL_g_gt_10_m2,10081,5343718,0.998173157065,5343718,0.998173157065,0.035925714693
IND_FUA_05324,Jodhpur,endpoint_supported,GHSL_g_gt_10_m2,10081,5343718,0.998173157065,1825354.72947,0.340964866237,0.0242715581254
IND_FUA_05324,Jodhpur,preexisting_detected_screened,GHSL_g_gt_10_m2,10081,5343718,0.998173157065,4462174.98243,0.833506425598,0.0417223099757
IND_FUA_05324,Jodhpur,joint_supported_screened,GHSL_g_gt_10_m2,10081,5343718,0.998173157065,1405530.15248,0.262544256574,0.0299915358816
IND_FUA_05324,Jodhpur,ghsl_only,GHSL_g_gt_50_m2,8104,5290953,0.988316984521,5290953,0.988316984521,0.0357820575871
IND_FUA_05324,Jodhpur,endpoint_supported,GHSL_g_gt_50_m2,8104,5290953,0.988316984521,1821372.78072,0.340221063073,0.0242666890692
IND_FUA_05324,Jodhpur,preexisting_detected_screened,GHSL_g_gt_50_m2,8104,5290953,0.988316984521,4413500.2857,0.824414296167,0.0415829079149
IND_FUA_05324,Jodhpur,joint_supported_screened,GHSL_g_gt_50_m2,8104,5290953,0.988316984521,1402530.2659,0.261983896491,0.02998082755
IND_FUA_05324,Jodhpur,ghsl_only,GHSL_g_gt_100_m2,6895,5202052,0.971710832805,5202052,0.971710832805,0.0355239407409
IND_FUA_05324,Jodhpur,endpoint_supported,GHSL_g_gt_100_m2,6895,5202052,0.971710832805,1811777.99031,0.338428816134,0.0242787104382
IND_FUA_05324,Jodhpur,preexisting_detected_screened,GHSL_g_gt_100_m2,6895,5202052,0.971710832805,4339003.55675,0.810498772345,0.0412721099443
IND_FUA_05324,Jodhpur,joint_supported_screened,GHSL_g_gt_100_m2,6895,5202052,0.971710832805,1397278.85163,0.261002965095,0.0299472549719
IND_FUA_05324,Jodhpur,ghsl_only,GHSL_g_gt_500_m2,3210,4249688,0.793815184016,4249688,0.793815184016,0.0327556770425
IND_FUA_05324,Jodhpur,endpoint_supported,GHSL_g_gt_500_m2,3210,4249688,0.793815184016,1623392.85646,0.303239649376,0.0239815769908
IND_FUA_05324,Jodhpur,preexisting_detected_screened,GHSL_g_gt_500_m2,3210,4249688,0.793815184016,3629110.33872,0.677895151679,0.0372383821557
IND_FUA_05324,Jodhpur,joint_supported_screened,GHSL_g_gt_500_m2,3210,4249688,0.793815184016,1312071.98457,0.245086854346,0.0284436160154
IND_FUA_05324,Jodhpur,ghsl_only,exclude_any_permanent_water_QA,12152,5323423,0.994382177784,5323423,0.994382177784,0.0258115509423
IND_FUA_05324,Jodhpur,endpoint_supported,exclude_any_permanent_water_QA,12152,5323423,0.994382177784,1821418.876,0.340229673384,0.0202352934684
IND_FUA_05324,Jodhpur,preexisting_detected_screened,exclude_any_permanent_water_QA,12152,5323423,0.994382177784,4442131.28959,0.829762388927,0.0298182958753
IND_FUA_05324,Jodhpur,joint_supported_screened,exclude_any_permanent_water_QA,12152,5323423,0.994382177784,1401635.11843,0.261816688534,0.0248320049833
IND_FUA_05324,Jodhpur,ghsl_only,exclude_any_spurious_depth_QA,12265,5353498,1,5353498,1,0.0359714066891
IND_FUA_05324,Jodhpur,endpoint_supported,exclude_any_spurious_depth_QA,12265,5353498,1,1825520.27706,0.340995789494,0.0242751637653
IND_FUA_05324,Jodhpur,preexisting_detected_screened,exclude_any_spurious_depth_QA,12265,5353498,1,4471809.31564,0.835306058887,0.0417583074118
IND_FUA_05324,Jodhpur,joint_supported_screened,exclude_any_spurious_depth_QA,12265,5353498,1,1405691.34794,0.26257436688,0.0299950760464
IND_FUA_05324,Jodhpur,ghsl_only,exclude_either_QA,12152,5323423,0.994382177784,5323423,0.994382177784,0.0258115509423
IND_FUA_05324,Jodhpur,endpoint_supported,exclude_either_QA,12152,5323423,0.994382177784,1821418.876,0.340229673384,0.0202352934684
IND_FUA_05324,Jodhpur,preexisting_detected_screened,exclude_either_QA,12152,5323423,0.994382177784,4442131.28959,0.829762388927,0.0298182958753
IND_FUA_05324,Jodhpur,joint_supported_screened,exclude_either_QA,12152,5323423,0.994382177784,1401635.11843,0.261816688534,0.0248320049833
IND_FUA_05617,Jalandhar,ghsl_only,GHSL_g_gt_0_m2,8785,2645259,1,2645259,1,0.00621432117105
IND_FUA_05617,Jalandhar,endpoint_supported,GHSL_g_gt_0_m2,8785,2645259,1,551130.215014,0.208346409563,0.0040036886299
IND_FUA_05617,Jalandhar,preexisting_detected_screened,GHSL_g_gt_0_m2,8785,2645259,1,2073687.3322,0.78392600959,0.00727429407315
IND_FUA_05617,Jalandhar,joint_supported_screened,GHSL_g_gt_0_m2,8785,2645259,1,343699.978902,0.12993055837,0.00506438798169
IND_FUA_05617,Jalandhar,ghsl_only,GHSL_g_gt_10_m2,6577,2635964,0.996486166383,2635964,0.996486166383,0.00618509498909
IND_FUA_05617,Jalandhar,endpoint_supported,GHSL_g_gt_10_m2,6577,2635964,0.996486166383,551075.404666,0.208325689343,0.00400328231795
IND_FUA_05617,Jalandhar,preexisting_detected_screened,GHSL_g_gt_10_m2,6577,2635964,0.996486166383,2064621.20876,0.780498699279,0.00724101685344
IND_FUA_05617,Jalandhar,joint_supported_screened,GHSL_g_gt_10_m2,6577,2635964,0.996486166383,343650.609236,0.129911894917,0.00506382541918
IND_FUA_05617,Jalandhar,ghsl_only,GHSL_g_gt_50_m2,4963,2594290,0.980731943451,2594290,0.980731943451,0.00608099902213
IND_FUA_05617,Jalandhar,endpoint_supported,GHSL_g_gt_50_m2,4963,2594290,0.980731943451,549805.42885,0.207845594269,0.00399870840553
IND_FUA_05617,Jalandhar,preexisting_detected_screened,GHSL_g_gt_50_m2,4963,2594290,0.980731943451,2028022.03186,0.766662936165,0.00712773788833
IND_FUA_05617,Jalandhar,joint_supported_screened,GHSL_g_gt_50_m2,4963,2594290,0.980731943451,343132.044651,0.129715859449,0.00505253960687
IND_FUA_05617,Jalandhar,ghsl_only,GHSL_g_gt_100_m2,4103,2530783,0.956724086375,2530783,0.956724086375,0.00600032512482
IND_FUA_05617,Jalandhar,endpoint_supported,GHSL_g_gt_100_m2,4103,2530783,0.956724086375,544996.944973,0.20602781995,0.0039627610932
IND_FUA_05617,Jalandhar,preexisting_detected_screened,GHSL_g_gt_100_m2,4103,2530783,0.956724086375,1980461.55854,0.748683421373,0.00703003286825
IND_FUA_05617,Jalandhar,joint_supported_screened,GHSL_g_gt_100_m2,4103,2530783,0.956724086375,342128.983362,0.129336667359,0.00504144274524
IND_FUA_05617,Jalandhar,ghsl_only,GHSL_g_gt_500_m2,1579,1884036,0.712231203069,1884036,0.712231203069,0.00496471022201
IND_FUA_05617,Jalandhar,endpoint_supported,GHSL_g_gt_500_m2,1579,1884036,0.712231203069,456857.710795,0.172708120753,0.00364068809384
IND_FUA_05617,Jalandhar,preexisting_detected_screened,GHSL_g_gt_500_m2,1579,1884036,0.712231203069,1541161.88808,0.582612851172,0.00566479060737
IND_FUA_05617,Jalandhar,joint_supported_screened,GHSL_g_gt_500_m2,1579,1884036,0.712231203069,322803.013643,0.122030777948,0.00473157951297
IND_FUA_05617,Jalandhar,ghsl_only,exclude_any_permanent_water_QA,8779,2644625,0.999760325926,2644625,0.999760325926,0.00597607940884
IND_FUA_05617,Jalandhar,endpoint_supported,exclude_any_permanent_water_QA,8779,2644625,0.999760325926,550791.460545,0.20821834858,0.00339111885468
IND_FUA_05617,Jalandhar,preexisting_detected_screened,exclude_any_permanent_water_QA,8779,2644625,0.999760325926,2073525.12675,0.783864690283,0.0071966362154
IND_FUA_05617,Jalandhar,joint_supported_screened,exclude_any_permanent_water_QA,8779,2644625,0.999760325926,343665.292975,0.129917445881,0.00496396974051
IND_FUA_05617,Jalandhar,ghsl_only,exclude_any_spurious_depth_QA,8785,2645259,1,2645259,1,0.00621432117105
IND_FUA_05617,Jalandhar,endpoint_supported,exclude_any_spurious_depth_QA,8785,2645259,1,551130.215014,0.208346409563,0.0040036886299
IND_FUA_05617,Jalandhar,preexisting_detected_screened,exclude_any_spurious_depth_QA,8785,2645259,1,2073687.3322,0.78392600959,0.00727429407315
IND_FUA_05617,Jalandhar,joint_supported_screened,exclude_any_spurious_depth_QA,8785,2645259,1,343699.978902,0.12993055837,0.00506438798169
IND_FUA_05617,Jalandhar,ghsl_only,exclude_either_QA,8779,2644625,0.999760325926,2644625,0.999760325926,0.00597607940884
IND_FUA_05617,Jalandhar,endpoint_supported,exclude_either_QA,8779,2644625,0.999760325926,550791.460545,0.20821834858,0.00339111885468
IND_FUA_05617,Jalandhar,preexisting_detected_screened,exclude_either_QA,8779,2644625,0.999760325926,2073525.12675,0.783864690283,0.0071966362154
IND_FUA_05617,Jalandhar,joint_supported_screened,exclude_either_QA,8779,2644625,0.999760325926,343665.292975,0.129917445881,0.00496396974051
IND_FUA_05991,Ahmedabad,ghsl_only,GHSL_g_gt_0_m2,21864,7574231,1,7574231,1,0.424207700507
IND_FUA_05991,Ahmedabad,endpoint_supported,GHSL_g_gt_0_m2,21864,7574231,1,3105404.17254,0.409995968243,0.440614143673
IND_FUA_05991,Ahmedabad,preexisting_detected_screened,GHSL_g_gt_0_m2,21864,7574231,1,6214999.00312,0.820545214837,0.427720658811
IND_FUA_05991,Ahmedabad,joint_supported_screened,GHSL_g_gt_0_m2,21864,7574231,1,2388671.06471,0.315368129743,0.461625100246
IND_FUA_05991,Ahmedabad,ghsl_only,GHSL_g_gt_10_m2,15417,7546714,0.996367023926,7546714,0.996367023926,0.42397417732
IND_FUA_05991,Ahmedabad,endpoint_supported,GHSL_g_gt_10_m2,15417,7546714,0.996367023926,3105133.79993,0.409960271865,0.440596609812
IND_FUA_05991,Ahmedabad,preexisting_detected_screened,GHSL_g_gt_10_m2,15417,7546714,0.996367023926,6187754.96182,0.816948276574,0.427487717046
IND_FUA_05991,Ahmedabad,joint_supported_screened,GHSL_g_gt_10_m2,15417,7546714,0.996367023926,2388412.4845,0.315333990276,0.461607086907
IND_FUA_05991,Ahmedabad,ghsl_only,GHSL_g_gt_50_m2,10874,7431061,0.981097751046,7431061,0.981097751046,0.424620571198
IND_FUA_05991,Ahmedabad,endpoint_supported,GHSL_g_gt_50_m2,10874,7431061,0.981097751046,3098631.23575,0.409101760397,0.440721047935
IND_FUA_05991,Ahmedabad,preexisting_detected_screened,GHSL_g_gt_50_m2,10874,7431061,0.981097751046,6077602.52504,0.802405224377,0.428361764509
IND_FUA_05991,Ahmedabad,joint_supported_screened,GHSL_g_gt_50_m2,10874,7431061,0.981097751046,2383348.24608,0.314665376074,0.461770534072
IND_FUA_05991,Ahmedabad,ghsl_only,GHSL_g_gt_100_m2,8878,7285639,0.961898178178,7285639,0.961898178178,0.42534139902
IND_FUA_05991,Ahmedabad,endpoint_supported,GHSL_g_gt_100_m2,8878,7285639,0.961898178178,3082858.33519,0.407019317894,0.441326627026
IND_FUA_05991,Ahmedabad,preexisting_detected_screened,GHSL_g_gt_100_m2,8878,7285639,0.961898178178,5951004.22065,0.785690880123,0.429180469315
IND_FUA_05991,Ahmedabad,joint_supported_screened,GHSL_g_gt_100_m2,8878,7285639,0.961898178178,2374917.48322,0.31355229108,0.462050763006
IND_FUA_05991,Ahmedabad,ghsl_only,GHSL_g_gt_500_m2,3857,6036560,0.79698651916,6036560,0.79698651916,0.434849708678
IND_FUA_05991,Ahmedabad,endpoint_supported,GHSL_g_gt_500_m2,3857,6036560,0.79698651916,2854133.53409,0.376821559058,0.447927006207
IND_FUA_05991,Ahmedabad,preexisting_detected_screened,GHSL_g_gt_500_m2,3857,6036560,0.79698651916,5008405.54255,0.661242777326,0.440626040026
IND_FUA_05991,Ahmedabad,joint_supported_screened,GHSL_g_gt_500_m2,3857,6036560,0.79698651916,2293126.91355,0.302753759893,0.463225383802
IND_FUA_05991,Ahmedabad,ghsl_only,exclude_any_permanent_water_QA,21669,7545088,0.996152348667,7545088,0.996152348667,0.415585457351
IND_FUA_05991,Ahmedabad,endpoint_supported,exclude_any_permanent_water_QA,21669,7545088,0.996152348667,3098935.34112,0.409141910396,0.437838733603
IND_FUA_05991,Ahmedabad,preexisting_detected_screened,exclude_any_permanent_water_QA,21669,7545088,0.996152348667,6188021.58158,0.816983477475,0.418518607394
IND_FUA_05991,Ahmedabad,joint_supported_screened,exclude_any_permanent_water_QA,21669,7545088,0.996152348667,2382480.85668,0.314550857596,0.458378131919
IND_FUA_05991,Ahmedabad,ghsl_only,exclude_any_spurious_depth_QA,21864,7574231,1,7574231,1,0.424207700507
IND_FUA_05991,Ahmedabad,endpoint_supported,exclude_any_spurious_depth_QA,21864,7574231,1,3105404.17254,0.409995968243,0.440614143673
IND_FUA_05991,Ahmedabad,preexisting_detected_screened,exclude_any_spurious_depth_QA,21864,7574231,1,6214999.00312,0.820545214837,0.427720658811
IND_FUA_05991,Ahmedabad,joint_supported_screened,exclude_any_spurious_depth_QA,21864,7574231,1,2388671.06471,0.315368129743,0.461625100246
IND_FUA_05991,Ahmedabad,ghsl_only,exclude_either_QA,21669,7545088,0.996152348667,7545088,0.996152348667,0.415585457351
IND_FUA_05991,Ahmedabad,endpoint_supported,exclude_either_QA,21669,7545088,0.996152348667,3098935.34112,0.409141910396,0.437838733603
IND_FUA_05991,Ahmedabad,preexisting_detected_screened,exclude_either_QA,21669,7545088,0.996152348667,6188021.58158,0.816983477475,0.418518607394
IND_FUA_05991,Ahmedabad,joint_supported_screened,exclude_either_QA,21669,7545088,0.996152348667,2382480.85668,0.314550857596,0.458378131919
IND_FUA_06065,Ludhiana,ghsl_only,GHSL_g_gt_0_m2,12561,4419355,1,4419355,1,0.112304843224
IND_FUA_06065,Ludhiana,endpoint_supported,GHSL_g_gt_0_m2,12561,4419355,1,1081019.64704,0.24461027617,0.105710016696
IND_FUA_06065,Ludhiana,preexisting_detected_screened,GHSL_g_gt_0_m2,12561,4419355,1,3374182.17052,0.763501047215,0.120464940351
IND_FUA_06065,Ludhiana,joint_supported_screened,GHSL_g_gt_0_m2,12561,4419355,1,680085.515156,0.153887957667,0.117314662487
IND_FUA_06065,Ludhiana,ghsl_only,GHSL_g_gt_10_m2,9285,4405797,0.996932131499,4405797,0.996932131499,0.112237242393
IND_FUA_06065,Ludhiana,endpoint_supported,GHSL_g_gt_10_m2,9285,4405797,0.996932131499,1080932.23491,0.244590496784,0.105706900833
IND_FUA_06065,Ludhiana,preexisting_detected_screened,GHSL_g_gt_10_m2,9285,4405797,0.996932131499,3361071.54601,0.760534409662,0.120406524986
IND_FUA_06065,Ludhiana,joint_supported_screened,GHSL_g_gt_10_m2,9285,4405797,0.996932131499,680009.085881,0.153870663452,0.117312403292
IND_FUA_06065,Ludhiana,ghsl_only,GHSL_g_gt_50_m2,7265,4353120,0.985012518795,4353120,0.985012518795,0.112031156405
IND_FUA_06065,Ludhiana,endpoint_supported,GHSL_g_gt_50_m2,7265,4353120,0.985012518795,1078296.53843,0.243994098332,0.105733029334
IND_FUA_06065,Ludhiana,preexisting_detected_screened,GHSL_g_gt_50_m2,7265,4353120,0.985012518795,3317074.60384,0.750578897564,0.120240147116
IND_FUA_06065,Ludhiana,joint_supported_screened,GHSL_g_gt_50_m2,7265,4353120,0.985012518795,679044.280414,0.153652349814,0.117343899506
IND_FUA_06065,Ludhiana,ghsl_only,GHSL_g_gt_100_m2,6191,4274869,0.967306088784,4274869,0.967306088784,0.111973962563
IND_FUA_06065,Ludhiana,endpoint_supported,GHSL_g_gt_100_m2,6191,4274869,0.967306088784,1070498.02472,0.242229471207,0.105922369343
IND_FUA_06065,Ludhiana,preexisting_detected_screened,GHSL_g_gt_100_m2,6191,4274869,0.967306088784,3263358.04517,0.738424056263,0.120081464158
IND_FUA_06065,Ludhiana,joint_supported_screened,GHSL_g_gt_100_m2,6191,4274869,0.967306088784,677733.409917,0.153355729494,0.11738688702
IND_FUA_06065,Ludhiana,ghsl_only,GHSL_g_gt_500_m2,2764,3391226,0.767357680023,3391226,0.767357680023,0.116621834867
IND_FUA_06065,Ludhiana,endpoint_supported,GHSL_g_gt_500_m2,2764,3391226,0.767357680023,924482.345841,0.209189428286,0.111637234538
IND_FUA_06065,Ludhiana,preexisting_detected_screened,GHSL_g_gt_500_m2,2764,3391226,0.767357680023,2713270.50466,0.613951697625,0.121282949433
IND_FUA_06065,Ludhiana,joint_supported_screened,GHSL_g_gt_500_m2,2764,3391226,0.767357680023,648069.244299,0.146643400292,0.117984933612
IND_FUA_06065,Ludhiana,ghsl_only,exclude_any_permanent_water_QA,12490,4395115,0.994515036697,4395115,0.994515036697,0.105164350642
IND_FUA_06065,Ludhiana,endpoint_supported,exclude_any_permanent_water_QA,12490,4395115,0.994515036697,1076180.26595,0.243515233773,0.100442645855
IND_FUA_06065,Ludhiana,preexisting_detected_screened,exclude_any_permanent_water_QA,12490,4395115,0.994515036697,3353681.68758,0.758862251976,0.112623206489
IND_FUA_06065,Ludhiana,joint_supported_screened,exclude_any_permanent_water_QA,12490,4395115,0.994515036697,676217.600389,0.15301273611,0.110876441651
IND_FUA_06065,Ludhiana,ghsl_only,exclude_any_spurious_depth_QA,12561,4419355,1,4419355,1,0.112304843224
IND_FUA_06065,Ludhiana,endpoint_supported,exclude_any_spurious_depth_QA,12561,4419355,1,1081019.64704,0.24461027617,0.105710016696
IND_FUA_06065,Ludhiana,preexisting_detected_screened,exclude_any_spurious_depth_QA,12561,4419355,1,3374182.17052,0.763501047215,0.120464940351
IND_FUA_06065,Ludhiana,joint_supported_screened,exclude_any_spurious_depth_QA,12561,4419355,1,680085.515156,0.153887957667,0.117314662487
IND_FUA_06065,Ludhiana,ghsl_only,exclude_either_QA,12490,4395115,0.994515036697,4395115,0.994515036697,0.105164350642
IND_FUA_06065,Ludhiana,endpoint_supported,exclude_either_QA,12490,4395115,0.994515036697,1076180.26595,0.243515233773,0.100442645855
IND_FUA_06065,Ludhiana,preexisting_detected_screened,exclude_either_QA,12490,4395115,0.994515036697,3353681.68758,0.758862251976,0.112623206489
IND_FUA_06065,Ludhiana,joint_supported_screened,exclude_either_QA,12490,4395115,0.994515036697,676217.600389,0.15301273611,0.110876441651
IND_FUA_06611,Surat,ghsl_only,GHSL_g_gt_0_m2,8394,3596650,1,3596650,1,1.06741840698
IND_FUA_06611,Surat,endpoint_supported,GHSL_g_gt_0_m2,8394,3596650,1,1453918.33417,0.404242373923,1.0644232401
IND_FUA_06611,Surat,preexisting_detected_screened,GHSL_g_gt_0_m2,8394,3596650,1,2762766.15277,0.768149848545,1.04171775208
IND_FUA_06611,Surat,joint_supported_screened,GHSL_g_gt_0_m2,8394,3596650,1,1098549.25659,0.305436797182,1.08676022337
IND_FUA_06611,Surat,ghsl_only,GHSL_g_gt_10_m2,5716,3585489,0.996896834554,3585489,0.996896834554,1.06493733062
IND_FUA_06611,Surat,endpoint_supported,GHSL_g_gt_10_m2,5716,3585489,0.996896834554,1453786.03861,0.404205590927,1.06433482562
IND_FUA_06611,Surat,preexisting_detected_screened,GHSL_g_gt_10_m2,5716,3585489,0.996896834554,2751830.73038,0.765109401909,1.03853831779
IND_FUA_06611,Surat,joint_supported_screened,GHSL_g_gt_10_m2,5716,3585489,0.996896834554,1098424.24522,0.305402039458,1.08666503929
IND_FUA_06611,Surat,ghsl_only,GHSL_g_gt_50_m2,4234,3547834,0.986427369914,3547834,0.986427369914,1.06013502319
IND_FUA_06611,Surat,endpoint_supported,GHSL_g_gt_50_m2,4234,3547834,0.986427369914,1451457.18316,0.403558084094,1.06341815935
IND_FUA_06611,Surat,preexisting_detected_screened,GHSL_g_gt_50_m2,4234,3547834,0.986427369914,2718374.72063,0.755807409849,1.03296027327
IND_FUA_06611,Surat,joint_supported_screened,GHSL_g_gt_50_m2,4234,3547834,0.986427369914,1096840.56276,0.304961717922,1.08575213981
IND_FUA_06611,Surat,ghsl_only,GHSL_g_gt_100_m2,3626,3503600,0.974128703099,3503600,0.974128703099,1.05441907365
IND_FUA_06611,Surat,endpoint_supported,GHSL_g_gt_100_m2,3626,3503600,0.974128703099,1445640.82489,0.401940924163,1.06302026161
IND_FUA_06611,Surat,preexisting_detected_screened,GHSL_g_gt_100_m2,3626,3503600,0.974128703099,2686216.73608,0.746866316177,1.02583561667
IND_FUA_06611,Surat,joint_supported_screened,GHSL_g_gt_100_m2,3626,3503600,0.974128703099,1094421.4572,0.304289118263,1.08475311334
IND_FUA_06611,Surat,ghsl_only,GHSL_g_gt_500_m2,1809,3039821,0.845181210293,3039821,0.845181210293,1.01777892347
IND_FUA_06611,Surat,endpoint_supported,GHSL_g_gt_500_m2,1809,3039821,0.845181210293,1342626.41006,0.373299156176,1.06423517386
IND_FUA_06611,Surat,preexisting_detected_screened,GHSL_g_gt_500_m2,1809,3039821,0.845181210293,2408240.41093,0.669578749927,0.974408001803
IND_FUA_06611,Surat,joint_supported_screened,GHSL_g_gt_500_m2,1809,3039821,0.845181210293,1064409.70827,0.295944756445,1.06849989326
IND_FUA_06611,Surat,ghsl_only,exclude_any_permanent_water_QA,8302,3589787,0.998091835458,3589787,0.998091835458,1.05687469831
IND_FUA_06611,Surat,endpoint_supported,exclude_any_permanent_water_QA,8302,3589787,0.998091835458,1452839.11624,0.403942311941,1.06314646045
IND_FUA_06611,Surat,preexisting_detected_screened,exclude_any_permanent_water_QA,8302,3589787,0.998091835458,2757285.2357,0.766625953511,1.02929088862
IND_FUA_06611,Surat,joint_supported_screened,exclude_any_permanent_water_QA,8302,3589787,0.998091835458,1097937.06506,0.30526658559,1.08545019791
IND_FUA_06611,Surat,ghsl_only,exclude_any_spurious_depth_QA,8394,3596650,1,3596650,1,1.06741840698
IND_FUA_06611,Surat,endpoint_supported,exclude_any_spurious_depth_QA,8394,3596650,1,1453918.33417,0.404242373923,1.0644232401
IND_FUA_06611,Surat,preexisting_detected_screened,exclude_any_spurious_depth_QA,8394,3596650,1,2762766.15277,0.768149848545,1.04171775208
IND_FUA_06611,Surat,joint_supported_screened,exclude_any_spurious_depth_QA,8394,3596650,1,1098549.25659,0.305436797182,1.08676022337
IND_FUA_06611,Surat,ghsl_only,exclude_either_QA,8302,3589787,0.998091835458,3589787,0.998091835458,1.05687469831
IND_FUA_06611,Surat,endpoint_supported,exclude_either_QA,8302,3589787,0.998091835458,1452839.11624,0.403942311941,1.06314646045
IND_FUA_06611,Surat,preexisting_detected_screened,exclude_either_QA,8302,3589787,0.998091835458,2757285.2357,0.766625953511,1.02929088862
IND_FUA_06611,Surat,joint_supported_screened,exclude_either_QA,8302,3589787,0.998091835458,1097937.06506,0.30526658559,1.08545019791
IND_FUA_06651,Vadodara,ghsl_only,GHSL_g_gt_0_m2,8550,3106926,1,3106926,1,0.169255487762
IND_FUA_06651,Vadodara,endpoint_supported,GHSL_g_gt_0_m2,8550,3106926,1,1349182.83639,0.434250071094,0.200644619413
IND_FUA_06651,Vadodara,preexisting_detected_screened,GHSL_g_gt_0_m2,8550,3106926,1,2704286.6594,0.870405880087,0.16524548143
IND_FUA_06651,Vadodara,joint_supported_screened,GHSL_g_gt_0_m2,8550,3106926,1,1144800.84342,0.368467367236,0.199438524769
IND_FUA_06651,Vadodara,ghsl_only,GHSL_g_gt_10_m2,5190,3092683,0.995415726026,3092683,0.995415726026,0.169337048264
IND_FUA_06651,Vadodara,endpoint_supported,GHSL_g_gt_10_m2,5190,3092683,0.995415726026,1349047.77245,0.434206599209,0.200647856347
IND_FUA_06651,Vadodara,preexisting_detected_screened,GHSL_g_gt_10_m2,5190,3092683,0.995415726026,2690182.89701,0.865866421346,0.165312250458
IND_FUA_06651,Vadodara,joint_supported_screened,GHSL_g_gt_10_m2,5190,3092683,0.995415726026,1144669.96194,0.368425241521,0.199441613557
IND_FUA_06651,Vadodara,ghsl_only,GHSL_g_gt_50_m2,3523,3052213,0.982389989334,3052213,0.982389989334,0.169939018589
IND_FUA_06651,Vadodara,endpoint_supported,GHSL_g_gt_50_m2,3523,3052213,0.982389989334,1347030.18085,0.43355721406,0.200680925691
IND_FUA_06651,Vadodara,preexisting_detected_screened,GHSL_g_gt_50_m2,3523,3052213,0.982389989334,2652065.46266,0.853597885068,0.165990174054
IND_FUA_06651,Vadodara,joint_supported_screened,GHSL_g_gt_50_m2,3523,3052213,0.982389989334,1143097.5481,0.367919141975,0.199467383307
IND_FUA_06651,Vadodara,ghsl_only,GHSL_g_gt_100_m2,2967,3011629,0.969327560425,3011629,0.969327560425,0.170268793975
IND_FUA_06651,Vadodara,endpoint_supported,GHSL_g_gt_100_m2,2967,3011629,0.969327560425,1343131.24935,0.432302297946,0.200618211862
IND_FUA_06651,Vadodara,preexisting_detected_screened,GHSL_g_gt_100_m2,2967,3011629,0.969327560425,2618782.89004,0.842885504851,0.166377412343
IND_FUA_06651,Vadodara,joint_supported_screened,GHSL_g_gt_100_m2,2967,3011629,0.969327560425,1141147.57678,0.367291521194,0.19946979159
IND_FUA_06651,Vadodara,ghsl_only,GHSL_g_gt_500_m2,1395,2623241,0.844320399005,2623241,0.844320399005,0.17319757218
IND_FUA_06651,Vadodara,endpoint_supported,GHSL_g_gt_500_m2,1395,2623241,0.844320399005,1267898.43528,0.408087748238,0.200040226576
IND_FUA_06651,Vadodara,preexisting_detected_screened,GHSL_g_gt_500_m2,1395,2623241,0.844320399005,2349910.86564,0.75634593989,0.171522633931
IND_FUA_06651,Vadodara,joint_supported_screened,GHSL_g_gt_500_m2,1395,2623241,0.844320399005,1119587.60866,0.360352196563,0.20016448606
IND_FUA_06651,Vadodara,ghsl_only,exclude_any_permanent_water_QA,8509,3102595,0.998606017652,3102595,0.998606017652,0.164897953295
IND_FUA_06651,Vadodara,endpoint_supported,exclude_any_permanent_water_QA,8509,3102595,0.998606017652,1348566.89755,0.43405182407,0.199367806783
IND_FUA_06651,Vadodara,preexisting_detected_screened,exclude_any_permanent_water_QA,8509,3102595,0.998606017652,2700680.72023,0.869245266939,0.161159763241
IND_FUA_06651,Vadodara,joint_supported_screened,exclude_any_permanent_water_QA,8509,3102595,0.998606017652,1144462.8056,0.368358565862,0.198743506529
IND_FUA_06651,Vadodara,ghsl_only,exclude_any_spurious_depth_QA,8550,3106926,1,3106926,1,0.169255487762
IND_FUA_06651,Vadodara,endpoint_supported,exclude_any_spurious_depth_QA,8550,3106926,1,1349182.83639,0.434250071094,0.200644619413
IND_FUA_06651,Vadodara,preexisting_detected_screened,exclude_any_spurious_depth_QA,8550,3106926,1,2704286.6594,0.870405880087,0.16524548143
IND_FUA_06651,Vadodara,joint_supported_screened,exclude_any_spurious_depth_QA,8550,3106926,1,1144800.84342,0.368467367236,0.199438524769
IND_FUA_06651,Vadodara,ghsl_only,exclude_either_QA,8509,3102595,0.998606017652,3102595,0.998606017652,0.164897953295
IND_FUA_06651,Vadodara,endpoint_supported,exclude_either_QA,8509,3102595,0.998606017652,1348566.89755,0.43405182407,0.199367806783
IND_FUA_06651,Vadodara,preexisting_detected_screened,exclude_either_QA,8509,3102595,0.998606017652,2700680.72023,0.869245266939,0.161159763241
IND_FUA_06651,Vadodara,joint_supported_screened,exclude_either_QA,8509,3102595,0.998606017652,1144462.8056,0.368358565862,0.198743506529
IND_FUA_06781,Chandigarh,ghsl_only,GHSL_g_gt_0_m2,15456,6519940,1,6519940,1,0.002114893135
IND_FUA_06781,Chandigarh,endpoint_supported,GHSL_g_gt_0_m2,15456,6519940,1,2218648.44134,0.340286634745,0.000751967811722
IND_FUA_06781,Chandigarh,preexisting_detected_screened,GHSL_g_gt_0_m2,15456,6519940,1,5337831.4109,0.818693333205,0.00215571244694
IND_FUA_06781,Chandigarh,joint_supported_screened,GHSL_g_gt_0_m2,15456,6519940,1,1711764.10177,0.262542922446,0.000652582750225
IND_FUA_06781,Chandigarh,ghsl_only,GHSL_g_gt_10_m2,11506,6503376,0.997459485823,6503376,0.997459485823,0.00209516156187
IND_FUA_06781,Chandigarh,endpoint_supported,GHSL_g_gt_10_m2,11506,6503376,0.997459485823,2218509.83946,0.340265376592,0.000750971953794
IND_FUA_06781,Chandigarh,preexisting_detected_screened,GHSL_g_gt_10_m2,11506,6503376,0.997459485823,5321925.5747,0.816253765326,0.00213590208947
IND_FUA_06781,Chandigarh,joint_supported_screened,GHSL_g_gt_10_m2,11506,6503376,0.997459485823,1711643.76949,0.262524466405,0.000651338549327
IND_FUA_06781,Chandigarh,ghsl_only,GHSL_g_gt_50_m2,8859,6433912,0.98680540005,6433912,0.98680540005,0.00206066752602
IND_FUA_06781,Chandigarh,endpoint_supported,GHSL_g_gt_50_m2,8859,6433912,0.98680540005,2214304.50006,0.339620379952,0.00074195402406
IND_FUA_06781,Chandigarh,preexisting_detected_screened,GHSL_g_gt_50_m2,8859,6433912,0.98680540005,5264555.9294,0.807454659,0.00208978118405
IND_FUA_06781,Chandigarh,joint_supported_screened,GHSL_g_gt_50_m2,8859,6433912,0.98680540005,1709768.45602,0.262236838992,0.000638526831871
IND_FUA_06781,Chandigarh,ghsl_only,GHSL_g_gt_100_m2,7496,6333685,0.971433019322,6333685,0.971433019322,0.00199891787706
IND_FUA_06781,Chandigarh,endpoint_supported,GHSL_g_gt_100_m2,7496,6333685,0.971433019322,2203418.13833,0.337950677205,0.000727908984994
IND_FUA_06781,Chandigarh,preexisting_detected_screened,GHSL_g_gt_100_m2,7496,6333685,0.971433019322,5195120.42495,0.79680494375,0.00202732081123
IND_FUA_06781,Chandigarh,joint_supported_screened,GHSL_g_gt_100_m2,7496,6333685,0.971433019322,1706811.92635,0.261783379348,0.000620534046553
IND_FUA_06781,Chandigarh,ghsl_only,GHSL_g_gt_500_m2,3542,5320262,0.815998613484,5320262,0.815998613484,0.00141723022665
IND_FUA_06781,Chandigarh,endpoint_supported,GHSL_g_gt_500_m2,3542,5320262,0.815998613484,2029599.80296,0.311291177981,0.000653742724421
IND_FUA_06781,Chandigarh,preexisting_detected_screened,GHSL_g_gt_500_m2,3542,5320262,0.815998613484,4550105.58416,0.697875376792,0.00137621437407
IND_FUA_06781,Chandigarh,joint_supported_screened,GHSL_g_gt_500_m2,3542,5320262,0.815998613484,1660844.11744,0.254733037028,0.0005567099658
IND_FUA_06781,Chandigarh,ghsl_only,exclude_any_permanent_water_QA,15435,6515694,0.999348767013,6515694,0.999348767013,0.00129735044814
IND_FUA_06781,Chandigarh,endpoint_supported,exclude_any_permanent_water_QA,15435,6515694,0.999348767013,2218302.53072,0.340233580481,0.000522946709157
IND_FUA_06781,Chandigarh,preexisting_detected_screened,exclude_any_permanent_water_QA,15435,6515694,0.999348767013,5333805.90888,0.818075919238,0.00120023405842
IND_FUA_06781,Chandigarh,joint_supported_screened,exclude_any_permanent_water_QA,15435,6515694,0.999348767013,1711425.91643,0.262491053051,0.000360222894748
IND_FUA_06781,Chandigarh,ghsl_only,exclude_any_spurious_depth_QA,15456,6519940,1,6519940,1,0.002114893135
IND_FUA_06781,Chandigarh,endpoint_supported,exclude_any_spurious_depth_QA,15456,6519940,1,2218648.44134,0.340286634745,0.000751967811722
IND_FUA_06781,Chandigarh,preexisting_detected_screened,exclude_any_spurious_depth_QA,15456,6519940,1,5337831.4109,0.818693333205,0.00215571244694
IND_FUA_06781,Chandigarh,joint_supported_screened,exclude_any_spurious_depth_QA,15456,6519940,1,1711764.10177,0.262542922446,0.000652582750225
IND_FUA_06781,Chandigarh,ghsl_only,exclude_either_QA,15435,6515694,0.999348767013,6515694,0.999348767013,0.00129735044814
IND_FUA_06781,Chandigarh,endpoint_supported,exclude_either_QA,15435,6515694,0.999348767013,2218302.53072,0.340233580481,0.000522946709157
IND_FUA_06781,Chandigarh,preexisting_detected_screened,exclude_either_QA,15435,6515694,0.999348767013,5333805.90888,0.818075919238,0.00120023405842
IND_FUA_06781,Chandigarh,joint_supported_screened,exclude_either_QA,15435,6515694,0.999348767013,1711425.91643,0.262491053051,0.000360222894748
IND_FUA_07108,Silvassa,ghsl_only,GHSL_g_gt_0_m2,6451,1315759,1,1315759,1,0.260892811439
IND_FUA_07108,Silvassa,endpoint_supported,GHSL_g_gt_0_m2,6451,1315759,1,421246.174162,0.320154507141,0.162451634691
IND_FUA_07108,Silvassa,preexisting_detected_screened,GHSL_g_gt_0_m2,6451,1315759,1,1045042.54336,0.794250727798,0.260922195866
IND_FUA_07108,Silvassa,joint_supported_screened,GHSL_g_gt_0_m2,6451,1315759,1,322019.122435,0.244740201234,0.156407745825
IND_FUA_07108,Silvassa,ghsl_only,GHSL_g_gt_10_m2,3609,1303916,0.990999111539,1303916,0.990999111539,0.260750929964
IND_FUA_07108,Silvassa,endpoint_supported,GHSL_g_gt_10_m2,3609,1303916,0.990999111539,421105.940854,0.320047927359,0.162458156415
IND_FUA_07108,Silvassa,preexisting_detected_screened,GHSL_g_gt_10_m2,3609,1303916,0.990999111539,1033397.31306,0.785400147794,0.261036185559
IND_FUA_07108,Silvassa,joint_supported_screened,GHSL_g_gt_10_m2,3609,1303916,0.990999111539,321881.287803,0.244635444487,0.156438879401
IND_FUA_07108,Silvassa,ghsl_only,GHSL_g_gt_50_m2,2188,1270600,0.965678365111,1270600,0.965678365111,0.257132478803
IND_FUA_07108,Silvassa,endpoint_supported,GHSL_g_gt_50_m2,2188,1270600,0.965678365111,419527.761539,0.318848483301,0.161893943126
IND_FUA_07108,Silvassa,preexisting_detected_screened,GHSL_g_gt_50_m2,2188,1270600,0.965678365111,1003112.79927,0.762383384243,0.257900173041
IND_FUA_07108,Silvassa,joint_supported_screened,GHSL_g_gt_50_m2,2188,1270600,0.965678365111,320839.218839,0.243843453732,0.156362981052
IND_FUA_07108,Silvassa,ghsl_only,GHSL_g_gt_100_m2,1748,1238594,0.941353241741,1238594,0.941353241741,0.249150218078
IND_FUA_07108,Silvassa,endpoint_supported,GHSL_g_gt_100_m2,1748,1238594,0.941353241741,416988.451697,0.316918563124,0.161378636982
IND_FUA_07108,Silvassa,preexisting_detected_screened,GHSL_g_gt_100_m2,1748,1238594,0.941353241741,977362.429211,0.742812649741,0.251105522683
IND_FUA_07108,Silvassa,joint_supported_screened,GHSL_g_gt_100_m2,1748,1238594,0.941353241741,319907.889221,0.243135626829,0.156391083567
IND_FUA_07108,Silvassa,ghsl_only,GHSL_g_gt_500_m2,695,977562,0.742964327054,977562,0.742964327054,0.21454756499
IND_FUA_07108,Silvassa,endpoint_supported,GHSL_g_gt_500_m2,695,977562,0.742964327054,380523.953746,0.289204902832,0.154810564889
IND_FUA_07108,Silvassa,preexisting_detected_screened,GHSL_g_gt_500_m2,695,977562,0.742964327054,788080.130842,0.598954771233,0.211724991202
IND_FUA_07108,Silvassa,joint_supported_screened,GHSL_g_gt_500_m2,695,977562,0.742964327054,309304.424366,0.235076806897,0.149377154811
IND_FUA_07108,Silvassa,ghsl_only,exclude_any_permanent_water_QA,6361,1302008,0.989548997955,1302008,0.989548997955,0.204393019607
IND_FUA_07108,Silvassa,endpoint_supported,exclude_any_permanent_water_QA,6361,1302008,0.989548997955,419796.229176,0.31905252343,0.151362383491
IND_FUA_07108,Silvassa,preexisting_detected_screened,exclude_any_permanent_water_QA,6361,1302008,0.989548997955,1035155.31665,0.786736261463,0.210058735031
IND_FUA_07108,Silvassa,joint_supported_screened,exclude_any_permanent_water_QA,6361,1302008,0.989548997955,321230.496822,0.244140831886,0.152553770751
IND_FUA_07108,Silvassa,ghsl_only,exclude_any_spurious_depth_QA,4895,1036084,0.787442077159,1036084,0.787442077159,0.191179114985
IND_FUA_07108,Silvassa,endpoint_supported,exclude_any_spurious_depth_QA,4895,1036084,0.787442077159,356825.184527,0.27119342108,0.148039916105
IND_FUA_07108,Silvassa,preexisting_detected_screened,exclude_any_spurious_depth_QA,4895,1036084,0.787442077159,832348.656154,0.632599629685,0.187371133957
IND_FUA_07108,Silvassa,joint_supported_screened,exclude_any_spurious_depth_QA,4895,1036084,0.787442077159,277988.064516,0.21127582218,0.145474948651
IND_FUA_07108,Silvassa,ghsl_only,exclude_either_QA,4854,1028740,0.781860507889,1028740,0.781860507889,0.162716070224
IND_FUA_07108,Silvassa,endpoint_supported,exclude_either_QA,4854,1028740,0.781860507889,355730.683218,0.27036158082,0.136306719639
IND_FUA_07108,Silvassa,preexisting_detected_screened,exclude_either_QA,4854,1028740,0.781860507889,827461.30843,0.628885159387,0.173647311446
IND_FUA_07108,Silvassa,joint_supported_screened,exclude_either_QA,4854,1028740,0.781860507889,277274.15783,0.210733240532,0.141365904861
IND_FUA_07139,Vasai-Virar,ghsl_only,GHSL_g_gt_0_m2,2876,501725,1,501725,1,1.17413223585
IND_FUA_07139,Vasai-Virar,endpoint_supported,GHSL_g_gt_0_m2,2876,501725,1,127052.133447,0.253230621251,1.06415439859
IND_FUA_07139,Vasai-Virar,preexisting_detected_screened,GHSL_g_gt_0_m2,2876,501725,1,356957.356018,0.711460174434,1.2623732317
IND_FUA_07139,Vasai-Virar,joint_supported_screened,GHSL_g_gt_0_m2,2876,501725,1,79547.1052708,0.158547222623,1.12978560721
IND_FUA_07139,Vasai-Virar,ghsl_only,GHSL_g_gt_10_m2,1505,496251,0.989089640739,496251,0.989089640739,1.17113760462
IND_FUA_07139,Vasai-Virar,endpoint_supported,GHSL_g_gt_10_m2,1505,496251,0.989089640739,126988.893201,0.253104575616,1.06401977731
IND_FUA_07139,Vasai-Virar,preexisting_detected_screened,GHSL_g_gt_10_m2,1505,496251,0.989089640739,351626.205815,0.700834532493,1.25984137027
IND_FUA_07139,Vasai-Virar,joint_supported_screened,GHSL_g_gt_10_m2,1505,496251,0.989089640739,79487.354162,0.158428131271,1.12969062793
IND_FUA_07139,Vasai-Virar,ghsl_only,GHSL_g_gt_50_m2,967,483564,0.963802880064,483564,0.963802880064,1.17066212628
IND_FUA_07139,Vasai-Virar,endpoint_supported,GHSL_g_gt_50_m2,967,483564,0.963802880064,126337.939969,0.251807145287,1.06669433965
IND_FUA_07139,Vasai-Virar,preexisting_detected_screened,GHSL_g_gt_50_m2,967,483564,0.963802880064,340534.980512,0.678728348222,1.26503107944
IND_FUA_07139,Vasai-Virar,joint_supported_screened,GHSL_g_gt_50_m2,967,483564,0.963802880064,79031.8977197,0.157520350231,1.13395155087
IND_FUA_07139,Vasai-Virar,ghsl_only,GHSL_g_gt_100_m2,779,470098,0.936963476008,470098,0.936963476008,1.16014871429
IND_FUA_07139,Vasai-Virar,endpoint_supported,GHSL_g_gt_100_m2,779,470098,0.936963476008,125505.577657,0.250148144217,1.06685602131
IND_FUA_07139,Vasai-Virar,preexisting_detected_screened,GHSL_g_gt_100_m2,779,470098,0.936963476008,330094.954427,0.657920084561,1.25829212523
IND_FUA_07139,Vasai-Virar,joint_supported_screened,GHSL_g_gt_100_m2,779,470098,0.936963476008,78600.3407312,0.15666020376,1.13588763871
IND_FUA_07139,Vasai-Virar,ghsl_only,GHSL_g_gt_500_m2,277,343396,0.684430714037,343396,0.684430714037,1.04786354182
IND_FUA_07139,Vasai-Virar,endpoint_supported,GHSL_g_gt_500_m2,277,343396,0.684430714037,110328.438637,0.219898228385,1.03443274052
IND_FUA_07139,Vasai-Virar,preexisting_detected_screened,GHSL_g_gt_500_m2,277,343396,0.684430714037,241903.964364,0.4821445301,1.17585971627
IND_FUA_07139,Vasai-Virar,joint_supported_screened,GHSL_g_gt_500_m2,277,343396,0.684430714037,73135.9204767,0.145768938117,1.11964178921
IND_FUA_07139,Vasai-Virar,ghsl_only,exclude_any_permanent_water_QA,2854,499210,0.994987293836,499210,0.994987293836,1.1662202776
IND_FUA_07139,Vasai-Virar,endpoint_supported,exclude_any_permanent_water_QA,2854,499210,0.994987293836,126732.690856,0.252593932644,1.06056502565
IND_FUA_07139,Vasai-Virar,preexisting_detected_screened,exclude_any_permanent_water_QA,2854,499210,0.994987293836,355309.859126,0.708176509295,1.25504770048
IND_FUA_07139,Vasai-Virar,joint_supported_screened,exclude_any_permanent_water_QA,2854,499210,0.994987293836,79366.6192698,0.158187491693,1.1265666594
IND_FUA_07139,Vasai-Virar,ghsl_only,exclude_any_spurious_depth_QA,2876,501725,1,501725,1,1.17413223585
IND_FUA_07139,Vasai-Virar,endpoint_supported,exclude_any_spurious_depth_QA,2876,501725,1,127052.133447,0.253230621251,1.06415439859
IND_FUA_07139,Vasai-Virar,preexisting_detected_screened,exclude_any_spurious_depth_QA,2876,501725,1,356957.356018,0.711460174434,1.2623732317
IND_FUA_07139,Vasai-Virar,joint_supported_screened,exclude_any_spurious_depth_QA,2876,501725,1,79547.1052708,0.158547222623,1.12978560721
IND_FUA_07139,Vasai-Virar,ghsl_only,exclude_either_QA,2854,499210,0.994987293836,499210,0.994987293836,1.1662202776
IND_FUA_07139,Vasai-Virar,endpoint_supported,exclude_either_QA,2854,499210,0.994987293836,126732.690856,0.252593932644,1.06056502565
IND_FUA_07139,Vasai-Virar,preexisting_detected_screened,exclude_either_QA,2854,499210,0.994987293836,355309.859126,0.708176509295,1.25504770048
IND_FUA_07139,Vasai-Virar,joint_supported_screened,exclude_either_QA,2854,499210,0.994987293836,79366.6192698,0.158187491693,1.1265666594
IND_FUA_07163,Mumbai,ghsl_only,GHSL_g_gt_0_m2,21881,4697571,1,4697571,1,0.390341067314
IND_FUA_07163,Mumbai,endpoint_supported,GHSL_g_gt_0_m2,21881,4697571,1,1419320.19963,0.302139169292,0.35803076616
IND_FUA_07163,Mumbai,preexisting_detected_screened,GHSL_g_gt_0_m2,21881,4697571,1,3281990.28695,0.698656877555,0.360035031785
IND_FUA_07163,Mumbai,joint_supported_screened,GHSL_g_gt_0_m2,21881,4697571,1,916929.828708,0.195192329974,0.323088876042
IND_FUA_07163,Mumbai,ghsl_only,GHSL_g_gt_10_m2,13589,4664922,0.993049812339,4664922,0.993049812339,0.389995550832
IND_FUA_07163,Mumbai,endpoint_supported,GHSL_g_gt_10_m2,13589,4664922,0.993049812339,1418966.25484,0.302063822949,0.358015283332
IND_FUA_07163,Mumbai,preexisting_detected_screened,GHSL_g_gt_10_m2,13589,4664922,0.993049812339,3251103.07613,0.692081732481,0.359511968349
IND_FUA_07163,Mumbai,joint_supported_screened,GHSL_g_gt_10_m2,13589,4664922,0.993049812339,916624.443984,0.195127320904,0.323079703476
IND_FUA_07163,Mumbai,ghsl_only,GHSL_g_gt_50_m2,9499,4563192,0.971393939549,4563192,0.971393939549,0.387857831328
IND_FUA_07163,Mumbai,endpoint_supported,GHSL_g_gt_50_m2,9499,4563192,0.971393939549,1413087.57915,0.300812394139,0.357734622573
IND_FUA_07163,Mumbai,preexisting_detected_screened,GHSL_g_gt_50_m2,9499,4563192,0.971393939549,3173427.25248,0.675546415898,0.357472664746
IND_FUA_07163,Mumbai,joint_supported_screened,GHSL_g_gt_50_m2,9499,4563192,0.971393939549,914050.30319,0.194579348176,0.323029143279
IND_FUA_07163,Mumbai,ghsl_only,GHSL_g_gt_100_m2,7559,4420487,0.941015473742,4420487,0.941015473742,0.384446194186
IND_FUA_07163,Mumbai,endpoint_supported,GHSL_g_gt_100_m2,7559,4420487,0.941015473742,1397982.26461,0.2975968356,0.35695163685
IND_FUA_07163,Mumbai,preexisting_detected_screened,GHSL_g_gt_100_m2,7559,4420487,0.941015473742,3088194.25299,0.657402358152,0.354159999232
IND_FUA_07163,Mumbai,joint_supported_screened,GHSL_g_gt_100_m2,7559,4420487,0.941015473742,909790.720837,0.193672585436,0.322766220257
IND_FUA_07163,Mumbai,ghsl_only,GHSL_g_gt_500_m2,2445,3189487,0.678965150287,3189487,0.678965150287,0.352815494852
IND_FUA_07163,Mumbai,endpoint_supported,GHSL_g_gt_500_m2,2445,3189487,0.678965150287,1179068.51088,0.250995357151,0.335959253805
IND_FUA_07163,Mumbai,preexisting_detected_screened,GHSL_g_gt_500_m2,2445,3189487,0.678965150287,2396395.10766,0.510134941581,0.322130441174
IND_FUA_07163,Mumbai,joint_supported_screened,GHSL_g_gt_500_m2,2445,3189487,0.678965150287,851375.109362,0.181237305272,0.31070669225
IND_FUA_07163,Mumbai,ghsl_only,exclude_any_permanent_water_QA,21635,4669348,0.993992001398,4669348,0.993992001398,0.3761031796
IND_FUA_07163,Mumbai,endpoint_supported,exclude_any_permanent_water_QA,21635,4669348,0.993992001398,1415678.88946,0.301364021844,0.353439306196
IND_FUA_07163,Mumbai,preexisting_detected_screened,exclude_any_permanent_water_QA,21635,4669348,0.993992001398,3261069.70349,0.694203387982,0.343862149468
IND_FUA_07163,Mumbai,joint_supported_screened,exclude_any_permanent_water_QA,21635,4669348,0.993992001398,914818.712384,0.194742924031,0.318531762657
IND_FUA_07163,Mumbai,ghsl_only,exclude_any_spurious_depth_QA,21580,4653840,0.9906907208,4653840,0.9906907208,0.383791592025
IND_FUA_07163,Mumbai,endpoint_supported,exclude_any_spurious_depth_QA,21580,4653840,0.9906907208,1409502.48653,0.300049214058,0.354731526806
IND_FUA_07163,Mumbai,preexisting_detected_screened,exclude_any_spurious_depth_QA,21580,4653840,0.9906907208,3249565.28118,0.691754372883,0.352785891538
IND_FUA_07163,Mumbai,joint_supported_screened,exclude_any_spurious_depth_QA,21580,4653840,0.9906907208,909797.525928,0.193674034076,0.320533652126
IND_FUA_07163,Mumbai,ghsl_only,exclude_either_QA,21345,4626155,0.984797249472,4626155,0.984797249472,0.37057475452
IND_FUA_07163,Mumbai,endpoint_supported,exclude_either_QA,21345,4626155,0.984797249472,1405871.1488,0.299276189502,0.350172391445
IND_FUA_07163,Mumbai,preexisting_detected_screened,exclude_either_QA,21345,4626155,0.984797249472,3229154.41834,0.687409390585,0.338029784531
IND_FUA_07163,Mumbai,joint_supported_screened,exclude_either_QA,21345,4626155,0.984797249472,907695.645509,0.193226594235,0.316039625957
IND_FUA_07320,Jaipur,ghsl_only,GHSL_g_gt_0_m2,26912,13604265,1,13604265,1,0.000276898457947
IND_FUA_07320,Jaipur,endpoint_supported,GHSL_g_gt_0_m2,26912,13604265,1,4189200.42996,0.307932874724,6.64352769456e-05
IND_FUA_07320,Jaipur,preexisting_detected_screened,GHSL_g_gt_0_m2,26912,13604265,1,12163184.037,0.894071384012,0.000267556831998
IND_FUA_07320,Jaipur,joint_supported_screened,GHSL_g_gt_0_m2,26912,13604265,1,3514418.71429,0.258332127041,5.52384571532e-05
IND_FUA_07320,Jaipur,ghsl_only,GHSL_g_gt_10_m2,23169,13587072,0.998736205153,13587072,0.998736205153,0.000274231269254
IND_FUA_07320,Jaipur,endpoint_supported,GHSL_g_gt_10_m2,23169,13587072,0.998736205153,4189060.76939,0.307922608784,6.64374918545e-05
IND_FUA_07320,Jaipur,preexisting_detected_screened,GHSL_g_gt_10_m2,23169,13587072,0.998736205153,12146130.6958,0.892817854972,0.000264556925036
IND_FUA_07320,Jaipur,joint_supported_screened,GHSL_g_gt_10_m2,23169,13587072,0.998736205153,3514281.88733,0.25832206939,5.52406078373e-05
IND_FUA_07320,Jaipur,ghsl_only,GHSL_g_gt_50_m2,18413,13455097,0.989035203298,13455097,0.989035203298,0.000263468929284
IND_FUA_07320,Jaipur,endpoint_supported,GHSL_g_gt_50_m2,18413,13455097,0.989035203298,4182877.28472,0.307468083334,6.46249732225e-05
IND_FUA_07320,Jaipur,preexisting_detected_screened,GHSL_g_gt_50_m2,18413,13455097,0.989035203298,12020002.9442,0.883546663063,0.000252274729219
IND_FUA_07320,Jaipur,joint_supported_screened,GHSL_g_gt_50_m2,18413,13455097,0.989035203298,3509840.74544,0.257995617216,5.30333775352e-05
IND_FUA_07320,Jaipur,ghsl_only,GHSL_g_gt_100_m2,15342,13231325,0.972586538119,13231325,0.972586538119,0.000267924792113
IND_FUA_07320,Jaipur,endpoint_supported,GHSL_g_gt_100_m2,15342,13231325,0.972586538119,4159815.20792,0.305772874016,6.49832550262e-05
IND_FUA_07320,Jaipur,preexisting_detected_screened,GHSL_g_gt_100_m2,15342,13231325,0.972586538119,11817295.245,0.868646357959,0.000256602117921
IND_FUA_07320,Jaipur,joint_supported_screened,GHSL_g_gt_100_m2,15342,13231325,0.972586538119,3495230.2745,0.25692165468,5.32550632498e-05
IND_FUA_07320,Jaipur,ghsl_only,GHSL_g_gt_500_m2,7349,11238979,0.82613643589,11238979,0.82613643589,0.000136667218615
IND_FUA_07320,Jaipur,endpoint_supported,GHSL_g_gt_500_m2,7349,11238979,0.82613643589,3824556.43784,0.281129222184,3.03611907465e-05
IND_FUA_07320,Jaipur,preexisting_detected_screened,GHSL_g_gt_500_m2,7349,11238979,0.82613643589,10213601.1159,0.75076464005,0.00014615652709
IND_FUA_07320,Jaipur,joint_supported_screened,GHSL_g_gt_500_m2,7349,11238979,0.82613643589,3341045.17437,0.24558806921,3.39449219109e-05
IND_FUA_07320,Jaipur,ghsl_only,exclude_any_permanent_water_QA,26888,13600498,0.999723101542,13600498,0.999723101542,0
IND_FUA_07320,Jaipur,endpoint_supported,exclude_any_permanent_water_QA,26888,13600498,0.999723101542,4188922.11927,0.307912417118,0
IND_FUA_07320,Jaipur,preexisting_detected_screened,exclude_any_permanent_water_QA,26888,13600498,0.999723101542,12159929.694,0.893832169105,0
IND_FUA_07320,Jaipur,joint_supported_screened,exclude_any_permanent_water_QA,26888,13600498,0.999723101542,3514224.58322,0.258317857173,0
IND_FUA_07320,Jaipur,ghsl_only,exclude_any_spurious_depth_QA,26912,13604265,1,13604265,1,0.000276898457947
IND_FUA_07320,Jaipur,endpoint_supported,exclude_any_spurious_depth_QA,26912,13604265,1,4189200.42996,0.307932874724,6.64352769456e-05
IND_FUA_07320,Jaipur,preexisting_detected_screened,exclude_any_spurious_depth_QA,26912,13604265,1,12163184.037,0.894071384012,0.000267556831998
IND_FUA_07320,Jaipur,joint_supported_screened,exclude_any_spurious_depth_QA,26912,13604265,1,3514418.71429,0.258332127041,5.52384571532e-05
IND_FUA_07320,Jaipur,ghsl_only,exclude_either_QA,26888,13600498,0.999723101542,13600498,0.999723101542,0
IND_FUA_07320,Jaipur,endpoint_supported,exclude_either_QA,26888,13600498,0.999723101542,4188922.11927,0.307912417118,0
IND_FUA_07320,Jaipur,preexisting_detected_screened,exclude_either_QA,26888,13600498,0.999723101542,12159929.694,0.893832169105,0
IND_FUA_07320,Jaipur,joint_supported_screened,exclude_either_QA,26888,13600498,0.999723101542,3514224.58322,0.258317857173,0
IND_FUA_07466,Delhi [New Delhi],ghsl_only,GHSL_g_gt_0_m2,113140,51418537,1,51418537,1,0.298629598494
IND_FUA_07466,Delhi [New Delhi],endpoint_supported,GHSL_g_gt_0_m2,113140,51418537,1,17262569.2666,0.33572657399,0.308400866156
IND_FUA_07466,Delhi [New Delhi],preexisting_detected_screened,GHSL_g_gt_0_m2,113140,51418537,1,40362719.9849,0.78498382762,0.291219217591
IND_FUA_07466,Delhi [New Delhi],joint_supported_screened,GHSL_g_gt_0_m2,113140,51418537,1,12654723.4553,0.246112087073,0.305479910367
IND_FUA_07466,Delhi [New Delhi],ghsl_only,GHSL_g_gt_10_m2,88263,51316863,0.998022619741,51316863,0.998022619741,0.2986026139
IND_FUA_07466,Delhi [New Delhi],endpoint_supported,GHSL_g_gt_10_m2,88263,51316863,0.998022619741,17261759.8415,0.335710832097,0.30839642839
IND_FUA_07466,Delhi [New Delhi],preexisting_detected_screened,GHSL_g_gt_10_m2,88263,51316863,0.998022619741,40264737.4075,0.78307823903,0.291205463815
IND_FUA_07466,Delhi [New Delhi],joint_supported_screened,GHSL_g_gt_10_m2,88263,51316863,0.998022619741,12654008.3898,0.246098180308,0.305476271126
IND_FUA_07466,Delhi [New Delhi],ghsl_only,GHSL_g_gt_50_m2,71435,50870254,0.98933686114,50870254,0.98933686114,0.298577754895
IND_FUA_07466,Delhi [New Delhi],endpoint_supported,GHSL_g_gt_50_m2,71435,50870254,0.98933686114,17233767.9191,0.335166438499,0.308364168733
IND_FUA_07466,Delhi [New Delhi],preexisting_detected_screened,GHSL_g_gt_50_m2,71435,50870254,0.98933686114,39908941.2683,0.776158630657,0.291395457818
IND_FUA_07466,Delhi [New Delhi],joint_supported_screened,GHSL_g_gt_50_m2,71435,50870254,0.98933686114,12643922.42,0.245902025957,0.305490190595
IND_FUA_07466,Delhi [New Delhi],ghsl_only,GHSL_g_gt_100_m2,61757,50158420,0.975492943333,50158420,0.975492943333,0.298516789423
IND_FUA_07466,Delhi [New Delhi],endpoint_supported,GHSL_g_gt_100_m2,61757,50158420,0.975492943333,17146793.3159,0.333474935623,0.308376385134
IND_FUA_07466,Delhi [New Delhi],preexisting_detected_screened,GHSL_g_gt_100_m2,61757,50158420,0.975492943333,39443888.4497,0.767114172263,0.291581156313
IND_FUA_07466,Delhi [New Delhi],joint_supported_screened,GHSL_g_gt_100_m2,61757,50158420,0.975492943333,12626144.945,0.245556285372,0.305520785901
IND_FUA_07466,Delhi [New Delhi],ghsl_only,GHSL_g_gt_500_m2,28836,41640485,0.809834107104,41640485,0.809834107104,0.301277092385
IND_FUA_07466,Delhi [New Delhi],endpoint_supported,GHSL_g_gt_500_m2,28836,41640485,0.809834107104,15510145.673,0.301645020997,0.311100318236
IND_FUA_07466,Delhi [New Delhi],preexisting_detected_screened,GHSL_g_gt_500_m2,28836,41640485,0.809834107104,34307311.1519,0.667216788993,0.293642552298
IND_FUA_07466,Delhi [New Delhi],joint_supported_screened,GHSL_g_gt_500_m2,28836,41640485,0.809834107104,12234639.4736,0.237942193369,0.305762117737
IND_FUA_07466,Delhi [New Delhi],ghsl_only,exclude_any_permanent_water_QA,112539,51272422,0.997158320549,51272422,0.997158320549,0.292327634167
IND_FUA_07466,Delhi [New Delhi],endpoint_supported,exclude_any_permanent_water_QA,112539,51272422,0.997158320549,17232657.3134,0.335144839174,0.305002594361
IND_FUA_07466,Delhi [New Delhi],preexisting_detected_screened,exclude_any_permanent_water_QA,112539,51272422,0.997158320549,40257906.3922,0.782945387813,0.285437880446
IND_FUA_07466,Delhi [New Delhi],joint_supported_screened,exclude_any_permanent_water_QA,112539,51272422,0.997158320549,12636476.6318,0.245757218487,0.302789408651
IND_FUA_07466,Delhi [New Delhi],ghsl_only,exclude_any_spurious_depth_QA,113140,51418537,1,51418537,1,0.298629598494
IND_FUA_07466,Delhi [New Delhi],endpoint_supported,exclude_any_spurious_depth_QA,113140,51418537,1,17262569.2666,0.33572657399,0.308400866156
IND_FUA_07466,Delhi [New Delhi],preexisting_detected_screened,exclude_any_spurious_depth_QA,113140,51418537,1,40362719.9849,0.78498382762,0.291219217591
IND_FUA_07466,Delhi [New Delhi],joint_supported_screened,exclude_any_spurious_depth_QA,113140,51418537,1,12654723.4553,0.246112087073,0.305479910367
IND_FUA_07466,Delhi [New Delhi],ghsl_only,exclude_either_QA,112539,51272422,0.997158320549,51272422,0.997158320549,0.292327634167
IND_FUA_07466,Delhi [New Delhi],endpoint_supported,exclude_either_QA,112539,51272422,0.997158320549,17232657.3134,0.335144839174,0.305002594361
IND_FUA_07466,Delhi [New Delhi],preexisting_detected_screened,exclude_either_QA,112539,51272422,0.997158320549,40257906.3922,0.782945387813,0.285437880446
IND_FUA_07466,Delhi [New Delhi],joint_supported_screened,exclude_either_QA,112539,51272422,0.997158320549,12636476.6318,0.245757218487,0.302789408651
IND_FUA_07490,Saharanpur,ghsl_only,GHSL_g_gt_0_m2,3226,1511249,1,1511249,1,0
IND_FUA_07490,Saharanpur,endpoint_supported,GHSL_g_gt_0_m2,3226,1511249,1,521967.514189,0.345388161838,0
IND_FUA_07490,Saharanpur,preexisting_detected_screened,GHSL_g_gt_0_m2,3226,1511249,1,1275240.64727,0.843832252178,0
IND_FUA_07490,Saharanpur,joint_supported_screened,GHSL_g_gt_0_m2,3226,1511249,1,418118.818064,0.276671030428,0
IND_FUA_07490,Saharanpur,ghsl_only,GHSL_g_gt_10_m2,2274,1507237,0.997345242247,1507237,0.997345242247,0
IND_FUA_07490,Saharanpur,endpoint_supported,GHSL_g_gt_10_m2,2274,1507237,0.997345242247,521939.060361,0.345369333816,0
IND_FUA_07490,Saharanpur,preexisting_detected_screened,GHSL_g_gt_10_m2,2274,1507237,0.997345242247,1271242.31886,0.841186540973,0
IND_FUA_07490,Saharanpur,joint_supported_screened,GHSL_g_gt_10_m2,2274,1507237,0.997345242247,418090.467997,0.276652271066,0
IND_FUA_07490,Saharanpur,ghsl_only,GHSL_g_gt_50_m2,1713,1493153,0.988025798528,1493153,0.988025798528,0
IND_FUA_07490,Saharanpur,endpoint_supported,GHSL_g_gt_50_m2,1713,1493153,0.988025798528,520872.347649,0.344663485401,0
IND_FUA_07490,Saharanpur,preexisting_detected_screened,GHSL_g_gt_50_m2,1713,1493153,0.988025798528,1258631.90279,0.832842174117,0
IND_FUA_07490,Saharanpur,joint_supported_screened,GHSL_g_gt_50_m2,1713,1493153,0.988025798528,417427.984486,0.276213902862,0
IND_FUA_07490,Saharanpur,ghsl_only,GHSL_g_gt_100_m2,1496,1477358,0.977574178709,1477358,0.977574178709,0
IND_FUA_07490,Saharanpur,endpoint_supported,GHSL_g_gt_100_m2,1496,1477358,0.977574178709,518880.547351,0.343345502529,0
IND_FUA_07490,Saharanpur,preexisting_detected_screened,GHSL_g_gt_100_m2,1496,1477358,0.977574178709,1247618.17624,0.82555434362,0
IND_FUA_07490,Saharanpur,joint_supported_screened,GHSL_g_gt_100_m2,1496,1477358,0.977574178709,416880.619512,0.275851709091,0
IND_FUA_07490,Saharanpur,ghsl_only,GHSL_g_gt_500_m2,762,1283805,0.849499321422,1283805,0.849499321422,0
IND_FUA_07490,Saharanpur,endpoint_supported,GHSL_g_gt_500_m2,762,1283805,0.849499321422,477440.214953,0.315924255337,0
IND_FUA_07490,Saharanpur,preexisting_detected_screened,GHSL_g_gt_500_m2,762,1283805,0.849499321422,1126090.98315,0.745139274304,0
IND_FUA_07490,Saharanpur,joint_supported_screened,GHSL_g_gt_500_m2,762,1283805,0.849499321422,405888.288403,0.268578036051,0
IND_FUA_07490,Saharanpur,ghsl_only,exclude_any_permanent_water_QA,3226,1511249,1,1511249,1,0
IND_FUA_07490,Saharanpur,endpoint_supported,exclude_any_permanent_water_QA,3226,1511249,1,521967.514189,0.345388161838,0
IND_FUA_07490,Saharanpur,preexisting_detected_screened,exclude_any_permanent_water_QA,3226,1511249,1,1275240.64727,0.843832252178,0
IND_FUA_07490,Saharanpur,joint_supported_screened,exclude_any_permanent_water_QA,3226,1511249,1,418118.818064,0.276671030428,0
IND_FUA_07490,Saharanpur,ghsl_only,exclude_any_spurious_depth_QA,3226,1511249,1,1511249,1,0
IND_FUA_07490,Saharanpur,endpoint_supported,exclude_any_spurious_depth_QA,3226,1511249,1,521967.514189,0.345388161838,0
IND_FUA_07490,Saharanpur,preexisting_detected_screened,exclude_any_spurious_depth_QA,3226,1511249,1,1275240.64727,0.843832252178,0
IND_FUA_07490,Saharanpur,joint_supported_screened,exclude_any_spurious_depth_QA,3226,1511249,1,418118.818064,0.276671030428,0
IND_FUA_07490,Saharanpur,ghsl_only,exclude_either_QA,3226,1511249,1,1511249,1,0
IND_FUA_07490,Saharanpur,endpoint_supported,exclude_either_QA,3226,1511249,1,521967.514189,0.345388161838,0
IND_FUA_07490,Saharanpur,preexisting_detected_screened,exclude_either_QA,3226,1511249,1,1275240.64727,0.843832252178,0
IND_FUA_07490,Saharanpur,joint_supported_screened,exclude_either_QA,3226,1511249,1,418118.818064,0.276671030428,0
IND_FUA_07499,Nashik,ghsl_only,GHSL_g_gt_0_m2,10786,2715839,1,2715839,1,0.02189109017
IND_FUA_07499,Nashik,endpoint_supported,GHSL_g_gt_0_m2,10786,2715839,1,547412.68268,0.201563009692,0.0241054726445
IND_FUA_07499,Nashik,preexisting_detected_screened,GHSL_g_gt_0_m2,10786,2715839,1,2306445.00112,0.849256896716,0.0111759789855
IND_FUA_07499,Nashik,joint_supported_screened,GHSL_g_gt_0_m2,10786,2715839,1,391173.198858,0.144034016324,0.0069587412905
IND_FUA_07499,Nashik,ghsl_only,GHSL_g_gt_10_m2,7972,2703401,0.995420199798,2703401,0.995420199798,0.0217827606753
IND_FUA_07499,Nashik,endpoint_supported,GHSL_g_gt_10_m2,7972,2703401,0.995420199798,547327.730915,0.201531729574,0.0240918939073
IND_FUA_07499,Nashik,preexisting_detected_screened,GHSL_g_gt_10_m2,7972,2703401,0.995420199798,2294178.86104,0.844740377114,0.0109957185925
IND_FUA_07499,Nashik,joint_supported_screened,GHSL_g_gt_10_m2,7972,2703401,0.995420199798,391093.124744,0.144004532207,0.00693603964153
IND_FUA_07499,Nashik,ghsl_only,GHSL_g_gt_50_m2,5363,2635460,0.970403621128,2635460,0.970403621128,0.0214442335838
IND_FUA_07499,Nashik,endpoint_supported,GHSL_g_gt_50_m2,5363,2635460,0.970403621128,544987.697527,0.200670105086,0.0240322951649
IND_FUA_07499,Nashik,preexisting_detected_screened,GHSL_g_gt_50_m2,5363,2635460,0.970403621128,2228450.30305,0.820538442468,0.0103791988996
IND_FUA_07499,Nashik,joint_supported_screened,GHSL_g_gt_50_m2,5363,2635460,0.970403621128,389083.291227,0.143264490725,0.00674707748345
IND_FUA_07499,Nashik,ghsl_only,GHSL_g_gt_100_m2,4249,2554275,0.940510464722,2554275,0.940510464722,0.0211499350715
IND_FUA_07499,Nashik,endpoint_supported,GHSL_g_gt_100_m2,4249,2554275,0.940510464722,539840.704432,0.198774929012,0.0237907991156
IND_FUA_07499,Nashik,preexisting_detected_screened,GHSL_g_gt_100_m2,4249,2554275,0.940510464722,2152902.97496,0.792721135149,0.0102443406602
IND_FUA_07499,Nashik,joint_supported_screened,GHSL_g_gt_100_m2,4249,2554275,0.940510464722,385292.494042,0.141868680007,0.00667786656567
IND_FUA_07499,Nashik,ghsl_only,GHSL_g_gt_500_m2,1606,1884685,0.69396050355,1884685,0.69396050355,0.0173366303883
IND_FUA_07499,Nashik,endpoint_supported,GHSL_g_gt_500_m2,1606,1884685,0.69396050355,477634.2932,0.175869885218,0.0223963980178
IND_FUA_07499,Nashik,preexisting_detected_screened,GHSL_g_gt_500_m2,1606,1884685,0.69396050355,1577351.89745,0.580797277543,0.00548599284454
IND_FUA_07499,Nashik,joint_supported_screened,GHSL_g_gt_500_m2,1606,1884685,0.69396050355,355103.032996,0.130752608309,0.00577552149998
IND_FUA_07499,Nashik,ghsl_only,exclude_any_permanent_water_QA,10742,2708509,0.997301018212,2708509,0.997301018212,0.0101518668497
IND_FUA_07499,Nashik,endpoint_supported,exclude_any_permanent_water_QA,10742,2708509,0.997301018212,545664.372054,0.200919263643,0.0109129652571
IND_FUA_07499,Nashik,preexisting_detected_screened,exclude_any_permanent_water_QA,10742,2708509,0.997301018212,2302658.21227,0.847862561907,0.00427078648347
IND_FUA_07499,Nashik,joint_supported_screened,exclude_any_permanent_water_QA,10742,2708509,0.997301018212,390706.330386,0.143862110525,0.00282006638622
IND_FUA_07499,Nashik,ghsl_only,exclude_any_spurious_depth_QA,10786,2715839,1,2715839,1,0.02189109017
IND_FUA_07499,Nashik,endpoint_supported,exclude_any_spurious_depth_QA,10786,2715839,1,547412.68268,0.201563009692,0.0241054726445
IND_FUA_07499,Nashik,preexisting_detected_screened,exclude_any_spurious_depth_QA,10786,2715839,1,2306445.00112,0.849256896716,0.0111759789855
IND_FUA_07499,Nashik,joint_supported_screened,exclude_any_spurious_depth_QA,10786,2715839,1,391173.198858,0.144034016324,0.0069587412905
IND_FUA_07499,Nashik,ghsl_only,exclude_either_QA,10742,2708509,0.997301018212,2708509,0.997301018212,0.0101518668497
IND_FUA_07499,Nashik,endpoint_supported,exclude_either_QA,10742,2708509,0.997301018212,545664.372054,0.200919263643,0.0109129652571
IND_FUA_07499,Nashik,preexisting_detected_screened,exclude_either_QA,10742,2708509,0.997301018212,2302658.21227,0.847862561907,0.00427078648347
IND_FUA_07499,Nashik,joint_supported_screened,exclude_either_QA,10742,2708509,0.997301018212,390706.330386,0.143862110525,0.00282006638622
IND_FUA_07581,Dehradun,ghsl_only,GHSL_g_gt_0_m2,4475,1480118,1,1480118,1,0
IND_FUA_07581,Dehradun,endpoint_supported,GHSL_g_gt_0_m2,4475,1480118,1,336715.300194,0.227492200077,0
IND_FUA_07581,Dehradun,preexisting_detected_screened,GHSL_g_gt_0_m2,4475,1480118,1,1194190.3551,0.806821047445,0
IND_FUA_07581,Dehradun,joint_supported_screened,GHSL_g_gt_0_m2,4475,1480118,1,240531.370354,0.162508239447,0
IND_FUA_07581,Dehradun,ghsl_only,GHSL_g_gt_10_m2,3385,1475287,0.996736071043,1475287,0.996736071043,0
IND_FUA_07581,Dehradun,endpoint_supported,GHSL_g_gt_10_m2,3385,1475287,0.996736071043,336621.123843,0.227428572481,0
IND_FUA_07581,Dehradun,preexisting_detected_screened,GHSL_g_gt_10_m2,3385,1475287,0.996736071043,1189388.62636,0.803576894786,0
IND_FUA_07581,Dehradun,joint_supported_screened,GHSL_g_gt_10_m2,3385,1475287,0.996736071043,240437.77042,0.162445001291,0
IND_FUA_07581,Dehradun,ghsl_only,GHSL_g_gt_50_m2,2385,1449438,0.979271922914,1449438,0.979271922914,0
IND_FUA_07581,Dehradun,endpoint_supported,GHSL_g_gt_50_m2,2385,1449438,0.979271922914,335043.934248,0.226362988794,0
IND_FUA_07581,Dehradun,preexisting_detected_screened,GHSL_g_gt_50_m2,2385,1449438,0.979271922914,1164466.80618,0.786739169568,0
IND_FUA_07581,Dehradun,joint_supported_screened,GHSL_g_gt_50_m2,2385,1449438,0.979271922914,239129.341934,0.16156099847,0
IND_FUA_07581,Dehradun,ghsl_only,GHSL_g_gt_100_m2,1935,1417007,0.957360832042,1417007,0.957360832042,0
IND_FUA_07581,Dehradun,endpoint_supported,GHSL_g_gt_100_m2,1935,1417007,0.957360832042,332006.232778,0.224310651433,0
IND_FUA_07581,Dehradun,preexisting_detected_screened,GHSL_g_gt_100_m2,1935,1417007,0.957360832042,1135049.37608,0.766864112237,0
IND_FUA_07581,Dehradun,joint_supported_screened,GHSL_g_gt_100_m2,1935,1417007,0.957360832042,237013.819784,0.16013170557,0
IND_FUA_07581,Dehradun,ghsl_only,GHSL_g_gt_500_m2,864,1146070,0.774309886104,1146070,0.774309886104,0
IND_FUA_07581,Dehradun,endpoint_supported,GHSL_g_gt_500_m2,864,1146070,0.774309886104,298432.934844,0.201627799165,0
IND_FUA_07581,Dehradun,preexisting_detected_screened,GHSL_g_gt_500_m2,864,1146070,0.774309886104,917882.208132,0.620141237477,0
IND_FUA_07581,Dehradun,joint_supported_screened,GHSL_g_gt_500_m2,864,1146070,0.774309886104,225341.818324,0.152245846834,0
IND_FUA_07581,Dehradun,ghsl_only,exclude_any_permanent_water_QA,4475,1480118,1,1480118,1,0
IND_FUA_07581,Dehradun,endpoint_supported,exclude_any_permanent_water_QA,4475,1480118,1,336715.300194,0.227492200077,0
IND_FUA_07581,Dehradun,preexisting_detected_screened,exclude_any_permanent_water_QA,4475,1480118,1,1194190.3551,0.806821047445,0
IND_FUA_07581,Dehradun,joint_supported_screened,exclude_any_permanent_water_QA,4475,1480118,1,240531.370354,0.162508239447,0
IND_FUA_07581,Dehradun,ghsl_only,exclude_any_spurious_depth_QA,4475,1480118,1,1480118,1,0
IND_FUA_07581,Dehradun,endpoint_supported,exclude_any_spurious_depth_QA,4475,1480118,1,336715.300194,0.227492200077,0
IND_FUA_07581,Dehradun,preexisting_detected_screened,exclude_any_spurious_depth_QA,4475,1480118,1,1194190.3551,0.806821047445,0
IND_FUA_07581,Dehradun,joint_supported_screened,exclude_any_spurious_depth_QA,4475,1480118,1,240531.370354,0.162508239447,0
IND_FUA_07581,Dehradun,ghsl_only,exclude_either_QA,4475,1480118,1,1480118,1,0
IND_FUA_07581,Dehradun,endpoint_supported,exclude_either_QA,4475,1480118,1,336715.300194,0.227492200077,0
IND_FUA_07581,Dehradun,preexisting_detected_screened,exclude_either_QA,4475,1480118,1,1194190.3551,0.806821047445,0
IND_FUA_07581,Dehradun,joint_supported_screened,exclude_either_QA,4475,1480118,1,240531.370354,0.162508239447,0
IND_FUA_07601,Kota,ghsl_only,GHSL_g_gt_0_m2,5428,2483233,1,2483233,1,0.0198426661512
IND_FUA_07601,Kota,endpoint_supported,GHSL_g_gt_0_m2,5428,2483233,1,842980.61877,0.339468998185,0.00782040968586
IND_FUA_07601,Kota,preexisting_detected_screened,GHSL_g_gt_0_m2,5428,2483233,1,2024966.58012,0.815455730543,0.0184905274202
IND_FUA_07601,Kota,joint_supported_screened,GHSL_g_gt_0_m2,5428,2483233,1,634385.889833,0.255467726884,0.0061106540818
IND_FUA_07601,Kota,ghsl_only,GHSL_g_gt_10_m2,4158,2477966,0.997878974708,2477966,0.997878974708,0.0195402081983
IND_FUA_07601,Kota,endpoint_supported,GHSL_g_gt_10_m2,4158,2477966,0.997878974708,842914.470276,0.339442360131,0.00779348692368
IND_FUA_07601,Kota,preexisting_detected_screened,GHSL_g_gt_10_m2,4158,2477966,0.997878974708,2019837.85176,0.813390387354,0.0181769845265
IND_FUA_07601,Kota,joint_supported_screened,GHSL_g_gt_10_m2,4158,2477966,0.997878974708,634325.68409,0.255443481981,0.0060983496815
IND_FUA_07601,Kota,ghsl_only,GHSL_g_gt_50_m2,3193,2452810,0.987748632529,2452810,0.987748632529,0.017884805968
IND_FUA_07601,Kota,endpoint_supported,GHSL_g_gt_50_m2,3193,2452810,0.987748632529,841560.90348,0.338897277654,0.00765656962946
IND_FUA_07601,Kota,preexisting_detected_screened,GHSL_g_gt_50_m2,3193,2452810,0.987748632529,1997510.42116,0.80439911243,0.01683914657
IND_FUA_07601,Kota,joint_supported_screened,GHSL_g_gt_50_m2,3193,2452810,0.987748632529,633552.964713,0.255132307243,0.00600855227528
IND_FUA_07601,Kota,ghsl_only,GHSL_g_gt_100_m2,2703,2416688,0.973202273005,2416688,0.973202273005,0.0148947188611
IND_FUA_07601,Kota,endpoint_supported,GHSL_g_gt_100_m2,2703,2416688,0.973202273005,838246.21451,0.337562449641,0.00748335688205
IND_FUA_07601,Kota,preexisting_detected_screened,GHSL_g_gt_100_m2,2703,2416688,0.973202273005,1967018.08416,0.792119822891,0.0137181863346
IND_FUA_07601,Kota,joint_supported_screened,GHSL_g_gt_100_m2,2703,2416688,0.973202273005,631645.191981,0.254364045573,0.00590634808889
IND_FUA_07601,Kota,ghsl_only,GHSL_g_gt_500_m2,1322,2069301,0.8333092384,2069301,0.8333092384,0.00926023259524
IND_FUA_07601,Kota,endpoint_supported,GHSL_g_gt_500_m2,1322,2069301,0.8333092384,772989.633669,0.311283570116,0.00530302963512
IND_FUA_07601,Kota,preexisting_detected_screened,GHSL_g_gt_500_m2,1322,2069301,0.8333092384,1726762.24584,0.695368596437,0.00817080436237
IND_FUA_07601,Kota,joint_supported_screened,GHSL_g_gt_500_m2,1322,2069301,0.8333092384,611872.194802,0.246401443119,0.00410741078847
IND_FUA_07601,Kota,ghsl_only,exclude_any_permanent_water_QA,5387,2479672,0.99856598233,2479672,0.99856598233,0.014075537833
IND_FUA_07601,Kota,endpoint_supported,exclude_any_permanent_water_QA,5387,2479672,0.99856598233,842334.887417,0.339208961631,0.0061931406214
IND_FUA_07601,Kota,preexisting_detected_screened,exclude_any_permanent_water_QA,5387,2479672,0.99856598233,2022443.06924,0.814439510606,0.0132430998669
IND_FUA_07601,Kota,joint_supported_screened,exclude_any_permanent_water_QA,5387,2479672,0.99856598233,634176.15361,0.255383265932,0.00510558462853
IND_FUA_07601,Kota,ghsl_only,exclude_any_spurious_depth_QA,5428,2483233,1,2483233,1,0.0198426661512
IND_FUA_07601,Kota,endpoint_supported,exclude_any_spurious_depth_QA,5428,2483233,1,842980.61877,0.339468998185,0.00782040968586
IND_FUA_07601,Kota,preexisting_detected_screened,exclude_any_spurious_depth_QA,5428,2483233,1,2024966.58012,0.815455730543,0.0184905274202
IND_FUA_07601,Kota,joint_supported_screened,exclude_any_spurious_depth_QA,5428,2483233,1,634385.889833,0.255467726884,0.0061106540818
IND_FUA_07601,Kota,ghsl_only,exclude_either_QA,5387,2479672,0.99856598233,2479672,0.99856598233,0.014075537833
IND_FUA_07601,Kota,endpoint_supported,exclude_either_QA,5387,2479672,0.99856598233,842334.887417,0.339208961631,0.0061931406214
IND_FUA_07601,Kota,preexisting_detected_screened,exclude_either_QA,5387,2479672,0.99856598233,2022443.06924,0.814439510606,0.0132430998669
IND_FUA_07601,Kota,joint_supported_screened,exclude_either_QA,5387,2479672,0.99856598233,634176.15361,0.255383265932,0.00510558462853
IND_FUA_07617,Pune,ghsl_only,GHSL_g_gt_0_m2,32775,13965327,1,13965327,1,0.0559425874298
IND_FUA_07617,Pune,endpoint_supported,GHSL_g_gt_0_m2,32775,13965327,1,4243809.03051,0.303881823212,0.0352772179445
IND_FUA_07617,Pune,preexisting_detected_screened,GHSL_g_gt_0_m2,32775,13965327,1,12254864.6991,0.877520784089,0.051776904042
IND_FUA_07617,Pune,joint_supported_screened,GHSL_g_gt_0_m2,32775,13965327,1,3542754.98452,0.253682207694,0.0309738804631
IND_FUA_07617,Pune,ghsl_only,GHSL_g_gt_10_m2,25406,13932732,0.997666005243,13932732,0.997666005243,0.055681632878
IND_FUA_07617,Pune,endpoint_supported,GHSL_g_gt_10_m2,25406,13932732,0.997666005243,4243394.51077,0.303852141147,0.0352741741592
IND_FUA_07617,Pune,preexisting_detected_screened,GHSL_g_gt_10_m2,25406,13932732,0.997666005243,12222728.1663,0.875219618295,0.0514839139363
IND_FUA_07617,Pune,joint_supported_screened,GHSL_g_gt_10_m2,25406,13932732,0.997666005243,3542352.03891,0.253653354405,0.0309704576704
IND_FUA_07617,Pune,ghsl_only,GHSL_g_gt_50_m2,18447,13751270,0.98467225293,13751270,0.98467225293,0.0549443967613
IND_FUA_07617,Pune,endpoint_supported,GHSL_g_gt_50_m2,18447,13751270,0.98467225293,4233761.51272,0.30316236152,0.0351736817947
IND_FUA_07617,Pune,preexisting_detected_screened,GHSL_g_gt_50_m2,18447,13751270,0.98467225293,12052539.4309,0.863033098393,0.0507168637082
IND_FUA_07617,Pune,joint_supported_screened,GHSL_g_gt_50_m2,18447,13751270,0.98467225293,3534877.60102,0.25311814045,0.0309099708365
IND_FUA_07617,Pune,ghsl_only,GHSL_g_gt_100_m2,15287,13521450,0.968215781843,13521450,0.968215781843,0.0539550596491
IND_FUA_07617,Pune,endpoint_supported,GHSL_g_gt_100_m2,15287,13521450,0.968215781843,4211817.80247,0.301591062097,0.0349664541658
IND_FUA_07617,Pune,preexisting_detected_screened,GHSL_g_gt_100_m2,15287,13521450,0.968215781843,11853027.2679,0.848746847671,0.0498053954674
IND_FUA_07617,Pune,joint_supported_screened,GHSL_g_gt_100_m2,15287,13521450,0.968215781843,3521555.21194,0.252164178607,0.030775973769
IND_FUA_07617,Pune,ghsl_only,GHSL_g_gt_500_m2,7404,11543392,0.826575131395,11543392,0.826575131395,0.0465131296386
IND_FUA_07617,Pune,endpoint_supported,GHSL_g_gt_500_m2,7404,11543392,0.826575131395,3935076.49342,0.281774747804,0.0336267803441
IND_FUA_07617,Pune,preexisting_detected_screened,GHSL_g_gt_500_m2,7404,11543392,0.826575131395,10290855.3694,0.736886101517,0.0420563237276
IND_FUA_07617,Pune,joint_supported_screened,GHSL_g_gt_500_m2,7404,11543392,0.826575131395,3401792.76578,0.243588479223,0.0299633459123
IND_FUA_07617,Pune,ghsl_only,exclude_any_permanent_water_QA,32583,13915889,0.996459946838,13915889,0.996459946838,0.0378478123232
IND_FUA_07617,Pune,endpoint_supported,exclude_any_permanent_water_QA,32583,13915889,0.996459946838,4233588.33617,0.303149961055,0.0262400967572
IND_FUA_07617,Pune,preexisting_detected_screened,exclude_any_permanent_water_QA,32583,13915889,0.996459946838,12211569.4599,0.874420588928,0.0331359985026
IND_FUA_07617,Pune,joint_supported_screened,exclude_any_permanent_water_QA,32583,13915889,0.996459946838,3534127.46632,0.25306442637,0.0212625557174
IND_FUA_07617,Pune,ghsl_only,exclude_any_spurious_depth_QA,30247,12884021,0.922572095877,12884021,0.922572095877,0.0319529547386
IND_FUA_07617,Pune,endpoint_supported,exclude_any_spurious_depth_QA,30247,12884021,0.922572095877,3921591.01431,0.28080910775,0.0185178297964
IND_FUA_07617,Pune,preexisting_detected_screened,exclude_any_spurious_depth_QA,30247,12884021,0.922572095877,11292682.2394,0.80862282991,0.0309505116348
IND_FUA_07617,Pune,joint_supported_screened,exclude_any_spurious_depth_QA,30247,12884021,0.922572095877,3265947.9435,0.233861186602,0.0179379348972
IND_FUA_07617,Pune,ghsl_only,exclude_either_QA,30105,12844910,0.919771516986,12844910,0.919771516986,0.0199925328367
IND_FUA_07617,Pune,endpoint_supported,exclude_either_QA,30105,12844910,0.919771516986,3912818.43993,0.280180939546,0.0123352379206
IND_FUA_07617,Pune,preexisting_detected_screened,exclude_either_QA,30105,12844910,0.919771516986,11258581.0102,0.806180980238,0.018453694823
IND_FUA_07617,Pune,joint_supported_screened,exclude_either_QA,30105,12844910,0.919771516986,3258634.38634,0.233337492659,0.0113318660182
IND_FUA_07631,Haridwar,ghsl_only,GHSL_g_gt_0_m2,4875,1895887,1,1895887,1,0.0655888319322
IND_FUA_07631,Haridwar,endpoint_supported,GHSL_g_gt_0_m2,4875,1895887,1,651520.444713,0.343649407751,0.0289637201427
IND_FUA_07631,Haridwar,preexisting_detected_screened,GHSL_g_gt_0_m2,4875,1895887,1,1495805.58658,0.788974019325,0.0662011390603
IND_FUA_07631,Haridwar,joint_supported_screened,GHSL_g_gt_0_m2,4875,1895887,1,481288.681582,0.253859371145,0.0202479719631
IND_FUA_07631,Haridwar,ghsl_only,GHSL_g_gt_10_m2,3497,1890035,0.996913318146,1890035,0.996913318146,0.0652224645344
IND_FUA_07631,Haridwar,endpoint_supported,GHSL_g_gt_10_m2,3497,1890035,0.996913318146,651430.261803,0.34360184009,0.028941823189
IND_FUA_07631,Haridwar,preexisting_detected_screened,GHSL_g_gt_10_m2,3497,1890035,0.996913318146,1490006.83392,0.785915423187,0.0657512786954
IND_FUA_07631,Haridwar,joint_supported_screened,GHSL_g_gt_10_m2,3497,1890035,0.996913318146,481201.864536,0.253813578835,0.0202165537522
IND_FUA_07631,Haridwar,ghsl_only,GHSL_g_gt_50_m2,2529,1865465,0.983953685003,1865465,0.983953685003,0.0645331626101
IND_FUA_07631,Haridwar,endpoint_supported,GHSL_g_gt_50_m2,2529,1865465,0.983953685003,649851.698738,0.34276921501,0.0288724080789
IND_FUA_07631,Haridwar,preexisting_detected_screened,GHSL_g_gt_50_m2,2529,1865465,0.983953685003,1466855.72051,0.773704192556,0.0649401659636
IND_FUA_07631,Haridwar,joint_supported_screened,GHSL_g_gt_50_m2,2529,1865465,0.983953685003,480088.921557,0.253226548606,0.0200969469489
IND_FUA_07631,Haridwar,ghsl_only,GHSL_g_gt_100_m2,2101,1833721,0.967210071064,1833721,0.967210071064,0.0624248208152
IND_FUA_07631,Haridwar,endpoint_supported,GHSL_g_gt_100_m2,2101,1833721,0.967210071064,646173.030536,0.340828873523,0.0286892582214
IND_FUA_07631,Haridwar,preexisting_detected_screened,GHSL_g_gt_100_m2,2101,1833721,0.967210071064,1440144.34813,0.759615076282,0.0622390286385
IND_FUA_07631,Haridwar,joint_supported_screened,GHSL_g_gt_100_m2,2101,1833721,0.967210071064,478180.067926,0.252219709258,0.019857284179
IND_FUA_07631,Haridwar,ghsl_only,GHSL_g_gt_500_m2,967,1540978,0.812800551932,1540978,0.812800551932,0.04253208606
IND_FUA_07631,Haridwar,endpoint_supported,GHSL_g_gt_500_m2,967,1540978,0.812800551932,591902.120285,0.312203269649,0.0241434543943
IND_FUA_07631,Haridwar,preexisting_detected_screened,GHSL_g_gt_500_m2,967,1540978,0.812800551932,1237586.08181,0.652774180007,0.0418504677481
IND_FUA_07631,Haridwar,joint_supported_screened,GHSL_g_gt_500_m2,967,1540978,0.812800551932,461432.855697,0.24338626495,0.0170807096893
IND_FUA_07631,Haridwar,ghsl_only,exclude_any_permanent_water_QA,4762,1870725,0.98672811196,1870725,0.98672811196,0.03306846238
IND_FUA_07631,Haridwar,endpoint_supported,exclude_any_permanent_water_QA,4762,1870725,0.98672811196,647496.029247,0.341526699243,0.0185848271397
IND_FUA_07631,Haridwar,preexisting_detected_screened,exclude_any_permanent_water_QA,4762,1870725,0.98672811196,1477849.04251,0.779502703751,0.0325274388031
IND_FUA_07631,Haridwar,joint_supported_screened,exclude_any_permanent_water_QA,4762,1870725,0.98672811196,479195.075877,0.252755082912,0.0117626254935
IND_FUA_07631,Haridwar,ghsl_only,exclude_any_spurious_depth_QA,4875,1895887,1,1895887,1,0.0655888319322
IND_FUA_07631,Haridwar,endpoint_supported,exclude_any_spurious_depth_QA,4875,1895887,1,651520.444713,0.343649407751,0.0289637201427
IND_FUA_07631,Haridwar,preexisting_detected_screened,exclude_any_spurious_depth_QA,4875,1895887,1,1495805.58658,0.788974019325,0.0662011390603
IND_FUA_07631,Haridwar,joint_supported_screened,exclude_any_spurious_depth_QA,4875,1895887,1,481288.681582,0.253859371145,0.0202479719631
IND_FUA_07631,Haridwar,ghsl_only,exclude_either_QA,4762,1870725,0.98672811196,1870725,0.98672811196,0.03306846238
IND_FUA_07631,Haridwar,endpoint_supported,exclude_either_QA,4762,1870725,0.98672811196,647496.029247,0.341526699243,0.0185848271397
IND_FUA_07631,Haridwar,preexisting_detected_screened,exclude_either_QA,4762,1870725,0.98672811196,1477849.04251,0.779502703751,0.0325274388031
IND_FUA_07631,Haridwar,joint_supported_screened,exclude_either_QA,4762,1870725,0.98672811196,479195.075877,0.252755082912,0.0117626254935
IND_FUA_07643,Meerut,ghsl_only,GHSL_g_gt_0_m2,11327,6166678,1,6166678,1,0.119330179136
IND_FUA_07643,Meerut,endpoint_supported,GHSL_g_gt_0_m2,11327,6166678,1,1881995.42265,0.305187886031,0.125715128901
IND_FUA_07643,Meerut,preexisting_detected_screened,GHSL_g_gt_0_m2,11327,6166678,1,4939394.50873,0.800981421234,0.12774750952
IND_FUA_07643,Meerut,joint_supported_screened,GHSL_g_gt_0_m2,11327,6166678,1,1385253.87071,0.224635349974,0.137480413253
IND_FUA_07643,Meerut,ghsl_only,GHSL_g_gt_10_m2,9230,6157951,0.998584813412,6157951,0.998584813412,0.119372942658
IND_FUA_07643,Meerut,endpoint_supported,GHSL_g_gt_10_m2,9230,6157951,0.998584813412,1881958.35417,0.305181874936,0.125715763849
IND_FUA_07643,Meerut,preexisting_detected_screened,GHSL_g_gt_10_m2,9230,6157951,0.998584813412,4930797.26019,0.799587275383,0.127814326818
IND_FUA_07643,Meerut,joint_supported_screened,GHSL_g_gt_10_m2,9230,6157951,0.998584813412,1385218.0797,0.224629546037,0.137481722718
IND_FUA_07643,Meerut,ghsl_only,GHSL_g_gt_50_m2,7723,6118068,0.992117311784,6118068,0.992117311784,0.119526303659
IND_FUA_07643,Meerut,endpoint_supported,GHSL_g_gt_50_m2,7723,6118068,0.992117311784,1879214.93699,0.304736997292,0.125775373718
IND_FUA_07643,Meerut,preexisting_detected_screened,GHSL_g_gt_50_m2,7723,6118068,0.992117311784,4898575.71784,0.794362170011,0.127987793891
IND_FUA_07643,Meerut,joint_supported_screened,GHSL_g_gt_50_m2,7723,6118068,0.992117311784,1384471.71252,0.224508513744,0.137490747019
IND_FUA_07643,Meerut,ghsl_only,GHSL_g_gt_100_m2,6885,6056380,0.98211387071,6056380,0.98211387071,0.11982733007
IND_FUA_07643,Meerut,endpoint_supported,GHSL_g_gt_100_m2,6885,6056380,0.98211387071,1871547.78154,0.303493677071,0.126045797292
IND_FUA_07643,Meerut,preexisting_detected_screened,GHSL_g_gt_100_m2,6885,6056380,0.98211387071,4858268.62864,0.787825897289,0.128141866859
IND_FUA_07643,Meerut,joint_supported_screened,GHSL_g_gt_100_m2,6885,6056380,0.98211387071,1383144.4591,0.224293283855,0.137549306155
IND_FUA_07643,Meerut,ghsl_only,GHSL_g_gt_500_m2,3517,5153461,0.835694842507,5153461,0.835694842507,0.12392814431
IND_FUA_07643,Meerut,endpoint_supported,GHSL_g_gt_500_m2,3517,5153461,0.835694842507,1692146.86126,0.274401689412,0.131550968397
IND_FUA_07643,Meerut,preexisting_detected_screened,GHSL_g_gt_500_m2,3517,5153461,0.835694842507,4333545.76365,0.702735859348,0.129330197687
IND_FUA_07643,Meerut,joint_supported_screened,GHSL_g_gt_500_m2,3517,5153461,0.835694842507,1341719.68416,0.21757576513,0.138816317249
IND_FUA_07643,Meerut,ghsl_only,exclude_any_permanent_water_QA,11311,6161152,0.999103893539,6161152,0.999103893539,0.118401170968
IND_FUA_07643,Meerut,endpoint_supported,exclude_any_permanent_water_QA,11311,6161152,0.999103893539,1880760.56204,0.304987638733,0.125138786897
IND_FUA_07643,Meerut,preexisting_detected_screened,exclude_any_permanent_water_QA,11311,6161152,0.999103893539,4934298.64702,0.800155066799,0.126679433108
IND_FUA_07643,Meerut,joint_supported_screened,exclude_any_permanent_water_QA,11311,6161152,0.999103893539,1384088.28023,0.224446335649,0.136753119619
IND_FUA_07643,Meerut,ghsl_only,exclude_any_spurious_depth_QA,11327,6166678,1,6166678,1,0.119330179136
IND_FUA_07643,Meerut,endpoint_supported,exclude_any_spurious_depth_QA,11327,6166678,1,1881995.42265,0.305187886031,0.125715128901
IND_FUA_07643,Meerut,preexisting_detected_screened,exclude_any_spurious_depth_QA,11327,6166678,1,4939394.50873,0.800981421234,0.12774750952
IND_FUA_07643,Meerut,joint_supported_screened,exclude_any_spurious_depth_QA,11327,6166678,1,1385253.87071,0.224635349974,0.137480413253
IND_FUA_07643,Meerut,ghsl_only,exclude_either_QA,11311,6161152,0.999103893539,6161152,0.999103893539,0.118401170968
IND_FUA_07643,Meerut,endpoint_supported,exclude_either_QA,11311,6161152,0.999103893539,1880760.56204,0.304987638733,0.125138786897
IND_FUA_07643,Meerut,preexisting_detected_screened,exclude_either_QA,11311,6161152,0.999103893539,4934298.64702,0.800155066799,0.126679433108
IND_FUA_07643,Meerut,joint_supported_screened,exclude_either_QA,11311,6161152,0.999103893539,1384088.28023,0.224446335649,0.136753119619
IND_FUA_07839,Indore,ghsl_only,GHSL_g_gt_0_m2,16212,5101697,1,5101697,1,0.00155752095822
IND_FUA_07839,Indore,endpoint_supported,GHSL_g_gt_0_m2,16212,5101697,1,1526393.66989,0.299193321338,0.000423054243744
IND_FUA_07839,Indore,preexisting_detected_screened,GHSL_g_gt_0_m2,16212,5101697,1,3960701.39475,0.776349790032,0.00138657849555
IND_FUA_07839,Indore,joint_supported_screened,GHSL_g_gt_0_m2,16212,5101697,1,1079292.66803,0.211555619243,0.000246677568569
IND_FUA_07839,Indore,ghsl_only,GHSL_g_gt_10_m2,11439,5081788,0.996097573023,5081788,0.996097573023,0.0015526031389
IND_FUA_07839,Indore,endpoint_supported,GHSL_g_gt_10_m2,11439,5081788,0.996097573023,1526139.99742,0.299143598183,0.000422982067058
IND_FUA_07839,Indore,preexisting_detected_screened,GHSL_g_gt_10_m2,11439,5081788,0.996097573023,3941498.23899,0.772585717848,0.00137912617275
IND_FUA_07839,Indore,joint_supported_screened,GHSL_g_gt_10_m2,11439,5081788,0.996097573023,1079052.43295,0.211508529995,0.00024653095073
IND_FUA_07839,Indore,ghsl_only,GHSL_g_gt_50_m2,8476,5005996,0.981241339891,5005996,0.981241339891,0.00155833124917
IND_FUA_07839,Indore,endpoint_supported,GHSL_g_gt_50_m2,8476,5005996,0.981241339891,1521227.51023,0.298180685806,0.000424347999485
IND_FUA_07839,Indore,preexisting_detected_screened,GHSL_g_gt_50_m2,8476,5005996,0.981241339891,3876916.38543,0.759926821494,0.0013854002019
IND_FUA_07839,Indore,joint_supported_screened,GHSL_g_gt_50_m2,8476,5005996,0.981241339891,1076269.35265,0.210963009495,0.000247168444894
IND_FUA_07839,Indore,ghsl_only,GHSL_g_gt_100_m2,7060,4902066,0.960869687086,4902066,0.960869687086,0.00146570854003
IND_FUA_07839,Indore,endpoint_supported,GHSL_g_gt_100_m2,7060,4902066,0.960869687086,1509869.64475,0.295954394147,0.000417392605029
IND_FUA_07839,Indore,preexisting_detected_screened,GHSL_g_gt_100_m2,7060,4902066,0.960869687086,3802384.92802,0.74531767136,0.00128626223358
IND_FUA_07839,Indore,joint_supported_screened,GHSL_g_gt_100_m2,7060,4902066,0.960869687086,1072410.70609,0.2102066638,0.000239765240138
IND_FUA_07839,Indore,ghsl_only,GHSL_g_gt_500_m2,2926,3849013,0.754457389375,3849013,0.754457389375,0.00122706782232
IND_FUA_07839,Indore,endpoint_supported,GHSL_g_gt_500_m2,2926,3849013,0.754457389375,1325281.96152,0.259772770024,0.000149907466844
IND_FUA_07839,Indore,preexisting_detected_screened,GHSL_g_gt_500_m2,2926,3849013,0.754457389375,3110603.99724,0.609719471234,0.00104834866014
IND_FUA_07839,Indore,joint_supported_screened,GHSL_g_gt_500_m2,2926,3849013,0.754457389375,1014751.53021,0.19890470371,0.000148736454152
IND_FUA_07839,Indore,ghsl_only,exclude_any_permanent_water_QA,16172,5093751,0.998442479042,5093751,0.998442479042,0
IND_FUA_07839,Indore,endpoint_supported,exclude_any_permanent_water_QA,16172,5093751,0.998442479042,1525747.92257,0.299066746333,0
IND_FUA_07839,Indore,preexisting_detected_screened,exclude_any_permanent_water_QA,16172,5093751,0.998442479042,3955209.57137,0.775273320108,0
IND_FUA_07839,Indore,joint_supported_screened,exclude_any_permanent_water_QA,16172,5093751,0.998442479042,1079026.43073,0.211503433217,0
IND_FUA_07839,Indore,ghsl_only,exclude_any_spurious_depth_QA,16212,5101697,1,5101697,1,0.00155752095822
IND_FUA_07839,Indore,endpoint_supported,exclude_any_spurious_depth_QA,16212,5101697,1,1526393.66989,0.299193321338,0.000423054243744
IND_FUA_07839,Indore,preexisting_detected_screened,exclude_any_spurious_depth_QA,16212,5101697,1,3960701.39475,0.776349790032,0.00138657849555
IND_FUA_07839,Indore,joint_supported_screened,exclude_any_spurious_depth_QA,16212,5101697,1,1079292.66803,0.211555619243,0.000246677568569
IND_FUA_07839,Indore,ghsl_only,exclude_either_QA,16172,5093751,0.998442479042,5093751,0.998442479042,0
IND_FUA_07839,Indore,endpoint_supported,exclude_either_QA,16172,5093751,0.998442479042,1525747.92257,0.299066746333,0
IND_FUA_07839,Indore,preexisting_detected_screened,exclude_either_QA,16172,5093751,0.998442479042,3955209.57137,0.775273320108,0
IND_FUA_07839,Indore,joint_supported_screened,exclude_either_QA,16172,5093751,0.998442479042,1079026.43073,0.211503433217,0
IND_FUA_07881,Kolhapur,ghsl_only,GHSL_g_gt_0_m2,3871,507716,1,507716,1,0.0625100984309
IND_FUA_07881,Kolhapur,endpoint_supported,GHSL_g_gt_0_m2,3871,507716,1,69706.4725033,0.137294220594,0.0234256881065
IND_FUA_07881,Kolhapur,preexisting_detected_screened,GHSL_g_gt_0_m2,3871,507716,1,368107.296894,0.72502599267,0.0743275381401
IND_FUA_07881,Kolhapur,joint_supported_screened,GHSL_g_gt_0_m2,3871,507716,1,42940.5763156,0.084575976167,0.0257055490589
IND_FUA_07881,Kolhapur,ghsl_only,GHSL_g_gt_10_m2,2316,501002,0.986776071662,501002,0.986776071662,0.0610041466495
IND_FUA_07881,Kolhapur,endpoint_supported,GHSL_g_gt_10_m2,2316,501002,0.986776071662,69663.6738144,0.13720992408,0.0233542240138
IND_FUA_07881,Kolhapur,preexisting_detected_screened,GHSL_g_gt_10_m2,2316,501002,0.986776071662,361502.034738,0.712016234939,0.0725108940278
IND_FUA_07881,Kolhapur,joint_supported_screened,GHSL_g_gt_10_m2,2316,501002,0.986776071662,42898.1962194,0.0844925041153,0.025591526233
IND_FUA_07881,Kolhapur,ghsl_only,GHSL_g_gt_50_m2,1342,477313,0.940118097519,477313,0.940118097519,0.0595801706013
IND_FUA_07881,Kolhapur,endpoint_supported,GHSL_g_gt_50_m2,1342,477313,0.940118097519,68797.5653421,0.135504032455,0.0232258396652
IND_FUA_07881,Kolhapur,preexisting_detected_screened,GHSL_g_gt_50_m2,1342,477313,0.940118097519,340479.085447,0.670609327747,0.0709493778586
IND_FUA_07881,Kolhapur,joint_supported_screened,GHSL_g_gt_50_m2,1342,477313,0.940118097519,42189.3415474,0.0830963403703,0.0253329900419
IND_FUA_07881,Kolhapur,ghsl_only,GHSL_g_gt_100_m2,1012,453505,0.893225740375,453505,0.893225740375,0.0595387952929
IND_FUA_07881,Kolhapur,endpoint_supported,GHSL_g_gt_100_m2,1012,453505,0.893225740375,67561.6424085,0.133069752398,0.0235006133249
IND_FUA_07881,Kolhapur,preexisting_detected_screened,GHSL_g_gt_100_m2,1012,453505,0.893225740375,322905.707525,0.635996713764,0.0706567741365
IND_FUA_07881,Kolhapur,joint_supported_screened,GHSL_g_gt_100_m2,1012,453505,0.893225740375,41387.0366379,0.0815161165649,0.0256140643485
IND_FUA_07881,Kolhapur,ghsl_only,GHSL_g_gt_500_m2,269,275720,0.543059505708,275720,0.543059505708,0.0728908103858
IND_FUA_07881,Kolhapur,endpoint_supported,GHSL_g_gt_500_m2,269,275720,0.543059505708,52393.2512975,0.103194012593,0.0255723021299
IND_FUA_07881,Kolhapur,preexisting_detected_screened,GHSL_g_gt_500_m2,269,275720,0.543059505708,204145.835819,0.402086670145,0.0845071034583
IND_FUA_07881,Kolhapur,joint_supported_screened,GHSL_g_gt_500_m2,269,275720,0.543059505708,34669.4357603,0.0682850959203,0.0259168753449
IND_FUA_07881,Kolhapur,ghsl_only,exclude_any_permanent_water_QA,3852,505069,0.99478645542,505069,0.99478645542,0.0563576514613
IND_FUA_07881,Kolhapur,endpoint_supported,exclude_any_permanent_water_QA,3852,505069,0.99478645542,69706.4725033,0.137294220594,0.0234256881065
IND_FUA_07881,Kolhapur,preexisting_detected_screened,exclude_any_permanent_water_QA,3852,505069,0.99478645542,365491.710025,0.719874319551,0.0660279551717
IND_FUA_07881,Kolhapur,joint_supported_screened,exclude_any_permanent_water_QA,3852,505069,0.99478645542,42940.5763156,0.084575976167,0.0257055490589
IND_FUA_07881,Kolhapur,ghsl_only,exclude_any_spurious_depth_QA,3871,507716,1,507716,1,0.0625100984309
IND_FUA_07881,Kolhapur,endpoint_supported,exclude_any_spurious_depth_QA,3871,507716,1,69706.4725033,0.137294220594,0.0234256881065
IND_FUA_07881,Kolhapur,preexisting_detected_screened,exclude_any_spurious_depth_QA,3871,507716,1,368107.296894,0.72502599267,0.0743275381401
IND_FUA_07881,Kolhapur,joint_supported_screened,exclude_any_spurious_depth_QA,3871,507716,1,42940.5763156,0.084575976167,0.0257055490589
IND_FUA_07881,Kolhapur,ghsl_only,exclude_either_QA,3852,505069,0.99478645542,505069,0.99478645542,0.0563576514613
IND_FUA_07881,Kolhapur,endpoint_supported,exclude_either_QA,3852,505069,0.99478645542,69706.4725033,0.137294220594,0.0234256881065
IND_FUA_07881,Kolhapur,preexisting_detected_screened,exclude_either_QA,3852,505069,0.99478645542,365491.710025,0.719874319551,0.0660279551717
IND_FUA_07881,Kolhapur,joint_supported_screened,exclude_either_QA,3852,505069,0.99478645542,42940.5763156,0.084575976167,0.0257055490589
IND_FUA_07895,Aligarh,ghsl_only,GHSL_g_gt_0_m2,6602,3411737,1,3411737,1,0.251055282553
IND_FUA_07895,Aligarh,endpoint_supported,GHSL_g_gt_0_m2,6602,3411737,1,1038483.04028,0.304385431902,0.20553918497
IND_FUA_07895,Aligarh,preexisting_detected_screened,GHSL_g_gt_0_m2,6602,3411737,1,2857324.62571,0.837498501704,0.259015862782
IND_FUA_07895,Aligarh,joint_supported_screened,GHSL_g_gt_0_m2,6602,3411737,1,794083.458804,0.232750490089,0.211511808894
IND_FUA_07895,Aligarh,ghsl_only,GHSL_g_gt_10_m2,4812,3404426,0.997857103288,3404426,0.997857103288,0.250867278084
IND_FUA_07895,Aligarh,endpoint_supported,GHSL_g_gt_10_m2,4812,3404426,0.997857103288,1038436.79523,0.304371877207,0.20553400846
IND_FUA_07895,Aligarh,preexisting_detected_screened,GHSL_g_gt_10_m2,4812,3404426,0.997857103288,2850118.83613,0.835386442779,0.258814016713
IND_FUA_07895,Aligarh,joint_supported_screened,GHSL_g_gt_10_m2,4812,3404426,0.997857103288,794037.747497,0.232737091838,0.211505308798
IND_FUA_07895,Aligarh,ghsl_only,GHSL_g_gt_50_m2,3859,3380493,0.990842201494,3380493,0.990842201494,0.250295285169
IND_FUA_07895,Aligarh,endpoint_supported,GHSL_g_gt_50_m2,3859,3380493,0.990842201494,1037492.99476,0.304095243789,0.205452951923
IND_FUA_07895,Aligarh,preexisting_detected_screened,GHSL_g_gt_50_m2,3859,3380493,0.990842201494,2829115.54639,0.82923025614,0.25822758089
IND_FUA_07895,Aligarh,joint_supported_screened,GHSL_g_gt_50_m2,3859,3380493,0.990842201494,793616.428924,0.232613600909,0.211438027282
IND_FUA_07895,Aligarh,ghsl_only,GHSL_g_gt_100_m2,3417,3347898,0.981288417015,3347898,0.981288417015,0.24952544167
IND_FUA_07895,Aligarh,endpoint_supported,GHSL_g_gt_100_m2,3417,3347898,0.981288417015,1034301.28677,0.303159735575,0.205149158044
IND_FUA_07895,Aligarh,preexisting_detected_screened,GHSL_g_gt_100_m2,3417,3347898,0.981288417015,2805411.07196,0.822282336522,0.257432519893
IND_FUA_07895,Aligarh,joint_supported_screened,GHSL_g_gt_100_m2,3417,3347898,0.981288417015,792748.343215,0.232359159928,0.211355602063
IND_FUA_07895,Aligarh,ghsl_only,GHSL_g_gt_500_m2,1852,2926924,0.857898483969,2926924,0.857898483969,0.245266930729
IND_FUA_07895,Aligarh,endpoint_supported,GHSL_g_gt_500_m2,1852,2926924,0.857898483969,961434.968647,0.281802193032,0.204410740283
IND_FUA_07895,Aligarh,preexisting_detected_screened,GHSL_g_gt_500_m2,1852,2926924,0.857898483969,2526154.17808,0.740430513278,0.252564243853
IND_FUA_07895,Aligarh,joint_supported_screened,GHSL_g_gt_500_m2,1852,2926924,0.857898483969,774327.24865,0.226959829744,0.210755765035
IND_FUA_07895,Aligarh,ghsl_only,exclude_any_permanent_water_QA,6568,3398229,0.996040726469,3398229,0.996040726469,0.246385103484
IND_FUA_07895,Aligarh,endpoint_supported,exclude_any_permanent_water_QA,6568,3398229,0.996040726469,1036041.75335,0.303669876475,0.202479260032
IND_FUA_07895,Aligarh,preexisting_detected_screened,exclude_any_permanent_water_QA,6568,3398229,0.996040726469,2845274.25291,0.833966467201,0.254034937
IND_FUA_07895,Aligarh,joint_supported_screened,exclude_any_permanent_water_QA,6568,3398229,0.996040726469,792067.674091,0.23215965184,0.208096106543
IND_FUA_07895,Aligarh,ghsl_only,exclude_any_spurious_depth_QA,6602,3411737,1,3411737,1,0.251055282553
IND_FUA_07895,Aligarh,endpoint_supported,exclude_any_spurious_depth_QA,6602,3411737,1,1038483.04028,0.304385431902,0.20553918497
IND_FUA_07895,Aligarh,preexisting_detected_screened,exclude_any_spurious_depth_QA,6602,3411737,1,2857324.62571,0.837498501704,0.259015862782
IND_FUA_07895,Aligarh,joint_supported_screened,exclude_any_spurious_depth_QA,6602,3411737,1,794083.458804,0.232750490089,0.211511808894
IND_FUA_07895,Aligarh,ghsl_only,exclude_either_QA,6568,3398229,0.996040726469,3398229,0.996040726469,0.246385103484
IND_FUA_07895,Aligarh,endpoint_supported,exclude_either_QA,6568,3398229,0.996040726469,1036041.75335,0.303669876475,0.202479260032
IND_FUA_07895,Aligarh,preexisting_detected_screened,exclude_either_QA,6568,3398229,0.996040726469,2845274.25291,0.833966467201,0.254034937
IND_FUA_07895,Aligarh,joint_supported_screened,exclude_either_QA,6568,3398229,0.996040726469,792067.674091,0.23215965184,0.208096106543
IND_FUA_07933,Moradabad,ghsl_only,GHSL_g_gt_0_m2,5603,2369126,1,2369126,1,0.246006518754
IND_FUA_07933,Moradabad,endpoint_supported,GHSL_g_gt_0_m2,5603,2369126,1,795796.897272,0.335903154696,0.227937465807
IND_FUA_07933,Moradabad,preexisting_detected_screened,GHSL_g_gt_0_m2,5603,2369126,1,1908027.24802,0.805371790279,0.242190876814
IND_FUA_07933,Moradabad,joint_supported_screened,GHSL_g_gt_0_m2,5603,2369126,1,592006.757326,0.249884032055,0.229399093532
IND_FUA_07933,Moradabad,ghsl_only,GHSL_g_gt_10_m2,4083,2362637,0.997261015244,2362637,0.997261015244,0.246174654583
IND_FUA_07933,Moradabad,endpoint_supported,GHSL_g_gt_10_m2,4083,2362637,0.997261015244,795742.333547,0.335880123534,0.227937306676
IND_FUA_07933,Moradabad,preexisting_detected_screened,GHSL_g_gt_10_m2,4083,2362637,0.997261015244,1901590.94827,0.802655050119,0.242382176534
IND_FUA_07933,Moradabad,joint_supported_screened,GHSL_g_gt_10_m2,4083,2362637,0.997261015244,591952.85299,0.249861279219,0.22939902704
IND_FUA_07933,Moradabad,ghsl_only,GHSL_g_gt_50_m2,3040,2336587,0.986265399139,2336587,0.986265399139,0.246678637059
IND_FUA_07933,Moradabad,endpoint_supported,GHSL_g_gt_50_m2,3040,2336587,0.986265399139,794469.415486,0.335342829164,0.227851409881
IND_FUA_07933,Moradabad,preexisting_detected_screened,GHSL_g_gt_50_m2,3040,2336587,0.986265399139,1877247.5476,0.79237978377,0.242981870012
IND_FUA_07933,Moradabad,joint_supported_screened,GHSL_g_gt_50_m2,3040,2336587,0.986265399139,591063.397719,0.249485843184,0.229363645732
IND_FUA_07933,Moradabad,ghsl_only,GHSL_g_gt_100_m2,2612,2305448,0.9731217335,2305448,0.9731217335,0.246691702098
IND_FUA_07933,Moradabad,endpoint_supported,GHSL_g_gt_100_m2,2612,2305448,0.9731217335,791204.233401,0.333964606948,0.227583836177
IND_FUA_07933,Moradabad,preexisting_detected_screened,GHSL_g_gt_100_m2,2612,2305448,0.9731217335,1853056.6443,0.782168886038,0.243150078046
IND_FUA_07933,Moradabad,joint_supported_screened,GHSL_g_gt_100_m2,2612,2305448,0.9731217335,589854.431516,0.248975542675,0.229428903173
IND_FUA_07933,Moradabad,ghsl_only,GHSL_g_gt_500_m2,1335,1968033,0.830700013423,1968033,0.830700013423,0.248495716296
IND_FUA_07933,Moradabad,endpoint_supported,GHSL_g_gt_500_m2,1335,1968033,0.830700013423,719336.987021,0.303629687497,0.229897852153
IND_FUA_07933,Moradabad,preexisting_detected_screened,GHSL_g_gt_500_m2,1335,1968033,0.830700013423,1636258.15304,0.690658982696,0.243047933616
IND_FUA_07933,Moradabad,joint_supported_screened,GHSL_g_gt_500_m2,1335,1968033,0.830700013423,570186.175144,0.240673638778,0.229004404397
IND_FUA_07933,Moradabad,ghsl_only,exclude_any_permanent_water_QA,5579,2364826,0.998184984674,2364826,0.998184984674,0.242295502089
IND_FUA_07933,Moradabad,endpoint_supported,exclude_any_permanent_water_QA,5579,2364826,0.998184984674,795100.655695,0.335609273502,0.226082920565
IND_FUA_07933,Moradabad,preexisting_detected_screened,exclude_any_permanent_water_QA,5579,2364826,0.998184984674,1904331.06331,0.803811643328,0.238618737014
IND_FUA_07933,Moradabad,joint_supported_screened,exclude_any_permanent_water_QA,5579,2364826,0.998184984674,591452.809577,0.2496502126,0.227717528495
IND_FUA_07933,Moradabad,ghsl_only,exclude_any_spurious_depth_QA,5603,2369126,1,2369126,1,0.246006518754
IND_FUA_07933,Moradabad,endpoint_supported,exclude_any_spurious_depth_QA,5603,2369126,1,795796.897272,0.335903154696,0.227937465807
IND_FUA_07933,Moradabad,preexisting_detected_screened,exclude_any_spurious_depth_QA,5603,2369126,1,1908027.24802,0.805371790279,0.242190876814
IND_FUA_07933,Moradabad,joint_supported_screened,exclude_any_spurious_depth_QA,5603,2369126,1,592006.757326,0.249884032055,0.229399093532
IND_FUA_07933,Moradabad,ghsl_only,exclude_either_QA,5579,2364826,0.998184984674,2364826,0.998184984674,0.242295502089
IND_FUA_07933,Moradabad,endpoint_supported,exclude_either_QA,5579,2364826,0.998184984674,795100.655695,0.335609273502,0.226082920565
IND_FUA_07933,Moradabad,preexisting_detected_screened,exclude_either_QA,5579,2364826,0.998184984674,1904331.06331,0.803811643328,0.238618737014
IND_FUA_07933,Moradabad,joint_supported_screened,exclude_either_QA,5579,2364826,0.998184984674,591452.809577,0.2496502126,0.227717528495
IND_FUA_07957,Agra,ghsl_only,GHSL_g_gt_0_m2,10483,3999577,1,3999577,1,0.0987447109449
IND_FUA_07957,Agra,endpoint_supported,GHSL_g_gt_0_m2,10483,3999577,1,989931.230905,0.247508981801,0.0896744531318
IND_FUA_07957,Agra,preexisting_detected_screened,GHSL_g_gt_0_m2,10483,3999577,1,3193746.73807,0.798521128127,0.0988567049751
IND_FUA_07957,Agra,joint_supported_screened,GHSL_g_gt_0_m2,10483,3999577,1,704131.416926,0.176051471675,0.0892967311913
IND_FUA_07957,Agra,ghsl_only,GHSL_g_gt_10_m2,7979,3988844,0.997316466216,3988844,0.997316466216,0.0984751467231
IND_FUA_07957,Agra,endpoint_supported,GHSL_g_gt_10_m2,7979,3988844,0.997316466216,989868.35412,0.247493260942,0.0896623829429
IND_FUA_07957,Agra,preexisting_detected_screened,GHSL_g_gt_10_m2,7979,3988844,0.997316466216,3183294.78011,0.795907862284,0.0985401032253
IND_FUA_07957,Agra,joint_supported_screened,GHSL_g_gt_10_m2,7979,3988844,0.997316466216,704072.722729,0.176036796573,0.0892817501282
IND_FUA_07957,Agra,ghsl_only,GHSL_g_gt_50_m2,6194,3943563,0.985995018973,3943563,0.985995018973,0.0975095728241
IND_FUA_07957,Agra,endpoint_supported,GHSL_g_gt_50_m2,6194,3943563,0.985995018973,987710.561125,0.246953755641,0.0894679011991
IND_FUA_07957,Agra,preexisting_detected_screened,GHSL_g_gt_50_m2,6194,3943563,0.985995018973,3143828.47534,0.786040242591,0.0976848594069
IND_FUA_07957,Agra,joint_supported_screened,GHSL_g_gt_50_m2,6194,3943563,0.985995018973,703026.126212,0.175775119772,0.0892343744756
IND_FUA_07957,Agra,ghsl_only,GHSL_g_gt_100_m2,5348,3881293,0.970425872536,3881293,0.970425872536,0.0963880844015
IND_FUA_07957,Agra,endpoint_supported,GHSL_g_gt_100_m2,5348,3881293,0.970425872536,981287.04499,0.245347706768,0.0890575817867
IND_FUA_07957,Agra,preexisting_detected_screened,GHSL_g_gt_100_m2,5348,3881293,0.970425872536,3101137.98584,0.775366491467,0.0967837268089
IND_FUA_07957,Agra,joint_supported_screened,GHSL_g_gt_100_m2,5348,3881293,0.970425872536,701211.454628,0.175321403895,0.0891864003066
IND_FUA_07957,Agra,ghsl_only,GHSL_g_gt_500_m2,2414,3124223,0.781138355381,3124223,0.781138355381,0.0908113253269
IND_FUA_07957,Agra,endpoint_supported,GHSL_g_gt_500_m2,2414,3124223,0.781138355381,856179.163566,0.214067428522,0.090676425733
IND_FUA_07957,Agra,preexisting_detected_screened,GHSL_g_gt_500_m2,2414,3124223,0.781138355381,2611566.90015,0.65296077564,0.0901127562043
IND_FUA_07957,Agra,joint_supported_screened,GHSL_g_gt_500_m2,2414,3124223,0.781138355381,669412.974796,0.167370943176,0.0878956091038
IND_FUA_07957,Agra,ghsl_only,exclude_any_permanent_water_QA,10438,3992375,0.998199309577,3992375,0.998199309577,0.0868033667081
IND_FUA_07957,Agra,endpoint_supported,exclude_any_permanent_water_QA,10438,3992375,0.998199309577,989276.221114,0.247345212035,0.0846596302483
IND_FUA_07957,Agra,preexisting_detected_screened,exclude_any_permanent_water_QA,10438,3992375,0.998199309577,3187934.39145,0.797067887791,0.0871074616773
IND_FUA_07957,Agra,joint_supported_screened,exclude_any_permanent_water_QA,10438,3992375,0.998199309577,703832.23351,0.17597666791,0.0867236630413
IND_FUA_07957,Agra,ghsl_only,exclude_any_spurious_depth_QA,10483,3999577,1,3999577,1,0.0987447109449
IND_FUA_07957,Agra,endpoint_supported,exclude_any_spurious_depth_QA,10483,3999577,1,989931.230905,0.247508981801,0.0896744531318
IND_FUA_07957,Agra,preexisting_detected_screened,exclude_any_spurious_depth_QA,10483,3999577,1,3193746.73807,0.798521128127,0.0988567049751
IND_FUA_07957,Agra,joint_supported_screened,exclude_any_spurious_depth_QA,10483,3999577,1,704131.416926,0.176051471675,0.0892967311913
IND_FUA_07957,Agra,ghsl_only,exclude_either_QA,10438,3992375,0.998199309577,3992375,0.998199309577,0.0868033667081
IND_FUA_07957,Agra,endpoint_supported,exclude_either_QA,10438,3992375,0.998199309577,989276.221114,0.247345212035,0.0846596302483
IND_FUA_07957,Agra,preexisting_detected_screened,exclude_either_QA,10438,3992375,0.998199309577,3187934.39145,0.797067887791,0.0871074616773
IND_FUA_07957,Agra,joint_supported_screened,exclude_either_QA,10438,3992375,0.998199309577,703832.23351,0.17597666791,0.0867236630413
IND_FUA_07961,Aurangabad,ghsl_only,GHSL_g_gt_0_m2,6425,2253337,1,2253337,1,0
IND_FUA_07961,Aurangabad,endpoint_supported,GHSL_g_gt_0_m2,6425,2253337,1,776049.117829,0.344399935664,0
IND_FUA_07961,Aurangabad,preexisting_detected_screened,GHSL_g_gt_0_m2,6425,2253337,1,1935695.74762,0.859035176551,0
IND_FUA_07961,Aurangabad,joint_supported_screened,GHSL_g_gt_0_m2,6425,2253337,1,632913.119441,0.280878146252,0
IND_FUA_07961,Aurangabad,ghsl_only,GHSL_g_gt_10_m2,4441,2244681,0.996158586132,2244681,0.996158586132,0
IND_FUA_07961,Aurangabad,endpoint_supported,GHSL_g_gt_10_m2,4441,2244681,0.996158586132,775922.741339,0.344343851514,0
IND_FUA_07961,Aurangabad,preexisting_detected_screened,GHSL_g_gt_10_m2,4441,2244681,0.996158586132,1927193.88124,0.855262165065,0
IND_FUA_07961,Aurangabad,joint_supported_screened,GHSL_g_gt_10_m2,4441,2244681,0.996158586132,632789.769928,0.280823405433,0
IND_FUA_07961,Aurangabad,ghsl_only,GHSL_g_gt_50_m2,3148,2212050,0.981677396679,2212050,0.981677396679,0
IND_FUA_07961,Aurangabad,endpoint_supported,GHSL_g_gt_50_m2,3148,2212050,0.981677396679,773998.496255,0.343489897984,0
IND_FUA_07961,Aurangabad,preexisting_detected_screened,GHSL_g_gt_50_m2,3148,2212050,0.981677396679,1896674.34541,0.841718014398,0
IND_FUA_07961,Aurangabad,joint_supported_screened,GHSL_g_gt_50_m2,3148,2212050,0.981677396679,631311.428932,0.280167338011,0
IND_FUA_07961,Aurangabad,ghsl_only,GHSL_g_gt_100_m2,2596,2172116,0.963955236168,2172116,0.963955236168,0
IND_FUA_07961,Aurangabad,endpoint_supported,GHSL_g_gt_100_m2,2596,2172116,0.963955236168,770283.675015,0.341841311359,0
IND_FUA_07961,Aurangabad,preexisting_detected_screened,GHSL_g_gt_100_m2,2596,2172116,0.963955236168,1861372.01876,0.826051326883,0
IND_FUA_07961,Aurangabad,joint_supported_screened,GHSL_g_gt_100_m2,2596,2172116,0.963955236168,628900.146277,0.279097243899,0
IND_FUA_07961,Aurangabad,ghsl_only,GHSL_g_gt_500_m2,1171,1817735,0.806685817523,1817735,0.806685817523,0
IND_FUA_07961,Aurangabad,endpoint_supported,GHSL_g_gt_500_m2,1171,1817735,0.806685817523,708977.021438,0.314634260849,0
IND_FUA_07961,Aurangabad,preexisting_detected_screened,GHSL_g_gt_500_m2,1171,1817735,0.806685817523,1598911.17646,0.709574811251,0
IND_FUA_07961,Aurangabad,joint_supported_screened,GHSL_g_gt_500_m2,1171,1817735,0.806685817523,604720.616324,0.268366700731,0
IND_FUA_07961,Aurangabad,ghsl_only,exclude_any_permanent_water_QA,6425,2253337,1,2253337,1,0
IND_FUA_07961,Aurangabad,endpoint_supported,exclude_any_permanent_water_QA,6425,2253337,1,776049.117829,0.344399935664,0
IND_FUA_07961,Aurangabad,preexisting_detected_screened,exclude_any_permanent_water_QA,6425,2253337,1,1935695.74762,0.859035176551,0
IND_FUA_07961,Aurangabad,joint_supported_screened,exclude_any_permanent_water_QA,6425,2253337,1,632913.119441,0.280878146252,0
IND_FUA_07961,Aurangabad,ghsl_only,exclude_any_spurious_depth_QA,6425,2253337,1,2253337,1,0
IND_FUA_07961,Aurangabad,endpoint_supported,exclude_any_spurious_depth_QA,6425,2253337,1,776049.117829,0.344399935664,0
IND_FUA_07961,Aurangabad,preexisting_detected_screened,exclude_any_spurious_depth_QA,6425,2253337,1,1935695.74762,0.859035176551,0
IND_FUA_07961,Aurangabad,joint_supported_screened,exclude_any_spurious_depth_QA,6425,2253337,1,632913.119441,0.280878146252,0
IND_FUA_07961,Aurangabad,ghsl_only,exclude_either_QA,6425,2253337,1,2253337,1,0
IND_FUA_07961,Aurangabad,endpoint_supported,exclude_either_QA,6425,2253337,1,776049.117829,0.344399935664,0
IND_FUA_07961,Aurangabad,preexisting_detected_screened,exclude_either_QA,6425,2253337,1,1935695.74762,0.859035176551,0
IND_FUA_07961,Aurangabad,joint_supported_screened,exclude_either_QA,6425,2253337,1,632913.119441,0.280878146252,0
IND_FUA_07996,Sangli,ghsl_only,GHSL_g_gt_0_m2,4549,948177,1,948177,1,0.257597845414
IND_FUA_07996,Sangli,endpoint_supported,GHSL_g_gt_0_m2,4549,948177,1,143578.246395,0.151425573912,0.223776749965
IND_FUA_07996,Sangli,preexisting_detected_screened,GHSL_g_gt_0_m2,4549,948177,1,854489.779673,0.9011922665,0.257153942807
IND_FUA_07996,Sangli,joint_supported_screened,GHSL_g_gt_0_m2,4549,948177,1,115147.49146,0.12144092449,0.235883043663
IND_FUA_07996,Sangli,ghsl_only,GHSL_g_gt_10_m2,3172,941995,0.993480120273,941995,0.993480120273,0.254697466181
IND_FUA_07996,Sangli,endpoint_supported,GHSL_g_gt_10_m2,3172,941995,0.993480120273,143515.564415,0.151359466022,0.223505975097
IND_FUA_07996,Sangli,preexisting_detected_screened,GHSL_g_gt_10_m2,3172,941995,0.993480120273,848361.352583,0.894728887732,0.253951876943
IND_FUA_07996,Sangli,joint_supported_screened,GHSL_g_gt_10_m2,3172,941995,0.993480120273,115084.954217,0.121374969248,0.235551978256
IND_FUA_07996,Sangli,ghsl_only,GHSL_g_gt_50_m2,2050,913211,0.963122919033,913211,0.963122919033,0.245529315229
IND_FUA_07996,Sangli,endpoint_supported,GHSL_g_gt_50_m2,2050,913211,0.963122919033,142209.739895,0.149982271132,0.221042060662
IND_FUA_07996,Sangli,preexisting_detected_screened,GHSL_g_gt_50_m2,2050,913211,0.963122919033,820382.465847,0.865220803549,0.243904746025
IND_FUA_07996,Sangli,joint_supported_screened,GHSL_g_gt_50_m2,2050,913211,0.963122919033,113869.402484,0.120092981041,0.23246235867
IND_FUA_07996,Sangli,ghsl_only,GHSL_g_gt_100_m2,1605,880507,0.928631468597,880507,0.928631468597,0.24169590053
IND_FUA_07996,Sangli,endpoint_supported,GHSL_g_gt_100_m2,1605,880507,0.928631468597,139831.807882,0.147474372276,0.220651812761
IND_FUA_07996,Sangli,preexisting_detected_screened,GHSL_g_gt_100_m2,1605,880507,0.928631468597,789749.327413,0.832913398461,0.23914218855
IND_FUA_07996,Sangli,joint_supported_screened,GHSL_g_gt_100_m2,1605,880507,0.928631468597,111913.947996,0.118030650392,0.231370429539
IND_FUA_07996,Sangli,ghsl_only,GHSL_g_gt_500_m2,567,622493,0.656515608373,622493,0.656515608373,0.220665630021
IND_FUA_07996,Sangli,endpoint_supported,GHSL_g_gt_500_m2,567,622493,0.656515608373,116722.532922,0.123102050484,0.219766243271
IND_FUA_07996,Sangli,preexisting_detected_screened,GHSL_g_gt_500_m2,567,622493,0.656515608373,564139.178774,0.594972435288,0.216871350868
IND_FUA_07996,Sangli,joint_supported_screened,GHSL_g_gt_500_m2,567,622493,0.656515608373,98468.6105497,0.103850452552,0.229363810211
IND_FUA_07996,Sangli,ghsl_only,exclude_any_permanent_water_QA,4530,945885,0.997582729807,945885,0.997582729807,0.237141284277
IND_FUA_07996,Sangli,endpoint_supported,exclude_any_permanent_water_QA,4530,945885,0.997582729807,143419.986907,0.151258664687,0.2163062094
IND_FUA_07996,Sangli,preexisting_detected_screened,exclude_any_permanent_water_QA,4530,945885,0.997582729807,852447.431617,0.899038293079,0.236289945081
IND_FUA_07996,Sangli,joint_supported_screened,exclude_any_permanent_water_QA,4530,945885,0.997582729807,115016.11629,0.121302368957,0.227497893012
IND_FUA_07996,Sangli,ghsl_only,exclude_any_spurious_depth_QA,4438,932813,0.983796274324,932813,0.983796274324,0.233293906074
IND_FUA_07996,Sangli,endpoint_supported,exclude_any_spurious_depth_QA,4438,932813,0.983796274324,142126.043161,0.149893999919,0.211216904827
IND_FUA_07996,Sangli,preexisting_detected_screened,exclude_any_spurious_depth_QA,4438,932813,0.983796274324,839977.26278,0.885886562087,0.231815884919
IND_FUA_07996,Sangli,joint_supported_screened,exclude_any_spurious_depth_QA,4438,932813,0.983796274324,113819.045924,0.120039872222,0.221444535133
IND_FUA_07996,Sangli,ghsl_only,exclude_either_QA,4424,930578,0.981439119489,930578,0.981439119489,0.213142992398
IND_FUA_07996,Sangli,endpoint_supported,exclude_either_QA,4424,930578,0.981439119489,141968.114802,0.149727439921,0.203686000295
IND_FUA_07996,Sangli,preexisting_detected_screened,exclude_either_QA,4424,930578,0.981439119489,837991.914724,0.883792704025,0.211309882599
IND_FUA_07996,Sangli,joint_supported_screened,exclude_either_QA,4424,930578,0.981439119489,113688.001882,0.119901665915,0.212982221879
IND_FUA_08144,Gwalior,ghsl_only,GHSL_g_gt_0_m2,4472,2023495,1,2023495,1,0.000134420890588
IND_FUA_08144,Gwalior,endpoint_supported,GHSL_g_gt_0_m2,4472,2023495,1,591650.256133,0.292390273331,0
IND_FUA_08144,Gwalior,preexisting_detected_screened,GHSL_g_gt_0_m2,4472,2023495,1,1773321.93797,0.876365861034,0.00011324953085
IND_FUA_08144,Gwalior,joint_supported_screened,GHSL_g_gt_0_m2,4472,2023495,1,505918.558979,0.250022144349,0
IND_FUA_08144,Gwalior,ghsl_only,GHSL_g_gt_10_m2,3407,2018844,0.99770150161,2018844,0.99770150161,0.000134730568583
IND_FUA_08144,Gwalior,endpoint_supported,GHSL_g_gt_10_m2,3407,2018844,0.99770150161,591600.06837,0.292365470817,0
IND_FUA_08144,Gwalior,preexisting_detected_screened,GHSL_g_gt_10_m2,3407,2018844,0.99770150161,1768764.11016,0.874113407822,0.000113541357136
IND_FUA_08144,Gwalior,joint_supported_screened,GHSL_g_gt_10_m2,3407,2018844,0.99770150161,505873.15021,0.249999703587,0
IND_FUA_08144,Gwalior,ghsl_only,GHSL_g_gt_50_m2,2546,1996656,0.986736315138,1996656,0.986736315138,0.000136227772836
IND_FUA_08144,Gwalior,endpoint_supported,GHSL_g_gt_50_m2,2546,1996656,0.986736315138,590370.261748,0.291757707209,0
IND_FUA_08144,Gwalior,preexisting_detected_screened,GHSL_g_gt_50_m2,2546,1996656,0.986736315138,1749223.38903,0.864456491877,0.000114809737156
IND_FUA_08144,Gwalior,joint_supported_screened,GHSL_g_gt_50_m2,2546,1996656,0.986736315138,505143.074883,0.249638904412,0
IND_FUA_08144,Gwalior,ghsl_only,GHSL_g_gt_100_m2,2184,1970083,0.973604086,1970083,0.973604086,0.000138065249028
IND_FUA_08144,Gwalior,endpoint_supported,GHSL_g_gt_100_m2,2184,1970083,0.973604086,587701.14877,0.290438646386,0
IND_FUA_08144,Gwalior,preexisting_detected_screened,GHSL_g_gt_100_m2,2184,1970083,0.973604086,1729592.96837,0.854755246924,0.000116112797169
IND_FUA_08144,Gwalior,joint_supported_screened,GHSL_g_gt_100_m2,2184,1970083,0.973604086,504013.177223,0.249080515259,0
IND_FUA_08144,Gwalior,ghsl_only,GHSL_g_gt_500_m2,1072,1683138,0.831797459346,1683138,0.831797459346,0
IND_FUA_08144,Gwalior,endpoint_supported,GHSL_g_gt_500_m2,1072,1683138,0.831797459346,542711.678094,0.268205099639,0
IND_FUA_08144,Gwalior,preexisting_detected_screened,GHSL_g_gt_500_m2,1072,1683138,0.831797459346,1532853.50426,0.757527695525,0
IND_FUA_08144,Gwalior,joint_supported_screened,GHSL_g_gt_500_m2,1072,1683138,0.831797459346,487698.910898,0.241018095374,0
IND_FUA_08144,Gwalior,ghsl_only,exclude_any_permanent_water_QA,4471,2023223,0.999865579109,2023223,0.999865579109,0
IND_FUA_08144,Gwalior,endpoint_supported,exclude_any_permanent_water_QA,4471,2023223,0.999865579109,591650.256133,0.292390273331,0
IND_FUA_08144,Gwalior,preexisting_detected_screened,exclude_any_permanent_water_QA,4471,2023223,0.999865579109,1773121.11009,0.876266613011,0
IND_FUA_08144,Gwalior,joint_supported_screened,exclude_any_permanent_water_QA,4471,2023223,0.999865579109,505918.558979,0.250022144349,0
IND_FUA_08144,Gwalior,ghsl_only,exclude_any_spurious_depth_QA,4472,2023495,1,2023495,1,0.000134420890588
IND_FUA_08144,Gwalior,endpoint_supported,exclude_any_spurious_depth_QA,4472,2023495,1,591650.256133,0.292390273331,0
IND_FUA_08144,Gwalior,preexisting_detected_screened,exclude_any_spurious_depth_QA,4472,2023495,1,1773321.93797,0.876365861034,0.00011324953085
IND_FUA_08144,Gwalior,joint_supported_screened,exclude_any_spurious_depth_QA,4472,2023495,1,505918.558979,0.250022144349,0
IND_FUA_08144,Gwalior,ghsl_only,exclude_either_QA,4471,2023223,0.999865579109,2023223,0.999865579109,0
IND_FUA_08144,Gwalior,endpoint_supported,exclude_either_QA,4471,2023223,0.999865579109,591650.256133,0.292390273331,0
IND_FUA_08144,Gwalior,preexisting_detected_screened,exclude_either_QA,4471,2023223,0.999865579109,1773121.11009,0.876266613011,0
IND_FUA_08144,Gwalior,joint_supported_screened,exclude_either_QA,4471,2023223,0.999865579109,505918.558979,0.250022144349,0
IND_FUA_08224,Bareilly,ghsl_only,GHSL_g_gt_0_m2,5144,2886159,1,2886159,1,0.0819063629125
IND_FUA_08224,Bareilly,endpoint_supported,GHSL_g_gt_0_m2,5144,2886159,1,1131541.84907,0.392058042911,0.0685466666457
IND_FUA_08224,Bareilly,preexisting_detected_screened,GHSL_g_gt_0_m2,5144,2886159,1,2352261.14879,0.815014401073,0.0917257520435
IND_FUA_08224,Bareilly,joint_supported_screened,GHSL_g_gt_0_m2,5144,2886159,1,868752.815291,0.301006567999,0.0787950410812
IND_FUA_08224,Bareilly,ghsl_only,GHSL_g_gt_10_m2,4023,2881559,0.998406186215,2881559,0.998406186215,0.0818246462667
IND_FUA_08224,Bareilly,endpoint_supported,GHSL_g_gt_10_m2,4023,2881559,0.998406186215,1131485.73969,0.392038602061,0.0685414111752
IND_FUA_08224,Bareilly,preexisting_detected_screened,GHSL_g_gt_10_m2,4023,2881559,0.998406186215,2347789.12996,0.813464930367,0.0916414558154
IND_FUA_08224,Bareilly,joint_supported_screened,GHSL_g_gt_10_m2,4023,2881559,0.998406186215,868699.405564,0.30098806253,0.0787886903194
IND_FUA_08224,Bareilly,ghsl_only,GHSL_g_gt_50_m2,3184,2859803,0.990868139974,2859803,0.990868139974,0.0815812664971
IND_FUA_08224,Bareilly,endpoint_supported,GHSL_g_gt_50_m2,3184,2859803,0.990868139974,1129700.5827,0.391420078622,0.0684773867019
IND_FUA_08224,Bareilly,preexisting_detected_screened,GHSL_g_gt_50_m2,3184,2859803,0.990868139974,2329333.91876,0.807070545581,0.0913602501494
IND_FUA_08224,Bareilly,joint_supported_screened,GHSL_g_gt_50_m2,3184,2859803,0.990868139974,867870.953019,0.300701019251,0.0786789076636
IND_FUA_08224,Bareilly,ghsl_only,GHSL_g_gt_100_m2,2827,2834099,0.981962185729,2834099,0.981962185729,0.0815906369493
IND_FUA_08224,Bareilly,endpoint_supported,GHSL_g_gt_100_m2,2827,2834099,0.981962185729,1126265.66489,0.390229943982,0.0685269890768
IND_FUA_08224,Bareilly,preexisting_detected_screened,GHSL_g_gt_100_m2,2827,2834099,0.981962185729,2311145.31253,0.800768534419,0.0912424409655
IND_FUA_08224,Bareilly,joint_supported_screened,GHSL_g_gt_100_m2,2827,2834099,0.981962185729,866913.750666,0.300369366576,0.078590933637
IND_FUA_08224,Bareilly,ghsl_only,GHSL_g_gt_500_m2,1480,2474597,0.857401480653,2474597,0.857401480653,0.0827808018985
IND_FUA_08224,Bareilly,endpoint_supported,GHSL_g_gt_500_m2,1480,2474597,0.857401480653,1044981.83037,0.362066618771,0.0703189231327
IND_FUA_08224,Bareilly,preexisting_detected_screened,GHSL_g_gt_500_m2,1480,2474597,0.857401480653,2082685.39937,0.721611456391,0.090840390612
IND_FUA_08224,Bareilly,joint_supported_screened,GHSL_g_gt_500_m2,1480,2474597,0.857401480653,844010.17273,0.292433706088,0.0785688462062
IND_FUA_08224,Bareilly,ghsl_only,exclude_any_permanent_water_QA,5139,2885234,0.999679504837,2885234,0.999679504837,0.081611714757
IND_FUA_08224,Bareilly,endpoint_supported,exclude_any_permanent_water_QA,5139,2885234,0.999679504837,1131094.26489,0.39190296338,0.0681780821773
IND_FUA_08224,Bareilly,preexisting_detected_screened,exclude_any_permanent_water_QA,5139,2885234,0.999679504837,2351808.55481,0.814857585744,0.0915505797441
IND_FUA_08224,Bareilly,joint_supported_screened,exclude_any_permanent_water_QA,5139,2885234,0.999679504837,868563.39708,0.300940938139,0.0785941426828
IND_FUA_08224,Bareilly,ghsl_only,exclude_any_spurious_depth_QA,5144,2886159,1,2886159,1,0.0819063629125
IND_FUA_08224,Bareilly,endpoint_supported,exclude_any_spurious_depth_QA,5144,2886159,1,1131541.84907,0.392058042911,0.0685466666457
IND_FUA_08224,Bareilly,preexisting_detected_screened,exclude_any_spurious_depth_QA,5144,2886159,1,2352261.14879,0.815014401073,0.0917257520435
IND_FUA_08224,Bareilly,joint_supported_screened,exclude_any_spurious_depth_QA,5144,2886159,1,868752.815291,0.301006567999,0.0787950410812
IND_FUA_08224,Bareilly,ghsl_only,exclude_either_QA,5139,2885234,0.999679504837,2885234,0.999679504837,0.081611714757
IND_FUA_08224,Bareilly,endpoint_supported,exclude_either_QA,5139,2885234,0.999679504837,1131094.26489,0.39190296338,0.0681780821773
IND_FUA_08224,Bareilly,preexisting_detected_screened,exclude_either_QA,5139,2885234,0.999679504837,2351808.55481,0.814857585744,0.0915505797441
IND_FUA_08224,Bareilly,joint_supported_screened,exclude_either_QA,5139,2885234,0.999679504837,868563.39708,0.300940938139,0.0785941426828
IND_FUA_08258,Bhopal,ghsl_only,GHSL_g_gt_0_m2,9192,3205488,1,3205488,1,0.00431572353414
IND_FUA_08258,Bhopal,endpoint_supported,GHSL_g_gt_0_m2,9192,3205488,1,1054025.65967,0.328819093901,0.00204601788448
IND_FUA_08258,Bhopal,preexisting_detected_screened,GHSL_g_gt_0_m2,9192,3205488,1,2714101.37727,0.846704582038,0.0047616880473
IND_FUA_08258,Bhopal,joint_supported_screened,GHSL_g_gt_0_m2,9192,3205488,1,838337.947104,0.261532080951,0.00228473049353
IND_FUA_08258,Bhopal,ghsl_only,GHSL_g_gt_10_m2,6467,3193736,0.996333787554,3193736,0.996333787554,0.0043053026299
IND_FUA_08258,Bhopal,endpoint_supported,GHSL_g_gt_10_m2,6467,3193736,0.996333787554,1053825.51994,0.328756657313,0.00204574417765
IND_FUA_08258,Bhopal,preexisting_detected_screened,GHSL_g_gt_10_m2,6467,3193736,0.996333787554,2702495.42444,0.843083931195,0.00475173479268
IND_FUA_08258,Bhopal,joint_supported_screened,GHSL_g_gt_10_m2,6467,3193736,0.996333787554,838141.552603,0.261470812744,0.00228443317519
IND_FUA_08258,Bhopal,ghsl_only,GHSL_g_gt_50_m2,4585,3146020,0.981448066566,3146020,0.981448066566,0.00424504612177
IND_FUA_08258,Bhopal,endpoint_supported,GHSL_g_gt_50_m2,4585,3146020,0.981448066566,1050691.16721,0.327778849027,0.00204296809821
IND_FUA_08258,Bhopal,preexisting_detected_screened,GHSL_g_gt_50_m2,4585,3146020,0.981448066566,2657849.54052,0.829155978907,0.00469892246473
IND_FUA_08258,Bhopal,joint_supported_screened,GHSL_g_gt_50_m2,4585,3146020,0.981448066566,835657.052459,0.260695735707,0.0022819857282
IND_FUA_08258,Bhopal,ghsl_only,GHSL_g_gt_100_m2,3780,3087521,0.963198427197,3087521,0.963198427197,0.00419527510906
IND_FUA_08258,Bhopal,endpoint_supported,GHSL_g_gt_100_m2,3780,3087521,0.963198427197,1044145.01744,0.325736679545,0.00205116925984
IND_FUA_08258,Bhopal,preexisting_detected_screened,GHSL_g_gt_100_m2,3780,3087521,0.963198427197,2608544.65554,0.813774581448,0.00463362928756
IND_FUA_08258,Bhopal,joint_supported_screened,GHSL_g_gt_100_m2,3780,3087521,0.963198427197,831971.522505,0.259545979428,0.00228631274369
IND_FUA_08258,Bhopal,ghsl_only,GHSL_g_gt_500_m2,1687,2564567,0.800055093015,2564567,0.800055093015,0.00396714143167
IND_FUA_08258,Bhopal,endpoint_supported,GHSL_g_gt_500_m2,1687,2564567,0.800055093015,950394.906736,0.296489928128,0.00203050854308
IND_FUA_08258,Bhopal,preexisting_detected_screened,GHSL_g_gt_500_m2,1687,2564567,0.800055093015,2219305.16333,0.692345491025,0.00439746899836
IND_FUA_08258,Bhopal,joint_supported_screened,GHSL_g_gt_500_m2,1687,2564567,0.800055093015,794344.210599,0.24780757582,0.00225447184938
IND_FUA_08258,Bhopal,ghsl_only,exclude_any_permanent_water_QA,9133,3191654,0.995684276466,3191654,0.995684276466,0
IND_FUA_08258,Bhopal,endpoint_supported,exclude_any_permanent_water_QA,9133,3191654,0.995684276466,1051869.10432,0.328146324154,0
IND_FUA_08258,Bhopal,preexisting_detected_screened,exclude_any_permanent_water_QA,9133,3191654,0.995684276466,2701177.67318,0.84267283895,0
IND_FUA_08258,Bhopal,joint_supported_screened,exclude_any_permanent_water_QA,9133,3191654,0.995684276466,836422.570832,0.260934550631,0
IND_FUA_08258,Bhopal,ghsl_only,exclude_any_spurious_depth_QA,9192,3205488,1,3205488,1,0.00431572353414
IND_FUA_08258,Bhopal,endpoint_supported,exclude_any_spurious_depth_QA,9192,3205488,1,1054025.65967,0.328819093901,0.00204601788448
IND_FUA_08258,Bhopal,preexisting_detected_screened,exclude_any_spurious_depth_QA,9192,3205488,1,2714101.37727,0.846704582038,0.0047616880473
IND_FUA_08258,Bhopal,joint_supported_screened,exclude_any_spurious_depth_QA,9192,3205488,1,838337.947104,0.261532080951,0.00228473049353
IND_FUA_08258,Bhopal,ghsl_only,exclude_either_QA,9133,3191654,0.995684276466,3191654,0.995684276466,0
IND_FUA_08258,Bhopal,endpoint_supported,exclude_either_QA,9133,3191654,0.995684276466,1051869.10432,0.328146324154,0
IND_FUA_08258,Bhopal,preexisting_detected_screened,exclude_either_QA,9133,3191654,0.995684276466,2701177.67318,0.84267283895,0
IND_FUA_08258,Bhopal,joint_supported_screened,exclude_either_QA,9133,3191654,0.995684276466,836422.570832,0.260934550631,0
IND_FUA_08319,Mangaluru,ghsl_only,GHSL_g_gt_0_m2,12758,1265037,1,1265037,1,0.292770093923
IND_FUA_08319,Mangaluru,endpoint_supported,GHSL_g_gt_0_m2,12758,1265037,1,251473.455248,0.198787430919,0.450175550418
IND_FUA_08319,Mangaluru,preexisting_detected_screened,GHSL_g_gt_0_m2,12758,1265037,1,1135666.4861,0.897733810235,0.267258731951
IND_FUA_08319,Mangaluru,joint_supported_screened,GHSL_g_gt_0_m2,12758,1265037,1,197026.943132,0.155747968741,0.422379291595
IND_FUA_08319,Mangaluru,ghsl_only,GHSL_g_gt_10_m2,6203,1239978,0.980191093225,1239978,0.980191093225,0.29120324002
IND_FUA_08319,Mangaluru,endpoint_supported,GHSL_g_gt_10_m2,6203,1239978,0.980191093225,250456.732626,0.197983721129,0.450835939235
IND_FUA_08319,Mangaluru,preexisting_detected_screened,GHSL_g_gt_10_m2,6203,1239978,0.980191093225,1110651.47902,0.87795967946,0.264946108
IND_FUA_08319,Mangaluru,joint_supported_screened,GHSL_g_gt_10_m2,6203,1239978,0.980191093225,196012.700511,0.154946219368,0.423079388953
IND_FUA_08319,Mangaluru,ghsl_only,GHSL_g_gt_50_m2,2907,1160632,0.917468817118,1160632,0.917468817118,0.290875300488
IND_FUA_08319,Mangaluru,endpoint_supported,GHSL_g_gt_50_m2,2907,1160632,0.917468817118,245772.847903,0.194281153755,0.453573252929
IND_FUA_08319,Mangaluru,preexisting_detected_screened,GHSL_g_gt_50_m2,2907,1160632,0.917468817118,1031918.18083,0.815721738436,0.262714699565
IND_FUA_08319,Mangaluru,joint_supported_screened,GHSL_g_gt_50_m2,2907,1160632,0.917468817118,191494.911058,0.151374948762,0.425847636332
IND_FUA_08319,Mangaluru,ghsl_only,GHSL_g_gt_100_m2,2043,1098887,0.868659968048,1098887,0.868659968048,0.291121681766
IND_FUA_08319,Mangaluru,endpoint_supported,GHSL_g_gt_100_m2,2043,1098887,0.868659968048,240184.908409,0.18986393948,0.455193527614
IND_FUA_08319,Mangaluru,preexisting_detected_screened,GHSL_g_gt_100_m2,2043,1098887,0.868659968048,971865.616707,0.768250744213,0.261898022063
IND_FUA_08319,Mangaluru,joint_supported_screened,GHSL_g_gt_100_m2,2043,1098887,0.868659968048,186450.636068,0.14738749623,0.427257577558
IND_FUA_08319,Mangaluru,ghsl_only,GHSL_g_gt_500_m2,658,764898,0.604644765331,764898,0.604644765331,0.290819491687
IND_FUA_08319,Mangaluru,endpoint_supported,GHSL_g_gt_500_m2,658,764898,0.604644765331,202178.228784,0.159820012209,0.473404126447
IND_FUA_08319,Mangaluru,preexisting_detected_screened,GHSL_g_gt_500_m2,658,764898,0.604644765331,680207.155137,0.537697438997,0.252849761588
IND_FUA_08319,Mangaluru,joint_supported_screened,GHSL_g_gt_500_m2,658,764898,0.604644765331,168922.195425,0.133531426689,0.423946564357
IND_FUA_08319,Mangaluru,ghsl_only,exclude_any_permanent_water_QA,12604,1256461,0.993220751646,1256461,0.993220751646,0.257241427667
IND_FUA_08319,Mangaluru,endpoint_supported,exclude_any_permanent_water_QA,12604,1256461,0.993220751646,251008.499357,0.198419887606,0.437189212525
IND_FUA_08319,Mangaluru,preexisting_detected_screened,exclude_any_permanent_water_QA,12604,1256461,0.993220751646,1128702.61155,0.892228932083,0.236030903425
IND_FUA_08319,Mangaluru,joint_supported_screened,exclude_any_permanent_water_QA,12604,1256461,0.993220751646,196698.817736,0.155488588663,0.410384032702
IND_FUA_08319,Mangaluru,ghsl_only,exclude_any_spurious_depth_QA,12758,1265037,1,1265037,1,0.292770093923
IND_FUA_08319,Mangaluru,endpoint_supported,exclude_any_spurious_depth_QA,12758,1265037,1,251473.455248,0.198787430919,0.450175550418
IND_FUA_08319,Mangaluru,preexisting_detected_screened,exclude_any_spurious_depth_QA,12758,1265037,1,1135666.4861,0.897733810235,0.267258731951
IND_FUA_08319,Mangaluru,joint_supported_screened,exclude_any_spurious_depth_QA,12758,1265037,1,197026.943132,0.155747968741,0.422379291595
IND_FUA_08319,Mangaluru,ghsl_only,exclude_either_QA,12604,1256461,0.993220751646,1256461,0.993220751646,0.257241427667
IND_FUA_08319,Mangaluru,endpoint_supported,exclude_either_QA,12604,1256461,0.993220751646,251008.499357,0.198419887606,0.437189212525
IND_FUA_08319,Mangaluru,preexisting_detected_screened,exclude_either_QA,12604,1256461,0.993220751646,1128702.61155,0.892228932083,0.236030903425
IND_FUA_08319,Mangaluru,joint_supported_screened,exclude_either_QA,12604,1256461,0.993220751646,196698.817736,0.155488588663,0.410384032702
IND_FUA_08341,Solapur,ghsl_only,GHSL_g_gt_0_m2,4667,922676,1,922676,1,0.00718928025761
IND_FUA_08341,Solapur,endpoint_supported,GHSL_g_gt_0_m2,4667,922676,1,216470.406646,0.234611506798,0.00203788848798
IND_FUA_08341,Solapur,preexisting_detected_screened,GHSL_g_gt_0_m2,4667,922676,1,765322.591069,0.82945973567,0.00812776054326
IND_FUA_08341,Solapur,joint_supported_screened,GHSL_g_gt_0_m2,4667,922676,1,156036.364697,0.169112846434,0.00184954743925
IND_FUA_08341,Solapur,ghsl_only,GHSL_g_gt_10_m2,2862,914998,0.991678552385,914998,0.991678552385,0.00715767996523
IND_FUA_08341,Solapur,endpoint_supported,GHSL_g_gt_10_m2,2862,914998,0.991678552385,216381.938569,0.234515624736,0.00203738466112
IND_FUA_08341,Solapur,preexisting_detected_screened,GHSL_g_gt_10_m2,2862,914998,0.991678552385,757671.34668,0.821167285894,0.0080988218537
IND_FUA_08341,Solapur,joint_supported_screened,GHSL_g_gt_10_m2,2862,914998,0.991678552385,155948.138069,0.169017226057,0.00184873865898
IND_FUA_08341,Solapur,ghsl_only,GHSL_g_gt_50_m2,1789,888906,0.963399936706,888906,0.963399936706,0.0069554887083
IND_FUA_08341,Solapur,endpoint_supported,GHSL_g_gt_50_m2,1789,888906,0.963399936706,215159.239214,0.233190458204,0.00201699349152
IND_FUA_08341,Solapur,preexisting_detected_screened,GHSL_g_gt_50_m2,1789,888906,0.963399936706,732490.329757,0.793875997379,0.00787696204575
IND_FUA_08341,Solapur,joint_supported_screened,GHSL_g_gt_50_m2,1789,888906,0.963399936706,154891.53025,0.167872070207,0.0018169417898
IND_FUA_08341,Solapur,ghsl_only,GHSL_g_gt_100_m2,1437,863706,0.936088074254,863706,0.936088074254,0.00623677934832
IND_FUA_08341,Solapur,endpoint_supported,GHSL_g_gt_100_m2,1437,863706,0.936088074254,213021.846863,0.230873943685,0.00162871023402
IND_FUA_08341,Solapur,preexisting_detected_screened,GHSL_g_gt_100_m2,1437,863706,0.936088074254,710869.51941,0.770443275223,0.0071814593368
IND_FUA_08341,Solapur,joint_supported_screened,GHSL_g_gt_100_m2,1437,863706,0.936088074254,153695.061808,0.166575332844,0.00166121358045
IND_FUA_08341,Solapur,ghsl_only,GHSL_g_gt_500_m2,549,641547,0.695311246852,641547,0.695311246852,0.00217939203188
IND_FUA_08341,Solapur,endpoint_supported,GHSL_g_gt_500_m2,549,641547,0.695311246852,179897.875435,0.194974048783,0.000772740661833
IND_FUA_08341,Solapur,preexisting_detected_screened,GHSL_g_gt_500_m2,549,641547,0.695311246852,547163.538295,0.593018067334,0.00242962969961
IND_FUA_08341,Solapur,joint_supported_screened,GHSL_g_gt_500_m2,549,641547,0.695311246852,142009.590122,0.153910571124,0.000977576624868
IND_FUA_08341,Solapur,ghsl_only,exclude_any_permanent_water_QA,4657,921848,0.999102610234,921848,0.999102610234,0.00629754184092
IND_FUA_08341,Solapur,endpoint_supported,exclude_any_permanent_water_QA,4657,921848,0.999102610234,216224.577124,0.234345075762,0.000903287823598
IND_FUA_08341,Solapur,preexisting_detected_screened,exclude_any_permanent_water_QA,4657,921848,0.999102610234,764838.230913,0.828934784163,0.00749962328068
IND_FUA_08341,Solapur,joint_supported_screened,exclude_any_permanent_water_QA,4657,921848,0.999102610234,155942.891918,0.169011540257,0.00125125215881
IND_FUA_08341,Solapur,ghsl_only,exclude_any_spurious_depth_QA,4667,922676,1,922676,1,0.00718928025761
IND_FUA_08341,Solapur,endpoint_supported,exclude_any_spurious_depth_QA,4667,922676,1,216470.406646,0.234611506798,0.00203788848798
IND_FUA_08341,Solapur,preexisting_detected_screened,exclude_any_spurious_depth_QA,4667,922676,1,765322.591069,0.82945973567,0.00812776054326
IND_FUA_08341,Solapur,joint_supported_screened,exclude_any_spurious_depth_QA,4667,922676,1,156036.364697,0.169112846434,0.00184954743925
IND_FUA_08341,Solapur,ghsl_only,exclude_either_QA,4657,921848,0.999102610234,921848,0.999102610234,0.00629754184092
IND_FUA_08341,Solapur,endpoint_supported,exclude_either_QA,4657,921848,0.999102610234,216224.577124,0.234345075762,0.000903287823598
IND_FUA_08341,Solapur,preexisting_detected_screened,exclude_either_QA,4657,921848,0.999102610234,764838.230913,0.828934784163,0.00749962328068
IND_FUA_08341,Solapur,joint_supported_screened,exclude_either_QA,4657,921848,0.999102610234,155942.891918,0.169011540257,0.00125125215881
IND_FUA_08419,Farrukhabad,ghsl_only,GHSL_g_gt_0_m2,1913,1403000,1,1403000,1,0.107996034851
IND_FUA_08419,Farrukhabad,endpoint_supported,GHSL_g_gt_0_m2,1913,1403000,1,557949.052669,0.397682860064,0.0680758448118
IND_FUA_08419,Farrukhabad,preexisting_detected_screened,GHSL_g_gt_0_m2,1913,1403000,1,1274248.71191,0.908231441132,0.115257240597
IND_FUA_08419,Farrukhabad,joint_supported_screened,GHSL_g_gt_0_m2,1913,1403000,1,495144.492851,0.35291838407,0.0729111532494
IND_FUA_08419,Farrukhabad,ghsl_only,GHSL_g_gt_10_m2,1553,1401463,0.998904490378,1401463,0.998904490378,0.107732844489
IND_FUA_08419,Farrukhabad,endpoint_supported,GHSL_g_gt_10_m2,1553,1401463,0.998904490378,557940.268267,0.397676598907,0.0680740027128
IND_FUA_08419,Farrukhabad,preexisting_detected_screened,GHSL_g_gt_10_m2,1553,1401463,0.998904490378,1272728.05414,0.90714757957,0.11497600192
IND_FUA_08419,Farrukhabad,joint_supported_screened,GHSL_g_gt_10_m2,1553,1401463,0.998904490378,495135.708448,0.352912122914,0.072909163278
IND_FUA_08419,Farrukhabad,ghsl_only,GHSL_g_gt_50_m2,1267,1394033,0.993608695652,1394033,0.993608695652,0.107059033956
IND_FUA_08419,Farrukhabad,endpoint_supported,GHSL_g_gt_50_m2,1267,1394033,0.993608695652,557616.01032,0.39744548134,0.0680677688087
IND_FUA_08419,Farrukhabad,preexisting_detected_screened,GHSL_g_gt_50_m2,1267,1394033,0.993608695652,1265996.55329,0.902349645964,0.114248678249
IND_FUA_08419,Farrukhabad,joint_supported_screened,GHSL_g_gt_50_m2,1267,1394033,0.993608695652,494975.532507,0.35279795617,0.0729064792945
IND_FUA_08419,Farrukhabad,ghsl_only,GHSL_g_gt_100_m2,1125,1383442,0.986059871703,1383442,0.986059871703,0.106911640862
IND_FUA_08419,Farrukhabad,endpoint_supported,GHSL_g_gt_100_m2,1125,1383442,0.986059871703,556157.665442,0.396406033815,0.0681370703556
IND_FUA_08419,Farrukhabad,preexisting_detected_screened,GHSL_g_gt_100_m2,1125,1383442,0.986059871703,1258752.62337,0.897186474248,0.113925799135
IND_FUA_08419,Farrukhabad,joint_supported_screened,GHSL_g_gt_100_m2,1125,1383442,0.986059871703,494718.141351,0.352614498468,0.0729040308715
IND_FUA_08419,Farrukhabad,ghsl_only,GHSL_g_gt_500_m2,659,1258820,0.897234497505,1258820,0.897234497505,0.102361215627
IND_FUA_08419,Farrukhabad,endpoint_supported,GHSL_g_gt_500_m2,659,1258820,0.897234497505,533498.641611,0.380255624812,0.0671478075307
IND_FUA_08419,Farrukhabad,preexisting_detected_screened,GHSL_g_gt_500_m2,659,1258820,0.897234497505,1171632.14525,0.835090623841,0.107813550959
IND_FUA_08419,Farrukhabad,joint_supported_screened,GHSL_g_gt_500_m2,659,1258820,0.897234497505,488290.039894,0.34803281532,0.0710346070458
IND_FUA_08419,Farrukhabad,ghsl_only,exclude_any_permanent_water_QA,1902,1401030,0.998595866001,1401030,0.998595866001,0.1060216984
IND_FUA_08419,Farrukhabad,endpoint_supported,exclude_any_permanent_water_QA,1902,1401030,0.998595866001,557700.985675,0.397506048236,0.0675974873964
IND_FUA_08419,Farrukhabad,preexisting_detected_screened,exclude_any_permanent_water_QA,1902,1401030,0.998595866001,1272524.5613,0.907002538343,0.11326808701
IND_FUA_08419,Farrukhabad,joint_supported_screened,exclude_any_permanent_water_QA,1902,1401030,0.998595866001,495037.363034,0.352842026396,0.0726386088998
IND_FUA_08419,Farrukhabad,ghsl_only,exclude_any_spurious_depth_QA,1913,1403000,1,1403000,1,0.107996034851
IND_FUA_08419,Farrukhabad,endpoint_supported,exclude_any_spurious_depth_QA,1913,1403000,1,557949.052669,0.397682860064,0.0680758448118
IND_FUA_08419,Farrukhabad,preexisting_detected_screened,exclude_any_spurious_depth_QA,1913,1403000,1,1274248.71191,0.908231441132,0.115257240597
IND_FUA_08419,Farrukhabad,joint_supported_screened,exclude_any_spurious_depth_QA,1913,1403000,1,495144.492851,0.35291838407,0.0729111532494
IND_FUA_08419,Farrukhabad,ghsl_only,exclude_either_QA,1902,1401030,0.998595866001,1401030,0.998595866001,0.1060216984
IND_FUA_08419,Farrukhabad,endpoint_supported,exclude_either_QA,1902,1401030,0.998595866001,557700.985675,0.397506048236,0.0675974873964
IND_FUA_08419,Farrukhabad,preexisting_detected_screened,exclude_either_QA,1902,1401030,0.998595866001,1272524.5613,0.907002538343,0.11326808701
IND_FUA_08419,Farrukhabad,joint_supported_screened,exclude_either_QA,1902,1401030,0.998595866001,495037.363034,0.352842026396,0.0726386088998
IND_FUA_08433,Shahjahanpur,ghsl_only,GHSL_g_gt_0_m2,3311,2302832,1,2302832,1,0.191348261536
IND_FUA_08433,Shahjahanpur,endpoint_supported,GHSL_g_gt_0_m2,3311,2302832,1,1020548.15589,0.443170911249,0.180608488484
IND_FUA_08433,Shahjahanpur,preexisting_detected_screened,GHSL_g_gt_0_m2,3311,2302832,1,2049324.24859,0.88991478692,0.178516361127
IND_FUA_08433,Shahjahanpur,joint_supported_screened,GHSL_g_gt_0_m2,3311,2302832,1,901742.870627,0.391579963552,0.164818147378
IND_FUA_08433,Shahjahanpur,ghsl_only,GHSL_g_gt_10_m2,2482,2299262,0.998449734935,2299262,0.998449734935,0.191264528271
IND_FUA_08433,Shahjahanpur,endpoint_supported,GHSL_g_gt_10_m2,2482,2299262,0.998449734935,1020510.61949,0.443154611142,0.180606619168
IND_FUA_08433,Shahjahanpur,preexisting_detected_screened,GHSL_g_gt_10_m2,2482,2299262,0.998449734935,2045801.58928,0.888385079451,0.178399444203
IND_FUA_08433,Shahjahanpur,joint_supported_screened,GHSL_g_gt_10_m2,2482,2299262,0.998449734935,901705.63367,0.391563793481,0.164815323047
IND_FUA_08433,Shahjahanpur,ghsl_only,GHSL_g_gt_50_m2,1881,2284167,0.991894762623,2284167,0.991894762623,0.190940335959
IND_FUA_08433,Shahjahanpur,endpoint_supported,GHSL_g_gt_50_m2,1881,2284167,0.991894762623,1019532.30135,0.44272977853,0.180540575582
IND_FUA_08433,Shahjahanpur,preexisting_detected_screened,GHSL_g_gt_50_m2,1881,2284167,0.991894762623,2031876.32846,0.882338063941,0.177978920032
IND_FUA_08433,Shahjahanpur,joint_supported_screened,GHSL_g_gt_50_m2,1881,2284167,0.991894762623,900962.332384,0.391241016446,0.164732587301
IND_FUA_08433,Shahjahanpur,ghsl_only,GHSL_g_gt_100_m2,1662,2268377,0.985037988008,2268377,0.985037988008,0.190913220975
IND_FUA_08433,Shahjahanpur,endpoint_supported,GHSL_g_gt_100_m2,1662,2268377,0.985037988008,1018052.43805,0.442087150971,0.180549284626
IND_FUA_08433,Shahjahanpur,preexisting_detected_screened,GHSL_g_gt_100_m2,1662,2268377,0.985037988008,2019151.4469,0.876812310624,0.177802403346
IND_FUA_08433,Shahjahanpur,joint_supported_screened,GHSL_g_gt_100_m2,1662,2268377,0.985037988008,900441.235778,0.39101473133,0.164663762767
IND_FUA_08433,Shahjahanpur,ghsl_only,GHSL_g_gt_500_m2,973,2090640,0.907856065922,2090640,0.907856065922,0.189601808715
IND_FUA_08433,Shahjahanpur,endpoint_supported,GHSL_g_gt_500_m2,973,2090640,0.907856065922,984768.226986,0.427633551638,0.181539859327
IND_FUA_08433,Shahjahanpur,preexisting_detected_screened,GHSL_g_gt_500_m2,973,2090640,0.907856065922,1895869.04129,0.823277182745,0.174558623268
IND_FUA_08433,Shahjahanpur,joint_supported_screened,GHSL_g_gt_500_m2,973,2090640,0.907856065922,890070.405986,0.386511220092,0.164161096137
IND_FUA_08433,Shahjahanpur,ghsl_only,exclude_any_permanent_water_QA,3282,2292655,0.995580658945,2292655,0.995580658945,0.183621592947
IND_FUA_08433,Shahjahanpur,endpoint_supported,exclude_any_permanent_water_QA,3282,2292655,0.995580658945,1017029.67538,0.441643018416,0.174106362006
IND_FUA_08433,Shahjahanpur,preexisting_detected_screened,exclude_any_permanent_water_QA,3282,2292655,0.995580658945,2042032.62951,0.886748416518,0.172406706703
IND_FUA_08433,Shahjahanpur,joint_supported_screened,exclude_any_permanent_water_QA,3282,2292655,0.995580658945,899915.88507,0.390786598879,0.160691128902
IND_FUA_08433,Shahjahanpur,ghsl_only,exclude_any_spurious_depth_QA,3311,2302832,1,2302832,1,0.191348261536
IND_FUA_08433,Shahjahanpur,endpoint_supported,exclude_any_spurious_depth_QA,3311,2302832,1,1020548.15589,0.443170911249,0.180608488484
IND_FUA_08433,Shahjahanpur,preexisting_detected_screened,exclude_any_spurious_depth_QA,3311,2302832,1,2049324.24859,0.88991478692,0.178516361127
IND_FUA_08433,Shahjahanpur,joint_supported_screened,exclude_any_spurious_depth_QA,3311,2302832,1,901742.870627,0.391579963552,0.164818147378
IND_FUA_08433,Shahjahanpur,ghsl_only,exclude_either_QA,3282,2292655,0.995580658945,2292655,0.995580658945,0.183621592947
IND_FUA_08433,Shahjahanpur,endpoint_supported,exclude_either_QA,3282,2292655,0.995580658945,1017029.67538,0.441643018416,0.174106362006
IND_FUA_08433,Shahjahanpur,preexisting_detected_screened,exclude_either_QA,3282,2292655,0.995580658945,2042032.62951,0.886748416518,0.172406706703
IND_FUA_08433,Shahjahanpur,joint_supported_screened,exclude_either_QA,3282,2292655,0.995580658945,899915.88507,0.390786598879,0.160691128902
IND_FUA_08497,Kannur,ghsl_only,GHSL_g_gt_0_m2,12191,1419387,1,1419387,1,0.105496251483
IND_FUA_08497,Kannur,endpoint_supported,GHSL_g_gt_0_m2,12191,1419387,1,177975.943705,0.125389300948,0.0981281551293
IND_FUA_08497,Kannur,preexisting_detected_screened,GHSL_g_gt_0_m2,12191,1419387,1,1239368.13962,0.873171404007,0.109664691218
IND_FUA_08497,Kannur,joint_supported_screened,GHSL_g_gt_0_m2,12191,1419387,1,145509.391847,0.102515657708,0.0967835330679
IND_FUA_08497,Kannur,ghsl_only,GHSL_g_gt_10_m2,5549,1393536,0.98178720814,1393536,0.98178720814,0.105026212452
IND_FUA_08497,Kannur,endpoint_supported,GHSL_g_gt_10_m2,5549,1393536,0.98178720814,177264.897927,0.124888348229,0.0983431200441
IND_FUA_08497,Kannur,preexisting_detected_screened,GHSL_g_gt_10_m2,5549,1393536,0.98178720814,1213589.50796,0.855009597776,0.109209019548
IND_FUA_08497,Kannur,joint_supported_screened,GHSL_g_gt_10_m2,5549,1393536,0.98178720814,144799.691508,0.10201565289,0.0970392557441
IND_FUA_08497,Kannur,ghsl_only,GHSL_g_gt_50_m2,2717,1328919,0.936262626049,1328919,0.936262626049,0.104773695488
IND_FUA_08497,Kannur,endpoint_supported,GHSL_g_gt_50_m2,2717,1328919,0.936262626049,175000.125243,0.123292749084,0.0988333291242
IND_FUA_08497,Kannur,preexisting_detected_screened,GHSL_g_gt_50_m2,2717,1328919,0.936262626049,1149974.79073,0.810191153459,0.109225120613
IND_FUA_08497,Kannur,joint_supported_screened,GHSL_g_gt_50_m2,2717,1328919,0.936262626049,142650.562612,0.100501528204,0.0977003413352
IND_FUA_08497,Kannur,ghsl_only,GHSL_g_gt_100_m2,2058,1281919,0.903149739993,1281919,0.903149739993,0.103542786138
IND_FUA_08497,Kannur,endpoint_supported,GHSL_g_gt_100_m2,2058,1281919,0.903149739993,173027.715783,0.121903128451,0.0991529651122
IND_FUA_08497,Kannur,preexisting_detected_screened,GHSL_g_gt_100_m2,2058,1281919,0.903149739993,1105769.31498,0.77904709215,0.108163952293
IND_FUA_08497,Kannur,joint_supported_screened,GHSL_g_gt_100_m2,2058,1281919,0.903149739993,141145.207427,0.0994409610817,0.0980737311776
IND_FUA_08497,Kannur,ghsl_only,GHSL_g_gt_500_m2,818,971113,0.684177747154,971113,0.684177747154,0.0860980718859
IND_FUA_08497,Kannur,endpoint_supported,GHSL_g_gt_500_m2,818,971113,0.684177747154,154610.191515,0.108927439462,0.0878968767658
IND_FUA_08497,Kannur,preexisting_detected_screened,GHSL_g_gt_500_m2,818,971113,0.684177747154,836017.088871,0.588998693712,0.0939212376492
IND_FUA_08497,Kannur,joint_supported_screened,GHSL_g_gt_500_m2,818,971113,0.684177747154,131890.887135,0.0929210195211,0.0936704738945
IND_FUA_08497,Kannur,ghsl_only,exclude_any_permanent_water_QA,11958,1397232,0.984391149137,1397232,0.984391149137,0.0790363007921
IND_FUA_08497,Kannur,endpoint_supported,exclude_any_permanent_water_QA,11958,1397232,0.984391149137,175644.189094,0.12374651106,0.0738904874105
IND_FUA_08497,Kannur,preexisting_detected_screened,exclude_any_permanent_water_QA,11958,1397232,0.984391149137,1219922.47599,0.859471360516,0.0836400666523
IND_FUA_08497,Kannur,joint_supported_screened,exclude_any_permanent_water_QA,11958,1397232,0.984391149137,143930.778289,0.101403477902,0.0793135859952
IND_FUA_08497,Kannur,ghsl_only,exclude_any_spurious_depth_QA,12191,1419387,1,1419387,1,0.105496251483
IND_FUA_08497,Kannur,endpoint_supported,exclude_any_spurious_depth_QA,12191,1419387,1,177975.943705,0.125389300948,0.0981281551293
IND_FUA_08497,Kannur,preexisting_detected_screened,exclude_any_spurious_depth_QA,12191,1419387,1,1239368.13962,0.873171404007,0.109664691218
IND_FUA_08497,Kannur,joint_supported_screened,exclude_any_spurious_depth_QA,12191,1419387,1,145509.391847,0.102515657708,0.0967835330679
IND_FUA_08497,Kannur,ghsl_only,exclude_either_QA,11958,1397232,0.984391149137,1397232,0.984391149137,0.0790363007921
IND_FUA_08497,Kannur,endpoint_supported,exclude_either_QA,11958,1397232,0.984391149137,175644.189094,0.12374651106,0.0738904874105
IND_FUA_08497,Kannur,preexisting_detected_screened,exclude_either_QA,11958,1397232,0.984391149137,1219922.47599,0.859471360516,0.0836400666523
IND_FUA_08497,Kannur,joint_supported_screened,exclude_either_QA,11958,1397232,0.984391149137,143930.778289,0.101403477902,0.0793135859952
IND_FUA_08587,Hardoi,ghsl_only,GHSL_g_gt_0_m2,1506,866785,1,866785,1,0
IND_FUA_08587,Hardoi,endpoint_supported,GHSL_g_gt_0_m2,1506,866785,1,314518.021073,0.362855865149,0
IND_FUA_08587,Hardoi,preexisting_detected_screened,GHSL_g_gt_0_m2,1506,866785,1,728042.908703,0.839934826633,0
IND_FUA_08587,Hardoi,joint_supported_screened,GHSL_g_gt_0_m2,1506,866785,1,241690.920428,0.278836067107,0
IND_FUA_08587,Hardoi,ghsl_only,GHSL_g_gt_10_m2,1255,865675,0.99871940562,865675,0.99871940562,0
IND_FUA_08587,Hardoi,endpoint_supported,GHSL_g_gt_10_m2,1255,865675,0.99871940562,314509.724272,0.362846293224,0
IND_FUA_08587,Hardoi,preexisting_detected_screened,GHSL_g_gt_10_m2,1255,865675,0.99871940562,726945.252586,0.83866847325,0
IND_FUA_08587,Hardoi,joint_supported_screened,GHSL_g_gt_10_m2,1255,865675,0.99871940562,241682.689305,0.278826570955,0
IND_FUA_08587,Hardoi,ghsl_only,GHSL_g_gt_50_m2,1037,860073,0.992256441909,860073,0.992256441909,0
IND_FUA_08587,Hardoi,endpoint_supported,GHSL_g_gt_50_m2,1037,860073,0.992256441909,314031.483382,0.362294552146,0
IND_FUA_08587,Hardoi,preexisting_detected_screened,GHSL_g_gt_50_m2,1037,860073,0.992256441909,722250.78901,0.833252523994,0
IND_FUA_08587,Hardoi,joint_supported_screened,GHSL_g_gt_50_m2,1037,860073,0.992256441909,241538.035742,0.278659685783,0
IND_FUA_08587,Hardoi,ghsl_only,GHSL_g_gt_100_m2,917,851084,0.981885934805,851084,0.981885934805,0
IND_FUA_08587,Hardoi,endpoint_supported,GHSL_g_gt_100_m2,917,851084,0.981885934805,312387.640241,0.360398069004,0
IND_FUA_08587,Hardoi,preexisting_detected_screened,GHSL_g_gt_100_m2,917,851084,0.981885934805,716337.091886,0.826429958855,0
IND_FUA_08587,Hardoi,joint_supported_screened,GHSL_g_gt_100_m2,917,851084,0.981885934805,241345.877039,0.278437994473,0
IND_FUA_08587,Hardoi,ghsl_only,GHSL_g_gt_500_m2,497,738187,0.851637949434,738187,0.851637949434,0
IND_FUA_08587,Hardoi,endpoint_supported,GHSL_g_gt_500_m2,497,738187,0.851637949434,286970.979733,0.331075156738,0
IND_FUA_08587,Hardoi,preexisting_detected_screened,GHSL_g_gt_500_m2,497,738187,0.851637949434,642146.779719,0.740837439179,0
IND_FUA_08587,Hardoi,joint_supported_screened,GHSL_g_gt_500_m2,497,738187,0.851637949434,235072.678512,0.271200676653,0
IND_FUA_08587,Hardoi,ghsl_only,exclude_any_permanent_water_QA,1506,866785,1,866785,1,0
IND_FUA_08587,Hardoi,endpoint_supported,exclude_any_permanent_water_QA,1506,866785,1,314518.021073,0.362855865149,0
IND_FUA_08587,Hardoi,preexisting_detected_screened,exclude_any_permanent_water_QA,1506,866785,1,728042.908703,0.839934826633,0
IND_FUA_08587,Hardoi,joint_supported_screened,exclude_any_permanent_water_QA,1506,866785,1,241690.920428,0.278836067107,0
IND_FUA_08587,Hardoi,ghsl_only,exclude_any_spurious_depth_QA,1506,866785,1,866785,1,0
IND_FUA_08587,Hardoi,endpoint_supported,exclude_any_spurious_depth_QA,1506,866785,1,314518.021073,0.362855865149,0
IND_FUA_08587,Hardoi,preexisting_detected_screened,exclude_any_spurious_depth_QA,1506,866785,1,728042.908703,0.839934826633,0
IND_FUA_08587,Hardoi,joint_supported_screened,exclude_any_spurious_depth_QA,1506,866785,1,241690.920428,0.278836067107,0
IND_FUA_08587,Hardoi,ghsl_only,exclude_either_QA,1506,866785,1,866785,1,0
IND_FUA_08587,Hardoi,endpoint_supported,exclude_either_QA,1506,866785,1,314518.021073,0.362855865149,0
IND_FUA_08587,Hardoi,preexisting_detected_screened,exclude_either_QA,1506,866785,1,728042.908703,0.839934826633,0
IND_FUA_08587,Hardoi,joint_supported_screened,exclude_either_QA,1506,866785,1,241690.920428,0.278836067107,0
IND_FUA_08595,Thalassery,ghsl_only,GHSL_g_gt_0_m2,13584,1231563,1,1231563,1,0.0132864598182
IND_FUA_08595,Thalassery,endpoint_supported,GHSL_g_gt_0_m2,13584,1231563,1,79267.5829963,0.0643634008136,0.00669105665265
IND_FUA_08595,Thalassery,preexisting_detected_screened,GHSL_g_gt_0_m2,13584,1231563,1,1091622.48725,0.886371616598,0.0147109883049
IND_FUA_08595,Thalassery,joint_supported_screened,GHSL_g_gt_0_m2,13584,1231563,1,58021.4979407,0.0471120827279,0.00903356007029
IND_FUA_08595,Thalassery,ghsl_only,GHSL_g_gt_10_m2,7241,1204977,0.978412797396,1204977,0.978412797396,0.0131079036867
IND_FUA_08595,Thalassery,endpoint_supported,GHSL_g_gt_10_m2,7241,1204977,0.978412797396,78984.4005063,0.0641334633359,0.00669517126582
IND_FUA_08595,Thalassery,preexisting_detected_screened,GHSL_g_gt_10_m2,7241,1204977,0.978412797396,1065096.57255,0.864833201834,0.0145484868128
IND_FUA_08595,Thalassery,joint_supported_screened,GHSL_g_gt_10_m2,7241,1204977,0.978412797396,57739.0807993,0.0468827666951,0.00905060798635
IND_FUA_08595,Thalassery,ghsl_only,GHSL_g_gt_50_m2,3369,1112829,0.903590802907,1112829,0.903590802907,0.012436232136
IND_FUA_08595,Thalassery,endpoint_supported,GHSL_g_gt_50_m2,3369,1112829,0.903590802907,77320.4317339,0.0627823600855,0.00674216410425
IND_FUA_08595,Thalassery,preexisting_detected_screened,GHSL_g_gt_50_m2,3369,1112829,0.903590802907,973963.012377,0.790834908467,0.0139055409845
IND_FUA_08595,Thalassery,joint_supported_screened,GHSL_g_gt_50_m2,3369,1112829,0.903590802907,56162.2682056,0.0456024321985,0.00917122628517
IND_FUA_08595,Thalassery,ghsl_only,GHSL_g_gt_100_m2,2459,1048423,0.851294655653,1048423,0.851294655653,0.0118647271505
IND_FUA_08595,Thalassery,endpoint_supported,GHSL_g_gt_100_m2,2459,1048423,0.851294655653,75449.6509155,0.0612633303497,0.00683668813428
IND_FUA_08595,Thalassery,preexisting_detected_screened,GHSL_g_gt_100_m2,2459,1048423,0.851294655653,911544.617164,0.740152649247,0.0133217128586
IND_FUA_08595,Thalassery,joint_supported_screened,GHSL_g_gt_100_m2,2459,1048423,0.851294655653,54674.0204451,0.0443940102496,0.0093206162642
IND_FUA_08595,Thalassery,ghsl_only,GHSL_g_gt_500_m2,628,597672,0.485295514724,597672,0.485295514724,0.00587984444075
IND_FUA_08595,Thalassery,endpoint_supported,GHSL_g_gt_500_m2,628,597672,0.485295514724,60155.9207682,0.0488451835336,0.0082842507856
IND_FUA_08595,Thalassery,preexisting_detected_screened,GHSL_g_gt_500_m2,628,597672,0.485295514724,498604.990808,0.404855448571,0.00704810110484
IND_FUA_08595,Thalassery,joint_supported_screened,GHSL_g_gt_500_m2,628,597672,0.485295514724,47579.0169366,0.0386330353677,0.0104740863929
IND_FUA_08595,Thalassery,ghsl_only,exclude_any_permanent_water_QA,13536,1228965,0.997890485505,1228965,0.997890485505,0.00939303409193
IND_FUA_08595,Thalassery,endpoint_supported,exclude_any_permanent_water_QA,13536,1228965,0.997890485505,79265.4271489,0.0643616503166,0.00665288838168
IND_FUA_08595,Thalassery,preexisting_detected_screened,exclude_any_permanent_water_QA,13536,1228965,0.997890485505,1089064.67256,0.884294731622,0.0104342960657
IND_FUA_08595,Thalassery,joint_supported_screened,exclude_any_permanent_water_QA,13536,1228965,0.997890485505,58019.3749371,0.0471103588993,0.00898329956882
IND_FUA_08595,Thalassery,ghsl_only,exclude_any_spurious_depth_QA,13584,1231563,1,1231563,1,0.0132864598182
IND_FUA_08595,Thalassery,endpoint_supported,exclude_any_spurious_depth_QA,13584,1231563,1,79267.5829963,0.0643634008136,0.00669105665265
IND_FUA_08595,Thalassery,preexisting_detected_screened,exclude_any_spurious_depth_QA,13584,1231563,1,1091622.48725,0.886371616598,0.0147109883049
IND_FUA_08595,Thalassery,joint_supported_screened,exclude_any_spurious_depth_QA,13584,1231563,1,58021.4979407,0.0471120827279,0.00903356007029
IND_FUA_08595,Thalassery,ghsl_only,exclude_either_QA,13536,1228965,0.997890485505,1228965,0.997890485505,0.00939303409193
IND_FUA_08595,Thalassery,endpoint_supported,exclude_either_QA,13536,1228965,0.997890485505,79265.4271489,0.0643616503166,0.00665288838168
IND_FUA_08595,Thalassery,preexisting_detected_screened,exclude_either_QA,13536,1228965,0.997890485505,1089064.67256,0.884294731622,0.0104342960657
IND_FUA_08595,Thalassery,joint_supported_screened,exclude_either_QA,13536,1228965,0.997890485505,58019.3749371,0.0471103588993,0.00898329956882
IND_FUA_08673,Kozhikode,ghsl_only,GHSL_g_gt_0_m2,17074,1608959,1,1608959,1,0.20172212835
IND_FUA_08673,Kozhikode,endpoint_supported,GHSL_g_gt_0_m2,17074,1608959,1,205816.069315,0.127918778114,0.186907671503
IND_FUA_08673,Kozhikode,preexisting_detected_screened,GHSL_g_gt_0_m2,17074,1608959,1,1296110.51261,0.805558446554,0.209123739774
IND_FUA_08673,Kozhikode,joint_supported_screened,GHSL_g_gt_0_m2,17074,1608959,1,137681.471407,0.0855717711931,0.194431846093
IND_FUA_08673,Kozhikode,ghsl_only,GHSL_g_gt_10_m2,7601,1571668,0.976822902262,1571668,0.976822902262,0.201525522889
IND_FUA_08673,Kozhikode,endpoint_supported,GHSL_g_gt_10_m2,7601,1571668,0.976822902262,204973.568147,0.127395146892,0.187233604689
IND_FUA_08673,Kozhikode,preexisting_detected_screened,GHSL_g_gt_10_m2,7601,1571668,0.976822902262,1258910.3542,0.782437808669,0.209092419155
IND_FUA_08673,Kozhikode,joint_supported_screened,GHSL_g_gt_10_m2,7601,1571668,0.976822902262,136840.135045,0.0850488639207,0.194964788201
IND_FUA_08673,Kozhikode,ghsl_only,GHSL_g_gt_50_m2,3768,1484236,0.922482176364,1484236,0.922482176364,0.201782893264
IND_FUA_08673,Kozhikode,endpoint_supported,GHSL_g_gt_50_m2,3768,1484236,0.922482176364,201757.260003,0.125396147449,0.187847763848
IND_FUA_08673,Kozhikode,preexisting_detected_screened,GHSL_g_gt_50_m2,3768,1484236,0.922482176364,1172836.43577,0.728941157463,0.209906051771
IND_FUA_08673,Kozhikode,joint_supported_screened,GHSL_g_gt_50_m2,3768,1484236,0.922482176364,133727.122982,0.0831140650458,0.196122309757
IND_FUA_08673,Kozhikode,ghsl_only,GHSL_g_gt_100_m2,2854,1418820,0.881824832081,1418820,0.881824832081,0.198842958341
IND_FUA_08673,Kozhikode,endpoint_supported,GHSL_g_gt_100_m2,2854,1418820,0.881824832081,198935.621453,0.123642443004,0.187497737685
IND_FUA_08673,Kozhikode,preexisting_detected_screened,GHSL_g_gt_100_m2,2854,1418820,0.881824832081,1112229.07189,0.691272476112,0.206767045215
IND_FUA_08673,Kozhikode,joint_supported_screened,GHSL_g_gt_100_m2,2854,1418820,0.881824832081,131765.106221,0.0818946326298,0.196651072807
IND_FUA_08673,Kozhikode,ghsl_only,GHSL_g_gt_500_m2,922,952192,0.591806254852,952192,0.591806254852,0.178526352528
IND_FUA_08673,Kozhikode,endpoint_supported,GHSL_g_gt_500_m2,922,952192,0.591806254852,166767.163625,0.103649107047,0.180730424073
IND_FUA_08673,Kozhikode,preexisting_detected_screened,GHSL_g_gt_500_m2,922,952192,0.591806254852,709527.815716,0.44098564085,0.18743710209
IND_FUA_08673,Kozhikode,joint_supported_screened,GHSL_g_gt_500_m2,922,952192,0.591806254852,117703.192613,0.0731548738116,0.196601926081
IND_FUA_08673,Kozhikode,ghsl_only,exclude_any_permanent_water_QA,16944,1592141,0.989547278706,1592141,0.989547278706,0.134787298555
IND_FUA_08673,Kozhikode,endpoint_supported,exclude_any_permanent_water_QA,16944,1592141,0.989547278706,203934.125278,0.126749112487,0.107825252087
IND_FUA_08673,Kozhikode,preexisting_detected_screened,exclude_any_permanent_water_QA,16944,1592141,0.989547278706,1280747.29389,0.796009900741,0.136578720378
IND_FUA_08673,Kozhikode,joint_supported_screened,exclude_any_permanent_water_QA,16944,1592141,0.989547278706,136105.598023,0.0845923345611,0.0926944715956
IND_FUA_08673,Kozhikode,ghsl_only,exclude_any_spurious_depth_QA,16219,1521929,0.945909125093,1521929,0.945909125093,0.0985061262867
IND_FUA_08673,Kozhikode,endpoint_supported,exclude_any_spurious_depth_QA,16219,1521929,0.945909125093,194845.758161,0.121100511673,0.0999301024862
IND_FUA_08673,Kozhikode,preexisting_detected_screened,exclude_any_spurious_depth_QA,16219,1521929,0.945909125093,1228370.03893,0.763456395676,0.0984035159659
IND_FUA_08673,Kozhikode,joint_supported_screened,exclude_any_spurious_depth_QA,16219,1521929,0.945909125093,130056.617889,0.0808327731714,0.0770096303481
IND_FUA_08673,Kozhikode,ghsl_only,exclude_either_QA,16131,1511843,0.939640475612,1511843,0.939640475612,0.0767283114523
IND_FUA_08673,Kozhikode,endpoint_supported,exclude_either_QA,16131,1511843,0.939640475612,194240.196432,0.120724143022,0.0886263521031
IND_FUA_08673,Kozhikode,preexisting_detected_screened,exclude_either_QA,16131,1511843,0.939640475612,1218913.92434,0.757579232497,0.0737488355376
IND_FUA_08673,Kozhikode,joint_supported_screened,exclude_either_QA,16131,1511843,0.939640475612,129665.665597,0.080589788551,0.0682052854986
IND_FUA_08674,Guruvayur,ghsl_only,GHSL_g_gt_0_m2,31008,2933656,1,2933656,1,0.197696826834
IND_FUA_08674,Guruvayur,endpoint_supported,GHSL_g_gt_0_m2,31008,2933656,1,351000.354285,0.119646050623,0.221317893786
IND_FUA_08674,Guruvayur,preexisting_detected_screened,GHSL_g_gt_0_m2,31008,2933656,1,2645309.24269,0.901710780913,0.205163795168
IND_FUA_08674,Guruvayur,joint_supported_screened,GHSL_g_gt_0_m2,31008,2933656,1,282847.121856,0.0964145495778,0.249377904026
IND_FUA_08674,Guruvayur,ghsl_only,GHSL_g_gt_10_m2,13460,2868778,0.977884932657,2868778,0.977884932657,0.196949592236
IND_FUA_08674,Guruvayur,endpoint_supported,GHSL_g_gt_10_m2,13460,2868778,0.977884932657,349066.299793,0.118986786383,0.222031774716
IND_FUA_08674,Guruvayur,preexisting_detected_screened,GHSL_g_gt_10_m2,13460,2868778,0.977884932657,2580536.81131,0.879631698914,0.204519130944
IND_FUA_08674,Guruvayur,joint_supported_screened,GHSL_g_gt_10_m2,13460,2868778,0.977884932657,280915.252276,0.0957560301126,0.250456403472
IND_FUA_08674,Guruvayur,ghsl_only,GHSL_g_gt_50_m2,6535,2703281,0.921471706294,2703281,0.921471706294,0.194140010869
IND_FUA_08674,Guruvayur,endpoint_supported,GHSL_g_gt_50_m2,6535,2703281,0.921471706294,343592.420782,0.117120896514,0.223394860849
IND_FUA_08674,Guruvayur,preexisting_detected_screened,GHSL_g_gt_50_m2,6535,2703281,0.921471706294,2416652.80997,0.823768297978,0.2019322219
IND_FUA_08674,Guruvayur,joint_supported_screened,GHSL_g_gt_50_m2,6535,2703281,0.921471706294,275561.064564,0.093930939607,0.252641269783
IND_FUA_08674,Guruvayur,ghsl_only,GHSL_g_gt_100_m2,4830,2581597,0.879993087124,2581597,0.879993087124,0.193449108834
IND_FUA_08674,Guruvayur,endpoint_supported,GHSL_g_gt_100_m2,4830,2581597,0.879993087124,338247.511045,0.115298968606,0.225127571802
IND_FUA_08674,Guruvayur,preexisting_detected_screened,GHSL_g_gt_100_m2,4830,2581597,0.879993087124,2298957.38004,0.783649269048,0.201605374233
IND_FUA_08674,Guruvayur,joint_supported_screened,GHSL_g_gt_100_m2,4830,2581597,0.879993087124,270816.130885,0.0923135264957,0.255294972558
IND_FUA_08674,Guruvayur,ghsl_only,GHSL_g_gt_500_m2,1595,1807776,0.616219488584,1807776,0.616219488584,0.178321760442
IND_FUA_08674,Guruvayur,endpoint_supported,GHSL_g_gt_500_m2,1595,1807776,0.616219488584,298054.894226,0.101598447202,0.233253106996
IND_FUA_08674,Guruvayur,preexisting_detected_screened,GHSL_g_gt_500_m2,1595,1807776,0.616219488584,1596464.8847,0.544189531661,0.187271684982
IND_FUA_08674,Guruvayur,joint_supported_screened,GHSL_g_gt_500_m2,1595,1807776,0.616219488584,247395.387802,0.0843300604441,0.265311305353
IND_FUA_08674,Guruvayur,ghsl_only,exclude_any_permanent_water_QA,30846,2923000,0.996367672283,2923000,0.996367672283,0.181779606701
IND_FUA_08674,Guruvayur,endpoint_supported,exclude_any_permanent_water_QA,30846,2923000,0.996367672283,350384.8332,0.119436236969,0.21317629039
IND_FUA_08674,Guruvayur,preexisting_detected_screened,exclude_any_permanent_water_QA,30846,2923000,0.996367672283,2635444.20798,0.898348070797,0.189877034294
IND_FUA_08674,Guruvayur,joint_supported_screened,exclude_any_permanent_water_QA,30846,2923000,0.996367672283,282376.978478,0.0962542910545,0.243267024995
IND_FUA_08674,Guruvayur,ghsl_only,exclude_any_spurious_depth_QA,28752,2732277,0.931355619064,2732277,0.931355619064,0.155966308642
IND_FUA_08674,Guruvayur,endpoint_supported,exclude_any_spurious_depth_QA,28752,2732277,0.931355619064,342193.917697,0.116644186536,0.211139263657
IND_FUA_08674,Guruvayur,preexisting_detected_screened,exclude_any_spurious_depth_QA,28752,2732277,0.931355619064,2454495.91854,0.836667938755,0.161148061298
IND_FUA_08674,Guruvayur,joint_supported_screened,exclude_any_spurious_depth_QA,28752,2732277,0.931355619064,275180.010099,0.0938010489637,0.23872378782
IND_FUA_08674,Guruvayur,ghsl_only,exclude_either_QA,28626,2725253,0.92896133698,2725253,0.92896133698,0.149311062728
IND_FUA_08674,Guruvayur,endpoint_supported,exclude_either_QA,28626,2725253,0.92896133698,341721.994154,0.116483321205,0.206357127136
IND_FUA_08674,Guruvayur,preexisting_detected_screened,exclude_either_QA,28626,2725253,0.92896133698,2447790.81783,0.834382360382,0.154676985562
IND_FUA_08674,Guruvayur,joint_supported_screened,exclude_either_QA,28626,2725253,0.92896133698,274812.275637,0.0936756987313,0.235617611744
IND_FUA_08675,Malappuram,ghsl_only,GHSL_g_gt_0_m2,17836,1335935,1,1335935,1,0.415633804674
IND_FUA_08675,Malappuram,endpoint_supported,GHSL_g_gt_0_m2,17836,1335935,1,118753.302446,0.0888915272421,0.575723208479
IND_FUA_08675,Malappuram,preexisting_detected_screened,GHSL_g_gt_0_m2,17836,1335935,1,1293399.39112,0.968160420322,0.400932458029
IND_FUA_08675,Malappuram,joint_supported_screened,GHSL_g_gt_0_m2,17836,1335935,1,105051.561662,0.0786352342458,0.501984084965
IND_FUA_08675,Malappuram,ghsl_only,GHSL_g_gt_10_m2,8959,1299599,0.972801071908,1299599,0.972801071908,0.418896947002
IND_FUA_08675,Malappuram,endpoint_supported,GHSL_g_gt_10_m2,8959,1299599,0.972801071908,117328.530067,0.0878250289628,0.580789289542
IND_FUA_08675,Malappuram,preexisting_detected_screened,GHSL_g_gt_10_m2,8959,1299599,0.972801071908,1257070.51341,0.94096682354,0.403885726464
IND_FUA_08675,Malappuram,joint_supported_screened,GHSL_g_gt_10_m2,8959,1299599,0.972801071908,103626.884492,0.0775688072342,0.506705705294
IND_FUA_08675,Malappuram,ghsl_only,GHSL_g_gt_50_m2,3775,1174925,0.879477669198,1174925,0.879477669198,0.42937722094
IND_FUA_08675,Malappuram,endpoint_supported,GHSL_g_gt_50_m2,3775,1174925,0.879477669198,112037.090139,0.0838641776276,0.596303081056
IND_FUA_08675,Malappuram,preexisting_detected_screened,GHSL_g_gt_50_m2,3775,1174925,0.879477669198,1132457.18638,0.847688836939,0.413122441699
IND_FUA_08675,Malappuram,joint_supported_screened,GHSL_g_gt_50_m2,3775,1174925,0.879477669198,98346.2119423,0.073616015706,0.520339534375
IND_FUA_08675,Malappuram,ghsl_only,GHSL_g_gt_100_m2,2508,1085151,0.812278291983,1085151,0.812278291983,0.426544300086
IND_FUA_08675,Malappuram,endpoint_supported,GHSL_g_gt_100_m2,2508,1085151,0.812278291983,106721.236456,0.0798850516352,0.60636358532
IND_FUA_08675,Malappuram,preexisting_detected_screened,GHSL_g_gt_100_m2,2508,1085151,0.812278291983,1042920.5302,0.780667120932,0.409057462037
IND_FUA_08675,Malappuram,joint_supported_screened,GHSL_g_gt_100_m2,2508,1085151,0.812278291983,93084.6892455,0.0696775585979,0.527779643633
IND_FUA_08675,Malappuram,ghsl_only,GHSL_g_gt_500_m2,681,661246,0.494968692339,661246,0.494968692339,0.433627079365
IND_FUA_08675,Malappuram,endpoint_supported,GHSL_g_gt_500_m2,681,661246,0.494968692339,89161.686861,0.0667410366979,0.589352901999
IND_FUA_08675,Malappuram,preexisting_detected_screened,GHSL_g_gt_500_m2,681,661246,0.494968692339,627402.018858,0.469635138579,0.41394161025
IND_FUA_08675,Malappuram,joint_supported_screened,GHSL_g_gt_500_m2,681,661246,0.494968692339,78257.159196,0.0585785679663,0.509279074907
IND_FUA_08675,Malappuram,ghsl_only,exclude_any_permanent_water_QA,17748,1324664,0.991563212282,1324664,0.991563212282,0.325427151618
IND_FUA_08675,Malappuram,endpoint_supported,exclude_any_permanent_water_QA,17748,1324664,0.991563212282,117666.174647,0.0880777692384,0.474905599955
IND_FUA_08675,Malappuram,preexisting_detected_screened,exclude_any_permanent_water_QA,17748,1324664,0.991563212282,1282281.04492,0.959837899986,0.309471809775
IND_FUA_08675,Malappuram,joint_supported_screened,exclude_any_permanent_water_QA,17748,1324664,0.991563212282,103985.313538,0.0778371055016,0.390333964158
IND_FUA_08675,Malappuram,ghsl_only,exclude_any_spurious_depth_QA,14098,1032253,0.772682054142,1032253,0.772682054142,0.110357642124
IND_FUA_08675,Malappuram,endpoint_supported,exclude_any_spurious_depth_QA,14098,1032253,0.772682054142,89386.539297,0.0669093476083,0.117074002343
IND_FUA_08675,Malappuram,preexisting_detected_screened,exclude_any_spurious_depth_QA,14098,1032253,0.772682054142,1006718.0703,0.753568152864,0.108704212083
IND_FUA_08675,Malappuram,joint_supported_screened,exclude_any_spurious_depth_QA,14098,1032253,0.772682054142,81031.2113537,0.0606550553386,0.100675112624
IND_FUA_08675,Malappuram,ghsl_only,exclude_either_QA,14093,1032095,0.772563784915,1032095,0.772563784915,0.108925450761
IND_FUA_08675,Malappuram,endpoint_supported,exclude_either_QA,14093,1032095,0.772563784915,89363.8378514,0.0668923546815,0.114703580515
IND_FUA_08675,Malappuram,preexisting_detected_screened,exclude_either_QA,14093,1032095,0.772563784915,1006560.0703,0.753449883637,0.107235428619
IND_FUA_08675,Malappuram,joint_supported_screened,exclude_either_QA,14093,1032095,0.772563784915,81008.509908,0.0606380624117,0.0980556067139
IND_FUA_08686,Lakhimpur,ghsl_only,GHSL_g_gt_0_m2,1395,577485,1,577485,1,0.00575193472529
IND_FUA_08686,Lakhimpur,endpoint_supported,GHSL_g_gt_0_m2,1395,577485,1,168713.951573,0.292152959078,0.00447585279499
IND_FUA_08686,Lakhimpur,preexisting_detected_screened,GHSL_g_gt_0_m2,1395,577485,1,457318.714461,0.791914447061,0.00725163664724
IND_FUA_08686,Lakhimpur,joint_supported_screened,GHSL_g_gt_0_m2,1395,577485,1,113310.353554,0.196213500876,0.00664331712887
IND_FUA_08686,Lakhimpur,ghsl_only,GHSL_g_gt_10_m2,1156,576433,0.998178307662,576433,0.998178307662,0.00575736652625
IND_FUA_08686,Lakhimpur,endpoint_supported,GHSL_g_gt_10_m2,1156,576433,0.998178307662,168706.630088,0.292140280853,0.00447602754144
IND_FUA_08686,Lakhimpur,preexisting_detected_screened,GHSL_g_gt_10_m2,1156,576433,0.998178307662,456277.916173,0.790112152131,0.00726177854726
IND_FUA_08686,Lakhimpur,joint_supported_screened,GHSL_g_gt_10_m2,1156,576433,0.998178307662,113303.057454,0.19620086661,0.00664371589391
IND_FUA_08686,Lakhimpur,ghsl_only,GHSL_g_gt_50_m2,902,569684,0.98649142402,569684,0.98649142402,0.00577830452573
IND_FUA_08686,Lakhimpur,endpoint_supported,GHSL_g_gt_50_m2,902,569684,0.98649142402,168282.288373,0.291405470918,0.00448730287071
IND_FUA_08686,Lakhimpur,preexisting_detected_screened,GHSL_g_gt_50_m2,902,569684,0.98649142402,450530.72699,0.780160050893,0.00729468435895
IND_FUA_08686,Lakhimpur,joint_supported_screened,GHSL_g_gt_50_m2,902,569684,0.98649142402,113160.021373,0.195953178651,0.00665210463723
IND_FUA_08686,Lakhimpur,ghsl_only,GHSL_g_gt_100_m2,765,559906,0.969559382495,559906,0.969559382495,0.00569728652458
IND_FUA_08686,Lakhimpur,endpoint_supported,GHSL_g_gt_100_m2,765,559906,0.969559382495,166988.287254,0.289164718138,0.00450038295635
IND_FUA_08686,Lakhimpur,preexisting_detected_screened,GHSL_g_gt_100_m2,765,559906,0.969559382495,443441.999381,0.767884879055,0.00718347053324
IND_FUA_08686,Lakhimpur,joint_supported_screened,GHSL_g_gt_100_m2,765,559906,0.969559382495,112766.314163,0.195271416856,0.00664878410709
IND_FUA_08686,Lakhimpur,ghsl_only,GHSL_g_gt_500_m2,357,453228,0.784830774825,453228,0.784830774825,0.0062358920041
IND_FUA_08686,Lakhimpur,endpoint_supported,GHSL_g_gt_500_m2,357,453228,0.784830774825,144904.673275,0.250923700658,0.00517853518797
IND_FUA_08686,Lakhimpur,preexisting_detected_screened,GHSL_g_gt_500_m2,357,453228,0.784830774825,375340.66799,0.649957432643,0.00751793964471
IND_FUA_08686,Lakhimpur,joint_supported_screened,GHSL_g_gt_500_m2,357,453228,0.784830774825,106773.500075,0.184893980061,0.00701149240665
IND_FUA_08686,Lakhimpur,ghsl_only,exclude_any_permanent_water_QA,1395,577485,1,577485,1,0.00575193472529
IND_FUA_08686,Lakhimpur,endpoint_supported,exclude_any_permanent_water_QA,1395,577485,1,168713.951573,0.292152959078,0.00447585279499
IND_FUA_08686,Lakhimpur,preexisting_detected_screened,exclude_any_permanent_water_QA,1395,577485,1,457318.714461,0.791914447061,0.00725163664724
IND_FUA_08686,Lakhimpur,joint_supported_screened,exclude_any_permanent_water_QA,1395,577485,1,113310.353554,0.196213500876,0.00664331712887
IND_FUA_08686,Lakhimpur,ghsl_only,exclude_any_spurious_depth_QA,1395,577485,1,577485,1,0.00575193472529
IND_FUA_08686,Lakhimpur,endpoint_supported,exclude_any_spurious_depth_QA,1395,577485,1,168713.951573,0.292152959078,0.00447585279499
IND_FUA_08686,Lakhimpur,preexisting_detected_screened,exclude_any_spurious_depth_QA,1395,577485,1,457318.714461,0.791914447061,0.00725163664724
IND_FUA_08686,Lakhimpur,joint_supported_screened,exclude_any_spurious_depth_QA,1395,577485,1,113310.353554,0.196213500876,0.00664331712887
IND_FUA_08686,Lakhimpur,ghsl_only,exclude_either_QA,1395,577485,1,577485,1,0.00575193472529
IND_FUA_08686,Lakhimpur,endpoint_supported,exclude_either_QA,1395,577485,1,168713.951573,0.292152959078,0.00447585279499
IND_FUA_08686,Lakhimpur,preexisting_detected_screened,exclude_either_QA,1395,577485,1,457318.714461,0.791914447061,0.00725163664724
IND_FUA_08686,Lakhimpur,joint_supported_screened,exclude_either_QA,1395,577485,1,113310.353554,0.196213500876,0.00664331712887
IND_FUA_08722,Kanpur,ghsl_only,GHSL_g_gt_0_m2,16088,10361223,1,10361223,1,0.198207157542
IND_FUA_08722,Kanpur,endpoint_supported,GHSL_g_gt_0_m2,16088,10361223,1,3661683.02497,0.353402588186,0.17333341845
IND_FUA_08722,Kanpur,preexisting_detected_screened,GHSL_g_gt_0_m2,16088,10361223,1,9427794.49691,0.909911358621,0.198445510912
IND_FUA_08722,Kanpur,joint_supported_screened,GHSL_g_gt_0_m2,16088,10361223,1,3258799.2696,0.31451878505,0.171551486972
IND_FUA_08722,Kanpur,ghsl_only,GHSL_g_gt_10_m2,12182,10345167,0.998450375984,10345167,0.998450375984,0.198112467916
IND_FUA_08722,Kanpur,endpoint_supported,GHSL_g_gt_10_m2,12182,10345167,0.998450375984,3661533.19054,0.353388127111,0.173327420447
IND_FUA_08722,Kanpur,preexisting_detected_screened,GHSL_g_gt_10_m2,12182,10345167,0.998450375984,9412090.37531,0.908395695692,0.198355144578
IND_FUA_08722,Kanpur,joint_supported_screened,GHSL_g_gt_10_m2,12182,10345167,0.998450375984,3258660.65187,0.314505406541,0.171545822336
IND_FUA_08722,Kanpur,ghsl_only,GHSL_g_gt_50_m2,10031,10291212,0.993242979135,10291212,0.993242979135,0.197566998988
IND_FUA_08722,Kanpur,endpoint_supported,GHSL_g_gt_50_m2,10031,10291212,0.993242979135,3658404.07734,0.353086124808,0.173309138657
IND_FUA_08722,Kanpur,preexisting_detected_screened,GHSL_g_gt_50_m2,10031,10291212,0.993242979135,9366175.8121,0.903964311173,0.197741127384
IND_FUA_08722,Kanpur,joint_supported_screened,GHSL_g_gt_50_m2,10031,10291212,0.993242979135,3257263.36908,0.314370549604,0.171493044524
IND_FUA_08722,Kanpur,ghsl_only,GHSL_g_gt_100_m2,8989,10215044,0.9858917234,10215044,0.9858917234,0.197022063002
IND_FUA_08722,Kanpur,endpoint_supported,GHSL_g_gt_100_m2,8989,10215044,0.9858917234,3650111.7768,0.352285804176,0.173357853169
IND_FUA_08722,Kanpur,preexisting_detected_screened,GHSL_g_gt_100_m2,8989,10215044,0.9858917234,9314184.20427,0.898946408573,0.196963708263
IND_FUA_08722,Kanpur,joint_supported_screened,GHSL_g_gt_100_m2,8989,10215044,0.9858917234,3255319.95592,0.314182983604,0.171413545545
IND_FUA_08722,Kanpur,ghsl_only,GHSL_g_gt_500_m2,5217,9218891,0.889749308552,9218891,0.889749308552,0.193319762778
IND_FUA_08722,Kanpur,endpoint_supported,GHSL_g_gt_500_m2,5217,9218891,0.889749308552,3482451.29438,0.33610427016,0.175040586051
IND_FUA_08722,Kanpur,preexisting_detected_screened,GHSL_g_gt_500_m2,5217,9218891,0.889749308552,8643572.18301,0.834223159081,0.19049507282
IND_FUA_08722,Kanpur,joint_supported_screened,GHSL_g_gt_500_m2,5217,9218891,0.889749308552,3211508.8366,0.309954610243,0.170641696339
IND_FUA_08722,Kanpur,ghsl_only,exclude_any_permanent_water_QA,16033,10347535,0.998678920432,10347535,0.998678920432,0.195261713812
IND_FUA_08722,Kanpur,endpoint_supported,exclude_any_permanent_water_QA,16033,10347535,0.998678920432,3659641.84985,0.353205586817,0.172522333045
IND_FUA_08722,Kanpur,preexisting_detected_screened,exclude_any_permanent_water_QA,16033,10347535,0.998678920432,9415374.42559,0.908712651546,0.19543907676
IND_FUA_08722,Kanpur,joint_supported_screened,exclude_any_permanent_water_QA,16033,10347535,0.998678920432,3257013.88448,0.314346470922,0.17073564244
IND_FUA_08722,Kanpur,ghsl_only,exclude_any_spurious_depth_QA,16088,10361223,1,10361223,1,0.198207157542
IND_FUA_08722,Kanpur,endpoint_supported,exclude_any_spurious_depth_QA,16088,10361223,1,3661683.02497,0.353402588186,0.17333341845
IND_FUA_08722,Kanpur,preexisting_detected_screened,exclude_any_spurious_depth_QA,16088,10361223,1,9427794.49691,0.909911358621,0.198445510912
IND_FUA_08722,Kanpur,joint_supported_screened,exclude_any_spurious_depth_QA,16088,10361223,1,3258799.2696,0.31451878505,0.171551486972
IND_FUA_08722,Kanpur,ghsl_only,exclude_either_QA,16033,10347535,0.998678920432,10347535,0.998678920432,0.195261713812
IND_FUA_08722,Kanpur,endpoint_supported,exclude_either_QA,16033,10347535,0.998678920432,3659641.84985,0.353205586817,0.172522333045
IND_FUA_08722,Kanpur,preexisting_detected_screened,exclude_either_QA,16033,10347535,0.998678920432,9415374.42559,0.908712651546,0.19543907676
IND_FUA_08722,Kanpur,joint_supported_screened,exclude_either_QA,16033,10347535,0.998678920432,3257013.88448,0.314346470922,0.17073564244
IND_FUA_08848,Lucknow,ghsl_only,GHSL_g_gt_0_m2,32621,19979099,1,19979099,1,0.394595975685
IND_FUA_08848,Lucknow,endpoint_supported,GHSL_g_gt_0_m2,32621,19979099,1,7020333.58566,0.35138389302,0.408864502296
IND_FUA_08848,Lucknow,preexisting_detected_screened,GHSL_g_gt_0_m2,32621,19979099,1,17845027.6479,0.893184805176,0.400417640739
IND_FUA_08848,Lucknow,joint_supported_screened,GHSL_g_gt_0_m2,32621,19979099,1,6049124.87951,0.30277265654,0.42224994098
IND_FUA_08848,Lucknow,ghsl_only,GHSL_g_gt_10_m2,26240,19951049,0.998596032784,19951049,0.998596032784,0.394751523684
IND_FUA_08848,Lucknow,endpoint_supported,GHSL_g_gt_10_m2,26240,19951049,0.998596032784,7020130.75123,0.351373740689,0.408862892559
IND_FUA_08848,Lucknow,preexisting_detected_screened,GHSL_g_gt_10_m2,26240,19951049,0.998596032784,17817361.5852,0.891800054905,0.400611109619
IND_FUA_08848,Lucknow,joint_supported_screened,GHSL_g_gt_10_m2,26240,19951049,0.998596032784,6048933.20016,0.302763062546,0.422251754809
IND_FUA_08848,Lucknow,ghsl_only,GHSL_g_gt_50_m2,20916,19813556,0.991714190915,19813556,0.991714190915,0.395499068284
IND_FUA_08848,Lucknow,endpoint_supported,GHSL_g_gt_50_m2,20916,19813556,0.991714190915,7012520.03607,0.350992806836,0.408985498979
IND_FUA_08848,Lucknow,preexisting_detected_screened,GHSL_g_gt_50_m2,20916,19813556,0.991714190915,17690926.0453,0.88547166443,0.40150966937
IND_FUA_08848,Lucknow,joint_supported_screened,GHSL_g_gt_50_m2,20916,19813556,0.991714190915,6043670.97256,0.302499675914,0.422406020202
IND_FUA_08848,Lucknow,ghsl_only,GHSL_g_gt_100_m2,18287,19619152,0.981983822193,19619152,0.981983822193,0.395945781079
IND_FUA_08848,Lucknow,endpoint_supported,GHSL_g_gt_100_m2,18287,19619152,0.981983822193,6991567.14367,0.34994406623,0.409365829267
IND_FUA_08848,Lucknow,preexisting_detected_screened,GHSL_g_gt_100_m2,18287,19619152,0.981983822193,17531014.2877,0.877467712018,0.402004337032
IND_FUA_08848,Lucknow,joint_supported_screened,GHSL_g_gt_100_m2,18287,19619152,0.981983822193,6034635.87296,0.302047448334,0.422631645612
IND_FUA_08848,Lucknow,ghsl_only,GHSL_g_gt_500_m2,10041,17459077,0.873867084797,17459077,0.873867084797,0.39949325272
IND_FUA_08848,Lucknow,endpoint_supported,GHSL_g_gt_500_m2,10041,17459077,0.873867084797,6661198.13616,0.333408335189,0.415337990669
IND_FUA_08848,Lucknow,preexisting_detected_screened,GHSL_g_gt_500_m2,10041,17459077,0.873867084797,15883078.7382,0.794984735706,0.404160569691
IND_FUA_08848,Lucknow,joint_supported_screened,GHSL_g_gt_500_m2,10041,17459077,0.873867084797,5916652.26198,0.296142096397,0.424834775905
IND_FUA_08848,Lucknow,ghsl_only,exclude_any_permanent_water_QA,32479,19941874,0.998136802866,19941874,0.998136802866,0.385296920036
IND_FUA_08848,Lucknow,endpoint_supported,exclude_any_permanent_water_QA,32479,19941874,0.998136802866,7012885.59921,0.351011104115,0.402752028274
IND_FUA_08848,Lucknow,preexisting_detected_screened,exclude_any_permanent_water_QA,32479,19941874,0.998136802866,17814220.8657,0.891642854653,0.391614386316
IND_FUA_08848,Lucknow,joint_supported_screened,exclude_any_permanent_water_QA,32479,19941874,0.998136802866,6043091.1669,0.302470655303,0.416341905765
IND_FUA_08848,Lucknow,ghsl_only,exclude_any_spurious_depth_QA,32621,19979099,1,19979099,1,0.394595975685
IND_FUA_08848,Lucknow,endpoint_supported,exclude_any_spurious_depth_QA,32621,19979099,1,7020333.58566,0.35138389302,0.408864502296
IND_FUA_08848,Lucknow,preexisting_detected_screened,exclude_any_spurious_depth_QA,32621,19979099,1,17845027.6479,0.893184805176,0.400417640739
IND_FUA_08848,Lucknow,joint_supported_screened,exclude_any_spurious_depth_QA,32621,19979099,1,6049124.87951,0.30277265654,0.42224994098
IND_FUA_08848,Lucknow,ghsl_only,exclude_either_QA,32479,19941874,0.998136802866,19941874,0.998136802866,0.385296920036
IND_FUA_08848,Lucknow,endpoint_supported,exclude_either_QA,32479,19941874,0.998136802866,7012885.59921,0.351011104115,0.402752028274
IND_FUA_08848,Lucknow,preexisting_detected_screened,exclude_either_QA,32479,19941874,0.998136802866,17814220.8657,0.891642854653,0.391614386316
IND_FUA_08848,Lucknow,joint_supported_screened,exclude_either_QA,32479,19941874,0.998136802866,6043091.1669,0.302470655303,0.416341905765
IND_FUA_08896,Mysuru,ghsl_only,GHSL_g_gt_0_m2,6711,1690295,1,1690295,1,0.00211874735623
IND_FUA_08896,Mysuru,endpoint_supported,GHSL_g_gt_0_m2,6711,1690295,1,324600.94265,0.192038042265,0.000412376943639
IND_FUA_08896,Mysuru,preexisting_detected_screened,GHSL_g_gt_0_m2,6711,1690295,1,1474803.13287,0.872512273226,0.00242825061956
IND_FUA_08896,Mysuru,joint_supported_screened,GHSL_g_gt_0_m2,6711,1690295,1,254661.446106,0.150660947412,0.00052561527777
IND_FUA_08896,Mysuru,ghsl_only,GHSL_g_gt_10_m2,4730,1681729,0.994932245555,1681729,0.994932245555,0.00209198294298
IND_FUA_08896,Mysuru,endpoint_supported,GHSL_g_gt_10_m2,4730,1681729,0.994932245555,324529.154427,0.19199557144,0.000411151472119
IND_FUA_08896,Mysuru,preexisting_detected_screened,GHSL_g_gt_10_m2,4730,1681729,0.994932245555,1466306.8098,0.867485740536,0.00239924681371
IND_FUA_08896,Mysuru,joint_supported_screened,GHSL_g_gt_10_m2,4730,1681729,0.994932245555,254590.338859,0.150618879461,0.000524083680027
IND_FUA_08896,Mysuru,ghsl_only,GHSL_g_gt_50_m2,3198,1642325,0.971620338462,1642325,0.971620338462,0.00203654910329
IND_FUA_08896,Mysuru,endpoint_supported,GHSL_g_gt_50_m2,3198,1642325,0.971620338462,322650.293677,0.190884013546,0.000391399987357
IND_FUA_08896,Mysuru,preexisting_detected_screened,GHSL_g_gt_50_m2,3198,1642325,0.971620338462,1428488.8294,0.845112142794,0.00234132671943
IND_FUA_08896,Mysuru,joint_supported_screened,GHSL_g_gt_50_m2,3198,1642325,0.971620338462,252981.248936,0.149666921417,0.000499172660019
IND_FUA_08896,Mysuru,ghsl_only,GHSL_g_gt_100_m2,2538,1593543,0.942760287405,1593543,0.942760287405,0.00199325327554
IND_FUA_08896,Mysuru,endpoint_supported,GHSL_g_gt_100_m2,2538,1593543,0.942760287405,318677.818878,0.188533846978,0.000396278979538
IND_FUA_08896,Mysuru,preexisting_detected_screened,GHSL_g_gt_100_m2,2538,1593543,0.942760287405,1383591.65734,0.818550405309,0.00229563278026
IND_FUA_08896,Mysuru,joint_supported_screened,GHSL_g_gt_100_m2,2538,1593543,0.942760287405,249931.697477,0.147862768024,0.000505263334907
IND_FUA_08896,Mysuru,ghsl_only,GHSL_g_gt_500_m2,951,1205029,0.712910468291,1205029,0.712910468291,0.00206466063655
IND_FUA_08896,Mysuru,endpoint_supported,GHSL_g_gt_500_m2,951,1205029,0.712910468291,280342.654506,0.165854276624,0.000450301313909
IND_FUA_08896,Mysuru,preexisting_detected_screened,GHSL_g_gt_500_m2,951,1205029,0.712910468291,1038519.40515,0.614401276196,0.00239569518862
IND_FUA_08896,Mysuru,joint_supported_screened,GHSL_g_gt_500_m2,951,1205029,0.712910468291,224161.444486,0.132616758901,0.0005631595833
IND_FUA_08896,Mysuru,ghsl_only,exclude_any_permanent_water_QA,6703,1687908,0.998587820469,1687908,0.998587820469,0.000707567037126
IND_FUA_08896,Mysuru,endpoint_supported,exclude_any_permanent_water_QA,6703,1687908,0.998587820469,324600.820317,0.192037969891,0.000412000228855
IND_FUA_08896,Mysuru,preexisting_detected_screened,exclude_any_permanent_water_QA,6703,1687908,0.998587820469,1472416.13287,0.871100093695,0.000811042200958
IND_FUA_08896,Mysuru,joint_supported_screened,exclude_any_permanent_water_QA,6703,1687908,0.998587820469,254661.323774,0.150660875039,0.000525135157454
IND_FUA_08896,Mysuru,ghsl_only,exclude_any_spurious_depth_QA,6711,1690295,1,1690295,1,0.00211874735623
IND_FUA_08896,Mysuru,endpoint_supported,exclude_any_spurious_depth_QA,6711,1690295,1,324600.94265,0.192038042265,0.000412376943639
IND_FUA_08896,Mysuru,preexisting_detected_screened,exclude_any_spurious_depth_QA,6711,1690295,1,1474803.13287,0.872512273226,0.00242825061956
IND_FUA_08896,Mysuru,joint_supported_screened,exclude_any_spurious_depth_QA,6711,1690295,1,254661.446106,0.150660947412,0.00052561527777
IND_FUA_08896,Mysuru,ghsl_only,exclude_either_QA,6703,1687908,0.998587820469,1687908,0.998587820469,0.000707567037126
IND_FUA_08896,Mysuru,endpoint_supported,exclude_either_QA,6703,1687908,0.998587820469,324600.820317,0.192037969891,0.000412000228855
IND_FUA_08896,Mysuru,preexisting_detected_screened,exclude_either_QA,6703,1687908,0.998587820469,1472416.13287,0.871100093695,0.000811042200958
IND_FUA_08896,Mysuru,joint_supported_screened,exclude_either_QA,6703,1687908,0.998587820469,254661.323774,0.150660875039,0.000525135157454
IND_FUA_08900,Kochi,ghsl_only,GHSL_g_gt_0_m2,43115,7243384,1,7243384,1,0.270274356789
IND_FUA_08900,Kochi,endpoint_supported,GHSL_g_gt_0_m2,43115,7243384,1,1407983.05066,0.194381942289,0.279361913182
IND_FUA_08900,Kochi,preexisting_detected_screened,GHSL_g_gt_0_m2,43115,7243384,1,5803048.98697,0.80115164224,0.298161559452
IND_FUA_08900,Kochi,joint_supported_screened,GHSL_g_gt_0_m2,43115,7243384,1,991106.644595,0.13682922852,0.327649392602
IND_FUA_08900,Kochi,ghsl_only,GHSL_g_gt_10_m2,25019,7168919,0.989719584106,7168919,0.989719584106,0.268978443351
IND_FUA_08900,Kochi,endpoint_supported,GHSL_g_gt_10_m2,25019,7168919,0.989719584106,1405596.16304,0.194052415699,0.279478207928
IND_FUA_08900,Kochi,preexisting_detected_screened,GHSL_g_gt_10_m2,25019,7168919,0.989719584106,5728893.34534,0.790913935439,0.296898292329
IND_FUA_08900,Kochi,joint_supported_screened,GHSL_g_gt_10_m2,25019,7168919,0.989719584106,988729.961396,0.136501110723,0.327928927115
IND_FUA_08900,Kochi,ghsl_only,GHSL_g_gt_50_m2,14142,6900636,0.952681232971,6900636,0.952681232971,0.268318842309
IND_FUA_08900,Kochi,endpoint_supported,GHSL_g_gt_50_m2,14142,6900636,0.952681232971,1392049.59855,0.192182217393,0.280606030518
IND_FUA_08900,Kochi,preexisting_detected_screened,GHSL_g_gt_50_m2,14142,6900636,0.952681232971,5466749.37587,0.754723120556,0.297250176979
IND_FUA_08900,Kochi,joint_supported_screened,GHSL_g_gt_50_m2,14142,6900636,0.952681232971,976070.858013,0.134753432652,0.329933657621
IND_FUA_08900,Kochi,ghsl_only,GHSL_g_gt_100_m2,10839,6663587,0.919954954756,6663587,0.919954954756,0.266915156927
IND_FUA_08900,Kochi,endpoint_supported,GHSL_g_gt_100_m2,10839,6663587,0.919954954756,1373749.53993,0.189655765859,0.282238033515
IND_FUA_08900,Kochi,preexisting_detected_screened,GHSL_g_gt_100_m2,10839,6663587,0.919954954756,5248801.95236,0.724633949043,0.296335751086
IND_FUA_08900,Kochi,joint_supported_screened,GHSL_g_gt_100_m2,10839,6663587,0.919954954756,962062.645469,0.132819500591,0.332458482834
IND_FUA_08900,Kochi,ghsl_only,GHSL_g_gt_500_m2,4297,5029774,0.694395602939,5029774,0.694395602939,0.255922489866
IND_FUA_08900,Kochi,endpoint_supported,GHSL_g_gt_500_m2,4297,5029774,0.694395602939,1190147.19528,0.164308173538,0.301165871597
IND_FUA_08900,Kochi,preexisting_detected_screened,GHSL_g_gt_500_m2,4297,5029774,0.694395602939,3959031.17551,0.546572040846,0.279781883563
IND_FUA_08900,Kochi,joint_supported_screened,GHSL_g_gt_500_m2,4297,5029774,0.694395602939,883750.211105,0.122007919379,0.343860224517
IND_FUA_08900,Kochi,ghsl_only,exclude_any_permanent_water_QA,41537,7030070,0.970550505123,7030070,0.970550505123,0.221012286628
IND_FUA_08900,Kochi,endpoint_supported,exclude_any_permanent_water_QA,41537,7030070,0.970550505123,1382983.65634,0.190930600441,0.252288761532
IND_FUA_08900,Kochi,preexisting_detected_screened,exclude_any_permanent_water_QA,41537,7030070,0.970550505123,5614001.25475,0.775052275945,0.242249329414
IND_FUA_08900,Kochi,joint_supported_screened,exclude_any_permanent_water_QA,41537,7030070,0.970550505123,972380.167581,0.134243906934,0.297642684918
IND_FUA_08900,Kochi,ghsl_only,exclude_any_spurious_depth_QA,42578,7187474,0.992281232087,7187474,0.992281232087,0.266200745581
IND_FUA_08900,Kochi,endpoint_supported,exclude_any_spurious_depth_QA,42578,7187474,0.992281232087,1402539.35719,0.193630402198,0.276758188213
IND_FUA_08900,Kochi,preexisting_detected_screened,exclude_any_spurious_depth_QA,42578,7187474,0.992281232087,5750161.69488,0.793850180369,0.29348603825
IND_FUA_08900,Kochi,joint_supported_screened,exclude_any_spurious_depth_QA,42578,7187474,0.992281232087,986513.087562,0.136195055731,0.324526970887
IND_FUA_08900,Kochi,ghsl_only,exclude_either_QA,41005,6974369,0.962860591127,6974369,0.962860591127,0.216715517227
IND_FUA_08900,Kochi,endpoint_supported,exclude_either_QA,41005,6974369,0.962860591127,1377543.92966,0.190179607992,0.249558951861
IND_FUA_08900,Kochi,preexisting_detected_screened,exclude_either_QA,41005,6974369,0.962860591127,5561322.83487,0.767779650349,0.237253804934
IND_FUA_08900,Kochi,joint_supported_screened,exclude_either_QA,41005,6974369,0.962860591127,967790.574674,0.13361028142,0.29435728387
IND_FUA_08952,Nagpur,ghsl_only,GHSL_g_gt_0_m2,11695,4179117,1,4179117,1,0.0077244680026
IND_FUA_08952,Nagpur,endpoint_supported,GHSL_g_gt_0_m2,11695,4179117,1,1494934.35402,0.357715362842,0.00188368771564
IND_FUA_08952,Nagpur,preexisting_detected_screened,GHSL_g_gt_0_m2,11695,4179117,1,3674956.19036,0.879361882034,0.00790540254689
IND_FUA_08952,Nagpur,joint_supported_screened,GHSL_g_gt_0_m2,11695,4179117,1,1307875.00361,0.312954866689,0.00169183640847
IND_FUA_08952,Nagpur,ghsl_only,GHSL_g_gt_10_m2,7620,4162368,0.99599221558,4162368,0.99599221558,0.0076919520472
IND_FUA_08952,Nagpur,endpoint_supported,GHSL_g_gt_10_m2,7620,4162368,0.99599221558,1494505.64163,0.3576127784,0.00188326425517
IND_FUA_08952,Nagpur,preexisting_detected_screened,GHSL_g_gt_10_m2,7620,4162368,0.99599221558,3658439.47118,0.875409678929,0.00787356125215
IND_FUA_08952,Nagpur,joint_supported_screened,GHSL_g_gt_10_m2,7620,4162368,0.99599221558,1307459.55918,0.312855457068,0.00169127229137
IND_FUA_08952,Nagpur,ghsl_only,GHSL_g_gt_50_m2,5373,4104989,0.982262281721,4104989,0.982262281721,0.007498544738
IND_FUA_08952,Nagpur,endpoint_supported,GHSL_g_gt_50_m2,5373,4104989,0.982262281721,1489910.5437,0.356513240405,0.00186445834426
IND_FUA_08952,Nagpur,preexisting_detected_screened,GHSL_g_gt_50_m2,5373,4104989,0.982262281721,3604370.66685,0.862471825231,0.0076847521698
IND_FUA_08952,Nagpur,joint_supported_screened,GHSL_g_gt_50_m2,5373,4104989,0.982262281721,1303483.99955,0.311904165293,0.00167616991287
IND_FUA_08952,Nagpur,ghsl_only,GHSL_g_gt_100_m2,4467,4039456,0.966581217994,4039456,0.966581217994,0.00710206634899
IND_FUA_08952,Nagpur,endpoint_supported,GHSL_g_gt_100_m2,4467,4039456,0.966581217994,1482717.66328,0.354792092032,0.00184955912035
IND_FUA_08952,Nagpur,preexisting_detected_screened,GHSL_g_gt_100_m2,4467,4039456,0.966581217994,3548833.56138,0.849182629101,0.0072677731546
IND_FUA_08952,Nagpur,joint_supported_screened,GHSL_g_gt_100_m2,4467,4039456,0.966581217994,1298899.51812,0.310807167668,0.00165525734198
IND_FUA_08952,Nagpur,ghsl_only,GHSL_g_gt_500_m2,2118,3455506,0.826850743829,3455506,0.826850743829,0.00636689757994
IND_FUA_08952,Nagpur,endpoint_supported,GHSL_g_gt_500_m2,2118,3455506,0.826850743829,1384822.46422,0.331367239592,0.00155998062891
IND_FUA_08952,Nagpur,preexisting_detected_screened,GHSL_g_gt_500_m2,2118,3455506,0.826850743829,3110846.05883,0.744378790743,0.00670787519393
IND_FUA_08952,Nagpur,joint_supported_screened,GHSL_g_gt_500_m2,2118,3455506,0.826850743829,1258265.16577,0.301083976775,0.00142109553347
IND_FUA_08952,Nagpur,ghsl_only,exclude_any_permanent_water_QA,11672,4170927,0.998040255872,4170927,0.998040255872,0.0024874844685
IND_FUA_08952,Nagpur,endpoint_supported,exclude_any_permanent_water_QA,11672,4170927,0.998040255872,1493932.27214,0.357475579682,0.00073087090299
IND_FUA_08952,Nagpur,preexisting_detected_screened,exclude_any_permanent_water_QA,11672,4170927,0.998040255872,3668113.57316,0.877724546396,0.00250115282839
IND_FUA_08952,Nagpur,joint_supported_screened,exclude_any_permanent_water_QA,11672,4170927,0.998040255872,1307284.5968,0.312813591196,0.000769322498431
IND_FUA_08952,Nagpur,ghsl_only,exclude_any_spurious_depth_QA,11633,4165382,0.996713420562,4165382,0.996713420562,0.0077365726513
IND_FUA_08952,Nagpur,endpoint_supported,exclude_any_spurious_depth_QA,11633,4165382,0.996713420562,1492953.61375,0.357241401413,0.00188256136893
IND_FUA_08952,Nagpur,preexisting_detected_screened,exclude_any_spurious_depth_QA,11633,4165382,0.996713420562,3665418.35973,0.877079622257,0.00791078400854
IND_FUA_08952,Nagpur,joint_supported_screened,exclude_any_spurious_depth_QA,11633,4165382,0.996713420562,1306649.43164,0.312661605702,0.00168928085522
IND_FUA_08952,Nagpur,ghsl_only,exclude_either_QA,11610,4157192,0.994753676435,4157192,0.994753676435,0.00248231042722
IND_FUA_08952,Nagpur,endpoint_supported,exclude_either_QA,11610,4157192,0.994753676435,1491951.53187,0.357001618253,0.000728213300524
IND_FUA_08952,Nagpur,preexisting_detected_screened,exclude_either_QA,11610,4157192,0.994753676435,3658575.74253,0.875442286619,0.0024924555887
IND_FUA_08952,Nagpur,joint_supported_screened,exclude_either_QA,11610,4157192,0.994753676435,1306059.02482,0.312520330209,0.000765900126764
IND_FUA_08997,Kollam,ghsl_only,GHSL_g_gt_0_m2,17642,1788716,1,1788716,1,0.187054371828
IND_FUA_08997,Kollam,endpoint_supported,GHSL_g_gt_0_m2,17642,1788716,1,212756.75686,0.118943843997,0.115871025788
IND_FUA_08997,Kollam,preexisting_detected_screened,GHSL_g_gt_0_m2,17642,1788716,1,1481843.68981,0.828439891971,0.216646393356
IND_FUA_08997,Kollam,joint_supported_screened,GHSL_g_gt_0_m2,17642,1788716,1,169871.663928,0.0949684935607,0.133227635726
IND_FUA_08997,Kollam,ghsl_only,GHSL_g_gt_10_m2,5202,1748144,0.977317807858,1748144,0.977317807858,0.183048118996
IND_FUA_08997,Kollam,endpoint_supported,GHSL_g_gt_10_m2,5202,1748144,0.977317807858,211292.927254,0.118125475064,0.114871364721
IND_FUA_08997,Kollam,preexisting_detected_screened,GHSL_g_gt_10_m2,5202,1748144,0.977317807858,1441360.23604,0.805807202505,0.212609902618
IND_FUA_08997,Kollam,joint_supported_screened,GHSL_g_gt_10_m2,5202,1748144,0.977317807858,168411.219951,0.0941520173974,0.132121874741
IND_FUA_08997,Kollam,ghsl_only,GHSL_g_gt_50_m2,2924,1697953,0.949258015247,1697953,0.949258015247,0.169626044397
IND_FUA_08997,Kollam,endpoint_supported,GHSL_g_gt_50_m2,2924,1697953,0.949258015247,209144.645104,0.116924455925,0.110989759439
IND_FUA_08997,Kollam,preexisting_detected_screened,GHSL_g_gt_50_m2,2924,1697953,0.949258015247,1392388.3046,0.778428942662,0.197189454102
IND_FUA_08997,Kollam,joint_supported_screened,GHSL_g_gt_50_m2,2924,1697953,0.949258015247,166403.63819,0.0930296582523,0.127366019141
IND_FUA_08997,Kollam,ghsl_only,GHSL_g_gt_100_m2,2397,1660181,0.928141191782,1660181,0.928141191782,0.157498203642
IND_FUA_08997,Kollam,endpoint_supported,GHSL_g_gt_100_m2,2397,1660181,0.928141191782,207354.476168,0.115923643646,0.107089336286
IND_FUA_08997,Kollam,preexisting_detected_screened,GHSL_g_gt_100_m2,2397,1660181,0.928141191782,1358874.15618,0.759692514732,0.182893514652
IND_FUA_08997,Kollam,joint_supported_screened,GHSL_g_gt_100_m2,2397,1660181,0.928141191782,165235.724308,0.0923767240346,0.122262609027
IND_FUA_08997,Kollam,ghsl_only,GHSL_g_gt_500_m2,1139,1329001,0.742991620805,1329001,0.742991620805,0.109118592448
IND_FUA_08997,Kollam,endpoint_supported,GHSL_g_gt_500_m2,1139,1329001,0.742991620805,187895.635642,0.105044979551,0.0949896921328
IND_FUA_08997,Kollam,preexisting_detected_screened,GHSL_g_gt_500_m2,1139,1329001,0.742991620805,1084863.31402,0.606503946977,0.124873628122
IND_FUA_08997,Kollam,joint_supported_screened,GHSL_g_gt_500_m2,1139,1329001,0.742991620805,155371.830838,0.0868622133628,0.104894198503
IND_FUA_08997,Kollam,ghsl_only,exclude_any_permanent_water_QA,17095,1748735,0.977648212461,1748735,0.977648212461,0.144802290561
IND_FUA_08997,Kollam,endpoint_supported,exclude_any_permanent_water_QA,17095,1748735,0.977648212461,210432.391424,0.117644383694,0.100545100745
IND_FUA_08997,Kollam,preexisting_detected_screened,exclude_any_permanent_water_QA,17095,1748735,0.977648212461,1444361.87991,0.807485302258,0.167711119776
IND_FUA_08997,Kollam,joint_supported_screened,exclude_any_permanent_water_QA,17095,1748735,0.977648212461,167991.109266,0.0939171502163,0.11657485714
IND_FUA_08997,Kollam,ghsl_only,exclude_any_spurious_depth_QA,17642,1788716,1,1788716,1,0.187054371828
IND_FUA_08997,Kollam,endpoint_supported,exclude_any_spurious_depth_QA,17642,1788716,1,212756.75686,0.118943843997,0.115871025788
IND_FUA_08997,Kollam,preexisting_detected_screened,exclude_any_spurious_depth_QA,17642,1788716,1,1481843.68981,0.828439891971,0.216646393356
IND_FUA_08997,Kollam,joint_supported_screened,exclude_any_spurious_depth_QA,17642,1788716,1,169871.663928,0.0949684935607,0.133227635726
IND_FUA_08997,Kollam,ghsl_only,exclude_either_QA,17095,1748735,0.977648212461,1748735,0.977648212461,0.144802290561
IND_FUA_08997,Kollam,endpoint_supported,exclude_either_QA,17095,1748735,0.977648212461,210432.391424,0.117644383694,0.100545100745
IND_FUA_08997,Kollam,preexisting_detected_screened,exclude_either_QA,17095,1748735,0.977648212461,1444361.87991,0.807485302258,0.167711119776
IND_FUA_08997,Kollam,joint_supported_screened,exclude_either_QA,17095,1748735,0.977648212461,167991.109266,0.0939171502163,0.11657485714
IND_FUA_09007,Jabalpur,ghsl_only,GHSL_g_gt_0_m2,5733,1648394,1,1648394,1,0.0248239359455
IND_FUA_09007,Jabalpur,endpoint_supported,GHSL_g_gt_0_m2,5733,1648394,1,478529.324112,0.290300331178,0.0183180965251
IND_FUA_09007,Jabalpur,preexisting_detected_screened,GHSL_g_gt_0_m2,5733,1648394,1,1363938.12038,0.827434533478,0.024270116148
IND_FUA_09007,Jabalpur,joint_supported_screened,GHSL_g_gt_0_m2,5733,1648394,1,371556.826697,0.225405350115,0.0163736936983
IND_FUA_09007,Jabalpur,ghsl_only,GHSL_g_gt_10_m2,3898,1640513,0.99521898284,1640513,0.99521898284,0.0246580445527
IND_FUA_09007,Jabalpur,endpoint_supported,GHSL_g_gt_10_m2,3898,1640513,0.99521898284,478468.140366,0.290263213992,0.0183153790029
IND_FUA_09007,Jabalpur,preexisting_detected_screened,GHSL_g_gt_10_m2,3898,1640513,0.99521898284,1356199.50129,0.82273989185,0.0240760559068
IND_FUA_09007,Jabalpur,joint_supported_screened,GHSL_g_gt_10_m2,3898,1640513,0.99521898284,371497.965663,0.225369642005,0.0163709245108
IND_FUA_09007,Jabalpur,ghsl_only,GHSL_g_gt_50_m2,2647,1608857,0.976014836259,1608857,0.976014836259,0.0244606042353
IND_FUA_09007,Jabalpur,endpoint_supported,GHSL_g_gt_50_m2,2647,1608857,0.976014836259,476854.929732,0.289284558019,0.0183270636704
IND_FUA_09007,Jabalpur,preexisting_detected_screened,GHSL_g_gt_50_m2,2647,1608857,0.976014836259,1326496.45429,0.804720506319,0.0239929192189
IND_FUA_09007,Jabalpur,joint_supported_screened,GHSL_g_gt_50_m2,2647,1608857,0.976014836259,370254.123409,0.224615063758,0.0163903654102
IND_FUA_09007,Jabalpur,ghsl_only,GHSL_g_gt_100_m2,2158,1573149,0.954352539502,1573149,0.954352539502,0.0244782604609
IND_FUA_09007,Jabalpur,endpoint_supported,GHSL_g_gt_100_m2,2158,1573149,0.954352539502,473957.836509,0.287527033288,0.018338472797
IND_FUA_09007,Jabalpur,preexisting_detected_screened,GHSL_g_gt_100_m2,2158,1573149,0.954352539502,1294754.37506,0.78546413968,0.0240017034186
IND_FUA_09007,Jabalpur,joint_supported_screened,GHSL_g_gt_100_m2,2158,1573149,0.954352539502,368449.643045,0.223520373797,0.0164288864736
IND_FUA_09007,Jabalpur,ghsl_only,GHSL_g_gt_500_m2,890,1252404,0.759772238919,1252404,0.759772238919,0.0197699169333
IND_FUA_09007,Jabalpur,endpoint_supported,GHSL_g_gt_500_m2,890,1252404,0.759772238919,428307.392561,0.259833142174,0.0153947273866
IND_FUA_09007,Jabalpur,preexisting_detected_screened,GHSL_g_gt_500_m2,890,1252404,0.759772238919,1049730.94926,0.636820413846,0.0199263490133
IND_FUA_09007,Jabalpur,joint_supported_screened,GHSL_g_gt_500_m2,890,1252404,0.759772238919,351896.733347,0.213478533256,0.0164309418459
IND_FUA_09007,Jabalpur,ghsl_only,exclude_any_permanent_water_QA,5711,1646867,0.999073643801,1646867,0.999073643801,0.0215699927893
IND_FUA_09007,Jabalpur,endpoint_supported,exclude_any_permanent_water_QA,5711,1646867,0.999073643801,478432.483908,0.290241582964,0.0181037312969
IND_FUA_09007,Jabalpur,preexisting_detected_screened,exclude_any_permanent_water_QA,5711,1646867,0.999073643801,1362658.74321,0.82665839794,0.0206113274776
IND_FUA_09007,Jabalpur,joint_supported_screened,exclude_any_permanent_water_QA,5711,1646867,0.999073643801,371497.587973,0.225369412879,0.0162056228683
IND_FUA_09007,Jabalpur,ghsl_only,exclude_any_spurious_depth_QA,5733,1648394,1,1648394,1,0.0248239359455
IND_FUA_09007,Jabalpur,endpoint_supported,exclude_any_spurious_depth_QA,5733,1648394,1,478529.324112,0.290300331178,0.0183180965251
IND_FUA_09007,Jabalpur,preexisting_detected_screened,exclude_any_spurious_depth_QA,5733,1648394,1,1363938.12038,0.827434533478,0.024270116148
IND_FUA_09007,Jabalpur,joint_supported_screened,exclude_any_spurious_depth_QA,5733,1648394,1,371556.826697,0.225405350115,0.0163736936983
IND_FUA_09007,Jabalpur,ghsl_only,exclude_either_QA,5711,1646867,0.999073643801,1646867,0.999073643801,0.0215699927893
IND_FUA_09007,Jabalpur,endpoint_supported,exclude_either_QA,5711,1646867,0.999073643801,478432.483908,0.290241582964,0.0181037312969
IND_FUA_09007,Jabalpur,preexisting_detected_screened,exclude_either_QA,5711,1646867,0.999073643801,1362658.74321,0.82665839794,0.0206113274776
IND_FUA_09007,Jabalpur,joint_supported_screened,exclude_either_QA,5711,1646867,0.999073643801,371497.587973,0.225369412879,0.0162056228683
IND_FUA_09013,Ettumanoor,ghsl_only,GHSL_g_gt_0_m2,19960,2526835,1,2526835,1,0.27688665969
IND_FUA_09013,Ettumanoor,endpoint_supported,GHSL_g_gt_0_m2,19960,2526835,1,163114.832316,0.0645530208009,0.208498189161
IND_FUA_09013,Ettumanoor,preexisting_detected_screened,GHSL_g_gt_0_m2,19960,2526835,1,2378968.47624,0.941481527777,0.284307337574
IND_FUA_09013,Ettumanoor,joint_supported_screened,GHSL_g_gt_0_m2,19960,2526835,1,142069.663397,0.056224353152,0.226716091752
IND_FUA_09013,Ettumanoor,ghsl_only,GHSL_g_gt_10_m2,12243,2494799,0.98732168899,2494799,0.98732168899,0.275778189408
IND_FUA_09013,Ettumanoor,endpoint_supported,GHSL_g_gt_10_m2,12243,2494799,0.98732168899,162289.698696,0.0642264725222,0.208146904747
IND_FUA_09013,Ettumanoor,preexisting_detected_screened,GHSL_g_gt_10_m2,12243,2494799,0.98732168899,2346949.64876,0.928810012825,0.283234972738
IND_FUA_09013,Ettumanoor,joint_supported_screened,GHSL_g_gt_10_m2,12243,2494799,0.98732168899,141244.749992,0.0558978920239,0.226418569412
IND_FUA_09013,Ettumanoor,ghsl_only,GHSL_g_gt_50_m2,6139,2340950,0.926435639842,2340950,0.926435639842,0.27541399816
IND_FUA_09013,Ettumanoor,endpoint_supported,GHSL_g_gt_50_m2,6139,2340950,0.926435639842,158627.205263,0.0627770334283,0.207021971635
IND_FUA_09013,Ettumanoor,preexisting_detected_screened,GHSL_g_gt_50_m2,6139,2340950,0.926435639842,2193341.01196,0.868019087895,0.283517622042
IND_FUA_09013,Ettumanoor,joint_supported_screened,GHSL_g_gt_50_m2,6139,2340950,0.926435639842,137612.899822,0.0544605800625,0.226059270081
IND_FUA_09013,Ettumanoor,ghsl_only,GHSL_g_gt_100_m2,4411,2217978,0.877769225137,2217978,0.877769225137,0.274787358076
IND_FUA_09013,Ettumanoor,endpoint_supported,GHSL_g_gt_100_m2,4411,2217978,0.877769225137,154259.891366,0.0610486602276,0.207297467471
IND_FUA_09013,Ettumanoor,preexisting_detected_screened,GHSL_g_gt_100_m2,4411,2217978,0.877769225137,2071204.35723,0.819683262749,0.283320269746
IND_FUA_09013,Ettumanoor,joint_supported_screened,GHSL_g_gt_100_m2,4411,2217978,0.877769225137,133448.007855,0.0528123157447,0.226941052921
IND_FUA_09013,Ettumanoor,ghsl_only,GHSL_g_gt_500_m2,1477,1490506,0.58987072761,1490506,0.58987072761,0.249642142875
IND_FUA_09013,Ettumanoor,endpoint_supported,GHSL_g_gt_500_m2,1477,1490506,0.58987072761,134319.423874,0.0531571803755,0.204201291871
IND_FUA_09013,Ettumanoor,preexisting_detected_screened,GHSL_g_gt_500_m2,1477,1490506,0.58987072761,1365140.1138,0.540256927657,0.258650833886
IND_FUA_09013,Ettumanoor,joint_supported_screened,GHSL_g_gt_500_m2,1477,1490506,0.58987072761,118457.150367,0.0468796539416,0.220078793226
IND_FUA_09013,Ettumanoor,ghsl_only,exclude_any_permanent_water_QA,19777,2507770,0.992454988157,2507770,0.992454988157,0.248330418734
IND_FUA_09013,Ettumanoor,endpoint_supported,exclude_any_permanent_water_QA,19777,2507770,0.992454988157,162231.318888,0.0642033685967,0.196342003008
IND_FUA_09013,Ettumanoor,preexisting_detected_screened,exclude_any_permanent_water_QA,19777,2507770,0.992454988157,2360981.28917,0.934363062556,0.25482107134
IND_FUA_09013,Ettumanoor,joint_supported_screened,exclude_any_permanent_water_QA,19777,2507770,0.992454988157,141291.064385,0.0559162210374,0.214279605298
IND_FUA_09013,Ettumanoor,ghsl_only,exclude_any_spurious_depth_QA,19960,2526835,1,2526835,1,0.27688665969
IND_FUA_09013,Ettumanoor,endpoint_supported,exclude_any_spurious_depth_QA,19960,2526835,1,163114.832316,0.0645530208009,0.208498189161
IND_FUA_09013,Ettumanoor,preexisting_detected_screened,exclude_any_spurious_depth_QA,19960,2526835,1,2378968.47624,0.941481527777,0.284307337574
IND_FUA_09013,Ettumanoor,joint_supported_screened,exclude_any_spurious_depth_QA,19960,2526835,1,142069.663397,0.056224353152,0.226716091752
IND_FUA_09013,Ettumanoor,ghsl_only,exclude_either_QA,19777,2507770,0.992454988157,2507770,0.992454988157,0.248330418734
IND_FUA_09013,Ettumanoor,endpoint_supported,exclude_either_QA,19777,2507770,0.992454988157,162231.318888,0.0642033685967,0.196342003008
IND_FUA_09013,Ettumanoor,preexisting_detected_screened,exclude_either_QA,19777,2507770,0.992454988157,2360981.28917,0.934363062556,0.25482107134
IND_FUA_09013,Ettumanoor,joint_supported_screened,exclude_either_QA,19777,2507770,0.992454988157,141291.064385,0.0559162210374,0.214279605298
IND_FUA_09045,Hyderabad,ghsl_only,GHSL_g_gt_0_m2,42869,18623822,1,18623822,1,0.00988807344949
IND_FUA_09045,Hyderabad,endpoint_supported,GHSL_g_gt_0_m2,42869,18623822,1,5994778.97649,0.321887686453,0.00715316826765
IND_FUA_09045,Hyderabad,preexisting_detected_screened,GHSL_g_gt_0_m2,42869,18623822,1,15909360.5989,0.854247887404,0.00889198304395
IND_FUA_09045,Hyderabad,joint_supported_screened,GHSL_g_gt_0_m2,42869,18623822,1,4819983.32557,0.258807420172,0.00661750604962
IND_FUA_09045,Hyderabad,ghsl_only,GHSL_g_gt_10_m2,33184,18582595,0.997786329788,18582595,0.997786329788,0.00986286230121
IND_FUA_09045,Hyderabad,endpoint_supported,GHSL_g_gt_10_m2,33184,18582595,0.997786329788,5994312.29929,0.321862628374,0.00715202788334
IND_FUA_09045,Hyderabad,preexisting_detected_screened,GHSL_g_gt_10_m2,33184,18582595,0.997786329788,15868971.8983,0.852079229405,0.00886090553521
IND_FUA_09045,Hyderabad,joint_supported_screened,GHSL_g_gt_10_m2,33184,18582595,0.997786329788,4819532.78923,0.258783228772,0.00661607516339
IND_FUA_09045,Hyderabad,ghsl_only,GHSL_g_gt_50_m2,25437,18380779,0.986949886012,18380779,0.986949886012,0.00978415021272
IND_FUA_09045,Hyderabad,endpoint_supported,GHSL_g_gt_50_m2,25437,18380779,0.986949886012,5982187.98125,0.321211617103,0.00714011081782
IND_FUA_09045,Hyderabad,preexisting_detected_screened,GHSL_g_gt_50_m2,25437,18380779,0.986949886012,15681911.3341,0.842035073902,0.00877802777333
IND_FUA_09045,Hyderabad,joint_supported_screened,GHSL_g_gt_50_m2,25437,18380779,0.986949886012,4810387.15649,0.258292157028,0.00661193749021
IND_FUA_09045,Hyderabad,ghsl_only,GHSL_g_gt_100_m2,21525,18093782,0.971539676442,18093782,0.971539676442,0.00968404322061
IND_FUA_09045,Hyderabad,endpoint_supported,GHSL_g_gt_100_m2,21525,18093782,0.971539676442,5952792.64309,0.319633244083,0.00710058066588
IND_FUA_09045,Hyderabad,preexisting_detected_screened,GHSL_g_gt_100_m2,21525,18093782,0.971539676442,15438217.1232,0.828949993358,0.00868928172057
IND_FUA_09045,Hyderabad,joint_supported_screened,GHSL_g_gt_100_m2,21525,18093782,0.971539676442,4794167.53135,0.257421249588,0.00657890282374
IND_FUA_09045,Hyderabad,ghsl_only,GHSL_g_gt_500_m2,10125,15201610,0.816245451659,15201610,0.816245451659,0.00855340185391
IND_FUA_09045,Hyderabad,endpoint_supported,GHSL_g_gt_500_m2,10125,15201610,0.816245451659,5502661.6354,0.295463607599,0.00688599394981
IND_FUA_09045,Hyderabad,preexisting_detected_screened,GHSL_g_gt_500_m2,10125,15201610,0.816245451659,13199256.8896,0.708729759636,0.00746802326419
IND_FUA_09045,Hyderabad,joint_supported_screened,GHSL_g_gt_500_m2,10125,15201610,0.816245451659,4614283.05147,0.247762411575,0.0063958399332
IND_FUA_09045,Hyderabad,ghsl_only,exclude_any_permanent_water_QA,42649,18574843,0.997370088696,18574843,0.997370088696,0.0033384262679
IND_FUA_09045,Hyderabad,endpoint_supported,exclude_any_permanent_water_QA,42649,18574843,0.997370088696,5983767.91888,0.321296451334,0.00222929780701
IND_FUA_09045,Hyderabad,preexisting_detected_screened,exclude_any_permanent_water_QA,42649,18574843,0.997370088696,15868286.7165,0.852042438792,0.00248994183652
IND_FUA_09045,Hyderabad,joint_supported_screened,exclude_any_permanent_water_QA,42649,18574843,0.997370088696,4811275.84048,0.258339874623,0.00149462759557
IND_FUA_09045,Hyderabad,ghsl_only,exclude_any_spurious_depth_QA,42869,18623822,1,18623822,1,0.00988807344949
IND_FUA_09045,Hyderabad,endpoint_supported,exclude_any_spurious_depth_QA,42869,18623822,1,5994778.97649,0.321887686453,0.00715316826765
IND_FUA_09045,Hyderabad,preexisting_detected_screened,exclude_any_spurious_depth_QA,42869,18623822,1,15909360.5989,0.854247887404,0.00889198304395
IND_FUA_09045,Hyderabad,joint_supported_screened,exclude_any_spurious_depth_QA,42869,18623822,1,4819983.32557,0.258807420172,0.00661750604962
IND_FUA_09045,Hyderabad,ghsl_only,exclude_either_QA,42649,18574843,0.997370088696,18574843,0.997370088696,0.0033384262679
IND_FUA_09045,Hyderabad,endpoint_supported,exclude_either_QA,42649,18574843,0.997370088696,5983767.91888,0.321296451334,0.00222929780701
IND_FUA_09045,Hyderabad,preexisting_detected_screened,exclude_either_QA,42649,18574843,0.997370088696,15868286.7165,0.852042438792,0.00248994183652
IND_FUA_09045,Hyderabad,joint_supported_screened,exclude_either_QA,42649,18574843,0.997370088696,4811275.84048,0.258339874623,0.00149462759557
IND_FUA_09069,Coimbatore,ghsl_only,GHSL_g_gt_0_m2,24442,7721634,1,7721634,1,0.00103600101274
IND_FUA_09069,Coimbatore,endpoint_supported,GHSL_g_gt_0_m2,24442,7721634,1,2301982.22684,0.298121126543,0.00052325453911
IND_FUA_09069,Coimbatore,preexisting_detected_screened,GHSL_g_gt_0_m2,24442,7721634,1,6726431.6307,0.871115055531,0.000900743681843
IND_FUA_09069,Coimbatore,joint_supported_screened,GHSL_g_gt_0_m2,24442,7721634,1,1858024.2159,0.240625781525,0.000345343479615
IND_FUA_09069,Coimbatore,ghsl_only,GHSL_g_gt_10_m2,17730,7692214,0.996189925604,7692214,0.996189925604,0.00102575554325
IND_FUA_09069,Coimbatore,endpoint_supported,GHSL_g_gt_10_m2,17730,7692214,0.996189925604,2301428.79945,0.298049454228,0.000523191899614
IND_FUA_09069,Coimbatore,preexisting_detected_screened,GHSL_g_gt_10_m2,17730,7692214,0.996189925604,6697225.43189,0.867332669729,0.000888565304807
IND_FUA_09069,Coimbatore,joint_supported_screened,GHSL_g_gt_10_m2,17730,7692214,0.996189925604,1857474.39756,0.240554576604,0.00034521868476
IND_FUA_09069,Coimbatore,ghsl_only,GHSL_g_gt_50_m2,12164,7548785,0.977614971132,7548785,0.977614971132,0.00101214834988
IND_FUA_09069,Coimbatore,endpoint_supported,GHSL_g_gt_50_m2,12164,7548785,0.977614971132,2293442.88543,0.297015228309,0.000522551486889
IND_FUA_09069,Coimbatore,preexisting_detected_screened,GHSL_g_gt_50_m2,12164,7548785,0.977614971132,6560047.54111,0.849567273082,0.00087929160509
IND_FUA_09069,Coimbatore,joint_supported_screened,GHSL_g_gt_50_m2,12164,7548785,0.977614971132,1850945.18107,0.239709002145,0.000345205635952
IND_FUA_09069,Coimbatore,ghsl_only,GHSL_g_gt_100_m2,9859,7382242,0.956046608788,7382242,0.956046608788,0.00100158708002
IND_FUA_09069,Coimbatore,endpoint_supported,GHSL_g_gt_100_m2,9859,7382242,0.956046608788,2278332.55507,0.29505834582,0.000523116969197
IND_FUA_09069,Coimbatore,preexisting_detected_screened,GHSL_g_gt_100_m2,9859,7382242,0.956046608788,6411017.04353,0.830266889564,0.00086235496623
IND_FUA_09069,Coimbatore,joint_supported_screened,GHSL_g_gt_100_m2,9859,7382242,0.956046608788,1841210.8355,0.238448343382,0.000343442004198
IND_FUA_09069,Coimbatore,ghsl_only,GHSL_g_gt_500_m2,4163,5935916,0.768738326629,5935916,0.768738326629,0.000661564258895
IND_FUA_09069,Coimbatore,endpoint_supported,GHSL_g_gt_500_m2,4163,5935916,0.768738326629,2070362.81823,0.268124961405,0.000273186977205
IND_FUA_09069,Coimbatore,preexisting_detected_screened,GHSL_g_gt_500_m2,4163,5935916,0.768738326629,5260434.09626,0.681259186366,0.000648201809507
IND_FUA_09069,Coimbatore,joint_supported_screened,GHSL_g_gt_500_m2,4163,5935916,0.768738326629,1758327.00971,0.22771436845,0.00022298374616
IND_FUA_09069,Coimbatore,ghsl_only,exclude_any_permanent_water_QA,24409,7717898,0.999516164584,7717898,0.999516164584,0.000538317881274
IND_FUA_09069,Coimbatore,endpoint_supported,exclude_any_permanent_water_QA,24409,7717898,0.999516164584,2301159.74279,0.298014609704,0.000164735010234
IND_FUA_09069,Coimbatore,preexisting_detected_screened,exclude_any_permanent_water_QA,24409,7717898,0.999516164584,6724290.31577,0.870837741826,0.000573073022052
IND_FUA_09069,Coimbatore,joint_supported_screened,exclude_any_permanent_water_QA,24409,7717898,0.999516164584,1857672.5631,0.240580240283,0.000155734697714
IND_FUA_09069,Coimbatore,ghsl_only,exclude_any_spurious_depth_QA,24442,7721634,1,7721634,1,0.00103600101274
IND_FUA_09069,Coimbatore,endpoint_supported,exclude_any_spurious_depth_QA,24442,7721634,1,2301982.22684,0.298121126543,0.00052325453911
IND_FUA_09069,Coimbatore,preexisting_detected_screened,exclude_any_spurious_depth_QA,24442,7721634,1,6726431.6307,0.871115055531,0.000900743681843
IND_FUA_09069,Coimbatore,joint_supported_screened,exclude_any_spurious_depth_QA,24442,7721634,1,1858024.2159,0.240625781525,0.000345343479615
IND_FUA_09069,Coimbatore,ghsl_only,exclude_either_QA,24409,7717898,0.999516164584,7717898,0.999516164584,0.000538317881274
IND_FUA_09069,Coimbatore,endpoint_supported,exclude_either_QA,24409,7717898,0.999516164584,2301159.74279,0.298014609704,0.000164735010234
IND_FUA_09069,Coimbatore,preexisting_detected_screened,exclude_either_QA,24409,7717898,0.999516164584,6724290.31577,0.870837741826,0.000573073022052
IND_FUA_09069,Coimbatore,joint_supported_screened,exclude_either_QA,24409,7717898,0.999516164584,1857672.5631,0.240580240283,0.000155734697714
IND_FUA_09099,Bengaluru,ghsl_only,GHSL_g_gt_0_m2,55230,26136148,1,26136148,1,0.00544828966072
IND_FUA_09099,Bengaluru,endpoint_supported,GHSL_g_gt_0_m2,55230,26136148,1,7415752.37312,0.283735475217,0.00226429703727
IND_FUA_09099,Bengaluru,preexisting_detected_screened,GHSL_g_gt_0_m2,55230,26136148,1,23166882.1924,0.886392370917,0.00582754096019
IND_FUA_09099,Bengaluru,joint_supported_screened,GHSL_g_gt_0_m2,55230,26136148,1,6183908.92009,0.236603684678,0.00240212071217
IND_FUA_09099,Bengaluru,ghsl_only,GHSL_g_gt_10_m2,45157,26091410,0.998288271095,26091410,0.998288271095,0.00541002583216
IND_FUA_09099,Bengaluru,endpoint_supported,GHSL_g_gt_10_m2,45157,26091410,0.998288271095,7415399.79199,0.283721985045,0.00226350635046
IND_FUA_09099,Bengaluru,preexisting_detected_screened,GHSL_g_gt_10_m2,45157,26091410,0.998288271095,23122691.8234,0.884701595024,0.00578500845008
IND_FUA_09099,Bengaluru,joint_supported_screened,GHSL_g_gt_10_m2,45157,26091410,0.998288271095,6183569.89811,0.236590713295,0.00240117510378
IND_FUA_09099,Bengaluru,ghsl_only,GHSL_g_gt_50_m2,35362,25831244,0.988334011577,25831244,0.988334011577,0.00525502309715
IND_FUA_09099,Bengaluru,endpoint_supported,GHSL_g_gt_50_m2,35362,25831244,0.988334011577,7404867.40254,0.283319003341,0.00224980287534
IND_FUA_09099,Bengaluru,preexisting_detected_screened,GHSL_g_gt_50_m2,35362,25831244,0.988334011577,22872226.6608,0.875118501043,0.00562354682009
IND_FUA_09099,Bengaluru,joint_supported_screened,GHSL_g_gt_50_m2,35362,25831244,0.988334011577,6174650.90111,0.236249461899,0.00238580777333
IND_FUA_09099,Bengaluru,ghsl_only,GHSL_g_gt_100_m2,30033,25441995,0.973440883484,25441995,0.973440883484,0.00514018619732
IND_FUA_09099,Bengaluru,endpoint_supported,GHSL_g_gt_100_m2,30033,25441995,0.973440883484,7377496.8296,0.28227177278,0.00224887566378
IND_FUA_09099,Bengaluru,preexisting_detected_screened,GHSL_g_gt_100_m2,30033,25441995,0.973440883484,22510758.6714,0.861288307345,0.00550211765811
IND_FUA_09099,Bengaluru,joint_supported_screened,GHSL_g_gt_100_m2,30033,25441995,0.973440883484,6154672.41474,0.235485061331,0.00238339461565
IND_FUA_09099,Bengaluru,ghsl_only,GHSL_g_gt_500_m2,14634,21551882,0.8246005494,21551882,0.8246005494,0.0039146680559
IND_FUA_09099,Bengaluru,endpoint_supported,GHSL_g_gt_500_m2,14634,21551882,0.8246005494,6963562.15775,0.266434141624,0.001990461914
IND_FUA_09099,Bengaluru,preexisting_detected_screened,GHSL_g_gt_500_m2,14634,21551882,0.8246005494,19095514.1412,0.730617003743,0.00424043637488
IND_FUA_09099,Bengaluru,joint_supported_screened,GHSL_g_gt_500_m2,14634,21551882,0.8246005494,5919170.48271,0.226474478286,0.00222398247068
IND_FUA_09099,Bengaluru,ghsl_only,exclude_any_permanent_water_QA,55036,26109816,0.99899250647,26109816,0.99899250647,0.00375273605903
IND_FUA_09099,Bengaluru,endpoint_supported,exclude_any_permanent_water_QA,55036,26109816,0.99899250647,7413973.0054,0.283667394499,0.00194905024061
IND_FUA_09099,Bengaluru,preexisting_detected_screened,exclude_any_permanent_water_QA,55036,26109816,0.99899250647,23143526.8621,0.8854987683,0.00406526245245
IND_FUA_09099,Bengaluru,joint_supported_screened,exclude_any_permanent_water_QA,55036,26109816,0.99899250647,6182388.82152,0.236545523905,0.00207647875507
IND_FUA_09099,Bengaluru,ghsl_only,exclude_any_spurious_depth_QA,55230,26136148,1,26136148,1,0.00544828966072
IND_FUA_09099,Bengaluru,endpoint_supported,exclude_any_spurious_depth_QA,55230,26136148,1,7415752.37312,0.283735475217,0.00226429703727
IND_FUA_09099,Bengaluru,preexisting_detected_screened,exclude_any_spurious_depth_QA,55230,26136148,1,23166882.1924,0.886392370917,0.00582754096019
IND_FUA_09099,Bengaluru,joint_supported_screened,exclude_any_spurious_depth_QA,55230,26136148,1,6183908.92009,0.236603684678,0.00240212071217
IND_FUA_09099,Bengaluru,ghsl_only,exclude_either_QA,55036,26109816,0.99899250647,26109816,0.99899250647,0.00375273605903
IND_FUA_09099,Bengaluru,endpoint_supported,exclude_either_QA,55036,26109816,0.99899250647,7413973.0054,0.283667394499,0.00194905024061
IND_FUA_09099,Bengaluru,preexisting_detected_screened,exclude_either_QA,55036,26109816,0.99899250647,23143526.8621,0.8854987683,0.00406526245245
IND_FUA_09099,Bengaluru,joint_supported_screened,exclude_either_QA,55036,26109816,0.99899250647,6182388.82152,0.236545523905,0.00207647875507
IND_FUA_09129,Gonda,ghsl_only,GHSL_g_gt_0_m2,2049,1208202,1,1208202,1,0.00221750516778
IND_FUA_09129,Gonda,endpoint_supported,GHSL_g_gt_0_m2,2049,1208202,1,367713.278854,0.304347517099,0.000946278625001
IND_FUA_09129,Gonda,preexisting_detected_screened,GHSL_g_gt_0_m2,2049,1208202,1,1147259.52423,0.949559365266,0.00231427580858
IND_FUA_09129,Gonda,joint_supported_screened,GHSL_g_gt_0_m2,2049,1208202,1,339474.120938,0.280974639123,0.00102370979765
IND_FUA_09129,Gonda,ghsl_only,GHSL_g_gt_10_m2,1647,1206342,0.99846052233,1206342,0.99846052233,0.00220630246943
IND_FUA_09129,Gonda,endpoint_supported,GHSL_g_gt_10_m2,1647,1206342,0.99846052233,367696.846705,0.304333916601,0.000946317977332
IND_FUA_09129,Gonda,preexisting_detected_screened,GHSL_g_gt_10_m2,1647,1206342,0.99846052233,1145408.8013,0.948027566004,0.00230261555085
IND_FUA_09129,Gonda,joint_supported_screened,GHSL_g_gt_10_m2,1647,1206342,0.99846052233,339457.752397,0.280961091272,0.00102375598004
IND_FUA_09129,Gonda,ghsl_only,GHSL_g_gt_50_m2,1279,1196721,0.99049744993,1196721,0.99049744993,0.00215846186898
IND_FUA_09129,Gonda,endpoint_supported,GHSL_g_gt_50_m2,1279,1196721,0.99049744993,367199.373049,0.303922169512,0.00093760105248
IND_FUA_09129,Gonda,preexisting_detected_screened,GHSL_g_gt_50_m2,1279,1196721,0.99049744993,1136314.72166,0.940500613023,0.00225197947533
IND_FUA_09129,Gonda,joint_supported_screened,GHSL_g_gt_50_m2,1279,1196721,0.99049744993,339041.010049,0.280616163563,0.00101418493985
IND_FUA_09129,Gonda,ghsl_only,GHSL_g_gt_100_m2,1093,1183100,0.979223672863,1183100,0.979223672863,0.002103527067
IND_FUA_09129,Gonda,endpoint_supported,GHSL_g_gt_100_m2,1093,1183100,0.979223672863,366208.299424,0.303101881494,0.000930511071993
IND_FUA_09129,Gonda,preexisting_detected_screened,GHSL_g_gt_100_m2,1093,1183100,0.979223672863,1123585.64189,0.929965057078,0.00219348091098
IND_FUA_09129,Gonda,joint_supported_screened,GHSL_g_gt_100_m2,1093,1183100,0.979223672863,338359.03941,0.280051712718,0.00100580923035
IND_FUA_09129,Gonda,ghsl_only,GHSL_g_gt_500_m2,583,1059993,0.877330943005,1059993,0.877330943005,0.00155140887558
IND_FUA_09129,Gonda,endpoint_supported,GHSL_g_gt_500_m2,583,1059993,0.877330943005,350042.367258,0.289721724727,0.000880895600678
IND_FUA_09129,Gonda,preexisting_detected_screened,GHSL_g_gt_500_m2,583,1059993,0.877330943005,1021084.78721,0.845127542589,0.00159033997392
IND_FUA_09129,Gonda,joint_supported_screened,GHSL_g_gt_500_m2,583,1059993,0.877330943005,331751.967322,0.27458319662,0.000928146867059
IND_FUA_09129,Gonda,ghsl_only,exclude_any_permanent_water_QA,2049,1208202,1,1208202,1,0.00221750516778
IND_FUA_09129,Gonda,endpoint_supported,exclude_any_permanent_water_QA,2049,1208202,1,367713.278854,0.304347517099,0.000946278625001
IND_FUA_09129,Gonda,preexisting_detected_screened,exclude_any_permanent_water_QA,2049,1208202,1,1147259.52423,0.949559365266,0.00231427580858
IND_FUA_09129,Gonda,joint_supported_screened,exclude_any_permanent_water_QA,2049,1208202,1,339474.120938,0.280974639123,0.00102370979765
IND_FUA_09129,Gonda,ghsl_only,exclude_any_spurious_depth_QA,2049,1208202,1,1208202,1,0.00221750516778
IND_FUA_09129,Gonda,endpoint_supported,exclude_any_spurious_depth_QA,2049,1208202,1,367713.278854,0.304347517099,0.000946278625001
IND_FUA_09129,Gonda,preexisting_detected_screened,exclude_any_spurious_depth_QA,2049,1208202,1,1147259.52423,0.949559365266,0.00231427580858
IND_FUA_09129,Gonda,joint_supported_screened,exclude_any_spurious_depth_QA,2049,1208202,1,339474.120938,0.280974639123,0.00102370979765
IND_FUA_09129,Gonda,ghsl_only,exclude_either_QA,2049,1208202,1,1208202,1,0.00221750516778
IND_FUA_09129,Gonda,endpoint_supported,exclude_either_QA,2049,1208202,1,367713.278854,0.304347517099,0.000946278625001
IND_FUA_09129,Gonda,preexisting_detected_screened,exclude_either_QA,2049,1208202,1,1147259.52423,0.949559365266,0.00231427580858
IND_FUA_09129,Gonda,joint_supported_screened,exclude_either_QA,2049,1208202,1,339474.120938,0.280974639123,0.00102370979765
IND_FUA_09157,Thiruvananthapuram,ghsl_only,GHSL_g_gt_0_m2,15270,2457935,1,2457935,1,0.0327939588029
IND_FUA_09157,Thiruvananthapuram,endpoint_supported,GHSL_g_gt_0_m2,15270,2457935,1,466179.317877,0.189662996734,0.0122429176832
IND_FUA_09157,Thiruvananthapuram,preexisting_detected_screened,GHSL_g_gt_0_m2,15270,2457935,1,1798335.73763,0.731644953034,0.0310922888501
IND_FUA_09157,Thiruvananthapuram,joint_supported_screened,GHSL_g_gt_0_m2,15270,2457935,1,291474.168228,0.118584978133,0.00889036132384
IND_FUA_09157,Thiruvananthapuram,ghsl_only,GHSL_g_gt_10_m2,6786,2429146,0.988287322488,2429146,0.988287322488,0.032622301931
IND_FUA_09157,Thiruvananthapuram,endpoint_supported,GHSL_g_gt_10_m2,6786,2429146,0.988287322488,465294.018624,0.189302816642,0.0122423296981
IND_FUA_09157,Thiruvananthapuram,preexisting_detected_screened,GHSL_g_gt_10_m2,6786,2429146,0.988287322488,1769695.10474,0.719992638023,0.0308277636546
IND_FUA_09157,Thiruvananthapuram,joint_supported_screened,GHSL_g_gt_10_m2,6786,2429146,0.988287322488,290592.110446,0.11822611682,0.00887925364339
IND_FUA_09157,Thiruvananthapuram,ghsl_only,GHSL_g_gt_50_m2,4324,2371300,0.964752932848,2371300,0.964752932848,0.0324530732846
IND_FUA_09157,Thiruvananthapuram,endpoint_supported,GHSL_g_gt_50_m2,4324,2371300,0.964752932848,462570.479751,0.18819475688,0.0122262152554
IND_FUA_09157,Thiruvananthapuram,preexisting_detected_screened,GHSL_g_gt_50_m2,4324,2371300,0.964752932848,1714850.84895,0.69767949476,0.0305011253846
IND_FUA_09157,Thiruvananthapuram,joint_supported_screened,GHSL_g_gt_50_m2,4324,2371300,0.964752932848,288262.788755,0.117278442577,0.0088103489441
IND_FUA_09157,Thiruvananthapuram,ghsl_only,GHSL_g_gt_100_m2,3580,2317781,0.942978964049,2317781,0.942978964049,0.032103521361
IND_FUA_09157,Thiruvananthapuram,endpoint_supported,GHSL_g_gt_100_m2,3580,2317781,0.942978964049,457412.773391,0.186096366825,0.0121086232843
IND_FUA_09157,Thiruvananthapuram,preexisting_detected_screened,GHSL_g_gt_100_m2,3580,2317781,0.942978964049,1671825.75539,0.680174925453,0.0300003867389
IND_FUA_09157,Thiruvananthapuram,joint_supported_screened,GHSL_g_gt_100_m2,3580,2317781,0.942978964049,286092.004551,0.11639526861,0.00883487213998
IND_FUA_09157,Thiruvananthapuram,ghsl_only,GHSL_g_gt_500_m2,1546,1787807,0.727361382624,1787807,0.727361382624,0.0312464784808
IND_FUA_09157,Thiruvananthapuram,endpoint_supported,GHSL_g_gt_500_m2,1546,1787807,0.727361382624,380284.362313,0.154717013393,0.0131507014797
IND_FUA_09157,Thiruvananthapuram,preexisting_detected_screened,GHSL_g_gt_500_m2,1546,1787807,0.727361382624,1308498.89201,0.532356995614,0.0260030379394
IND_FUA_09157,Thiruvananthapuram,joint_supported_screened,GHSL_g_gt_500_m2,1546,1787807,0.727361382624,262937.822842,0.106975092035,0.00824078882384
IND_FUA_09157,Thiruvananthapuram,ghsl_only,exclude_any_permanent_water_QA,15205,2452866,0.997937699736,2452866,0.997937699736,0.0256086776662
IND_FUA_09157,Thiruvananthapuram,endpoint_supported,exclude_any_permanent_water_QA,15205,2452866,0.997937699736,465260.225766,0.189289068167,0.00803811577088
IND_FUA_09157,Thiruvananthapuram,preexisting_detected_screened,exclude_any_permanent_water_QA,15205,2452866,0.997937699736,1794616.95061,0.730131980957,0.0234997653253
IND_FUA_09157,Thiruvananthapuram,joint_supported_screened,exclude_any_permanent_water_QA,15205,2452866,0.997937699736,290951.906611,0.118372498301,0.00493907620467
IND_FUA_09157,Thiruvananthapuram,ghsl_only,exclude_any_spurious_depth_QA,15267,2457922,0.999994711007,2457922,0.999994711007,0.0327941322508
IND_FUA_09157,Thiruvananthapuram,endpoint_supported,exclude_any_spurious_depth_QA,15267,2457922,0.999994711007,466179.273984,0.189662978876,0.0122429188359
IND_FUA_09157,Thiruvananthapuram,preexisting_detected_screened,exclude_any_spurious_depth_QA,15267,2457922,0.999994711007,1798322.73763,0.731639664041,0.0310925136149
IND_FUA_09157,Thiruvananthapuram,joint_supported_screened,exclude_any_spurious_depth_QA,15267,2457922,0.999994711007,291474.124335,0.118584960276,0.00889036266264
IND_FUA_09157,Thiruvananthapuram,ghsl_only,exclude_either_QA,15202,2452853,0.997932410743,2452853,0.997932410743,0.0256088133909
IND_FUA_09157,Thiruvananthapuram,endpoint_supported,exclude_either_QA,15202,2452853,0.997932410743,465260.181873,0.18928905031,0.0080381165292
IND_FUA_09157,Thiruvananthapuram,preexisting_detected_screened,exclude_either_QA,15202,2452853,0.997932410743,1794603.95061,0.730126691964,0.0234999355561
IND_FUA_09157,Thiruvananthapuram,joint_supported_screened,exclude_either_QA,15202,2452853,0.997932410743,290951.862719,0.118372480443,0.00493907694978
IND_FUA_09165,Tiruppur,ghsl_only,GHSL_g_gt_0_m2,16112,5777389,1,5777389,1,0.00549100226698
IND_FUA_09165,Tiruppur,endpoint_supported,GHSL_g_gt_0_m2,16112,5777389,1,1644134.13874,0.284580826865,0.00550715242241
IND_FUA_09165,Tiruppur,preexisting_detected_screened,GHSL_g_gt_0_m2,16112,5777389,1,5214331.97512,0.902541264768,0.00455890789751
IND_FUA_09165,Tiruppur,joint_supported_screened,GHSL_g_gt_0_m2,16112,5777389,1,1386059.16348,0.23991099846,0.00469754512284
IND_FUA_09165,Tiruppur,ghsl_only,GHSL_g_gt_10_m2,12396,5760707,0.997112536476,5760707,0.997112536476,0.00546684131914
IND_FUA_09165,Tiruppur,endpoint_supported,GHSL_g_gt_10_m2,12396,5760707,0.997112536476,1643797.56852,0.284522570407,0.00550538347649
IND_FUA_09165,Tiruppur,preexisting_detected_screened,GHSL_g_gt_10_m2,12396,5760707,0.997112536476,5197773.59285,0.899675198061,0.00453143834623
IND_FUA_09165,Tiruppur,joint_supported_screened,GHSL_g_gt_10_m2,12396,5760707,0.997112536476,1385731.84504,0.239854343379,0.00469551827517
IND_FUA_09165,Tiruppur,ghsl_only,GHSL_g_gt_50_m2,8707,5662885,0.980180666388,5662885,0.980180666388,0.00534054630367
IND_FUA_09165,Tiruppur,endpoint_supported,GHSL_g_gt_50_m2,8707,5662885,0.980180666388,1638470.26515,0.283600475085,0.0054674352747
IND_FUA_09165,Tiruppur,preexisting_detected_screened,GHSL_g_gt_50_m2,8707,5662885,0.980180666388,5103147.87766,0.883296568339,0.00441931776531
IND_FUA_09165,Tiruppur,joint_supported_screened,GHSL_g_gt_50_m2,8707,5662885,0.980180666388,1381182.41547,0.239066889121,0.00467373299911
IND_FUA_09165,Tiruppur,ghsl_only,GHSL_g_gt_100_m2,7061,5543614,0.959536219562,5543614,0.959536219562,0.00520005831001
IND_FUA_09165,Tiruppur,endpoint_supported,GHSL_g_gt_100_m2,7061,5543614,0.959536219562,1626757.43158,0.281573117472,0.00539229533923
IND_FUA_09165,Tiruppur,preexisting_detected_screened,GHSL_g_gt_100_m2,7061,5543614,0.959536219562,4992244.33924,0.864100433472,0.00437744266159
IND_FUA_09165,Tiruppur,joint_supported_screened,GHSL_g_gt_100_m2,7061,5543614,0.959536219562,1371938.16843,0.23746681562,0.00467029740961
IND_FUA_09165,Tiruppur,ghsl_only,GHSL_g_gt_500_m2,3296,4595580,0.795442370247,4595580,0.795442370247,0.00382469110841
IND_FUA_09165,Tiruppur,endpoint_supported,GHSL_g_gt_500_m2,3296,4595580,0.795442370247,1485426.05737,0.257110272023,0.0044826797595
IND_FUA_09165,Tiruppur,preexisting_detected_screened,GHSL_g_gt_500_m2,3296,4595580,0.795442370247,4203534.65635,0.727583802363,0.00372223742972
IND_FUA_09165,Tiruppur,joint_supported_screened,GHSL_g_gt_500_m2,3296,4595580,0.795442370247,1302995.84754,0.225533687889,0.00439208353941
IND_FUA_09165,Tiruppur,ghsl_only,exclude_any_permanent_water_QA,16076,5773692,0.999360091557,5773692,0.999360091557,0.00387743985406
IND_FUA_09165,Tiruppur,endpoint_supported,exclude_any_permanent_water_QA,16076,5773692,0.999360091557,1643319.80763,0.284439875458,0.00427044924561
IND_FUA_09165,Tiruppur,preexisting_detected_screened,exclude_any_permanent_water_QA,16076,5773692,0.999360091557,5212394.51028,0.902205911749,0.0036708159947
IND_FUA_09165,Tiruppur,joint_supported_screened,exclude_any_permanent_water_QA,16076,5773692,0.999360091557,1385766.12479,0.239860276811,0.00421939388754
IND_FUA_09165,Tiruppur,ghsl_only,exclude_any_spurious_depth_QA,16112,5777389,1,5777389,1,0.00549100226698
IND_FUA_09165,Tiruppur,endpoint_supported,exclude_any_spurious_depth_QA,16112,5777389,1,1644134.13874,0.284580826865,0.00550715242241
IND_FUA_09165,Tiruppur,preexisting_detected_screened,exclude_any_spurious_depth_QA,16112,5777389,1,5214331.97512,0.902541264768,0.00455890789751
IND_FUA_09165,Tiruppur,joint_supported_screened,exclude_any_spurious_depth_QA,16112,5777389,1,1386059.16348,0.23991099846,0.00469754512284
IND_FUA_09165,Tiruppur,ghsl_only,exclude_either_QA,16076,5773692,0.999360091557,5773692,0.999360091557,0.00387743985406
IND_FUA_09165,Tiruppur,endpoint_supported,exclude_either_QA,16076,5773692,0.999360091557,1643319.80763,0.284439875458,0.00427044924561
IND_FUA_09165,Tiruppur,preexisting_detected_screened,exclude_either_QA,16076,5773692,0.999360091557,5212394.51028,0.902205911749,0.0036708159947
IND_FUA_09165,Tiruppur,joint_supported_screened,exclude_either_QA,16076,5773692,0.999360091557,1385766.12479,0.239860276811,0.00421939388754
IND_FUA_09195,Faizabad,ghsl_only,GHSL_g_gt_0_m2,5883,2166283,1,2166283,1,0.221428398881
IND_FUA_09195,Faizabad,endpoint_supported,GHSL_g_gt_0_m2,5883,2166283,1,714807.795066,0.329969720053,0.134829165643
IND_FUA_09195,Faizabad,preexisting_detected_screened,GHSL_g_gt_0_m2,5883,2166283,1,1896425.44758,0.875428301646,0.235932847751
IND_FUA_09195,Faizabad,joint_supported_screened,GHSL_g_gt_0_m2,5883,2166283,1,592292.409389,0.273414142745,0.145895914108
IND_FUA_09195,Faizabad,ghsl_only,GHSL_g_gt_10_m2,4007,2158222,0.996278879537,2158222,0.996278879537,0.220129332606
IND_FUA_09195,Faizabad,endpoint_supported,GHSL_g_gt_10_m2,4007,2158222,0.996278879537,714688.433209,0.329914620208,0.134725481245
IND_FUA_09195,Faizabad,preexisting_detected_screened,GHSL_g_gt_10_m2,4007,2158222,0.996278879537,1888393.6274,0.871720651182,0.23451330941
IND_FUA_09195,Faizabad,joint_supported_screened,GHSL_g_gt_10_m2,4007,2158222,0.996278879537,592173.640657,0.273359316699,0.145773994137
IND_FUA_09195,Faizabad,ghsl_only,GHSL_g_gt_50_m2,2872,2129929,0.98321825911,2129929,0.98321825911,0.217309609778
IND_FUA_09195,Faizabad,endpoint_supported,GHSL_g_gt_50_m2,2872,2129929,0.98321825911,712841.21054,0.329061904903,0.134131063474
IND_FUA_09195,Faizabad,preexisting_detected_screened,GHSL_g_gt_50_m2,2872,2129929,0.98321825911,1861740.83366,0.859417183103,0.231608902202
IND_FUA_09195,Faizabad,joint_supported_screened,GHSL_g_gt_50_m2,2872,2129929,0.98321825911,590773.654776,0.272713054931,0.145060872977
IND_FUA_09195,Faizabad,ghsl_only,GHSL_g_gt_100_m2,2448,2098946,0.968915880335,2098946,0.968915880335,0.214796577157
IND_FUA_09195,Faizabad,endpoint_supported,GHSL_g_gt_100_m2,2448,2098946,0.968915880335,709299.092346,0.327426791581,0.13343206676
IND_FUA_09195,Faizabad,preexisting_detected_screened,GHSL_g_gt_100_m2,2448,2098946,0.968915880335,1835859.49793,0.847469835627,0.228842851799
IND_FUA_09195,Faizabad,joint_supported_screened,GHSL_g_gt_100_m2,2448,2098946,0.968915880335,589008.303155,0.271898132956,0.144230473869
IND_FUA_09195,Faizabad,ghsl_only,GHSL_g_gt_500_m2,1163,1771498,0.817759267833,1771498,0.817759267833,0.192691334842
IND_FUA_09195,Faizabad,endpoint_supported,GHSL_g_gt_500_m2,1163,1771498,0.817759267833,650149.88681,0.300122323265,0.126955407837
IND_FUA_09195,Faizabad,preexisting_detected_screened,GHSL_g_gt_500_m2,1163,1771498,0.817759267833,1589691.29274,0.73383361857,0.205071688074
IND_FUA_09195,Faizabad,joint_supported_screened,GHSL_g_gt_500_m2,1163,1771498,0.817759267833,565960.115607,0.261258623923,0.137681144827
IND_FUA_09195,Faizabad,ghsl_only,exclude_any_permanent_water_QA,5851,2160459,0.997311523933,2160459,0.997311523933,0.213260295913
IND_FUA_09195,Faizabad,endpoint_supported,exclude_any_permanent_water_QA,5851,2160459,0.997311523933,713878.351777,0.329540670253,0.133176205374
IND_FUA_09195,Faizabad,preexisting_detected_screened,exclude_any_permanent_water_QA,5851,2160459,0.997311523933,1892038.89656,0.873403381075,0.227578724089
IND_FUA_09195,Faizabad,joint_supported_screened,exclude_any_permanent_water_QA,5851,2160459,0.997311523933,591934.640209,0.273248989264,0.144687682369
IND_FUA_09195,Faizabad,ghsl_only,exclude_any_spurious_depth_QA,5883,2166283,1,2166283,1,0.221428398881
IND_FUA_09195,Faizabad,endpoint_supported,exclude_any_spurious_depth_QA,5883,2166283,1,714807.795066,0.329969720053,0.134829165643
IND_FUA_09195,Faizabad,preexisting_detected_screened,exclude_any_spurious_depth_QA,5883,2166283,1,1896425.44758,0.875428301646,0.235932847751
IND_FUA_09195,Faizabad,joint_supported_screened,exclude_any_spurious_depth_QA,5883,2166283,1,592292.409389,0.273414142745,0.145895914108
IND_FUA_09195,Faizabad,ghsl_only,exclude_either_QA,5851,2160459,0.997311523933,2160459,0.997311523933,0.213260295913
IND_FUA_09195,Faizabad,endpoint_supported,exclude_either_QA,5851,2160459,0.997311523933,713878.351777,0.329540670253,0.133176205374
IND_FUA_09195,Faizabad,preexisting_detected_screened,exclude_either_QA,5851,2160459,0.997311523933,1892038.89656,0.873403381075,0.227578724089
IND_FUA_09195,Faizabad,joint_supported_screened,exclude_either_QA,5851,2160459,0.997311523933,591934.640209,0.273248989264,0.144687682369
IND_FUA_09258,Sultanpur,ghsl_only,GHSL_g_gt_0_m2,3860,1832581,1,1832581,1,0.582127094723
IND_FUA_09258,Sultanpur,endpoint_supported,GHSL_g_gt_0_m2,3860,1832581,1,495482.16008,0.270373948044,0.423681680583
IND_FUA_09258,Sultanpur,preexisting_detected_screened,GHSL_g_gt_0_m2,3860,1832581,1,1683468.34912,0.918632436505,0.602403818433
IND_FUA_09258,Sultanpur,joint_supported_screened,GHSL_g_gt_0_m2,3860,1832581,1,413211.481871,0.225480610064,0.430523775192
IND_FUA_09258,Sultanpur,ghsl_only,GHSL_g_gt_10_m2,3185,1829589,0.998367330012,1829589,0.998367330012,0.582190968978
IND_FUA_09258,Sultanpur,endpoint_supported,GHSL_g_gt_10_m2,3185,1829589,0.998367330012,495440.458537,0.27035119241,0.423709344774
IND_FUA_09258,Sultanpur,preexisting_detected_screened,GHSL_g_gt_10_m2,3185,1829589,0.998367330012,1680491.91827,0.917008262267,0.602503880014
IND_FUA_09258,Sultanpur,joint_supported_screened,GHSL_g_gt_10_m2,3185,1829589,0.998367330012,413170.605882,0.225458304916,0.430556778182
IND_FUA_09258,Sultanpur,ghsl_only,GHSL_g_gt_50_m2,2543,1812233,0.988896534451,1812233,0.988896534451,0.583249032247
IND_FUA_09258,Sultanpur,endpoint_supported,GHSL_g_gt_50_m2,2543,1812233,0.988896534451,494694.232068,0.26994399269,0.424072514032
IND_FUA_09258,Sultanpur,preexisting_detected_screened,GHSL_g_gt_50_m2,2543,1812233,0.988896534451,1663565.72167,0.907772001169,0.603746218548
IND_FUA_09258,Sultanpur,joint_supported_screened,GHSL_g_gt_50_m2,2543,1812233,0.988896534451,412617.382846,0.225156423015,0.430817052984
IND_FUA_09258,Sultanpur,ghsl_only,GHSL_g_gt_100_m2,2177,1785259,0.974177403345,1785259,0.974177403345,0.586052643505
IND_FUA_09258,Sultanpur,endpoint_supported,GHSL_g_gt_100_m2,2177,1785259,0.974177403345,492436.113324,0.268711785904,0.424854726723
IND_FUA_09258,Sultanpur,preexisting_detected_screened,GHSL_g_gt_100_m2,2177,1785259,0.974177403345,1638190.32633,0.893925194212,0.60691314388
IND_FUA_09258,Sultanpur,joint_supported_screened,GHSL_g_gt_100_m2,2177,1785259,0.974177403345,411144.110412,0.224352489965,0.431445015278
IND_FUA_09258,Sultanpur,ghsl_only,GHSL_g_gt_500_m2,1019,1479568,0.807368405544,1479568,0.807368405544,0.577922021282
IND_FUA_09258,Sultanpur,endpoint_supported,GHSL_g_gt_500_m2,1019,1479568,0.807368405544,458796.365386,0.250355299649,0.418045043022
IND_FUA_09258,Sultanpur,preexisting_detected_screened,GHSL_g_gt_500_m2,1019,1479568,0.807368405544,1368653.13227,0.746844549992,0.600260514098
IND_FUA_09258,Sultanpur,joint_supported_screened,GHSL_g_gt_500_m2,1019,1479568,0.807368405544,394901.477515,0.215489234863,0.430807455475
IND_FUA_09258,Sultanpur,ghsl_only,exclude_any_permanent_water_QA,3816,1819806,0.993028957519,1819806,0.993028957519,0.538485681185
IND_FUA_09258,Sultanpur,endpoint_supported,exclude_any_permanent_water_QA,3816,1819806,0.993028957519,493726.801868,0.269416086857,0.408987359861
IND_FUA_09258,Sultanpur,preexisting_detected_screened,exclude_any_permanent_water_QA,3816,1819806,0.993028957519,1671681.22178,0.912200454865,0.557411264144
IND_FUA_09258,Sultanpur,joint_supported_screened,exclude_any_permanent_water_QA,3816,1819806,0.993028957519,411858.483588,0.224742308028,0.416128085969
IND_FUA_09258,Sultanpur,ghsl_only,exclude_any_spurious_depth_QA,3860,1832581,1,1832581,1,0.582127094723
IND_FUA_09258,Sultanpur,endpoint_supported,exclude_any_spurious_depth_QA,3860,1832581,1,495482.16008,0.270373948044,0.423681680583
IND_FUA_09258,Sultanpur,preexisting_detected_screened,exclude_any_spurious_depth_QA,3860,1832581,1,1683468.34912,0.918632436505,0.602403818433
IND_FUA_09258,Sultanpur,joint_supported_screened,exclude_any_spurious_depth_QA,3860,1832581,1,413211.481871,0.225480610064,0.430523775192
IND_FUA_09258,Sultanpur,ghsl_only,exclude_either_QA,3816,1819806,0.993028957519,1819806,0.993028957519,0.538485681185
IND_FUA_09258,Sultanpur,endpoint_supported,exclude_either_QA,3816,1819806,0.993028957519,493726.801868,0.269416086857,0.408987359861
IND_FUA_09258,Sultanpur,preexisting_detected_screened,exclude_either_QA,3816,1819806,0.993028957519,1671681.22178,0.912200454865,0.557411264144
IND_FUA_09258,Sultanpur,joint_supported_screened,exclude_either_QA,3816,1819806,0.993028957519,411858.483588,0.224742308028,0.416128085969
IND_FUA_09266,Erode,ghsl_only,GHSL_g_gt_0_m2,15992,3313105,1,3313105,1,0.0104591854938
IND_FUA_09266,Erode,endpoint_supported,GHSL_g_gt_0_m2,15992,3313105,1,452535.520275,0.136589549765,0.00760280194542
IND_FUA_09266,Erode,preexisting_detected_screened,GHSL_g_gt_0_m2,15992,3313105,1,3087017.70063,0.931759693892,0.00877326807055
IND_FUA_09266,Erode,joint_supported_screened,GHSL_g_gt_0_m2,15992,3313105,1,369442.247016,0.111509368709,0.00590563954624
IND_FUA_09266,Erode,ghsl_only,GHSL_g_gt_10_m2,11605,3293517,0.994087721337,3293517,0.994087721337,0.0102093211654
IND_FUA_09266,Erode,endpoint_supported,GHSL_g_gt_10_m2,11605,3293517,0.994087721337,452310.096425,0.136521509709,0.00757245223285
IND_FUA_09266,Erode,preexisting_detected_screened,GHSL_g_gt_10_m2,11605,3293517,0.994087721337,3067470.98268,0.925859875458,0.00849852432409
IND_FUA_09266,Erode,joint_supported_screened,GHSL_g_gt_10_m2,11605,3293517,0.994087721337,369217.678891,0.111441586938,0.00586741090206
IND_FUA_09266,Erode,ghsl_only,GHSL_g_gt_50_m2,7415,3183327,0.96082889012,3183327,0.96082889012,0.0097878878648
IND_FUA_09266,Erode,endpoint_supported,GHSL_g_gt_50_m2,7415,3183327,0.96082889012,448021.225352,0.13522699261,0.00729219729953
IND_FUA_09266,Erode,preexisting_detected_screened,GHSL_g_gt_50_m2,7415,3183327,0.96082889012,2958925.78039,0.893097496273,0.00816172389849
IND_FUA_09266,Erode,joint_supported_screened,GHSL_g_gt_50_m2,7415,3183327,0.96082889012,365248.684138,0.110243618641,0.00573849795956
IND_FUA_09266,Erode,ghsl_only,GHSL_g_gt_100_m2,5545,3047758,0.919909873065,3047758,0.919909873065,0.00972502070838
IND_FUA_09266,Erode,endpoint_supported,GHSL_g_gt_100_m2,5545,3047758,0.919909873065,439033.149777,0.13251410679,0.00730448650789
IND_FUA_09266,Erode,preexisting_detected_screened,GHSL_g_gt_100_m2,5545,3047758,0.919909873065,2827101.03279,0.853308613155,0.00808025758549
IND_FUA_09266,Erode,joint_supported_screened,GHSL_g_gt_100_m2,5545,3047758,0.919909873065,357219.144753,0.107820049396,0.00581240914691
IND_FUA_09266,Erode,ghsl_only,GHSL_g_gt_500_m2,1990,2201475,0.664474865723,2201475,0.664474865723,0.00498000513549
IND_FUA_09266,Erode,endpoint_supported,GHSL_g_gt_500_m2,1990,2201475,0.664474865723,364818.153597,0.110113670891,0.00432249551485
IND_FUA_09266,Erode,preexisting_detected_screened,GHSL_g_gt_500_m2,1990,2201475,0.664474865723,2056698.7035,0.620776795032,0.00431346541506
IND_FUA_09266,Erode,joint_supported_screened,GHSL_g_gt_500_m2,1990,2201475,0.664474865723,311303.43911,0.0939612354905,0.00343344870852
IND_FUA_09266,Erode,ghsl_only,exclude_any_permanent_water_QA,15953,3310015,0.999067340154,3310015,0.999067340154,0.00709371969425
IND_FUA_09266,Erode,endpoint_supported,exclude_any_permanent_water_QA,15953,3310015,0.999067340154,452372.920954,0.136540472141,0.00634864809144
IND_FUA_09266,Erode,preexisting_detected_screened,exclude_any_permanent_water_QA,15953,3310015,0.999067340154,3084538.4452,0.931011376097,0.00585405853931
IND_FUA_09266,Erode,joint_supported_screened,exclude_any_permanent_water_QA,15953,3310015,0.999067340154,369326.604172,0.111474464037,0.00475379628479
IND_FUA_09266,Erode,ghsl_only,exclude_any_spurious_depth_QA,15992,3313105,1,3313105,1,0.0104591854938
IND_FUA_09266,Erode,endpoint_supported,exclude_any_spurious_depth_QA,15992,3313105,1,452535.520275,0.136589549765,0.00760280194542
IND_FUA_09266,Erode,preexisting_detected_screened,exclude_any_spurious_depth_QA,15992,3313105,1,3087017.70063,0.931759693892,0.00877326807055
IND_FUA_09266,Erode,joint_supported_screened,exclude_any_spurious_depth_QA,15992,3313105,1,369442.247016,0.111509368709,0.00590563954624
IND_FUA_09266,Erode,ghsl_only,exclude_either_QA,15953,3310015,0.999067340154,3310015,0.999067340154,0.00709371969425
IND_FUA_09266,Erode,endpoint_supported,exclude_either_QA,15953,3310015,0.999067340154,452372.920954,0.136540472141,0.00634864809144
IND_FUA_09266,Erode,preexisting_detected_screened,exclude_either_QA,15953,3310015,0.999067340154,3084538.4452,0.931011376097,0.00585405853931
IND_FUA_09266,Erode,joint_supported_screened,exclude_either_QA,15953,3310015,0.999067340154,369326.604172,0.111474464037,0.00475379628479
IND_FUA_09282,Prayagraj,ghsl_only,GHSL_g_gt_0_m2,6168,2283637,1,2283637,1,0.173608524519
IND_FUA_09282,Prayagraj,endpoint_supported,GHSL_g_gt_0_m2,6168,2283637,1,737315.760377,0.322869072614,0.149464183561
IND_FUA_09282,Prayagraj,preexisting_detected_screened,GHSL_g_gt_0_m2,6168,2283637,1,1969172.45017,0.862296612889,0.139256148384
IND_FUA_09282,Prayagraj,joint_supported_screened,GHSL_g_gt_0_m2,6168,2283637,1,578475.271418,0.253313145398,0.112481626297
IND_FUA_09282,Prayagraj,ghsl_only,GHSL_g_gt_10_m2,4856,2277754,0.997423846259,2277754,0.997423846259,0.173068055945
IND_FUA_09282,Prayagraj,endpoint_supported,GHSL_g_gt_10_m2,4856,2277754,0.997423846259,737234.563523,0.322833516677,0.149432209394
IND_FUA_09282,Prayagraj,preexisting_detected_screened,GHSL_g_gt_10_m2,4856,2277754,0.997423846259,1963394.69833,0.859766547106,0.138576892043
IND_FUA_09282,Prayagraj,joint_supported_screened,GHSL_g_gt_10_m2,4856,2277754,0.997423846259,578397.346556,0.25327902226,0.112439515864
IND_FUA_09282,Prayagraj,ghsl_only,GHSL_g_gt_50_m2,3650,2246105,0.983564813497,2246105,0.983564813497,0.170313445222
IND_FUA_09282,Prayagraj,endpoint_supported,GHSL_g_gt_50_m2,3650,2246105,0.983564813497,735207.961855,0.321946071926,0.149094988582
IND_FUA_09282,Prayagraj,preexisting_detected_screened,GHSL_g_gt_50_m2,3650,2246105,0.983564813497,1934319.99851,0.84703479516,0.135280586772
IND_FUA_09282,Prayagraj,joint_supported_screened,GHSL_g_gt_50_m2,3650,2246105,0.983564813497,577020.03236,0.252675899173,0.111976628357
IND_FUA_09282,Prayagraj,ghsl_only,GHSL_g_gt_100_m2,3052,2202229,0.964351602291,2202229,0.964351602291,0.16896175824
IND_FUA_09282,Prayagraj,endpoint_supported,GHSL_g_gt_100_m2,3052,2202229,0.964351602291,729817.94228,0.319585793311,0.148715361268
IND_FUA_09282,Prayagraj,preexisting_detected_screened,GHSL_g_gt_100_m2,3052,2202229,0.964351602291,1898068.96531,0.831160541415,0.133776243876
IND_FUA_09282,Prayagraj,joint_supported_screened,GHSL_g_gt_100_m2,3052,2202229,0.964351602291,574291.666584,0.251481153346,0.111289382153
IND_FUA_09282,Prayagraj,ghsl_only,GHSL_g_gt_500_m2,1274,1750771,0.766659061839,1750771,0.766659061839,0.158171723348
IND_FUA_09282,Prayagraj,endpoint_supported,GHSL_g_gt_500_m2,1274,1750771,0.766659061839,643194.217872,0.281653440486,0.139262781248
IND_FUA_09282,Prayagraj,preexisting_detected_screened,GHSL_g_gt_500_m2,1274,1750771,0.766659061839,1558593.54075,0.682504943104,0.12359716061
IND_FUA_09282,Prayagraj,joint_supported_screened,GHSL_g_gt_500_m2,1274,1750771,0.766659061839,542276.807954,0.237461911834,0.104083208134
IND_FUA_09282,Prayagraj,ghsl_only,exclude_any_permanent_water_QA,6150,2280035,0.998422691522,2280035,0.998422691522,0.164371434966
IND_FUA_09282,Prayagraj,endpoint_supported,exclude_any_permanent_water_QA,6150,2280035,0.998422691522,736465.479674,0.322496736423,0.144299059879
IND_FUA_09282,Prayagraj,preexisting_detected_screened,exclude_any_permanent_water_QA,6150,2280035,0.998422691522,1965881.6061,0.860855558962,0.129210018422
IND_FUA_09282,Prayagraj,joint_supported_screened,exclude_any_permanent_water_QA,6150,2280035,0.998422691522,577748.705123,0.252994983495,0.106672298241
IND_FUA_09282,Prayagraj,ghsl_only,exclude_any_spurious_depth_QA,6168,2283637,1,2283637,1,0.173608524519
IND_FUA_09282,Prayagraj,endpoint_supported,exclude_any_spurious_depth_QA,6168,2283637,1,737315.760377,0.322869072614,0.149464183561
IND_FUA_09282,Prayagraj,preexisting_detected_screened,exclude_any_spurious_depth_QA,6168,2283637,1,1969172.45017,0.862296612889,0.139256148384
IND_FUA_09282,Prayagraj,joint_supported_screened,exclude_any_spurious_depth_QA,6168,2283637,1,578475.271418,0.253313145398,0.112481626297
IND_FUA_09282,Prayagraj,ghsl_only,exclude_either_QA,6150,2280035,0.998422691522,2280035,0.998422691522,0.164371434966
IND_FUA_09282,Prayagraj,endpoint_supported,exclude_either_QA,6150,2280035,0.998422691522,736465.479674,0.322496736423,0.144299059879
IND_FUA_09282,Prayagraj,preexisting_detected_screened,exclude_either_QA,6150,2280035,0.998422691522,1965881.6061,0.860855558962,0.129210018422
IND_FUA_09282,Prayagraj,joint_supported_screened,exclude_either_QA,6150,2280035,0.998422691522,577748.705123,0.252994983495,0.106672298241
IND_FUA_09368,Salem,ghsl_only,GHSL_g_gt_0_m2,17269,4170866,1,4170866,1,0.000220337934616
IND_FUA_09368,Salem,endpoint_supported,GHSL_g_gt_0_m2,17269,4170866,1,547105.474179,0.131173112293,0
IND_FUA_09368,Salem,preexisting_detected_screened,GHSL_g_gt_0_m2,17269,4170866,1,3967541.93366,0.951251354913,0.000226272902465
IND_FUA_09368,Salem,joint_supported_screened,GHSL_g_gt_0_m2,17269,4170866,1,482588.122076,0.115704537637,0
IND_FUA_09368,Salem,ghsl_only,GHSL_g_gt_10_m2,13344,4153237,0.995773299837,4153237,0.995773299837,0.000218383877443
IND_FUA_09368,Salem,endpoint_supported,GHSL_g_gt_10_m2,13344,4153237,0.995773299837,546826.640907,0.131106259685,0
IND_FUA_09368,Salem,preexisting_detected_screened,GHSL_g_gt_10_m2,13344,4153237,0.995773299837,3949993.62953,0.947044002261,0.000224240166454
IND_FUA_09368,Salem,joint_supported_screened,GHSL_g_gt_10_m2,13344,4153237,0.995773299837,482311.369371,0.115638183862,0
IND_FUA_09368,Salem,ghsl_only,GHSL_g_gt_50_m2,9067,4038122,0.968173516004,4038122,0.968173516004,0.000213713206287
IND_FUA_09368,Salem,endpoint_supported,GHSL_g_gt_50_m2,9067,4038122,0.968173516004,543293.657851,0.130259197455,0
IND_FUA_09368,Salem,preexisting_detected_screened,GHSL_g_gt_50_m2,9067,4038122,0.968173516004,3836285.01939,0.919781412155,0.000219417281231
IND_FUA_09368,Salem,joint_supported_screened,GHSL_g_gt_50_m2,9067,4038122,0.968173516004,478956.884301,0.114833918016,0
IND_FUA_09368,Salem,ghsl_only,GHSL_g_gt_100_m2,7044,3889490,0.932537751153,3889490,0.932537751153,0.000221879989407
IND_FUA_09368,Salem,endpoint_supported,GHSL_g_gt_100_m2,7044,3889490,0.932537751153,534808.307129,0.128224763665,0
IND_FUA_09368,Salem,preexisting_detected_screened,GHSL_g_gt_100_m2,7044,3889490,0.932537751153,3694019.95348,0.885672172992,0.000227867537149
IND_FUA_09368,Salem,joint_supported_screened,GHSL_g_gt_100_m2,7044,3889490,0.932537751153,471836.275102,0.113126692419,0
IND_FUA_09368,Salem,ghsl_only,GHSL_g_gt_500_m2,2388,2747856,0.658821453386,2747856,0.658821453386,0
IND_FUA_09368,Salem,endpoint_supported,GHSL_g_gt_500_m2,2388,2747856,0.658821453386,469180.22585,0.112489882401,0
IND_FUA_09368,Salem,preexisting_detected_screened,GHSL_g_gt_500_m2,2388,2747856,0.658821453386,2621902.71424,0.628623099913,0
IND_FUA_09368,Salem,joint_supported_screened,GHSL_g_gt_500_m2,2388,2747856,0.658821453386,428107.251713,0.102642293402,0
IND_FUA_09368,Salem,ghsl_only,exclude_any_permanent_water_QA,17260,4169947,0.999779662065,4169947,0.999779662065,0
IND_FUA_09368,Salem,endpoint_supported,exclude_any_permanent_water_QA,17260,4169947,0.999779662065,547105.474179,0.131173112293,0
IND_FUA_09368,Salem,preexisting_detected_screened,exclude_any_permanent_water_QA,17260,4169947,0.999779662065,3966644.18643,0.951036112508,0
IND_FUA_09368,Salem,joint_supported_screened,exclude_any_permanent_water_QA,17260,4169947,0.999779662065,482588.122076,0.115704537637,0
IND_FUA_09368,Salem,ghsl_only,exclude_any_spurious_depth_QA,17269,4170866,1,4170866,1,0.000220337934616
IND_FUA_09368,Salem,endpoint_supported,exclude_any_spurious_depth_QA,17269,4170866,1,547105.474179,0.131173112293,0
IND_FUA_09368,Salem,preexisting_detected_screened,exclude_any_spurious_depth_QA,17269,4170866,1,3967541.93366,0.951251354913,0.000226272902465
IND_FUA_09368,Salem,joint_supported_screened,exclude_any_spurious_depth_QA,17269,4170866,1,482588.122076,0.115704537637,0
IND_FUA_09368,Salem,ghsl_only,exclude_either_QA,17260,4169947,0.999779662065,4169947,0.999779662065,0
IND_FUA_09368,Salem,endpoint_supported,exclude_either_QA,17260,4169947,0.999779662065,547105.474179,0.131173112293,0
IND_FUA_09368,Salem,preexisting_detected_screened,exclude_either_QA,17260,4169947,0.999779662065,3966644.18643,0.951036112508,0
IND_FUA_09368,Salem,joint_supported_screened,exclude_either_QA,17260,4169947,0.999779662065,482588.122076,0.115704537637,0
IND_FUA_09444,Madurai,ghsl_only,GHSL_g_gt_0_m2,6655,1974352,1,1974352,1,0.159789639337
IND_FUA_09444,Madurai,endpoint_supported,GHSL_g_gt_0_m2,6655,1974352,1,425768.814345,0.215649901509,0.170453729044
IND_FUA_09444,Madurai,preexisting_detected_screened,GHSL_g_gt_0_m2,6655,1974352,1,1803724.21968,0.91357783196,0.144228337196
IND_FUA_09444,Madurai,joint_supported_screened,GHSL_g_gt_0_m2,6655,1974352,1,368232.942952,0.186508253316,0.141737555713
IND_FUA_09444,Madurai,ghsl_only,GHSL_g_gt_10_m2,4939,1967077,0.996315246724,1967077,0.996315246724,0.159458013224
IND_FUA_09444,Madurai,endpoint_supported,GHSL_g_gt_10_m2,4939,1967077,0.996315246724,425651.078904,0.215590269063,0.170450467236
IND_FUA_09444,Madurai,preexisting_detected_screened,GHSL_g_gt_10_m2,4939,1967077,0.996315246724,1796463.05327,0.90990008533,0.143808203403
IND_FUA_09444,Madurai,joint_supported_screened,GHSL_g_gt_10_m2,4939,1967077,0.996315246724,368115.211128,0.186448622702,0.141724598342
IND_FUA_09444,Madurai,ghsl_only,GHSL_g_gt_50_m2,3323,1924760,0.974881885297,1924760,0.974881885297,0.157920897252
IND_FUA_09444,Madurai,endpoint_supported,GHSL_g_gt_50_m2,3323,1924760,0.974881885297,422991.996326,0.214243456246,0.169756537225
IND_FUA_09444,Madurai,preexisting_detected_screened,GHSL_g_gt_50_m2,3323,1924760,0.974881885297,1754483.12269,0.888637447979,0.141808033436
IND_FUA_09444,Madurai,joint_supported_screened,GHSL_g_gt_50_m2,3323,1924760,0.974881885297,365491.379987,0.185119664572,0.140704489164
IND_FUA_09444,Madurai,ghsl_only,GHSL_g_gt_100_m2,2678,1877988,0.951192087328,1877988,0.951192087328,0.157558809934
IND_FUA_09444,Madurai,endpoint_supported,GHSL_g_gt_100_m2,2678,1877988,0.951192087328,418379.258618,0.211907126297,0.169132111513
IND_FUA_09444,Madurai,preexisting_detected_screened,GHSL_g_gt_100_m2,2678,1877988,0.951192087328,1708928.18857,0.865564088151,0.141307903777
IND_FUA_09444,Madurai,joint_supported_screened,GHSL_g_gt_100_m2,2678,1877988,0.951192087328,361106.268918,0.182898626445,0.140057274155
IND_FUA_09444,Madurai,ghsl_only,GHSL_g_gt_500_m2,1165,1507870,0.763729061484,1507870,0.763729061484,0.153970035984
IND_FUA_09444,Madurai,endpoint_supported,GHSL_g_gt_500_m2,1165,1507870,0.763729061484,377452.517669,0.191177924539,0.155197940273
IND_FUA_09444,Madurai,preexisting_detected_screened,GHSL_g_gt_500_m2,1165,1507870,0.763729061484,1363751.43113,0.690733684334,0.140940537773
IND_FUA_09444,Madurai,joint_supported_screened,GHSL_g_gt_500_m2,1165,1507870,0.763729061484,328822.562871,0.166547081205,0.137232849843
IND_FUA_09444,Madurai,ghsl_only,exclude_any_permanent_water_QA,6618,1969295,0.99743865329,1969295,0.99743865329,0.154266343847
IND_FUA_09444,Madurai,endpoint_supported,exclude_any_permanent_water_QA,6618,1969295,0.99743865329,425156.781547,0.215339909777,0.167403768337
IND_FUA_09444,Madurai,preexisting_detected_screened,exclude_any_permanent_water_QA,6618,1969295,0.99743865329,1798916.96759,0.911142981389,0.138952766383
IND_FUA_09444,Madurai,joint_supported_screened,exclude_any_permanent_water_QA,6618,1969295,0.99743865329,367659.944692,0.186218032393,0.138840359145
IND_FUA_09444,Madurai,ghsl_only,exclude_any_spurious_depth_QA,6655,1974352,1,1974352,1,0.159789639337
IND_FUA_09444,Madurai,endpoint_supported,exclude_any_spurious_depth_QA,6655,1974352,1,425768.814345,0.215649901509,0.170453729044
IND_FUA_09444,Madurai,preexisting_detected_screened,exclude_any_spurious_depth_QA,6655,1974352,1,1803724.21968,0.91357783196,0.144228337196
IND_FUA_09444,Madurai,joint_supported_screened,exclude_any_spurious_depth_QA,6655,1974352,1,368232.942952,0.186508253316,0.141737555713
IND_FUA_09444,Madurai,ghsl_only,exclude_either_QA,6618,1969295,0.99743865329,1969295,0.99743865329,0.154266343847
IND_FUA_09444,Madurai,endpoint_supported,exclude_either_QA,6618,1969295,0.99743865329,425156.781547,0.215339909777,0.167403768337
IND_FUA_09444,Madurai,preexisting_detected_screened,exclude_either_QA,6618,1969295,0.99743865329,1798916.96759,0.911142981389,0.138952766383
IND_FUA_09444,Madurai,joint_supported_screened,exclude_either_QA,6618,1969295,0.99743865329,367659.944692,0.186218032393,0.138840359145
IND_FUA_09500,Gorakhpur,ghsl_only,GHSL_g_gt_0_m2,10020,3389028,1,3389028,1,0.63131563978
IND_FUA_09500,Gorakhpur,endpoint_supported,GHSL_g_gt_0_m2,10020,3389028,1,822632.552388,0.242734067818,0.59273851258
IND_FUA_09500,Gorakhpur,preexisting_detected_screened,GHSL_g_gt_0_m2,10020,3389028,1,3180113.81364,0.938355721358,0.621306741565
IND_FUA_09500,Gorakhpur,joint_supported_screened,GHSL_g_gt_0_m2,10020,3389028,1,724776.466103,0.213859686643,0.582650992448
IND_FUA_09500,Gorakhpur,ghsl_only,GHSL_g_gt_10_m2,7752,3379191,0.997097397838,3379191,0.997097397838,0.630442416675
IND_FUA_09500,Gorakhpur,endpoint_supported,GHSL_g_gt_10_m2,7752,3379191,0.997097397838,822515.008997,0.242699384306,0.592713749629
IND_FUA_09500,Gorakhpur,preexisting_detected_screened,GHSL_g_gt_10_m2,7752,3379191,0.997097397838,3170311.57443,0.935463376056,0.620359590758
IND_FUA_09500,Gorakhpur,joint_supported_screened,GHSL_g_gt_10_m2,7752,3379191,0.997097397838,724660.983538,0.213825611219,0.582627050448
IND_FUA_09500,Gorakhpur,ghsl_only,GHSL_g_gt_50_m2,5785,3326923,0.981674686665,3326923,0.981674686665,0.629113906972
IND_FUA_09500,Gorakhpur,endpoint_supported,GHSL_g_gt_50_m2,5785,3326923,0.981674686665,819899.416798,0.241927601896,0.592812103284
IND_FUA_09500,Gorakhpur,preexisting_detected_screened,GHSL_g_gt_50_m2,5785,3326923,0.981674686665,3119514.44238,0.920474673676,0.618877846684
IND_FUA_09500,Gorakhpur,joint_supported_screened,GHSL_g_gt_50_m2,5785,3326923,0.981674686665,722479.639757,0.213181962426,0.582810673805
IND_FUA_09500,Gorakhpur,ghsl_only,GHSL_g_gt_100_m2,4758,3251364,0.959379503504,3251364,0.959379503504,0.629247222983
IND_FUA_09500,Gorakhpur,endpoint_supported,GHSL_g_gt_100_m2,4758,3251364,0.959379503504,813875.817095,0.240150219206,0.594099735076
IND_FUA_09500,Gorakhpur,preexisting_detected_screened,GHSL_g_gt_100_m2,4758,3251364,0.959379503504,3048148.39908,0.899416705639,0.61880913335
IND_FUA_09500,Gorakhpur,joint_supported_screened,GHSL_g_gt_100_m2,4758,3251364,0.959379503504,718238.217878,0.211930446688,0.583907286489
IND_FUA_09500,Gorakhpur,ghsl_only,GHSL_g_gt_500_m2,1880,2527170,0.74569168505,2527170,0.74569168505,0.629926674189
IND_FUA_09500,Gorakhpur,endpoint_supported,GHSL_g_gt_500_m2,1880,2527170,0.74569168505,742617.054311,0.219123906415,0.600834479928
IND_FUA_09500,Gorakhpur,preexisting_detected_screened,GHSL_g_gt_500_m2,1880,2527170,0.74569168505,2390269.34441,0.705296428478,0.616307476589
IND_FUA_09500,Gorakhpur,joint_supported_screened,GHSL_g_gt_500_m2,1880,2527170,0.74569168505,679273.228359,0.200433052887,0.588593244764
IND_FUA_09500,Gorakhpur,ghsl_only,exclude_any_permanent_water_QA,9968,3384767,0.998742707349,3384767,0.998742707349,0.627794511644
IND_FUA_09500,Gorakhpur,endpoint_supported,exclude_any_permanent_water_QA,9968,3384767,0.998742707349,822191.330118,0.242603876427,0.5917203878
IND_FUA_09500,Gorakhpur,preexisting_detected_screened,exclude_any_permanent_water_QA,9968,3384767,0.998742707349,3176960.64512,0.93742531638,0.618495668908
IND_FUA_09500,Gorakhpur,joint_supported_screened,exclude_any_permanent_water_QA,9968,3384767,0.998742707349,724596.475337,0.213806576793,0.582299004609
IND_FUA_09500,Gorakhpur,ghsl_only,exclude_any_spurious_depth_QA,10020,3389028,1,3389028,1,0.63131563978
IND_FUA_09500,Gorakhpur,endpoint_supported,exclude_any_spurious_depth_QA,10020,3389028,1,822632.552388,0.242734067818,0.59273851258
IND_FUA_09500,Gorakhpur,preexisting_detected_screened,exclude_any_spurious_depth_QA,10020,3389028,1,3180113.81364,0.938355721358,0.621306741565
IND_FUA_09500,Gorakhpur,joint_supported_screened,exclude_any_spurious_depth_QA,10020,3389028,1,724776.466103,0.213859686643,0.582650992448
IND_FUA_09500,Gorakhpur,ghsl_only,exclude_either_QA,9968,3384767,0.998742707349,3384767,0.998742707349,0.627794511644
IND_FUA_09500,Gorakhpur,endpoint_supported,exclude_either_QA,9968,3384767,0.998742707349,822191.330118,0.242603876427,0.5917203878
IND_FUA_09500,Gorakhpur,preexisting_detected_screened,exclude_either_QA,9968,3384767,0.998742707349,3176960.64512,0.93742531638,0.618495668908
IND_FUA_09500,Gorakhpur,joint_supported_screened,exclude_either_QA,9968,3384767,0.998742707349,724596.475337,0.213806576793,0.582299004609
IND_FUA_09544,Tiruchirappalli,ghsl_only,GHSL_g_gt_0_m2,6278,2002696,1,2002696,1,0.638437758461
IND_FUA_09544,Tiruchirappalli,endpoint_supported,GHSL_g_gt_0_m2,6278,2002696,1,380230.229628,0.189859184633,0.532027569879
IND_FUA_09544,Tiruchirappalli,preexisting_detected_screened,GHSL_g_gt_0_m2,6278,2002696,1,1728487.07954,0.863080107784,0.687356549711
IND_FUA_09544,Tiruchirappalli,joint_supported_screened,GHSL_g_gt_0_m2,6278,2002696,1,298092.477339,0.148845594808,0.607237455806
IND_FUA_09544,Tiruchirappalli,ghsl_only,GHSL_g_gt_10_m2,4698,1995724,0.996518692802,1995724,0.996518692802,0.63878584204
IND_FUA_09544,Tiruchirappalli,endpoint_supported,GHSL_g_gt_10_m2,4698,1995724,0.996518692802,380163.770677,0.189825999891,0.532069576714
IND_FUA_09544,Tiruchirappalli,preexisting_detected_screened,GHSL_g_gt_10_m2,4698,1995724,0.996518692802,1721637.18643,0.859659771843,0.687933180648
IND_FUA_09544,Tiruchirappalli,joint_supported_screened,GHSL_g_gt_10_m2,4698,1995724,0.996518692802,298026.511441,0.14881265626,0.607307056615
IND_FUA_09544,Tiruchirappalli,ghsl_only,GHSL_g_gt_50_m2,3355,1961264,0.979311887576,1961264,0.979311887576,0.641111126088
IND_FUA_09544,Tiruchirappalli,endpoint_supported,GHSL_g_gt_50_m2,3355,1961264,0.979311887576,378604.717159,0.189047522519,0.532883235329
IND_FUA_09544,Tiruchirappalli,preexisting_detected_screened,GHSL_g_gt_50_m2,3355,1961264,0.979311887576,1689465.04047,0.843595353696,0.691230120381
IND_FUA_09544,Tiruchirappalli,joint_supported_screened,GHSL_g_gt_50_m2,3355,1961264,0.979311887576,296745.584779,0.148173055111,0.60831641906
IND_FUA_09544,Tiruchirappalli,ghsl_only,GHSL_g_gt_100_m2,2776,1919801,0.958608296017,1919801,0.958608296017,0.644149384732
IND_FUA_09544,Tiruchirappalli,endpoint_supported,GHSL_g_gt_100_m2,2776,1919801,0.958608296017,374187.765263,0.186842019589,0.536217334711
IND_FUA_09544,Tiruchirappalli,preexisting_detected_screened,GHSL_g_gt_100_m2,2776,1919801,0.958608296017,1653528.01545,0.825651030137,0.69444274205
IND_FUA_09544,Tiruchirappalli,joint_supported_screened,GHSL_g_gt_100_m2,2776,1919801,0.958608296017,294007.876214,0.14680604356,0.611079154232
IND_FUA_09544,Tiruchirappalli,ghsl_only,GHSL_g_gt_500_m2,1188,1522078,0.760014500453,1522078,0.760014500453,0.655914313052
IND_FUA_09544,Tiruchirappalli,endpoint_supported,GHSL_g_gt_500_m2,1188,1522078,0.760014500453,334906.514138,0.167227833949,0.539722841134
IND_FUA_09544,Tiruchirappalli,preexisting_detected_screened,GHSL_g_gt_500_m2,1188,1522078,0.760014500453,1315817.49537,0.65702308057,0.704374033018
IND_FUA_09544,Tiruchirappalli,joint_supported_screened,GHSL_g_gt_500_m2,1188,1522078,0.760014500453,272652.853247,0.136142905986,0.602360796669
IND_FUA_09544,Tiruchirappalli,ghsl_only,exclude_any_permanent_water_QA,6215,1994328,0.995821632439,1994328,0.995821632439,0.634901838674
IND_FUA_09544,Tiruchirappalli,endpoint_supported,exclude_any_permanent_water_QA,6215,1994328,0.995821632439,379317.855974,0.189403611918,0.53050302537
IND_FUA_09544,Tiruchirappalli,preexisting_detected_screened,exclude_any_permanent_water_QA,6215,1994328,0.995821632439,1722165.04885,0.85992334775,0.684153709561
IND_FUA_09544,Tiruchirappalli,joint_supported_screened,exclude_any_permanent_water_QA,6215,1994328,0.995821632439,297466.815571,0.148533185052,0.605847456295
IND_FUA_09544,Tiruchirappalli,ghsl_only,exclude_any_spurious_depth_QA,6278,2002696,1,2002696,1,0.638437758461
IND_FUA_09544,Tiruchirappalli,endpoint_supported,exclude_any_spurious_depth_QA,6278,2002696,1,380230.229628,0.189859184633,0.532027569879
IND_FUA_09544,Tiruchirappalli,preexisting_detected_screened,exclude_any_spurious_depth_QA,6278,2002696,1,1728487.07954,0.863080107784,0.687356549711
IND_FUA_09544,Tiruchirappalli,joint_supported_screened,exclude_any_spurious_depth_QA,6278,2002696,1,298092.477339,0.148845594808,0.607237455806
IND_FUA_09544,Tiruchirappalli,ghsl_only,exclude_either_QA,6215,1994328,0.995821632439,1994328,0.995821632439,0.634901838674
IND_FUA_09544,Tiruchirappalli,endpoint_supported,exclude_either_QA,6215,1994328,0.995821632439,379317.855974,0.189403611918,0.53050302537
IND_FUA_09544,Tiruchirappalli,preexisting_detected_screened,exclude_either_QA,6215,1994328,0.995821632439,1722165.04885,0.85992334775,0.684153709561
IND_FUA_09544,Tiruchirappalli,joint_supported_screened,exclude_either_QA,6215,1994328,0.995821632439,297466.815571,0.148533185052,0.605847456295
IND_FUA_09562,Varanasi,ghsl_only,GHSL_g_gt_0_m2,42037,10435276,1,10435276,1,0.172267711967
IND_FUA_09562,Varanasi,endpoint_supported,GHSL_g_gt_0_m2,42037,10435276,1,2441970.21601,0.234011080877,0.197314997678
IND_FUA_09562,Varanasi,preexisting_detected_screened,GHSL_g_gt_0_m2,42037,10435276,1,9756609.99529,0.934964249655,0.164763652492
IND_FUA_09562,Varanasi,joint_supported_screened,GHSL_g_gt_0_m2,42037,10435276,1,2112978.26678,0.20248417644,0.19118715125
IND_FUA_09562,Varanasi,ghsl_only,GHSL_g_gt_10_m2,31115,10386276,0.995304388691,10386276,0.995304388691,0.171944142594
IND_FUA_09562,Varanasi,endpoint_supported,GHSL_g_gt_10_m2,31115,10386276,0.995304388691,2441251.74628,0.233942230783,0.197316106402
IND_FUA_09562,Varanasi,preexisting_detected_screened,GHSL_g_gt_10_m2,31115,10386276,0.995304388691,9707789.37153,0.930285827756,0.164389426222
IND_FUA_09562,Varanasi,joint_supported_screened,GHSL_g_gt_10_m2,31115,10386276,0.995304388691,2112267.90405,0.20241610323,0.191187659393
IND_FUA_09562,Varanasi,ghsl_only,GHSL_g_gt_50_m2,20355,10105878,0.968434184204,10105878,0.968434184204,0.172099798855
IND_FUA_09562,Varanasi,endpoint_supported,GHSL_g_gt_50_m2,20355,10105878,0.968434184204,2428629.83911,0.232732688537,0.197410205175
IND_FUA_09562,Varanasi,preexisting_detected_screened,GHSL_g_gt_50_m2,20355,10105878,0.968434184204,9432253.88274,0.903881591895,0.164422736401
IND_FUA_09562,Varanasi,joint_supported_screened,GHSL_g_gt_50_m2,20355,10105878,0.968434184204,2101013.88892,0.20133764444,0.191295895813
IND_FUA_09562,Varanasi,ghsl_only,GHSL_g_gt_100_m2,15537,9757806,0.935078861355,9757806,0.935078861355,0.172752112832
IND_FUA_09562,Varanasi,endpoint_supported,GHSL_g_gt_100_m2,15537,9757806,0.935078861355,2400027.74851,0.229991784454,0.197675587688
IND_FUA_09562,Varanasi,preexisting_detected_screened,GHSL_g_gt_100_m2,15537,9757806,0.935078861355,9098265.41235,0.871875876819,0.165092468404
IND_FUA_09562,Varanasi,joint_supported_screened,GHSL_g_gt_100_m2,15537,9757806,0.935078861355,2077949.83608,0.199127443881,0.19165282674
IND_FUA_09562,Varanasi,ghsl_only,GHSL_g_gt_500_m2,5635,7345523,0.703912670829,7345523,0.703912670829,0.164447206465
IND_FUA_09562,Varanasi,endpoint_supported,GHSL_g_gt_500_m2,5635,7345523,0.703912670829,2159319.60608,0.206925011478,0.195151224915
IND_FUA_09562,Varanasi,preexisting_detected_screened,GHSL_g_gt_500_m2,5635,7345523,0.703912670829,6915778.99761,0.662730817815,0.157662771019
IND_FUA_09562,Varanasi,joint_supported_screened,GHSL_g_gt_500_m2,5635,7345523,0.703912670829,1943258.50564,0.186220135015,0.191015405618
IND_FUA_09562,Varanasi,ghsl_only,exclude_any_permanent_water_QA,41862,10391615,0.995816018666,10391615,0.995816018666,0.145310556971
IND_FUA_09562,Varanasi,endpoint_supported,exclude_any_permanent_water_QA,41862,10391615,0.995816018666,2431296.38453,0.232988220391,0.17490402771
IND_FUA_09562,Varanasi,preexisting_detected_screened,exclude_any_permanent_water_QA,41862,10391615,0.995816018666,9721087.23409,0.931560145998,0.142085349534
IND_FUA_09562,Varanasi,joint_supported_screened,exclude_any_permanent_water_QA,41862,10391615,0.995816018666,2104983.20954,0.201718019681,0.173360543108
IND_FUA_09562,Varanasi,ghsl_only,exclude_any_spurious_depth_QA,42037,10435276,1,10435276,1,0.172267711967
IND_FUA_09562,Varanasi,endpoint_supported,exclude_any_spurious_depth_QA,42037,10435276,1,2441970.21601,0.234011080877,0.197314997678
IND_FUA_09562,Varanasi,preexisting_detected_screened,exclude_any_spurious_depth_QA,42037,10435276,1,9756609.99529,0.934964249655,0.164763652492
IND_FUA_09562,Varanasi,joint_supported_screened,exclude_any_spurious_depth_QA,42037,10435276,1,2112978.26678,0.20248417644,0.19118715125
IND_FUA_09562,Varanasi,ghsl_only,exclude_either_QA,41862,10391615,0.995816018666,10391615,0.995816018666,0.145310556971
IND_FUA_09562,Varanasi,endpoint_supported,exclude_either_QA,41862,10391615,0.995816018666,2431296.38453,0.232988220391,0.17490402771
IND_FUA_09562,Varanasi,preexisting_detected_screened,exclude_either_QA,41862,10391615,0.995816018666,9721087.23409,0.931560145998,0.142085349534
IND_FUA_09562,Varanasi,joint_supported_screened,exclude_either_QA,41862,10391615,0.995816018666,2104983.20954,0.201718019681,0.173360543108
IND_FUA_09564,Durg,ghsl_only,GHSL_g_gt_0_m2,3674,740363,1,740363,1,0.207769945407
IND_FUA_09564,Durg,endpoint_supported,GHSL_g_gt_0_m2,3674,740363,1,203330.742307,0.274636553025,0.134453140158
IND_FUA_09564,Durg,preexisting_detected_screened,GHSL_g_gt_0_m2,3674,740363,1,535503.740982,0.723298896598,0.238120857223
IND_FUA_09564,Durg,joint_supported_screened,GHSL_g_gt_0_m2,3674,740363,1,132305.067948,0.178702971309,0.162667200342
IND_FUA_09564,Durg,ghsl_only,GHSL_g_gt_10_m2,2439,735159,0.992971015569,735159,0.992971015569,0.206848341057
IND_FUA_09564,Durg,endpoint_supported,GHSL_g_gt_10_m2,2439,735159,0.992971015569,203250.856102,0.274528651624,0.134410178404
IND_FUA_09564,Durg,preexisting_detected_screened,GHSL_g_gt_10_m2,2439,735159,0.992971015569,530865.478992,0.717034048152,0.237001773916
IND_FUA_09564,Durg,joint_supported_screened,GHSL_g_gt_10_m2,2439,735159,0.992971015569,132232.546201,0.178605017,0.162618788023
IND_FUA_09564,Durg,ghsl_only,GHSL_g_gt_50_m2,1580,713675,0.963952817739,713675,0.963952817739,0.207028107469
IND_FUA_09564,Durg,endpoint_supported,GHSL_g_gt_50_m2,1580,713675,0.963952817739,201799.577394,0.272568425751,0.133856346258
IND_FUA_09564,Durg,preexisting_detected_screened,GHSL_g_gt_50_m2,1580,713675,0.963952817739,515856.446842,0.696761516772,0.23663329087
IND_FUA_09564,Durg,joint_supported_screened,GHSL_g_gt_50_m2,1580,713675,0.963952817739,131528.6025,0.177654208138,0.161562570329
IND_FUA_09564,Durg,ghsl_only,GHSL_g_gt_100_m2,1221,687302,0.928331102446,687302,0.928331102446,0.208528751019
IND_FUA_09564,Durg,endpoint_supported,GHSL_g_gt_100_m2,1221,687302,0.928331102446,198567.225424,0.268202524199,0.135241721675
IND_FUA_09564,Durg,preexisting_detected_screened,GHSL_g_gt_100_m2,1221,687302,0.928331102446,500588.11435,0.676138751329,0.237203469931
IND_FUA_09564,Durg,joint_supported_screened,GHSL_g_gt_100_m2,1221,687302,0.928331102446,130492.682988,0.176255003273,0.162181872988
IND_FUA_09564,Durg,ghsl_only,GHSL_g_gt_500_m2,392,489809,0.661579522477,489809,0.661579522477,0.225607358443
IND_FUA_09564,Durg,endpoint_supported,GHSL_g_gt_500_m2,392,489809,0.661579522477,158250.594956,0.213747303628,0.152359875132
IND_FUA_09564,Durg,preexisting_detected_screened,GHSL_g_gt_500_m2,392,489809,0.661579522477,391400.375194,0.528660096728,0.235655208393
IND_FUA_09564,Durg,joint_supported_screened,GHSL_g_gt_500_m2,392,489809,0.661579522477,120196.361677,0.162347877564,0.163216863578
IND_FUA_09564,Durg,ghsl_only,exclude_any_permanent_water_QA,3618,729607,0.985471991442,729607,0.985471991442,0.174358313608
IND_FUA_09564,Durg,endpoint_supported,exclude_any_permanent_water_QA,3618,729607,0.985471991442,201101.717109,0.271625833691,0.116605010923
IND_FUA_09564,Durg,preexisting_detected_screened,exclude_any_permanent_water_QA,3618,729607,0.985471991442,527621.778798,0.712652818682,0.206044747597
IND_FUA_09564,Durg,joint_supported_screened,exclude_any_permanent_water_QA,3618,729607,0.985471991442,131106.077184,0.177083507933,0.147166424655
IND_FUA_09564,Durg,ghsl_only,exclude_any_spurious_depth_QA,3674,740363,1,740363,1,0.207769945407
IND_FUA_09564,Durg,endpoint_supported,exclude_any_spurious_depth_QA,3674,740363,1,203330.742307,0.274636553025,0.134453140158
IND_FUA_09564,Durg,preexisting_detected_screened,exclude_any_spurious_depth_QA,3674,740363,1,535503.740982,0.723298896598,0.238120857223
IND_FUA_09564,Durg,joint_supported_screened,exclude_any_spurious_depth_QA,3674,740363,1,132305.067948,0.178702971309,0.162667200342
IND_FUA_09564,Durg,ghsl_only,exclude_either_QA,3618,729607,0.985471991442,729607,0.985471991442,0.174358313608
IND_FUA_09564,Durg,endpoint_supported,exclude_either_QA,3618,729607,0.985471991442,201101.717109,0.271625833691,0.116605010923
IND_FUA_09564,Durg,preexisting_detected_screened,exclude_either_QA,3618,729607,0.985471991442,527621.778798,0.712652818682,0.206044747597
IND_FUA_09564,Durg,joint_supported_screened,exclude_either_QA,3618,729607,0.985471991442,131106.077184,0.177083507933,0.147166424655
IND_FUA_09570,Vellore,ghsl_only,GHSL_g_gt_0_m2,9604,1847021,1,1847021,1,0.127382350444
IND_FUA_09570,Vellore,endpoint_supported,GHSL_g_gt_0_m2,9604,1847021,1,329564.084122,0.178430068809,0.140653301472
IND_FUA_09570,Vellore,preexisting_detected_screened,GHSL_g_gt_0_m2,9604,1847021,1,1623179.30729,0.878809340712,0.12046202848
IND_FUA_09570,Vellore,joint_supported_screened,GHSL_g_gt_0_m2,9604,1847021,1,253867.809978,0.137447170323,0.132217347954
IND_FUA_09570,Vellore,ghsl_only,GHSL_g_gt_10_m2,6410,1832872,0.992339556507,1832872,0.992339556507,0.126274288342
IND_FUA_09570,Vellore,endpoint_supported,GHSL_g_gt_10_m2,6410,1832872,0.992339556507,329399.783857,0.178341114615,0.140582340085
IND_FUA_09570,Vellore,preexisting_detected_screened,GHSL_g_gt_10_m2,6410,1832872,0.992339556507,1609104.64749,0.871189145921,0.119145012375
IND_FUA_09570,Vellore,joint_supported_screened,GHSL_g_gt_10_m2,6410,1832872,0.992339556507,253706.74929,0.137359970076,0.132125544259
IND_FUA_09570,Vellore,ghsl_only,GHSL_g_gt_50_m2,3971,1770978,0.95882937985,1770978,0.95882937985,0.123783817251
IND_FUA_09570,Vellore,endpoint_supported,GHSL_g_gt_50_m2,3971,1770978,0.95882937985,326421.993063,0.176728901871,0.13933134848
IND_FUA_09570,Vellore,preexisting_detected_screened,GHSL_g_gt_50_m2,3971,1770978,0.95882937985,1548819.74413,0.838550154077,0.116355131501
IND_FUA_09570,Vellore,joint_supported_screened,GHSL_g_gt_50_m2,3971,1770978,0.95882937985,251012.686032,0.135901370928,0.130743711723
IND_FUA_09570,Vellore,ghsl_only,GHSL_g_gt_100_m2,3052,1704746,0.922970556372,1704746,0.922970556372,0.121970163581
IND_FUA_09570,Vellore,endpoint_supported,GHSL_g_gt_100_m2,3052,1704746,0.922970556372,321088.843804,0.173841468941,0.138006603663
IND_FUA_09570,Vellore,preexisting_detected_screened,GHSL_g_gt_100_m2,3052,1704746,0.922970556372,1487383.42727,0.805287772729,0.114282076607
IND_FUA_09570,Vellore,joint_supported_screened,GHSL_g_gt_100_m2,3052,1704746,0.922970556372,247134.13697,0.133801476524,0.129412986596
IND_FUA_09570,Vellore,ghsl_only,GHSL_g_gt_500_m2,1104,1230324,0.666112621351,1230324,0.666112621351,0.116678315732
IND_FUA_09570,Vellore,endpoint_supported,GHSL_g_gt_500_m2,1104,1230324,0.666112621351,272283.170888,0.147417474348,0.129300591775
IND_FUA_09570,Vellore,preexisting_detected_screened,GHSL_g_gt_500_m2,1104,1230324,0.666112621351,1078467.03692,0.583895384468,0.110309245936
IND_FUA_09570,Vellore,joint_supported_screened,GHSL_g_gt_500_m2,1104,1230324,0.666112621351,221124.902105,0.119719755274,0.125827891862
IND_FUA_09570,Vellore,ghsl_only,exclude_any_permanent_water_QA,9587,1843891,0.998305379311,1843891,0.998305379311,0.125331717668
IND_FUA_09570,Vellore,endpoint_supported,exclude_any_permanent_water_QA,9587,1843891,0.998305379311,328898.807065,0.178069879587,0.138887950889
IND_FUA_09570,Vellore,preexisting_detected_screened,exclude_any_permanent_water_QA,9587,1843891,0.998305379311,1620611.51377,0.877419105558,0.118427661806
IND_FUA_09570,Vellore,joint_supported_screened,exclude_any_permanent_water_QA,9587,1843891,0.998305379311,253476.455215,0.137235286017,0.130846987141
IND_FUA_09570,Vellore,ghsl_only,exclude_any_spurious_depth_QA,9604,1847021,1,1847021,1,0.127382350444
IND_FUA_09570,Vellore,endpoint_supported,exclude_any_spurious_depth_QA,9604,1847021,1,329564.084122,0.178430068809,0.140653301472
IND_FUA_09570,Vellore,preexisting_detected_screened,exclude_any_spurious_depth_QA,9604,1847021,1,1623179.30729,0.878809340712,0.12046202848
IND_FUA_09570,Vellore,joint_supported_screened,exclude_any_spurious_depth_QA,9604,1847021,1,253867.809978,0.137447170323,0.132217347954
IND_FUA_09570,Vellore,ghsl_only,exclude_either_QA,9587,1843891,0.998305379311,1843891,0.998305379311,0.125331717668
IND_FUA_09570,Vellore,endpoint_supported,exclude_either_QA,9587,1843891,0.998305379311,328898.807065,0.178069879587,0.138887950889
IND_FUA_09570,Vellore,preexisting_detected_screened,exclude_either_QA,9587,1843891,0.998305379311,1620611.51377,0.877419105558,0.118427661806
IND_FUA_09570,Vellore,joint_supported_screened,exclude_either_QA,9587,1843891,0.998305379311,253476.455215,0.137235286017,0.130846987141
IND_FUA_09620,Raipur,ghsl_only,GHSL_g_gt_0_m2,8514,3038998,1,3038998,1,0.0900126388422
IND_FUA_09620,Raipur,endpoint_supported,GHSL_g_gt_0_m2,8514,3038998,1,889296.734919,0.292628272516,0.0529322897039
IND_FUA_09620,Raipur,preexisting_detected_screened,GHSL_g_gt_0_m2,8514,3038998,1,2420274.62741,0.796405468977,0.103174504246
IND_FUA_09620,Raipur,joint_supported_screened,GHSL_g_gt_0_m2,8514,3038998,1,681520.871471,0.224258413948,0.0618338457992
IND_FUA_09620,Raipur,ghsl_only,GHSL_g_gt_10_m2,6314,3029899,0.997005921031,3029899,0.997005921031,0.0897734972519
IND_FUA_09620,Raipur,endpoint_supported,GHSL_g_gt_10_m2,6314,3029899,0.997005921031,889168.191989,0.292585974716,0.0529259118492
IND_FUA_09620,Raipur,preexisting_detected_screened,GHSL_g_gt_10_m2,6314,3029899,0.997005921031,2411952.23085,0.793666935894,0.102913361834
IND_FUA_09620,Raipur,joint_supported_screened,GHSL_g_gt_10_m2,6314,3029899,0.997005921031,681414.829804,0.224223520319,0.0618254753748
IND_FUA_09620,Raipur,ghsl_only,GHSL_g_gt_50_m2,4636,2985691,0.982459021033,2985691,0.982459021033,0.0892279285628
IND_FUA_09620,Raipur,endpoint_supported,GHSL_g_gt_50_m2,4636,2985691,0.982459021033,886183.160191,0.291603732609,0.0527549974901
IND_FUA_09620,Raipur,preexisting_detected_screened,GHSL_g_gt_50_m2,4636,2985691,0.982459021033,2377888.48392,0.78245806148,0.102334954192
IND_FUA_09620,Raipur,joint_supported_screened,GHSL_g_gt_50_m2,4636,2985691,0.982459021033,679849.766089,0.223708526984,0.0616847075922
IND_FUA_09620,Raipur,ghsl_only,GHSL_g_gt_100_m2,3839,2927715,0.963381680409,2927715,0.963381680409,0.0890573475914
IND_FUA_09620,Raipur,endpoint_supported,GHSL_g_gt_100_m2,3839,2927715,0.963381680409,880001.373195,0.289569579577,0.0527792130516
IND_FUA_09620,Raipur,preexisting_detected_screened,GHSL_g_gt_100_m2,3839,2927715,0.963381680409,2340293.21501,0.770087119178,0.102005676959
IND_FUA_09620,Raipur,joint_supported_screened,GHSL_g_gt_100_m2,3839,2927715,0.963381680409,677794.684451,0.223032290397,0.0616311703368
IND_FUA_09620,Raipur,ghsl_only,GHSL_g_gt_500_m2,1682,2390400,0.78657504875,2390400,0.78657504875,0.0864258930477
IND_FUA_09620,Raipur,endpoint_supported,GHSL_g_gt_500_m2,1682,2390400,0.78657504875,789331.761029,0.259734215366,0.0532613780868
IND_FUA_09620,Raipur,preexisting_detected_screened,GHSL_g_gt_500_m2,1682,2390400,0.78657504875,2000683.44001,0.658336543824,0.0964196234182
IND_FUA_09620,Raipur,joint_supported_screened,GHSL_g_gt_500_m2,1682,2390400,0.78657504875,649550.596831,0.213738408788,0.0597616519695
IND_FUA_09620,Raipur,ghsl_only,exclude_any_permanent_water_QA,8403,3017355,0.992878244737,3017355,0.992878244737,0.077221683718
IND_FUA_09620,Raipur,endpoint_supported,exclude_any_permanent_water_QA,8403,3017355,0.992878244737,887300.526979,0.291971408661,0.0507220575728
IND_FUA_09620,Raipur,preexisting_detected_screened,exclude_any_permanent_water_QA,8403,3017355,0.992878244737,2402448.61834,0.79053971682,0.0890881355683
IND_FUA_09620,Raipur,joint_supported_screened,exclude_any_permanent_water_QA,8403,3017355,0.992878244737,680608.890859,0.223958321413,0.0604730269675
IND_FUA_09620,Raipur,ghsl_only,exclude_any_spurious_depth_QA,8514,3038998,1,3038998,1,0.0900126388422
IND_FUA_09620,Raipur,endpoint_supported,exclude_any_spurious_depth_QA,8514,3038998,1,889296.734919,0.292628272516,0.0529322897039
IND_FUA_09620,Raipur,preexisting_detected_screened,exclude_any_spurious_depth_QA,8514,3038998,1,2420274.62741,0.796405468977,0.103174504246
IND_FUA_09620,Raipur,joint_supported_screened,exclude_any_spurious_depth_QA,8514,3038998,1,681520.871471,0.224258413948,0.0618338457992
IND_FUA_09620,Raipur,ghsl_only,exclude_either_QA,8403,3017355,0.992878244737,3017355,0.992878244737,0.077221683718
IND_FUA_09620,Raipur,endpoint_supported,exclude_either_QA,8403,3017355,0.992878244737,887300.526979,0.291971408661,0.0507220575728
IND_FUA_09620,Raipur,preexisting_detected_screened,exclude_either_QA,8403,3017355,0.992878244737,2402448.61834,0.79053971682,0.0890881355683
IND_FUA_09620,Raipur,joint_supported_screened,exclude_either_QA,8403,3017355,0.992878244737,680608.890859,0.223958321413,0.0604730269675
IND_FUA_09710,Bilaspur,ghsl_only,GHSL_g_gt_0_m2,5589,1698534,1,1698534,1,0.0520772557796
IND_FUA_09710,Bilaspur,endpoint_supported,GHSL_g_gt_0_m2,5589,1698534,1,430240.303216,0.253300966136,0.0339751564799
IND_FUA_09710,Bilaspur,preexisting_detected_screened,GHSL_g_gt_0_m2,5589,1698534,1,1534475.29499,0.903411586103,0.0519064325298
IND_FUA_09710,Bilaspur,joint_supported_screened,GHSL_g_gt_0_m2,5589,1698534,1,370964.427958,0.218402709606,0.0298417109035
IND_FUA_09710,Bilaspur,ghsl_only,GHSL_g_gt_10_m2,3988,1691778,0.996022452303,1691778,0.996022452303,0.0513850618164
IND_FUA_09710,Bilaspur,endpoint_supported,GHSL_g_gt_10_m2,3988,1691778,0.996022452303,430141.877818,0.253243018873,0.0339525172138
IND_FUA_09710,Bilaspur,preexisting_detected_screened,GHSL_g_gt_10_m2,3988,1691778,0.996022452303,1527804.05332,0.899483939281,0.051152465068
IND_FUA_09710,Bilaspur,joint_supported_screened,GHSL_g_gt_10_m2,3988,1691778,0.996022452303,370868.401852,0.218346174909,0.0298148057447
IND_FUA_09710,Bilaspur,ghsl_only,GHSL_g_gt_50_m2,2769,1660867,0.97782381748,1660867,0.97782381748,0.0502570052014
IND_FUA_09710,Bilaspur,endpoint_supported,GHSL_g_gt_50_m2,2769,1660867,0.97782381748,428331.26012,0.25217703038,0.0338559642609
IND_FUA_09710,Bilaspur,preexisting_detected_screened,GHSL_g_gt_50_m2,2769,1660867,0.97782381748,1498318.1958,0.882124347115,0.0499534207692
IND_FUA_09710,Bilaspur,joint_supported_screened,GHSL_g_gt_50_m2,2769,1660867,0.97782381748,369378.008049,0.217468715992,0.0296594711917
IND_FUA_09710,Bilaspur,ghsl_only,GHSL_g_gt_100_m2,2253,1623028,0.955546371165,1623028,0.955546371165,0.0494371773376
IND_FUA_09710,Bilaspur,endpoint_supported,GHSL_g_gt_100_m2,2253,1623028,0.955546371165,424823.491927,0.250111856417,0.0335812466339
IND_FUA_09710,Bilaspur,preexisting_detected_screened,GHSL_g_gt_100_m2,2253,1623028,0.955546371165,1464245.73199,0.862064422606,0.0491582820606
IND_FUA_09710,Bilaspur,joint_supported_screened,GHSL_g_gt_100_m2,2253,1623028,0.955546371165,367048.75009,0.216097381677,0.029744247161
IND_FUA_09710,Bilaspur,ghsl_only,GHSL_g_gt_500_m2,929,1300535,0.76568087539,1300535,0.76568087539,0.0400739442277
IND_FUA_09710,Bilaspur,endpoint_supported,GHSL_g_gt_500_m2,929,1300535,0.76568087539,385512.768637,0.226967943319,0.0326973876277
IND_FUA_09710,Bilaspur,preexisting_detected_screened,GHSL_g_gt_500_m2,929,1300535,0.76568087539,1191856.20459,0.701696995519,0.0387990343533
IND_FUA_09710,Bilaspur,joint_supported_screened,GHSL_g_gt_500_m2,929,1300535,0.76568087539,347630.633465,0.204665101473,0.0286366910441
IND_FUA_09710,Bilaspur,ghsl_only,exclude_any_permanent_water_QA,5529,1691462,0.995836409515,1691462,0.995836409515,0.0448684613875
IND_FUA_09710,Bilaspur,endpoint_supported,exclude_any_permanent_water_QA,5529,1691462,0.995836409515,429950.182771,0.253130159756,0.0329345810476
IND_FUA_09710,Bilaspur,preexisting_detected_screened,exclude_any_permanent_water_QA,5529,1691462,0.995836409515,1528925.60452,0.900144244695,0.0453237989933
IND_FUA_09710,Bilaspur,joint_supported_screened,exclude_any_permanent_water_QA,5529,1691462,0.995836409515,370809.088572,0.21831125463,0.0292184016208
IND_FUA_09710,Bilaspur,ghsl_only,exclude_any_spurious_depth_QA,5589,1698534,1,1698534,1,0.0520772557796
IND_FUA_09710,Bilaspur,endpoint_supported,exclude_any_spurious_depth_QA,5589,1698534,1,430240.303216,0.253300966136,0.0339751564799
IND_FUA_09710,Bilaspur,preexisting_detected_screened,exclude_any_spurious_depth_QA,5589,1698534,1,1534475.29499,0.903411586103,0.0519064325298
IND_FUA_09710,Bilaspur,joint_supported_screened,exclude_any_spurious_depth_QA,5589,1698534,1,370964.427958,0.218402709606,0.0298417109035
IND_FUA_09710,Bilaspur,ghsl_only,exclude_either_QA,5529,1691462,0.995836409515,1691462,0.995836409515,0.0448684613875
IND_FUA_09710,Bilaspur,endpoint_supported,exclude_either_QA,5529,1691462,0.995836409515,429950.182771,0.253130159756,0.0329345810476
IND_FUA_09710,Bilaspur,preexisting_detected_screened,exclude_either_QA,5529,1691462,0.995836409515,1528925.60452,0.900144244695,0.0453237989933
IND_FUA_09710,Bilaspur,joint_supported_screened,exclude_either_QA,5529,1691462,0.995836409515,370809.088572,0.21831125463,0.0292184016208
IND_FUA_09782,Kuchai Kot,ghsl_only,GHSL_g_gt_0_m2,18289,4379570,1,4379570,1,0.165672418823
IND_FUA_09782,Kuchai Kot,endpoint_supported,GHSL_g_gt_0_m2,18289,4379570,1,1030864.93806,0.235380399915,0.122434285816
IND_FUA_09782,Kuchai Kot,preexisting_detected_screened,GHSL_g_gt_0_m2,18289,4379570,1,4312443.12182,0.984672723994,0.167385483454
IND_FUA_09782,Kuchai Kot,joint_supported_screened,GHSL_g_gt_0_m2,18289,4379570,1,996293.248668,0.227486545179,0.125411223188
IND_FUA_09782,Kuchai Kot,ghsl_only,GHSL_g_gt_10_m2,12896,4356053,0.994630294755,4356053,0.994630294755,0.164867374851
IND_FUA_09782,Kuchai Kot,endpoint_supported,GHSL_g_gt_10_m2,12896,4356053,0.994630294755,1030404.09826,0.23527517502,0.122361655689
IND_FUA_09782,Kuchai Kot,preexisting_detected_screened,GHSL_g_gt_10_m2,12896,4356053,0.994630294755,4288934.08008,0.979304835881,0.166577611153
IND_FUA_09782,Kuchai Kot,joint_supported_screened,GHSL_g_gt_10_m2,12896,4356053,0.994630294755,995832.622929,0.227381369159,0.125337455239
IND_FUA_09782,Kuchai Kot,ghsl_only,GHSL_g_gt_50_m2,8192,4234806,0.966945613382,4234806,0.966945613382,0.16276066953
IND_FUA_09782,Kuchai Kot,endpoint_supported,GHSL_g_gt_50_m2,8192,4234806,0.966945613382,1022759.16141,0.233529584276,0.121416094762
IND_FUA_09782,Kuchai Kot,preexisting_detected_screened,GHSL_g_gt_50_m2,8192,4234806,0.966945613382,4167890.01177,0.951666490494,0.164493022949
IND_FUA_09782,Kuchai Kot,joint_supported_screened,GHSL_g_gt_50_m2,8192,4234806,0.966945613382,988257.641795,0.225651751609,0.124384595143
IND_FUA_09782,Kuchai Kot,ghsl_only,GHSL_g_gt_100_m2,6127,4084062,0.932525795911,4084062,0.932525795911,0.160513309359
IND_FUA_09782,Kuchai Kot,endpoint_supported,GHSL_g_gt_100_m2,6127,4084062,0.932525795911,1009279.05628,0.230451632531,0.120101669202
IND_FUA_09782,Kuchai Kot,preexisting_detected_screened,GHSL_g_gt_100_m2,6127,4084062,0.932525795911,4018122.70974,0.91746968532,0.162260037541
IND_FUA_09782,Kuchai Kot,joint_supported_screened,GHSL_g_gt_100_m2,6127,4084062,0.932525795911,975112.391657,0.22265025828,0.123055269653
IND_FUA_09782,Kuchai Kot,ghsl_only,GHSL_g_gt_500_m2,2242,3205928,0.732018896832,3205928,0.732018896832,0.151048585477
IND_FUA_09782,Kuchai Kot,endpoint_supported,GHSL_g_gt_500_m2,2242,3205928,0.732018896832,924863.607787,0.211176806807,0.116356175208
IND_FUA_09782,Kuchai Kot,preexisting_detected_screened,GHSL_g_gt_500_m2,2242,3205928,0.732018896832,3151921.95278,0.719687538452,0.153171846235
IND_FUA_09782,Kuchai Kot,joint_supported_screened,GHSL_g_gt_500_m2,2242,3205928,0.732018896832,896163.769463,0.204623688961,0.119403068242
IND_FUA_09782,Kuchai Kot,ghsl_only,exclude_any_permanent_water_QA,18253,4375055,0.998969076873,4375055,0.998969076873,0.164398362783
IND_FUA_09782,Kuchai Kot,endpoint_supported,exclude_any_permanent_water_QA,18253,4375055,0.998969076873,1030318.9232,0.23525572675,0.121834369092
IND_FUA_09782,Kuchai Kot,preexisting_detected_screened,exclude_any_permanent_water_QA,18253,4375055,0.998969076873,4307933.82075,0.983643102119,0.166096387956
IND_FUA_09782,Kuchai Kot,joint_supported_screened,exclude_any_permanent_water_QA,18253,4375055,0.998969076873,995747.398514,0.22736190962,0.124792494279
IND_FUA_09782,Kuchai Kot,ghsl_only,exclude_any_spurious_depth_QA,18289,4379570,1,4379570,1,0.165672418823
IND_FUA_09782,Kuchai Kot,endpoint_supported,exclude_any_spurious_depth_QA,18289,4379570,1,1030864.93806,0.235380399915,0.122434285816
IND_FUA_09782,Kuchai Kot,preexisting_detected_screened,exclude_any_spurious_depth_QA,18289,4379570,1,4312443.12182,0.984672723994,0.167385483454
IND_FUA_09782,Kuchai Kot,joint_supported_screened,exclude_any_spurious_depth_QA,18289,4379570,1,996293.248668,0.227486545179,0.125411223188
IND_FUA_09782,Kuchai Kot,ghsl_only,exclude_either_QA,18253,4375055,0.998969076873,4375055,0.998969076873,0.164398362783
IND_FUA_09782,Kuchai Kot,endpoint_supported,exclude_either_QA,18253,4375055,0.998969076873,1030318.9232,0.23525572675,0.121834369092
IND_FUA_09782,Kuchai Kot,preexisting_detected_screened,exclude_either_QA,18253,4375055,0.998969076873,4307933.82075,0.983643102119,0.166096387956
IND_FUA_09782,Kuchai Kot,joint_supported_screened,exclude_either_QA,18253,4375055,0.998969076873,995747.398514,0.22736190962,0.124792494279
IND_FUA_09794,Vijayawada,ghsl_only,GHSL_g_gt_0_m2,5007,2767238,1,2767238,1,1.0889544976
IND_FUA_09794,Vijayawada,endpoint_supported,GHSL_g_gt_0_m2,5007,2767238,1,958002.527525,0.346194482558,0.938935935713
IND_FUA_09794,Vijayawada,preexisting_detected_screened,GHSL_g_gt_0_m2,5007,2767238,1,2385401.06637,0.862015145198,1.10993682035
IND_FUA_09794,Vijayawada,joint_supported_screened,GHSL_g_gt_0_m2,5007,2767238,1,796996.577711,0.288011576059,0.943808467266
IND_FUA_09794,Vijayawada,ghsl_only,GHSL_g_gt_10_m2,3920,2762421,0.998259275133,2762421,0.998259275133,1.08851154088
IND_FUA_09794,Vijayawada,endpoint_supported,GHSL_g_gt_10_m2,3920,2762421,0.998259275133,957930.200833,0.346168345778,0.938911054653
IND_FUA_09794,Vijayawada,preexisting_detected_screened,GHSL_g_gt_10_m2,3920,2762421,0.998259275133,2380669.86983,0.860305427228,1.1094606128
IND_FUA_09794,Vijayawada,joint_supported_screened,GHSL_g_gt_10_m2,3920,2762421,0.998259275133,796926.504212,0.287986253518,0.943777950907
IND_FUA_09794,Vijayawada,ghsl_only,GHSL_g_gt_50_m2,3066,2740021,0.990164561198,2740021,0.990164561198,1.08658081132
IND_FUA_09794,Vijayawada,endpoint_supported,GHSL_g_gt_50_m2,3066,2740021,0.990164561198,956327.723073,0.345589256534,0.938722966204
IND_FUA_09794,Vijayawada,preexisting_detected_screened,GHSL_g_gt_50_m2,3066,2740021,0.990164561198,2361187.72969,0.853265143688,1.10702238571
IND_FUA_09794,Vijayawada,joint_supported_screened,GHSL_g_gt_50_m2,3066,2740021,0.990164561198,795967.155941,0.287639572722,0.943418796972
IND_FUA_09794,Vijayawada,ghsl_only,GHSL_g_gt_100_m2,2655,2710398,0.97945966339,2710398,0.97945966339,1.08396819494
IND_FUA_09794,Vijayawada,endpoint_supported,GHSL_g_gt_100_m2,2655,2710398,0.97945966339,952284.039877,0.344127986056,0.939235723983
IND_FUA_09794,Vijayawada,preexisting_detected_screened,GHSL_g_gt_100_m2,2655,2710398,0.97945966339,2340086.90649,0.845639914778,1.10390539712
IND_FUA_09794,Vijayawada,joint_supported_screened,GHSL_g_gt_100_m2,2655,2710398,0.97945966339,794298.843078,0.287036692571,0.943436400542
IND_FUA_09794,Vijayawada,ghsl_only,GHSL_g_gt_500_m2,1419,2396082,0.865874926551,2396082,0.865874926551,1.08658856465
IND_FUA_09794,Vijayawada,endpoint_supported,GHSL_g_gt_500_m2,1419,2396082,0.865874926551,883282.872329,0.319192954249,0.947617234994
IND_FUA_09794,Vijayawada,preexisting_detected_screened,GHSL_g_gt_500_m2,1419,2396082,0.865874926551,2141747.29091,0.773965698255,1.09684902261
IND_FUA_09794,Vijayawada,joint_supported_screened,GHSL_g_gt_500_m2,1419,2396082,0.865874926551,771965.125518,0.278965931199,0.944087492234
IND_FUA_09794,Vijayawada,ghsl_only,exclude_any_permanent_water_QA,4954,2756863,0.996250774238,2756863,0.996250774238,1.07573297989
IND_FUA_09794,Vijayawada,endpoint_supported,exclude_any_permanent_water_QA,4954,2756863,0.996250774238,955855.470737,0.345418598161,0.933244297717
IND_FUA_09794,Vijayawada,preexisting_detected_screened,exclude_any_permanent_water_QA,4954,2756863,0.996250774238,2376807.95106,0.858909841172,1.09609923777
IND_FUA_09794,Vijayawada,joint_supported_screened,exclude_any_permanent_water_QA,4954,2756863,0.996250774238,795432.656115,0.287446419901,0.938316942471
IND_FUA_09794,Vijayawada,ghsl_only,exclude_any_spurious_depth_QA,5007,2767238,1,2767238,1,1.0889544976
IND_FUA_09794,Vijayawada,endpoint_supported,exclude_any_spurious_depth_QA,5007,2767238,1,958002.527525,0.346194482558,0.938935935713
IND_FUA_09794,Vijayawada,preexisting_detected_screened,exclude_any_spurious_depth_QA,5007,2767238,1,2385401.06637,0.862015145198,1.10993682035
IND_FUA_09794,Vijayawada,joint_supported_screened,exclude_any_spurious_depth_QA,5007,2767238,1,796996.577711,0.288011576059,0.943808467266
IND_FUA_09794,Vijayawada,ghsl_only,exclude_either_QA,4954,2756863,0.996250774238,2756863,0.996250774238,1.07573297989
IND_FUA_09794,Vijayawada,endpoint_supported,exclude_either_QA,4954,2756863,0.996250774238,955855.470737,0.345418598161,0.933244297717
IND_FUA_09794,Vijayawada,preexisting_detected_screened,exclude_either_QA,4954,2756863,0.996250774238,2376807.95106,0.858909841172,1.09609923777
IND_FUA_09794,Vijayawada,joint_supported_screened,exclude_either_QA,4954,2756863,0.996250774238,795432.656115,0.287446419901,0.938316942471
IND_FUA_09834,Puducherry,ghsl_only,GHSL_g_gt_0_m2,3585,611885,1,611885,1,0.608600238062
IND_FUA_09834,Puducherry,endpoint_supported,GHSL_g_gt_0_m2,3585,611885,1,135387.552025,0.221263067447,0.474674059148
IND_FUA_09834,Puducherry,preexisting_detected_screened,GHSL_g_gt_0_m2,3585,611885,1,477302.98458,0.780053416214,0.639266914917
IND_FUA_09834,Puducherry,joint_supported_screened,GHSL_g_gt_0_m2,3585,611885,1,90516.471629,0.147930528823,0.484074214936
IND_FUA_09834,Puducherry,ghsl_only,GHSL_g_gt_10_m2,2088,605564,0.989669627463,605564,0.989669627463,0.607926372624
IND_FUA_09834,Puducherry,endpoint_supported,GHSL_g_gt_10_m2,2088,605564,0.989669627463,135274.683778,0.221078607546,0.474657778733
IND_FUA_09834,Puducherry,preexisting_detected_screened,GHSL_g_gt_10_m2,2088,605564,0.989669627463,471036.018675,0.769811351276,0.638881999811
IND_FUA_09834,Puducherry,joint_supported_screened,GHSL_g_gt_10_m2,2088,605564,0.989669627463,90404.4980779,0.147747531118,0.484067948565
IND_FUA_09834,Puducherry,ghsl_only,GHSL_g_gt_50_m2,1119,581253,0.949938305401,581253,0.949938305401,0.60831995959
IND_FUA_09834,Puducherry,endpoint_supported,GHSL_g_gt_50_m2,1119,581253,0.949938305401,133968.448082,0.218943834351,0.474253503367
IND_FUA_09834,Puducherry,preexisting_detected_screened,GHSL_g_gt_50_m2,1119,581253,0.949938305401,447397.856985,0.731179644844,0.640742398351
IND_FUA_09834,Puducherry,joint_supported_screened,GHSL_g_gt_50_m2,1119,581253,0.949938305401,89178.7789278,0.145744345633,0.483386940874
IND_FUA_09834,Puducherry,ghsl_only,GHSL_g_gt_100_m2,851,562126,0.918679163568,562126,0.918679163568,0.610300260992
IND_FUA_09834,Puducherry,endpoint_supported,GHSL_g_gt_100_m2,851,562126,0.918679163568,131717.52856,0.215265170025,0.473405957116
IND_FUA_09834,Puducherry,preexisting_detected_screened,GHSL_g_gt_100_m2,851,562126,0.918679163568,429524.286387,0.701968975194,0.645141390732
IND_FUA_09834,Puducherry,joint_supported_screened,GHSL_g_gt_100_m2,851,562126,0.918679163568,87207.1224821,0.142522079283,0.484283281658
IND_FUA_09834,Puducherry,ghsl_only,GHSL_g_gt_500_m2,337,438576,0.716762136676,438576,0.716762136676,0.593589476994
IND_FUA_09834,Puducherry,endpoint_supported,GHSL_g_gt_500_m2,337,438576,0.716762136676,116339.087758,0.190132276094,0.476759182561
IND_FUA_09834,Puducherry,preexisting_detected_screened,GHSL_g_gt_500_m2,337,438576,0.716762136676,331081.111704,0.541083882925,0.618345853121
IND_FUA_09834,Puducherry,joint_supported_screened,GHSL_g_gt_500_m2,337,438576,0.716762136676,79781.8126601,0.130386939801,0.470334350392
IND_FUA_09834,Puducherry,ghsl_only,exclude_any_permanent_water_QA,3570,608254,0.994065878392,608254,0.994065878392,0.585580828829
IND_FUA_09834,Puducherry,endpoint_supported,exclude_any_permanent_water_QA,3570,608254,0.994065878392,135060.939388,0.220729286366,0.466166938775
IND_FUA_09834,Puducherry,preexisting_detected_screened,exclude_any_permanent_water_QA,3570,608254,0.994065878392,474264.912364,0.775088312941,0.612991973757
IND_FUA_09834,Puducherry,joint_supported_screened,exclude_any_permanent_water_QA,3570,608254,0.994065878392,90237.0250337,0.147473830922,0.47192998064
IND_FUA_09834,Puducherry,ghsl_only,exclude_any_spurious_depth_QA,3585,611885,1,611885,1,0.608600238062
IND_FUA_09834,Puducherry,endpoint_supported,exclude_any_spurious_depth_QA,3585,611885,1,135387.552025,0.221263067447,0.474674059148
IND_FUA_09834,Puducherry,preexisting_detected_screened,exclude_any_spurious_depth_QA,3585,611885,1,477302.98458,0.780053416214,0.639266914917
IND_FUA_09834,Puducherry,joint_supported_screened,exclude_any_spurious_depth_QA,3585,611885,1,90516.471629,0.147930528823,0.484074214936
IND_FUA_09834,Puducherry,ghsl_only,exclude_either_QA,3570,608254,0.994065878392,608254,0.994065878392,0.585580828829
IND_FUA_09834,Puducherry,endpoint_supported,exclude_either_QA,3570,608254,0.994065878392,135060.939388,0.220729286366,0.466166938775
IND_FUA_09834,Puducherry,preexisting_detected_screened,exclude_either_QA,3570,608254,0.994065878392,474264.912364,0.775088312941,0.612991973757
IND_FUA_09834,Puducherry,joint_supported_screened,exclude_either_QA,3570,608254,0.994065878392,90237.0250337,0.147473830922,0.47192998064
IND_FUA_09850,Chennai,ghsl_only,GHSL_g_gt_0_m2,26665,9614438,1,9614438,1,0.544793613851
IND_FUA_09850,Chennai,endpoint_supported,GHSL_g_gt_0_m2,26665,9614438,1,3100695.61498,0.322504093841,0.588077958061
IND_FUA_09850,Chennai,preexisting_detected_screened,GHSL_g_gt_0_m2,26665,9614438,1,6646936.62231,0.691349470693,0.554322677949
IND_FUA_09850,Chennai,joint_supported_screened,GHSL_g_gt_0_m2,26665,9614438,1,2030567.37962,0.211199799678,0.615498909896
IND_FUA_09850,Chennai,ghsl_only,GHSL_g_gt_10_m2,18273,9581016,0.996523769772,9581016,0.996523769772,0.545137093029
IND_FUA_09850,Chennai,endpoint_supported,GHSL_g_gt_10_m2,18273,9581016,0.996523769772,3099649.9411,0.32239533305,0.588135417954
IND_FUA_09850,Chennai,preexisting_detected_screened,GHSL_g_gt_10_m2,18273,9581016,0.996523769772,6614456.19364,0.687971173524,0.554947283195
IND_FUA_09850,Chennai,joint_supported_screened,GHSL_g_gt_10_m2,18273,9581016,0.996523769772,2029551.27489,0.211094114381,0.615619019264
IND_FUA_09850,Chennai,ghsl_only,GHSL_g_gt_50_m2,12931,9443979,0.982270518568,9443979,0.982270518568,0.546443276182
IND_FUA_09850,Chennai,endpoint_supported,GHSL_g_gt_50_m2,12931,9443979,0.982270518568,3090451.48937,0.321438599881,0.588444465824
IND_FUA_09850,Chennai,preexisting_detected_screened,GHSL_g_gt_50_m2,12931,9443979,0.982270518568,6491258.2307,0.675157323881,0.557622679533
IND_FUA_09850,Chennai,joint_supported_screened,GHSL_g_gt_50_m2,12931,9443979,0.982270518568,2022563.27111,0.210367290434,0.616267563893
IND_FUA_09850,Chennai,ghsl_only,GHSL_g_gt_100_m2,10551,9271124,0.964291828602,9271124,0.964291828602,0.547095542794
IND_FUA_09850,Chennai,endpoint_supported,GHSL_g_gt_100_m2,10551,9271124,0.964291828602,3068936.65755,0.319200837069,0.588928492316
IND_FUA_09850,Chennai,preexisting_detected_screened,GHSL_g_gt_100_m2,10551,9271124,0.964291828602,6357114.02805,0.661204953223,0.560172832478
IND_FUA_09850,Chennai,joint_supported_screened,GHSL_g_gt_100_m2,10551,9271124,0.964291828602,2009984.00847,0.209058918313,0.617503577265
IND_FUA_09850,Chennai,ghsl_only,GHSL_g_gt_500_m2,5343,7957964,0.827709742369,7957964,0.827709742369,0.538850077803
IND_FUA_09850,Chennai,endpoint_supported,GHSL_g_gt_500_m2,5343,7957964,0.827709742369,2808855.89962,0.292149775122,0.583051754314
IND_FUA_09850,Chennai,preexisting_detected_screened,GHSL_g_gt_500_m2,5343,7957964,0.827709742369,5536783.62914,0.575882191881,0.562798814181
IND_FUA_09850,Chennai,joint_supported_screened,GHSL_g_gt_500_m2,5343,7957964,0.827709742369,1920333.9344,0.199734392629,0.61744622903
IND_FUA_09850,Chennai,ghsl_only,exclude_any_permanent_water_QA,26321,9531859,0.991410938424,9531859,0.991410938424,0.531170242582
IND_FUA_09850,Chennai,endpoint_supported,exclude_any_permanent_water_QA,26321,9531859,0.991410938424,3079432.10896,0.320292471485,0.577067625851
IND_FUA_09850,Chennai,preexisting_detected_screened,exclude_any_permanent_water_QA,26321,9531859,0.991410938424,6581697.69774,0.684563954517,0.541349394515
IND_FUA_09850,Chennai,joint_supported_screened,exclude_any_permanent_water_QA,26321,9531859,0.991410938424,2013850.54649,0.209461077859,0.605063426365
IND_FUA_09850,Chennai,ghsl_only,exclude_any_spurious_depth_QA,26665,9614438,1,9614438,1,0.544793613851
IND_FUA_09850,Chennai,endpoint_supported,exclude_any_spurious_depth_QA,26665,9614438,1,3100695.61498,0.322504093841,0.588077958061
IND_FUA_09850,Chennai,preexisting_detected_screened,exclude_any_spurious_depth_QA,26665,9614438,1,6646936.62231,0.691349470693,0.554322677949
IND_FUA_09850,Chennai,joint_supported_screened,exclude_any_spurious_depth_QA,26665,9614438,1,2030567.37962,0.211199799678,0.615498909896
IND_FUA_09850,Chennai,ghsl_only,exclude_either_QA,26321,9531859,0.991410938424,9531859,0.991410938424,0.531170242582
IND_FUA_09850,Chennai,endpoint_supported,exclude_either_QA,26321,9531859,0.991410938424,3079432.10896,0.320292471485,0.577067625851
IND_FUA_09850,Chennai,preexisting_detected_screened,exclude_either_QA,26321,9531859,0.991410938424,6581697.69774,0.684563954517,0.541349394515
IND_FUA_09850,Chennai,joint_supported_screened,exclude_either_QA,26321,9531859,0.991410938424,2013850.54649,0.209461077859,0.605063426365
IND_FUA_10007,Muzaffarpur,ghsl_only,GHSL_g_gt_0_m2,17264,4557955,1,4557955,1,0.569568380655
IND_FUA_10007,Muzaffarpur,endpoint_supported,GHSL_g_gt_0_m2,17264,4557955,1,941040.155697,0.206461045731,0.464552492882
IND_FUA_10007,Muzaffarpur,preexisting_detected_screened,GHSL_g_gt_0_m2,17264,4557955,1,4463616.45993,0.979302441541,0.570492511424
IND_FUA_10007,Muzaffarpur,joint_supported_screened,GHSL_g_gt_0_m2,17264,4557955,1,906736.504671,0.198934940049,0.464451859107
IND_FUA_10007,Muzaffarpur,ghsl_only,GHSL_g_gt_10_m2,12793,4538345,0.995697631942,4538345,0.995697631942,0.568391558933
IND_FUA_10007,Muzaffarpur,endpoint_supported,GHSL_g_gt_10_m2,12793,4538345,0.995697631942,940608.865528,0.206366422119,0.464485214196
IND_FUA_10007,Muzaffarpur,preexisting_detected_screened,GHSL_g_gt_10_m2,12793,4538345,0.995697631942,4444057.35751,0.97501124024,0.569300691549
IND_FUA_10007,Muzaffarpur,joint_supported_screened,GHSL_g_gt_10_m2,12793,4538345,0.995697631942,906308.824636,0.198841108487,0.464387125461
IND_FUA_10007,Muzaffarpur,ghsl_only,GHSL_g_gt_50_m2,8520,4426158,0.971084181393,4426158,0.971084181393,0.565169773973
IND_FUA_10007,Muzaffarpur,endpoint_supported,GHSL_g_gt_50_m2,8520,4426158,0.971084181393,933993.7643,0.204915091154,0.464226870737
IND_FUA_10007,Muzaffarpur,preexisting_detected_screened,GHSL_g_gt_50_m2,8520,4426158,0.971084181393,4333021.62607,0.950650374142,0.566009752457
IND_FUA_10007,Muzaffarpur,joint_supported_screened,GHSL_g_gt_50_m2,8520,4426158,0.971084181393,899992.152979,0.197455251967,0.46403575933
IND_FUA_10007,Muzaffarpur,ghsl_only,GHSL_g_gt_100_m2,6572,4284036,0.939903092505,4284036,0.939903092505,0.563546466789
IND_FUA_10007,Muzaffarpur,endpoint_supported,GHSL_g_gt_100_m2,6572,4284036,0.939903092505,919446.198775,0.201723404197,0.463936175791
IND_FUA_10007,Muzaffarpur,preexisting_detected_screened,GHSL_g_gt_100_m2,6572,4284036,0.939903092505,4193885.43561,0.920124361828,0.564253918311
IND_FUA_10007,Muzaffarpur,joint_supported_screened,GHSL_g_gt_100_m2,6572,4284036,0.939903092505,886456.844779,0.194485650863,0.463595664459
IND_FUA_10007,Muzaffarpur,ghsl_only,GHSL_g_gt_500_m2,2536,3331988,0.73102696275,3331988,0.73102696275,0.538898211655
IND_FUA_10007,Muzaffarpur,endpoint_supported,GHSL_g_gt_500_m2,2536,3331988,0.73102696275,834232.775375,0.183027865649,0.460717815949
IND_FUA_10007,Muzaffarpur,preexisting_detected_screened,GHSL_g_gt_500_m2,2536,3331988,0.73102696275,3278965.79529,0.719394069335,0.537825938301
IND_FUA_10007,Muzaffarpur,joint_supported_screened,GHSL_g_gt_500_m2,2536,3331988,0.73102696275,814922.168291,0.178791183391,0.458881228567
IND_FUA_10007,Muzaffarpur,ghsl_only,exclude_any_permanent_water_QA,17183,4547911,0.997796380175,4547911,0.997796380175,0.56290908928
IND_FUA_10007,Muzaffarpur,endpoint_supported,exclude_any_permanent_water_QA,17183,4547911,0.997796380175,940259.477664,0.206289767596,0.462490030074
IND_FUA_10007,Muzaffarpur,preexisting_detected_screened,exclude_any_permanent_water_QA,17183,4547911,0.997796380175,4454484.12796,0.977298838615,0.564171309825
IND_FUA_10007,Muzaffarpur,joint_supported_screened,exclude_any_permanent_water_QA,17183,4547911,0.997796380175,906085.792276,0.198792175938,0.462548231681
IND_FUA_10007,Muzaffarpur,ghsl_only,exclude_any_spurious_depth_QA,17264,4557955,1,4557955,1,0.569568380655
IND_FUA_10007,Muzaffarpur,endpoint_supported,exclude_any_spurious_depth_QA,17264,4557955,1,941040.155697,0.206461045731,0.464552492882
IND_FUA_10007,Muzaffarpur,preexisting_detected_screened,exclude_any_spurious_depth_QA,17264,4557955,1,4463616.45993,0.979302441541,0.570492511424
IND_FUA_10007,Muzaffarpur,joint_supported_screened,exclude_any_spurious_depth_QA,17264,4557955,1,906736.504671,0.198934940049,0.464451859107
IND_FUA_10007,Muzaffarpur,ghsl_only,exclude_either_QA,17183,4547911,0.997796380175,4547911,0.997796380175,0.56290908928
IND_FUA_10007,Muzaffarpur,endpoint_supported,exclude_either_QA,17183,4547911,0.997796380175,940259.477664,0.206289767596,0.462490030074
IND_FUA_10007,Muzaffarpur,preexisting_detected_screened,exclude_either_QA,17183,4547911,0.997796380175,4454484.12796,0.977298838615,0.564171309825
IND_FUA_10007,Muzaffarpur,joint_supported_screened,exclude_either_QA,17183,4547911,0.997796380175,906085.792276,0.198792175938,0.462548231681
IND_FUA_10017,Patna,ghsl_only,GHSL_g_gt_0_m2,5503,2677195,1,2677195,1,1.43394084792
IND_FUA_10017,Patna,endpoint_supported,GHSL_g_gt_0_m2,5503,2677195,1,830902.15817,0.310362957562,1.30755588898
IND_FUA_10017,Patna,preexisting_detected_screened,GHSL_g_gt_0_m2,5503,2677195,1,2411745.01354,0.900847720671,1.4522429963
IND_FUA_10017,Patna,joint_supported_screened,GHSL_g_gt_0_m2,5503,2677195,1,706343.88566,0.263837294504,1.35924929619
IND_FUA_10017,Patna,ghsl_only,GHSL_g_gt_10_m2,4506,2672830,0.998369562172,2672830,0.998369562172,1.43363140455
IND_FUA_10017,Patna,endpoint_supported,GHSL_g_gt_10_m2,4506,2672830,0.998369562172,830833.268702,0.310337225604,1.30756362058
IND_FUA_10017,Patna,preexisting_detected_screened,GHSL_g_gt_10_m2,4506,2672830,0.998369562172,2407460.96443,0.899247520045,1.4519489962
IND_FUA_10017,Patna,joint_supported_screened,GHSL_g_gt_10_m2,4506,2672830,0.998369562172,706280.135099,0.263813482058,1.35926907863
IND_FUA_10017,Patna,ghsl_only,GHSL_g_gt_50_m2,3646,2649213,0.98954801574,2649213,0.98954801574,1.43239749754
IND_FUA_10017,Patna,endpoint_supported,GHSL_g_gt_50_m2,3646,2649213,0.98954801574,829048.661538,0.309670629722,1.30772921838
IND_FUA_10017,Patna,preexisting_detected_screened,GHSL_g_gt_50_m2,3646,2649213,0.98954801574,2385951.36883,0.891213142424,1.45050671013
IND_FUA_10017,Patna,joint_supported_screened,GHSL_g_gt_50_m2,3646,2649213,0.98954801574,705155.751741,0.263393496455,1.35921712458
IND_FUA_10017,Patna,ghsl_only,GHSL_g_gt_100_m2,3132,2611406,0.975426145649,2611406,0.975426145649,1.43136043063
IND_FUA_10017,Patna,endpoint_supported,GHSL_g_gt_100_m2,3132,2611406,0.975426145649,824669.36447,0.308034851578,1.30889407338
IND_FUA_10017,Patna,preexisting_detected_screened,GHSL_g_gt_100_m2,3132,2611406,0.975426145649,2354838.68608,0.879591769027,1.4490184943
IND_FUA_10017,Patna,joint_supported_screened,GHSL_g_gt_100_m2,3132,2611406,0.975426145649,703313.805727,0.262705483062,1.3593496131
IND_FUA_10017,Patna,ghsl_only,GHSL_g_gt_500_m2,1563,2207526,0.824566757371,2207526,0.824566757371,1.42176426262
IND_FUA_10017,Patna,endpoint_supported,GHSL_g_gt_500_m2,1563,2207526,0.824566757371,753874.534633,0.281591193257,1.33132844211
IND_FUA_10017,Patna,preexisting_detected_screened,GHSL_g_gt_500_m2,1563,2207526,0.824566757371,2044393.77295,0.763632747314,1.42575777884
IND_FUA_10017,Patna,joint_supported_screened,GHSL_g_gt_500_m2,1563,2207526,0.824566757371,676716.43619,0.252770693278,1.35607997103
IND_FUA_10017,Patna,ghsl_only,exclude_any_permanent_water_QA,5383,2646366,0.988484589281,2646366,0.988484589281,1.37107805431
IND_FUA_10017,Patna,endpoint_supported,exclude_any_permanent_water_QA,5383,2646366,0.988484589281,825561.863292,0.308368222446,1.28848329286
IND_FUA_10017,Patna,preexisting_detected_screened,exclude_any_permanent_water_QA,5383,2646366,0.988484589281,2387710.00651,0.891870038048,1.39211547779
IND_FUA_10017,Patna,joint_supported_screened,exclude_any_permanent_water_QA,5383,2646366,0.988484589281,703221.704026,0.262671080749,1.34341266681
IND_FUA_10017,Patna,ghsl_only,exclude_any_spurious_depth_QA,5503,2677195,1,2677195,1,1.43394084792
IND_FUA_10017,Patna,endpoint_supported,exclude_any_spurious_depth_QA,5503,2677195,1,830902.15817,0.310362957562,1.30755588898
IND_FUA_10017,Patna,preexisting_detected_screened,exclude_any_spurious_depth_QA,5503,2677195,1,2411745.01354,0.900847720671,1.4522429963
IND_FUA_10017,Patna,joint_supported_screened,exclude_any_spurious_depth_QA,5503,2677195,1,706343.88566,0.263837294504,1.35924929619
IND_FUA_10017,Patna,ghsl_only,exclude_either_QA,5383,2646366,0.988484589281,2646366,0.988484589281,1.37107805431
IND_FUA_10017,Patna,endpoint_supported,exclude_either_QA,5383,2646366,0.988484589281,825561.863292,0.308368222446,1.28848329286
IND_FUA_10017,Patna,preexisting_detected_screened,exclude_either_QA,5383,2646366,0.988484589281,2387710.00651,0.891870038048,1.39211547779
IND_FUA_10017,Patna,joint_supported_screened,exclude_either_QA,5383,2646366,0.988484589281,703221.704026,0.262671080749,1.34341266681
IND_FUA_10065,Gaya,ghsl_only,GHSL_g_gt_0_m2,3159,789658,1,789658,1,0.038154713871
IND_FUA_10065,Gaya,endpoint_supported,GHSL_g_gt_0_m2,3159,789658,1,191228.043623,0.242165650982,0.0193074084297
IND_FUA_10065,Gaya,preexisting_detected_screened,GHSL_g_gt_0_m2,3159,789658,1,756950.53651,0.958580216385,0.0391117265564
IND_FUA_10065,Gaya,joint_supported_screened,GHSL_g_gt_0_m2,3159,789658,1,179297.349103,0.227056965297,0.0203819435349
IND_FUA_10065,Gaya,ghsl_only,GHSL_g_gt_10_m2,2202,785493,0.994725564738,785493,0.994725564738,0.0377968304338
IND_FUA_10065,Gaya,endpoint_supported,GHSL_g_gt_10_m2,2202,785493,0.994725564738,191161.064268,0.242080830268,0.0192913153632
IND_FUA_10065,Gaya,preexisting_detected_screened,GHSL_g_gt_10_m2,2202,785493,0.994725564738,752817.827169,0.953346673078,0.0387427366704
IND_FUA_10065,Gaya,joint_supported_screened,GHSL_g_gt_10_m2,2202,785493,0.994725564738,179231.074962,0.226973037647,0.0203651006425
IND_FUA_10065,Gaya,ghsl_only,GHSL_g_gt_50_m2,1426,766181,0.970269407769,766181,0.970269407769,0.0369154880006
IND_FUA_10065,Gaya,endpoint_supported,GHSL_g_gt_50_m2,1426,766181,0.970269407769,189790.366731,0.240345018642,0.0192587133023
IND_FUA_10065,Gaya,preexisting_detected_screened,GHSL_g_gt_50_m2,1426,766181,0.970269407769,733749.251642,0.929198781805,0.0378929175732
IND_FUA_10065,Gaya,joint_supported_screened,GHSL_g_gt_50_m2,1426,766181,0.970269407769,177883.116302,0.225266021875,0.0203413655701
IND_FUA_10065,Gaya,ghsl_only,GHSL_g_gt_100_m2,1102,743040,0.940964316198,743040,0.940964316198,0.0362366450963
IND_FUA_10065,Gaya,endpoint_supported,GHSL_g_gt_100_m2,1102,743040,0.940964316198,187409.698075,0.237330208868,0.0184800186837
IND_FUA_10065,Gaya,preexisting_detected_screened,GHSL_g_gt_100_m2,1102,743040,0.940964316198,711042.593788,0.900443728535,0.0372286478475
IND_FUA_10065,Gaya,joint_supported_screened,GHSL_g_gt_100_m2,1102,743040,0.940964316198,175572.250474,0.22233960838,0.0195486060852
IND_FUA_10065,Gaya,ghsl_only,GHSL_g_gt_500_m2,453,587002,0.743362316345,587002,0.743362316345,0.036215099936
IND_FUA_10065,Gaya,endpoint_supported,GHSL_g_gt_500_m2,453,587002,0.743362316345,171845.235197,0.217619824275,0.0176576365466
IND_FUA_10065,Gaya,preexisting_detected_screened,GHSL_g_gt_500_m2,453,587002,0.743362316345,560365.113601,0.709630135579,0.0378465709368
IND_FUA_10065,Gaya,joint_supported_screened,GHSL_g_gt_500_m2,453,587002,0.743362316345,161754.916874,0.204841737656,0.0185674134898
IND_FUA_10065,Gaya,ghsl_only,exclude_any_permanent_water_QA,3137,785895,0.995234645885,785895,0.995234645885,0.031463307949
IND_FUA_10065,Gaya,endpoint_supported,exclude_any_permanent_water_QA,3137,785895,0.995234645885,191195.637701,0.242124613062,0.0191289426596
IND_FUA_10065,Gaya,preexisting_detected_screened,exclude_any_permanent_water_QA,3137,785895,0.995234645885,753191.648232,0.953820069235,0.032154962825
IND_FUA_10065,Gaya,joint_supported_screened,exclude_any_permanent_water_QA,3137,785895,0.995234645885,179264.957135,0.227015945048,0.020192086851
IND_FUA_10065,Gaya,ghsl_only,exclude_any_spurious_depth_QA,3159,789658,1,789658,1,0.038154713871
IND_FUA_10065,Gaya,endpoint_supported,exclude_any_spurious_depth_QA,3159,789658,1,191228.043623,0.242165650982,0.0193074084297
IND_FUA_10065,Gaya,preexisting_detected_screened,exclude_any_spurious_depth_QA,3159,789658,1,756950.53651,0.958580216385,0.0391117265564
IND_FUA_10065,Gaya,joint_supported_screened,exclude_any_spurious_depth_QA,3159,789658,1,179297.349103,0.227056965297,0.0203819435349
IND_FUA_10065,Gaya,ghsl_only,exclude_either_QA,3137,785895,0.995234645885,785895,0.995234645885,0.031463307949
IND_FUA_10065,Gaya,endpoint_supported,exclude_either_QA,3137,785895,0.995234645885,191195.637701,0.242124613062,0.0191289426596
IND_FUA_10065,Gaya,preexisting_detected_screened,exclude_either_QA,3137,785895,0.995234645885,753191.648232,0.953820069235,0.032154962825
IND_FUA_10065,Gaya,joint_supported_screened,exclude_either_QA,3137,785895,0.995234645885,179264.957135,0.227015945048,0.020192086851
IND_FUA_10142,Visakhapatnam,ghsl_only,GHSL_g_gt_0_m2,8295,7311928,1,7311928,1,0.00962895489649
IND_FUA_10142,Visakhapatnam,endpoint_supported,GHSL_g_gt_0_m2,8295,7311928,1,2896948.26552,0.396194856612,0.00303253201332
IND_FUA_10142,Visakhapatnam,preexisting_detected_screened,GHSL_g_gt_0_m2,8295,7311928,1,6328094.24351,0.865448106643,0.0103806362583
IND_FUA_10142,Visakhapatnam,joint_supported_screened,GHSL_g_gt_0_m2,8295,7311928,1,2443744.13581,0.334213375161,0.00281367986182
IND_FUA_10142,Visakhapatnam,ghsl_only,GHSL_g_gt_10_m2,6703,7305110,0.999067550993,7305110,0.999067550993,0.00963147922119
IND_FUA_10142,Visakhapatnam,endpoint_supported,GHSL_g_gt_10_m2,6703,7305110,0.999067550993,2896868.42782,0.396183937783,0.00303225018838
IND_FUA_10142,Visakhapatnam,preexisting_detected_screened,GHSL_g_gt_10_m2,6703,7305110,0.999067550993,6321365.00435,0.86452779682,0.0103842213754
IND_FUA_10142,Visakhapatnam,joint_supported_screened,GHSL_g_gt_10_m2,6703,7305110,0.999067550993,2443665.78513,0.3342026597,0.00281333735242
IND_FUA_10142,Visakhapatnam,ghsl_only,GHSL_g_gt_50_m2,5427,7272429,0.994598004794,7272429,0.994598004794,0.00960895998147
IND_FUA_10142,Visakhapatnam,endpoint_supported,GHSL_g_gt_50_m2,5427,7272429,0.994598004794,2895000.81722,0.395928518062,0.00303246151066
IND_FUA_10142,Visakhapatnam,preexisting_detected_screened,GHSL_g_gt_50_m2,5427,7272429,0.994598004794,6292295.28705,0.860552139881,0.0103583346981
IND_FUA_10142,Visakhapatnam,joint_supported_screened,GHSL_g_gt_50_m2,5427,7272429,0.994598004794,2442655.54598,0.33406449653,0.0028124329511
IND_FUA_10142,Visakhapatnam,ghsl_only,GHSL_g_gt_100_m2,4835,7229193,0.988684926876,7229193,0.988684926876,0.00959947800938
IND_FUA_10142,Visakhapatnam,endpoint_supported,GHSL_g_gt_100_m2,4835,7229193,0.988684926876,2889804.37965,0.395217838531,0.00303375081167
IND_FUA_10142,Visakhapatnam,preexisting_detected_screened,GHSL_g_gt_100_m2,4835,7229193,0.988684926876,6260325.21311,0.856179821944,0.01034645612
IND_FUA_10142,Visakhapatnam,joint_supported_screened,GHSL_g_gt_100_m2,4835,7229193,0.988684926876,2440777.97713,0.333807714892,0.00281147279826
IND_FUA_10142,Visakhapatnam,ghsl_only,GHSL_g_gt_500_m2,2946,6725740,0.919831267485,6725740,0.919831267485,0.00941346409153
IND_FUA_10142,Visakhapatnam,endpoint_supported,GHSL_g_gt_500_m2,2946,6725740,0.919831267485,2788732.3975,0.381394947748,0.00284713608616
IND_FUA_10142,Visakhapatnam,preexisting_detected_screened,GHSL_g_gt_500_m2,2946,6725740,0.919831267485,5941676.32347,0.812600496541,0.0100648486993
IND_FUA_10142,Visakhapatnam,joint_supported_screened,GHSL_g_gt_500_m2,2946,6725740,0.919831267485,2412735.44116,0.329972538181,0.00267373128086
IND_FUA_10142,Visakhapatnam,ghsl_only,exclude_any_permanent_water_QA,8213,7243093,0.990585930277,7243093,0.990585930277,0.000230733599361
IND_FUA_10142,Visakhapatnam,endpoint_supported,exclude_any_permanent_water_QA,8213,7243093,0.990585930277,2888200.07907,0.394998429836,1.3343114272e-05
IND_FUA_10142,Visakhapatnam,preexisting_detected_screened,exclude_any_permanent_water_QA,8213,7243093,0.990585930277,6263637.15425,0.856632772403,0.000206402651707
IND_FUA_10142,Visakhapatnam,joint_supported_screened,exclude_any_permanent_water_QA,8213,7243093,0.990585930277,2436895.46728,0.333276731839,1.15848410131e-05
IND_FUA_10142,Visakhapatnam,ghsl_only,exclude_any_spurious_depth_QA,8295,7311928,1,7311928,1,0.00962895489649
IND_FUA_10142,Visakhapatnam,endpoint_supported,exclude_any_spurious_depth_QA,8295,7311928,1,2896948.26552,0.396194856612,0.00303253201332
IND_FUA_10142,Visakhapatnam,preexisting_detected_screened,exclude_any_spurious_depth_QA,8295,7311928,1,6328094.24351,0.865448106643,0.0103806362583
IND_FUA_10142,Visakhapatnam,joint_supported_screened,exclude_any_spurious_depth_QA,8295,7311928,1,2443744.13581,0.334213375161,0.00281367986182
IND_FUA_10142,Visakhapatnam,ghsl_only,exclude_either_QA,8213,7243093,0.990585930277,7243093,0.990585930277,0.000230733599361
IND_FUA_10142,Visakhapatnam,endpoint_supported,exclude_either_QA,8213,7243093,0.990585930277,2888200.07907,0.394998429836,1.3343114272e-05
IND_FUA_10142,Visakhapatnam,preexisting_detected_screened,exclude_either_QA,8213,7243093,0.990585930277,6263637.15425,0.856632772403,0.000206402651707
IND_FUA_10142,Visakhapatnam,joint_supported_screened,exclude_either_QA,8213,7243093,0.990585930277,2436895.46728,0.333276731839,1.15848410131e-05
IND_FUA_10152,Begusarai,ghsl_only,GHSL_g_gt_0_m2,2995,345601,1,345601,1,1.07883885621
IND_FUA_10152,Begusarai,endpoint_supported,GHSL_g_gt_0_m2,2995,345601,1,63778.1527276,0.184542732016,0.910923576312
IND_FUA_10152,Begusarai,preexisting_detected_screened,GHSL_g_gt_0_m2,2995,345601,1,316340.703104,0.915335034055,1.10057506584
IND_FUA_10152,Begusarai,joint_supported_screened,GHSL_g_gt_0_m2,2995,345601,1,53184.3981753,0.153889595734,0.94998640489
IND_FUA_10152,Begusarai,ghsl_only,GHSL_g_gt_10_m2,1595,339666,0.982827017283,339666,0.982827017283,1.07674752995
IND_FUA_10152,Begusarai,endpoint_supported,GHSL_g_gt_10_m2,1595,339666,0.982827017283,63668.5888123,0.184225707716,0.910643282452
IND_FUA_10152,Begusarai,preexisting_detected_screened,GHSL_g_gt_10_m2,1595,339666,0.982827017283,310461.355779,0.898323082916,1.09860940684
IND_FUA_10152,Begusarai,joint_supported_screened,GHSL_g_gt_10_m2,1595,339666,0.982827017283,53076.3902824,0.1535770738,0.949704404608
IND_FUA_10152,Begusarai,ghsl_only,GHSL_g_gt_50_m2,846,321553,0.930416868007,321553,0.930416868007,1.07711059115
IND_FUA_10152,Begusarai,endpoint_supported,GHSL_g_gt_50_m2,846,321553,0.930416868007,62397.7094542,0.180548405399,0.90984142544
IND_FUA_10152,Begusarai,preexisting_detected_screened,GHSL_g_gt_50_m2,846,321553,0.930416868007,292957.883444,0.847676608122,1.0993121681
IND_FUA_10152,Begusarai,joint_supported_screened,GHSL_g_gt_50_m2,846,321553,0.930416868007,51955.2452963,0.150333029408,0.948124094922
IND_FUA_10152,Begusarai,ghsl_only,GHSL_g_gt_100_m2,625,305719,0.884601028354,305719,0.884601028354,1.07365627124
IND_FUA_10152,Begusarai,endpoint_supported,GHSL_g_gt_100_m2,625,305719,0.884601028354,61129.3606191,0.176878425176,0.906031635285
IND_FUA_10152,Begusarai,preexisting_detected_screened,GHSL_g_gt_100_m2,625,305719,0.884601028354,277924.650851,0.804177797087,1.09631892056
IND_FUA_10152,Begusarai,joint_supported_screened,GHSL_g_gt_100_m2,625,305719,0.884601028354,50835.9071475,0.147094213117,0.944367221318
IND_FUA_10152,Begusarai,ghsl_only,GHSL_g_gt_500_m2,181,199843,0.578247748126,199843,0.578247748126,1.06043782111
IND_FUA_10152,Begusarai,endpoint_supported,GHSL_g_gt_500_m2,181,199843,0.578247748126,51904.2360066,0.15018543351,0.90411021282
IND_FUA_10152,Begusarai,preexisting_detected_screened,GHSL_g_gt_500_m2,181,199843,0.578247748126,182464.150395,0.527961870466,1.07386275169
IND_FUA_10152,Begusarai,joint_supported_screened,GHSL_g_gt_500_m2,181,199843,0.578247748126,45626.535322,0.132020842885,0.926531880417
IND_FUA_10152,Begusarai,ghsl_only,exclude_any_permanent_water_QA,2984,345120,0.99860822162,345120,0.99860822162,1.07655472636
IND_FUA_10152,Begusarai,endpoint_supported,exclude_any_permanent_water_QA,2984,345120,0.99860822162,63731.3406391,0.184407280763,0.909576964908
IND_FUA_10152,Begusarai,preexisting_detected_screened,exclude_any_permanent_water_QA,2984,345120,0.99860822162,315921.665693,0.914122545053,1.09856044428
IND_FUA_10152,Begusarai,joint_supported_screened,exclude_any_permanent_water_QA,2984,345120,0.99860822162,53138.3081881,0.153756233888,0.948438818951
IND_FUA_10152,Begusarai,ghsl_only,exclude_any_spurious_depth_QA,2995,345601,1,345601,1,1.07883885621
IND_FUA_10152,Begusarai,endpoint_supported,exclude_any_spurious_depth_QA,2995,345601,1,63778.1527276,0.184542732016,0.910923576312
IND_FUA_10152,Begusarai,preexisting_detected_screened,exclude_any_spurious_depth_QA,2995,345601,1,316340.703104,0.915335034055,1.10057506584
IND_FUA_10152,Begusarai,joint_supported_screened,exclude_any_spurious_depth_QA,2995,345601,1,53184.3981753,0.153889595734,0.94998640489
IND_FUA_10152,Begusarai,ghsl_only,exclude_either_QA,2984,345120,0.99860822162,345120,0.99860822162,1.07655472636
IND_FUA_10152,Begusarai,endpoint_supported,exclude_either_QA,2984,345120,0.99860822162,63731.3406391,0.184407280763,0.909576964908
IND_FUA_10152,Begusarai,preexisting_detected_screened,exclude_either_QA,2984,345120,0.99860822162,315921.665693,0.914122545053,1.09856044428
IND_FUA_10152,Begusarai,joint_supported_screened,exclude_either_QA,2984,345120,0.99860822162,53138.3081881,0.153756233888,0.948438818951
IND_FUA_10168,Ranchi,ghsl_only,GHSL_g_gt_0_m2,12632,3981456,1,3981456,1,0.000414208484833
IND_FUA_10168,Ranchi,endpoint_supported,GHSL_g_gt_0_m2,12632,3981456,1,717198.078032,0.180134623623,0.00032986306516
IND_FUA_10168,Ranchi,preexisting_detected_screened,GHSL_g_gt_0_m2,12632,3981456,1,3731277.97516,0.93716418696,0.000312735533389
IND_FUA_10168,Ranchi,joint_supported_screened,GHSL_g_gt_0_m2,12632,3981456,1,620634.074086,0.155881183689,9.5484522393e-05
IND_FUA_10168,Ranchi,ghsl_only,GHSL_g_gt_10_m2,10196,3970427,0.997229907853,3970427,0.997229907853,0.000413809396319
IND_FUA_10168,Ranchi,endpoint_supported,GHSL_g_gt_10_m2,10196,3970427,0.997229907853,717055.502507,0.180098813727,0.000329928653388
IND_FUA_10168,Ranchi,preexisting_detected_screened,GHSL_g_gt_10_m2,10196,3970427,0.997229907853,3720320.10176,0.934411959282,0.000312002816652
IND_FUA_10168,Ranchi,joint_supported_screened,GHSL_g_gt_10_m2,10196,3970427,0.997229907853,620491.9416,0.155845485069,9.55063944781e-05
IND_FUA_10168,Ranchi,ghsl_only,GHSL_g_gt_50_m2,7373,3894223,0.978090176056,3894223,0.978090176056,0.000394687207178
IND_FUA_10168,Ranchi,endpoint_supported,GHSL_g_gt_50_m2,7373,3894223,0.978090176056,714057.901208,0.179345923001,0.000330922284401
IND_FUA_10168,Ranchi,preexisting_detected_screened,GHSL_g_gt_50_m2,7373,3894223,0.978090176056,3645832.94077,0.915703436324,0.000289302984456
IND_FUA_10168,Ranchi,joint_supported_screened,GHSL_g_gt_50_m2,7373,3894223,0.978090176056,617928.554641,0.155201653526,9.54502963443e-05
IND_FUA_10168,Ranchi,ghsl_only,GHSL_g_gt_100_m2,5890,3785491,0.950780568717,3785491,0.950780568717,0.000389117290201
IND_FUA_10168,Ranchi,endpoint_supported,GHSL_g_gt_100_m2,5890,3785491,0.950780568717,705110.564607,0.177098670589,0.000335121445803
IND_FUA_10168,Ranchi,preexisting_detected_screened,GHSL_g_gt_100_m2,5890,3785491,0.950780568717,3542330.66346,0.889707349136,0.000279688838994
IND_FUA_10168,Ranchi,joint_supported_screened,GHSL_g_gt_100_m2,5890,3785491,0.950780568717,610489.835704,0.153333312161,9.66133426153e-05
IND_FUA_10168,Ranchi,ghsl_only,GHSL_g_gt_500_m2,2435,2924993,0.734654106437,2924993,0.734654106437,0.000451625012436
IND_FUA_10168,Ranchi,endpoint_supported,GHSL_g_gt_500_m2,2435,2924993,0.734654106437,629228.925553,0.158039904385,0.000375286359014
IND_FUA_10168,Ranchi,preexisting_detected_screened,GHSL_g_gt_500_m2,2435,2924993,0.734654106437,2740594.2792,0.688339712709,0.000333575626622
IND_FUA_10168,Ranchi,joint_supported_screened,GHSL_g_gt_500_m2,2435,2924993,0.734654106437,559178.184754,0.140445652232,0.000105337750525
IND_FUA_10168,Ranchi,ghsl_only,exclude_any_permanent_water_QA,12623,3979811,0.999586834565,3979811,0.999586834565,1.0434810066e-06
IND_FUA_10168,Ranchi,endpoint_supported,exclude_any_permanent_water_QA,12623,3979811,0.999586834565,716961.500876,0.180075203864,0
IND_FUA_10168,Ranchi,preexisting_detected_screened,exclude_any_permanent_water_QA,12623,3979811,0.999586834565,3730115.22481,0.936872145468,1.11333214608e-06
IND_FUA_10168,Ranchi,joint_supported_screened,exclude_any_permanent_water_QA,12623,3979811,0.999586834565,620574.813138,0.155866299449,0
IND_FUA_10168,Ranchi,ghsl_only,exclude_any_spurious_depth_QA,12632,3981456,1,3981456,1,0.000414208484833
IND_FUA_10168,Ranchi,endpoint_supported,exclude_any_spurious_depth_QA,12632,3981456,1,717198.078032,0.180134623623,0.00032986306516
IND_FUA_10168,Ranchi,preexisting_detected_screened,exclude_any_spurious_depth_QA,12632,3981456,1,3731277.97516,0.93716418696,0.000312735533389
IND_FUA_10168,Ranchi,joint_supported_screened,exclude_any_spurious_depth_QA,12632,3981456,1,620634.074086,0.155881183689,9.5484522393e-05
IND_FUA_10168,Ranchi,ghsl_only,exclude_either_QA,12623,3979811,0.999586834565,3979811,0.999586834565,1.0434810066e-06
IND_FUA_10168,Ranchi,endpoint_supported,exclude_either_QA,12623,3979811,0.999586834565,716961.500876,0.180075203864,0
IND_FUA_10168,Ranchi,preexisting_detected_screened,exclude_either_QA,12623,3979811,0.999586834565,3730115.22481,0.936872145468,1.11333214608e-06
IND_FUA_10168,Ranchi,joint_supported_screened,exclude_either_QA,12623,3979811,0.999586834565,620574.813138,0.155866299449,0
IND_FUA_10243,Dhanbad,ghsl_only,GHSL_g_gt_0_m2,13960,3148475,1,3148475,1,0.0181111937864
IND_FUA_10243,Dhanbad,endpoint_supported,GHSL_g_gt_0_m2,13960,3148475,1,588179.257937,0.186814015654,0.00152129776411
IND_FUA_10243,Dhanbad,preexisting_detected_screened,GHSL_g_gt_0_m2,13960,3148475,1,2754788.74678,0.87495970169,0.0191340769925
IND_FUA_10243,Dhanbad,joint_supported_screened,GHSL_g_gt_0_m2,13960,3148475,1,474796.570795,0.150802077449,0.00166957551517
IND_FUA_10243,Dhanbad,ghsl_only,GHSL_g_gt_10_m2,9750,3130059,0.994150819047,3130059,0.994150819047,0.0180159106745
IND_FUA_10243,Dhanbad,endpoint_supported,GHSL_g_gt_10_m2,9750,3130059,0.994150819047,588010.351819,0.186760368693,0.00151919954853
IND_FUA_10243,Dhanbad,preexisting_detected_screened,GHSL_g_gt_10_m2,9750,3130059,0.994150819047,2737898.05001,0.869594978525,0.0190973322481
IND_FUA_10243,Dhanbad,joint_supported_screened,GHSL_g_gt_10_m2,9750,3130059,0.994150819047,474660.239321,0.150758776652,0.00166988923709
IND_FUA_10243,Dhanbad,ghsl_only,GHSL_g_gt_50_m2,6565,3049335,0.968511739811,3049335,0.968511739811,0.0174611962401
IND_FUA_10243,Dhanbad,endpoint_supported,GHSL_g_gt_50_m2,6565,3049335,0.968511739811,584053.608366,0.185503651249,0.00150062793215
IND_FUA_10243,Dhanbad,preexisting_detected_screened,GHSL_g_gt_50_m2,6565,3049335,0.968511739811,2670987.41251,0.848343217751,0.0184399717607
IND_FUA_10243,Dhanbad,joint_supported_screened,GHSL_g_gt_50_m2,6565,3049335,0.968511739811,472250.777974,0.149993497796,0.0016431120055
IND_FUA_10243,Dhanbad,ghsl_only,GHSL_g_gt_100_m2,5239,2953037,0.937926138845,2953037,0.937926138845,0.0169108676627
IND_FUA_10243,Dhanbad,endpoint_supported,GHSL_g_gt_100_m2,5239,2953037,0.937926138845,577148.21247,0.183310400264,0.00150466353359
IND_FUA_10243,Dhanbad,preexisting_detected_screened,GHSL_g_gt_100_m2,5239,2953037,0.937926138845,2599460.2841,0.82562519445,0.0180758859403
IND_FUA_10243,Dhanbad,joint_supported_screened,GHSL_g_gt_100_m2,5239,2953037,0.937926138845,468845.127145,0.148911815131,0.0016508933453
IND_FUA_10243,Dhanbad,ghsl_only,GHSL_g_gt_500_m2,1754,2109325,0.669951325642,2109325,0.669951325642,0.0107329718791
IND_FUA_10243,Dhanbad,endpoint_supported,GHSL_g_gt_500_m2,1754,2109325,0.669951325642,497313.618575,0.157953808931,0.0013815617847
IND_FUA_10243,Dhanbad,preexisting_detected_screened,GHSL_g_gt_500_m2,1754,2109325,0.669951325642,1950132.37519,0.619389506091,0.0113764469171
IND_FUA_10243,Dhanbad,joint_supported_screened,GHSL_g_gt_500_m2,1754,2109325,0.669951325642,439213.254006,0.139500314916,0.00154988122037
IND_FUA_10243,Dhanbad,ghsl_only,exclude_any_permanent_water_QA,13895,3140344,0.997417479891,3140344,0.997417479891,0.00579874824835
IND_FUA_10243,Dhanbad,endpoint_supported,exclude_any_permanent_water_QA,13895,3140344,0.997417479891,587966.154255,0.186746330924,0.000316272027975
IND_FUA_10243,Dhanbad,preexisting_detected_screened,exclude_any_permanent_water_QA,13895,3140344,0.997417479891,2747739.93304,0.872720899179,0.00607394603991
IND_FUA_10243,Dhanbad,joint_supported_screened,exclude_any_permanent_water_QA,13895,3140344,0.997417479891,474674.00791,0.15076314975,0.000370131407977
IND_FUA_10243,Dhanbad,ghsl_only,exclude_any_spurious_depth_QA,13505,2938295,0.933243872033,2938295,0.933243872033,0.0100049916601
IND_FUA_10243,Dhanbad,endpoint_supported,exclude_any_spurious_depth_QA,13505,2938295,0.933243872033,527315.189539,0.167482730382,0.000676831728457
IND_FUA_10243,Dhanbad,preexisting_detected_screened,exclude_any_spurious_depth_QA,13505,2938295,0.933243872033,2553884.30957,0.811149623094,0.0106233644674
IND_FUA_10243,Dhanbad,joint_supported_screened,exclude_any_spurious_depth_QA,13505,2938295,0.933243872033,415506.091743,0.131970586313,0.000617424315798
IND_FUA_10243,Dhanbad,ghsl_only,exclude_either_QA,13450,2931918,0.931218447026,2931918,0.931218447026,0.00397825994168
IND_FUA_10243,Dhanbad,endpoint_supported,exclude_either_QA,13450,2931918,0.931218447026,527143.034003,0.167428051359,0.000350470561863
IND_FUA_10243,Dhanbad,preexisting_detected_screened,exclude_either_QA,13450,2931918,0.931218447026,2548462.45611,0.80942756608,0.00421075850725
IND_FUA_10243,Dhanbad,joint_supported_screened,exclude_either_QA,13450,2931918,0.931218447026,415424.368942,0.131944630001,0.000420824527644
IND_FUA_10285,Jamshedpur,ghsl_only,GHSL_g_gt_0_m2,2217,534462,1,534462,1,0.184731753032
IND_FUA_10285,Jamshedpur,endpoint_supported,GHSL_g_gt_0_m2,2217,534462,1,147671.490941,0.276299327064,0.146768765454
IND_FUA_10285,Jamshedpur,preexisting_detected_screened,GHSL_g_gt_0_m2,2217,534462,1,355303.26924,0.664786774814,0.236427292563
IND_FUA_10285,Jamshedpur,joint_supported_screened,GHSL_g_gt_0_m2,2217,534462,1,91900.3536365,0.171949275414,0.208898931103
IND_FUA_10285,Jamshedpur,ghsl_only,GHSL_g_gt_10_m2,1478,531298,0.99408002814,531298,0.99408002814,0.184046363693
IND_FUA_10285,Jamshedpur,endpoint_supported,GHSL_g_gt_10_m2,1478,531298,0.99408002814,147633.986543,0.276229154819,0.146716000732
IND_FUA_10285,Jamshedpur,preexisting_detected_screened,GHSL_g_gt_10_m2,1478,531298,0.99408002814,352387.958052,0.65933210977,0.236750386383
IND_FUA_10285,Jamshedpur,joint_supported_screened,GHSL_g_gt_10_m2,1478,531298,0.99408002814,91867.182907,0.171887211639,0.208944186488
IND_FUA_10285,Jamshedpur,ghsl_only,GHSL_g_gt_50_m2,969,518361,0.969874378347,518361,0.969874378347,0.179739821127
IND_FUA_10285,Jamshedpur,endpoint_supported,GHSL_g_gt_50_m2,969,518361,0.969874378347,146957.486549,0.274963395993,0.146649566414
IND_FUA_10285,Jamshedpur,preexisting_detected_screened,GHSL_g_gt_50_m2,969,518361,0.969874378347,342446.338074,0.640730937044,0.235377274423
IND_FUA_10285,Jamshedpur,joint_supported_screened,GHSL_g_gt_50_m2,969,518361,0.969874378347,91517.5254991,0.171232988499,0.209383665607
IND_FUA_10285,Jamshedpur,ghsl_only,GHSL_g_gt_100_m2,774,503991,0.942987527645,503991,0.942987527645,0.177198769481
IND_FUA_10285,Jamshedpur,endpoint_supported,GHSL_g_gt_100_m2,774,503991,0.942987527645,145731.932504,0.272670334849,0.146517814253
IND_FUA_10285,Jamshedpur,preexisting_detected_screened,GHSL_g_gt_100_m2,774,503991,0.942987527645,333973.160348,0.62487727911,0.235584989562
IND_FUA_10285,Jamshedpur,joint_supported_screened,GHSL_g_gt_100_m2,774,503991,0.942987527645,91170.3645751,0.170583436381,0.209912184608
IND_FUA_10285,Jamshedpur,ghsl_only,GHSL_g_gt_500_m2,294,385670,0.721604155207,385670,0.721604155207,0.179885854531
IND_FUA_10285,Jamshedpur,endpoint_supported,GHSL_g_gt_500_m2,294,385670,0.721604155207,128961.273963,0.241291755005,0.148638268536
IND_FUA_10285,Jamshedpur,preexisting_detected_screened,GHSL_g_gt_500_m2,294,385670,0.721604155207,262706.095247,0.491533720352,0.250504964184
IND_FUA_10285,Jamshedpur,joint_supported_screened,GHSL_g_gt_500_m2,294,385670,0.721604155207,86260.2136857,0.161396345644,0.215666174828
IND_FUA_10285,Jamshedpur,ghsl_only,exclude_any_permanent_water_QA,2186,530993,0.993509360815,530993,0.993509360815,0.160451417458
IND_FUA_10285,Jamshedpur,endpoint_supported,exclude_any_permanent_water_QA,2186,530993,0.993509360815,146934.210424,0.274919845423,0.142338361222
IND_FUA_10285,Jamshedpur,preexisting_detected_screened,exclude_any_permanent_water_QA,2186,530993,0.993509360815,352905.376599,0.660300220781,0.204713697045
IND_FUA_10285,Jamshedpur,joint_supported_screened,exclude_any_permanent_water_QA,2186,530993,0.993509360815,91473.0631397,0.171149797628,0.205020776693
IND_FUA_10285,Jamshedpur,ghsl_only,exclude_any_spurious_depth_QA,2217,534462,1,534462,1,0.184731753032
IND_FUA_10285,Jamshedpur,endpoint_supported,exclude_any_spurious_depth_QA,2217,534462,1,147671.490941,0.276299327064,0.146768765454
IND_FUA_10285,Jamshedpur,preexisting_detected_screened,exclude_any_spurious_depth_QA,2217,534462,1,355303.26924,0.664786774814,0.236427292563
IND_FUA_10285,Jamshedpur,joint_supported_screened,exclude_any_spurious_depth_QA,2217,534462,1,91900.3536365,0.171949275414,0.208898931103
IND_FUA_10285,Jamshedpur,ghsl_only,exclude_either_QA,2186,530993,0.993509360815,530993,0.993509360815,0.160451417458
IND_FUA_10285,Jamshedpur,endpoint_supported,exclude_either_QA,2186,530993,0.993509360815,146934.210424,0.274919845423,0.142338361222
IND_FUA_10285,Jamshedpur,preexisting_detected_screened,exclude_either_QA,2186,530993,0.993509360815,352905.376599,0.660300220781,0.204713697045
IND_FUA_10285,Jamshedpur,joint_supported_screened,exclude_either_QA,2186,530993,0.993509360815,91473.0631397,0.171149797628,0.205020776693
IND_FUA_10313,Asansol,ghsl_only,GHSL_g_gt_0_m2,9410,1422481,1,1422481,1,0.018007591621
IND_FUA_10313,Asansol,endpoint_supported,GHSL_g_gt_0_m2,9410,1422481,1,244128.98651,0.171621966487,0.00920304946609
IND_FUA_10313,Asansol,preexisting_detected_screened,GHSL_g_gt_0_m2,9410,1422481,1,1182468.78514,0.831272111996,0.0174219048221
IND_FUA_10313,Asansol,joint_supported_screened,GHSL_g_gt_0_m2,9410,1422481,1,161881.801107,0.113802434695,0.00651893178658
IND_FUA_10313,Asansol,ghsl_only,GHSL_g_gt_10_m2,5784,1407033,0.989140100993,1407033,0.989140100993,0.0176496352276
IND_FUA_10313,Asansol,endpoint_supported,GHSL_g_gt_10_m2,5784,1407033,0.989140100993,243958.733969,0.171502279446,0.00919817940263
IND_FUA_10313,Asansol,preexisting_detected_screened,GHSL_g_gt_10_m2,5784,1407033,0.989140100993,1167788.58244,0.820951972249,0.0170211841734
IND_FUA_10313,Asansol,joint_supported_screened,GHSL_g_gt_10_m2,5784,1407033,0.989140100993,161737.864912,0.113701247969,0.00650953869575
IND_FUA_10313,Asansol,ghsl_only,GHSL_g_gt_50_m2,3392,1347638,0.947385588982,1347638,0.947385588982,0.0173478987273
IND_FUA_10313,Asansol,endpoint_supported,GHSL_g_gt_50_m2,3392,1347638,0.947385588982,240671.078432,0.169191067179,0.0092379630934
IND_FUA_10313,Asansol,preexisting_detected_screened,GHSL_g_gt_50_m2,3392,1347638,0.947385588982,1116857.75647,0.785147749929,0.0165900722557
IND_FUA_10313,Asansol,joint_supported_screened,GHSL_g_gt_50_m2,3392,1347638,0.947385588982,159588.132965,0.112189992671,0.00648379485289
IND_FUA_10313,Asansol,ghsl_only,GHSL_g_gt_100_m2,2566,1288160,0.905572728212,1288160,0.905572728212,0.0160862019511
IND_FUA_10313,Asansol,endpoint_supported,GHSL_g_gt_100_m2,2566,1288160,0.905572728212,235634.913977,0.165650658235,0.0092418457353
IND_FUA_10313,Asansol,preexisting_detected_screened,GHSL_g_gt_100_m2,2566,1288160,0.905572728212,1074367.48243,0.755277211033,0.0152094384147
IND_FUA_10313,Asansol,joint_supported_screened,GHSL_g_gt_100_m2,2566,1288160,0.905572728212,157670.764753,0.110842088403,0.00648701784426
IND_FUA_10313,Asansol,ghsl_only,GHSL_g_gt_500_m2,790,857345,0.602711037968,857345,0.602711037968,0.0144583736218
IND_FUA_10313,Asansol,endpoint_supported,GHSL_g_gt_500_m2,790,857345,0.602711037968,194611.22045,0.136811121168,0.00920486954156
IND_FUA_10313,Asansol,preexisting_detected_screened,GHSL_g_gt_500_m2,790,857345,0.602711037968,739669.757592,0.519985685286,0.0126965929217
IND_FUA_10313,Asansol,joint_supported_screened,GHSL_g_gt_500_m2,790,857345,0.602711037968,143732.240423,0.101043346395,0.00576720121678
IND_FUA_10313,Asansol,ghsl_only,exclude_any_permanent_water_QA,9291,1412761,0.99316686831,1412761,0.99316686831,0.00769435405587
IND_FUA_10313,Asansol,endpoint_supported,exclude_any_permanent_water_QA,9291,1412761,0.99316686831,243456.090099,0.171148922269,0.00646082816315
IND_FUA_10313,Asansol,preexisting_detected_screened,exclude_any_permanent_water_QA,9291,1412761,0.99316686831,1174214.19227,0.825469157246,0.00694942447657
IND_FUA_10313,Asansol,joint_supported_screened,exclude_any_permanent_water_QA,9291,1412761,0.99316686831,161532.590729,0.113556940816,0.00436680960923
IND_FUA_10313,Asansol,ghsl_only,exclude_any_spurious_depth_QA,9410,1422481,1,1422481,1,0.018007591621
IND_FUA_10313,Asansol,endpoint_supported,exclude_any_spurious_depth_QA,9410,1422481,1,244128.98651,0.171621966487,0.00920304946609
IND_FUA_10313,Asansol,preexisting_detected_screened,exclude_any_spurious_depth_QA,9410,1422481,1,1182468.78514,0.831272111996,0.0174219048221
IND_FUA_10313,Asansol,joint_supported_screened,exclude_any_spurious_depth_QA,9410,1422481,1,161881.801107,0.113802434695,0.00651893178658
IND_FUA_10313,Asansol,ghsl_only,exclude_either_QA,9291,1412761,0.99316686831,1412761,0.99316686831,0.00769435405587
IND_FUA_10313,Asansol,endpoint_supported,exclude_either_QA,9291,1412761,0.99316686831,243456.090099,0.171148922269,0.00646082816315
IND_FUA_10313,Asansol,preexisting_detected_screened,exclude_either_QA,9291,1412761,0.99316686831,1174214.19227,0.825469157246,0.00694942447657
IND_FUA_10313,Asansol,joint_supported_screened,exclude_either_QA,9291,1412761,0.99316686831,161532.590729,0.113556940816,0.00436680960923
IND_FUA_10354,Bhubaneshwar,ghsl_only,GHSL_g_gt_0_m2,4487,1450407,1,1450407,1,0.346809920684
IND_FUA_10354,Bhubaneshwar,endpoint_supported,GHSL_g_gt_0_m2,4487,1450407,1,371413.2614,0.256075199168,0.330575316522
IND_FUA_10354,Bhubaneshwar,preexisting_detected_screened,GHSL_g_gt_0_m2,4487,1450407,1,1080723.89086,0.745117674463,0.391135832382
IND_FUA_10354,Bhubaneshwar,joint_supported_screened,GHSL_g_gt_0_m2,4487,1450407,1,263233.439164,0.181489360686,0.386697150774
IND_FUA_10354,Bhubaneshwar,ghsl_only,GHSL_g_gt_10_m2,3136,1444627,0.996014911677,1444627,0.996014911677,0.346447804309
IND_FUA_10354,Bhubaneshwar,endpoint_supported,GHSL_g_gt_10_m2,3136,1444627,0.996014911677,371311.728152,0.256005195888,0.330574777773
IND_FUA_10354,Bhubaneshwar,preexisting_detected_screened,GHSL_g_gt_10_m2,3136,1444627,0.996014911677,1075018.57448,0.741184077631,0.390883409934
IND_FUA_10354,Bhubaneshwar,joint_supported_screened,GHSL_g_gt_10_m2,3136,1444627,0.996014911677,263132.367603,0.181419675721,0.386717549577
IND_FUA_10354,Bhubaneshwar,ghsl_only,GHSL_g_gt_50_m2,2153,1419668,0.978806638413,1419668,0.978806638413,0.344640374912
IND_FUA_10354,Bhubaneshwar,endpoint_supported,GHSL_g_gt_50_m2,2153,1419668,0.978806638413,369647.048171,0.254857462885,0.330039320438
IND_FUA_10354,Bhubaneshwar,preexisting_detected_screened,GHSL_g_gt_50_m2,2153,1419668,0.978806638413,1051668.51743,0.725085108818,0.389270195143
IND_FUA_10354,Bhubaneshwar,joint_supported_screened,GHSL_g_gt_50_m2,2153,1419668,0.978806638413,261797.367342,0.180499244241,0.386018435344
IND_FUA_10354,Bhubaneshwar,ghsl_only,GHSL_g_gt_100_m2,1783,1393006,0.960424211963,1393006,0.960424211963,0.343748942564
IND_FUA_10354,Bhubaneshwar,endpoint_supported,GHSL_g_gt_100_m2,1783,1393006,0.960424211963,366174.874391,0.25246353223,0.329878791591
IND_FUA_10354,Bhubaneshwar,preexisting_detected_screened,GHSL_g_gt_100_m2,1783,1393006,0.960424211963,1030219.75669,0.710297010902,0.388539186702
IND_FUA_10354,Bhubaneshwar,joint_supported_screened,GHSL_g_gt_100_m2,1783,1393006,0.960424211963,259668.718927,0.179031622798,0.386008065187
IND_FUA_10354,Bhubaneshwar,ghsl_only,GHSL_g_gt_500_m2,806,1148577,0.791899790886,1148577,0.791899790886,0.352608716695
IND_FUA_10354,Bhubaneshwar,endpoint_supported,GHSL_g_gt_500_m2,806,1148577,0.791899790886,323094.233239,0.222761082399,0.346314243934
IND_FUA_10354,Bhubaneshwar,preexisting_detected_screened,GHSL_g_gt_500_m2,806,1148577,0.791899790886,872255.885178,0.601386979777,0.389838707323
IND_FUA_10354,Bhubaneshwar,joint_supported_screened,GHSL_g_gt_500_m2,806,1148577,0.791899790886,244267.127825,0.16841281642,0.388000541343
IND_FUA_10354,Bhubaneshwar,ghsl_only,exclude_any_permanent_water_QA,4473,1448826,0.998909961135,1448826,0.998909961135,0.346058535843
IND_FUA_10354,Bhubaneshwar,endpoint_supported,exclude_any_permanent_water_QA,4473,1448826,0.998909961135,371243.786004,0.255958352383,0.330272064787
IND_FUA_10354,Bhubaneshwar,preexisting_detected_screened,exclude_any_permanent_water_QA,4473,1448826,0.998909961135,1079709.9939,0.744418631392,0.390513155692
IND_FUA_10354,Bhubaneshwar,joint_supported_screened,exclude_any_permanent_water_QA,4473,1448826,0.998909961135,263166.411496,0.181443147679,0.386544252959
IND_FUA_10354,Bhubaneshwar,ghsl_only,exclude_any_spurious_depth_QA,4487,1450407,1,1450407,1,0.346809920684
IND_FUA_10354,Bhubaneshwar,endpoint_supported,exclude_any_spurious_depth_QA,4487,1450407,1,371413.2614,0.256075199168,0.330575316522
IND_FUA_10354,Bhubaneshwar,preexisting_detected_screened,exclude_any_spurious_depth_QA,4487,1450407,1,1080723.89086,0.745117674463,0.391135832382
IND_FUA_10354,Bhubaneshwar,joint_supported_screened,exclude_any_spurious_depth_QA,4487,1450407,1,263233.439164,0.181489360686,0.386697150774
IND_FUA_10354,Bhubaneshwar,ghsl_only,exclude_either_QA,4473,1448826,0.998909961135,1448826,0.998909961135,0.346058535843
IND_FUA_10354,Bhubaneshwar,endpoint_supported,exclude_either_QA,4473,1448826,0.998909961135,371243.786004,0.255958352383,0.330272064787
IND_FUA_10354,Bhubaneshwar,preexisting_detected_screened,exclude_either_QA,4473,1448826,0.998909961135,1079709.9939,0.744418631392,0.390513155692
IND_FUA_10354,Bhubaneshwar,joint_supported_screened,exclude_either_QA,4473,1448826,0.998909961135,263166.411496,0.181443147679,0.386544252959
IND_FUA_10432,Berhampore,ghsl_only,GHSL_g_gt_0_m2,4053,258040,1,258040,1,0.774709514047
IND_FUA_10432,Berhampore,endpoint_supported,GHSL_g_gt_0_m2,4053,258040,1,17349.0638936,0.0672340098185,0.614883977154
IND_FUA_10432,Berhampore,preexisting_detected_screened,GHSL_g_gt_0_m2,4053,258040,1,231864.702216,0.898561084389,0.790232087678
IND_FUA_10432,Berhampore,joint_supported_screened,GHSL_g_gt_0_m2,4053,258040,1,12169.7407799,0.0471622259337,0.628225325918
IND_FUA_10432,Berhampore,ghsl_only,GHSL_g_gt_10_m2,1863,248788,0.964145093784,248788,0.964145093784,0.765307149765
IND_FUA_10432,Berhampore,endpoint_supported,GHSL_g_gt_10_m2,1863,248788,0.964145093784,17264.1671283,0.0669050035977,0.614218689218
IND_FUA_10432,Berhampore,preexisting_detected_screened,GHSL_g_gt_10_m2,1863,248788,0.964145093784,222645.814307,0.862834499715,0.780335296487
IND_FUA_10432,Berhampore,joint_supported_screened,GHSL_g_gt_10_m2,1863,248788,0.964145093784,12084.9368026,0.0468335793,0.62736895056
IND_FUA_10432,Berhampore,ghsl_only,GHSL_g_gt_50_m2,741,222316,0.861556347853,222316,0.861556347853,0.752928018778
IND_FUA_10432,Berhampore,endpoint_supported,GHSL_g_gt_50_m2,741,222316,0.861556347853,16185.1128601,0.0627232710438,0.614625848697
IND_FUA_10432,Berhampore,preexisting_detected_screened,GHSL_g_gt_50_m2,741,222316,0.861556347853,196634.279395,0.762030225528,0.767440587696
IND_FUA_10432,Berhampore,joint_supported_screened,GHSL_g_gt_50_m2,741,222316,0.861556347853,11078.5225669,0.0429333536152,0.626968923755
IND_FUA_10432,Berhampore,ghsl_only,GHSL_g_gt_100_m2,506,205329,0.79572546892,205329,0.79572546892,0.760562938311
IND_FUA_10432,Berhampore,endpoint_supported,GHSL_g_gt_100_m2,506,205329,0.79572546892,15219.7441606,0.058982111923,0.625326060627
IND_FUA_10432,Berhampore,preexisting_detected_screened,GHSL_g_gt_100_m2,506,205329,0.79572546892,181024.013697,0.701534698871,0.774239344302
IND_FUA_10432,Berhampore,joint_supported_screened,GHSL_g_gt_100_m2,506,205329,0.79572546892,10368.8149496,0.0401829753125,0.635011811852
IND_FUA_10432,Berhampore,ghsl_only,GHSL_g_gt_500_m2,136,117410,0.455006975663,117410,0.455006975663,0.770463752575
IND_FUA_10432,Berhampore,endpoint_supported,GHSL_g_gt_500_m2,136,117410,0.455006975663,10131.6038529,0.0392636949812,0.694219660412
IND_FUA_10432,Berhampore,preexisting_detected_screened,GHSL_g_gt_500_m2,136,117410,0.455006975663,104775.318855,0.406042934641,0.758442232959
IND_FUA_10432,Berhampore,joint_supported_screened,GHSL_g_gt_500_m2,136,117410,0.455006975663,7928.48819418,0.0307258107045,0.652193777099
IND_FUA_10432,Berhampore,ghsl_only,exclude_any_permanent_water_QA,4001,256646,0.994597736785,256646,0.994597736785,0.76481584653
IND_FUA_10432,Berhampore,endpoint_supported,exclude_any_permanent_water_QA,4001,256646,0.994597736785,17196.2575526,0.0666418289903,0.597690823461
IND_FUA_10432,Berhampore,preexisting_detected_screened,exclude_any_permanent_water_QA,4001,256646,0.994597736785,230702.813432,0.894058337592,0.781393657373
IND_FUA_10432,Berhampore,joint_supported_screened,exclude_any_permanent_water_QA,4001,256646,0.994597736785,12122.5709498,0.0469794254761,0.618004140879
IND_FUA_10432,Berhampore,ghsl_only,exclude_any_spurious_depth_QA,4053,258040,1,258040,1,0.774709514047
IND_FUA_10432,Berhampore,endpoint_supported,exclude_any_spurious_depth_QA,4053,258040,1,17349.0638936,0.0672340098185,0.614883977154
IND_FUA_10432,Berhampore,preexisting_detected_screened,exclude_any_spurious_depth_QA,4053,258040,1,231864.702216,0.898561084389,0.790232087678
IND_FUA_10432,Berhampore,joint_supported_screened,exclude_any_spurious_depth_QA,4053,258040,1,12169.7407799,0.0471622259337,0.628225325918
IND_FUA_10432,Berhampore,ghsl_only,exclude_either_QA,4001,256646,0.994597736785,256646,0.994597736785,0.76481584653
IND_FUA_10432,Berhampore,endpoint_supported,exclude_either_QA,4001,256646,0.994597736785,17196.2575526,0.0666418289903,0.597690823461
IND_FUA_10432,Berhampore,preexisting_detected_screened,exclude_either_QA,4001,256646,0.994597736785,230702.813432,0.894058337592,0.781393657373
IND_FUA_10432,Berhampore,joint_supported_screened,exclude_either_QA,4001,256646,0.994597736785,12122.5709498,0.0469794254761,0.618004140879
IND_FUA_10441,Tamluk,ghsl_only,GHSL_g_gt_0_m2,24013,2897193,1,2897193,1,0.577415816203
IND_FUA_10441,Tamluk,endpoint_supported,GHSL_g_gt_0_m2,24013,2897193,1,236631.720989,0.0816762020996,0.608341359635
IND_FUA_10441,Tamluk,preexisting_detected_screened,GHSL_g_gt_0_m2,24013,2897193,1,2782249.81092,0.960326015877,0.580271298075
IND_FUA_10441,Tamluk,joint_supported_screened,GHSL_g_gt_0_m2,24013,2897193,1,212983.245048,0.07351365444,0.606800325165
IND_FUA_10441,Tamluk,ghsl_only,GHSL_g_gt_10_m2,15842,2861057,0.987527237571,2861057,0.987527237571,0.576344372727
IND_FUA_10441,Tamluk,endpoint_supported,GHSL_g_gt_10_m2,15842,2861057,0.987527237571,235904.199282,0.0814250894857,0.608974862012
IND_FUA_10441,Tamluk,preexisting_detected_screened,GHSL_g_gt_10_m2,15842,2861057,0.987527237571,2746211.28532,0.947886897877,0.579185024494
IND_FUA_10441,Tamluk,joint_supported_screened,GHSL_g_gt_10_m2,15842,2861057,0.987527237571,212261.707584,0.0732646073574,0.607485845099
IND_FUA_10441,Tamluk,ghsl_only,GHSL_g_gt_50_m2,8421,2668125,0.920934504536,2668125,0.920934504536,0.580966785798
IND_FUA_10441,Tamluk,endpoint_supported,GHSL_g_gt_50_m2,8421,2668125,0.920934504536,228839.722674,0.078986702879,0.613922161946
IND_FUA_10441,Tamluk,preexisting_detected_screened,GHSL_g_gt_50_m2,8421,2668125,0.920934504536,2554481.23842,0.881709032992,0.584121647273
IND_FUA_10441,Tamluk,joint_supported_screened,GHSL_g_gt_50_m2,8421,2668125,0.920934504536,205345.218035,0.0708773002127,0.612588541855
IND_FUA_10441,Tamluk,ghsl_only,GHSL_g_gt_100_m2,5642,2469002,0.852204875547,2469002,0.852204875547,0.585003158501
IND_FUA_10441,Tamluk,endpoint_supported,GHSL_g_gt_100_m2,5642,2469002,0.852204875547,216934.654595,0.0748775295934,0.626331300736
IND_FUA_10441,Tamluk,preexisting_detected_screened,GHSL_g_gt_100_m2,5642,2469002,0.852204875547,2358310.50516,0.813998413346,0.588355507545
IND_FUA_10441,Tamluk,joint_supported_screened,GHSL_g_gt_100_m2,5642,2469002,0.852204875547,193806.597648,0.0668946106274,0.626141945658
IND_FUA_10441,Tamluk,ghsl_only,GHSL_g_gt_500_m2,1615,1500433,0.517891973369,1500433,0.517891973369,0.555792999229
IND_FUA_10441,Tamluk,endpoint_supported,GHSL_g_gt_500_m2,1615,1500433,0.517891973369,176404.39349,0.0608880366239,0.63541317011
IND_FUA_10441,Tamluk,preexisting_detected_screened,GHSL_g_gt_500_m2,1615,1500433,0.517891973369,1419900.2039,0.49009513826,0.556385015471
IND_FUA_10441,Tamluk,joint_supported_screened,GHSL_g_gt_500_m2,1615,1500433,0.517891973369,160711.512339,0.0554714554188,0.62845170733
IND_FUA_10441,Tamluk,ghsl_only,exclude_any_permanent_water_QA,22943,2768600,0.955614624224,2768600,0.955614624224,0.55226358393
IND_FUA_10441,Tamluk,endpoint_supported,exclude_any_permanent_water_QA,22943,2768600,0.955614624224,221960.768938,0.0766123516582,0.579594331575
IND_FUA_10441,Tamluk,preexisting_detected_screened,exclude_any_permanent_water_QA,22943,2768600,0.955614624224,2656802.64288,0.917026460742,0.554653592151
IND_FUA_10441,Tamluk,joint_supported_screened,exclude_any_permanent_water_QA,22943,2768600,0.955614624224,199037.65884,0.068700172491,0.575922523935
IND_FUA_10441,Tamluk,ghsl_only,exclude_any_spurious_depth_QA,24013,2897193,1,2897193,1,0.577415816203
IND_FUA_10441,Tamluk,endpoint_supported,exclude_any_spurious_depth_QA,24013,2897193,1,236631.720989,0.0816762020996,0.608341359635
IND_FUA_10441,Tamluk,preexisting_detected_screened,exclude_any_spurious_depth_QA,24013,2897193,1,2782249.81092,0.960326015877,0.580271298075
IND_FUA_10441,Tamluk,joint_supported_screened,exclude_any_spurious_depth_QA,24013,2897193,1,212983.245048,0.07351365444,0.606800325165
IND_FUA_10441,Tamluk,ghsl_only,exclude_either_QA,22943,2768600,0.955614624224,2768600,0.955614624224,0.55226358393
IND_FUA_10441,Tamluk,endpoint_supported,exclude_either_QA,22943,2768600,0.955614624224,221960.768938,0.0766123516582,0.579594331575
IND_FUA_10441,Tamluk,preexisting_detected_screened,exclude_either_QA,22943,2768600,0.955614624224,2656802.64288,0.917026460742,0.554653592151
IND_FUA_10441,Tamluk,joint_supported_screened,exclude_either_QA,22943,2768600,0.955614624224,199037.65884,0.068700172491,0.575922523935
IND_FUA_10452,Kolkata,ghsl_only,GHSL_g_gt_0_m2,71614,10554134,1,10554134,1,0.508989180591
IND_FUA_10452,Kolkata,endpoint_supported,GHSL_g_gt_0_m2,71614,10554134,1,1266221.48342,0.119973982083,0.541797516163
IND_FUA_10452,Kolkata,preexisting_detected_screened,GHSL_g_gt_0_m2,71614,10554134,1,8574009.5089,0.812383991799,0.515392426177
IND_FUA_10452,Kolkata,joint_supported_screened,GHSL_g_gt_0_m2,71614,10554134,1,664236.042101,0.0629361008777,0.616849695188
IND_FUA_10452,Kolkata,ghsl_only,GHSL_g_gt_10_m2,44882,10443766,0.989542675884,10443766,0.989542675884,0.508834247298
IND_FUA_10452,Kolkata,endpoint_supported,GHSL_g_gt_10_m2,44882,10443766,0.989542675884,1265518.42945,0.119907367999,0.541893686699
IND_FUA_10452,Kolkata,preexisting_detected_screened,GHSL_g_gt_10_m2,44882,10443766,0.989542675884,8464288.82845,0.801988000953,0.515286506118
IND_FUA_10452,Kolkata,joint_supported_screened,GHSL_g_gt_10_m2,44882,10443766,0.989542675884,663546.767497,0.0628707923831,0.617109802044
IND_FUA_10452,Kolkata,ghsl_only,GHSL_g_gt_50_m2,29017,10044418,0.951704611672,10044418,0.951704611672,0.510362437059
IND_FUA_10452,Kolkata,endpoint_supported,GHSL_g_gt_50_m2,29017,10044418,0.951704611672,1257013.82383,0.119101559998,0.542696673726
IND_FUA_10452,Kolkata,preexisting_detected_screened,GHSL_g_gt_50_m2,29017,10044418,0.951704611672,8082889.12718,0.765850530908,0.517382568412
IND_FUA_10452,Kolkata,joint_supported_screened,GHSL_g_gt_50_m2,29017,10044418,0.951704611672,658343.307454,0.062377766613,0.617960101727
IND_FUA_10452,Kolkata,ghsl_only,GHSL_g_gt_100_m2,22877,9594664,0.909090599001,9594664,0.909090599001,0.512172088784
IND_FUA_10452,Kolkata,endpoint_supported,GHSL_g_gt_100_m2,22877,9594664,0.909090599001,1236443.42391,0.117152522785,0.545489231837
IND_FUA_10452,Kolkata,preexisting_detected_screened,GHSL_g_gt_100_m2,22877,9594664,0.909090599001,7689804.49535,0.728605918339,0.519111610828
IND_FUA_10452,Kolkata,joint_supported_screened,GHSL_g_gt_100_m2,22877,9594664,0.909090599001,651980.527032,0.061774895698,0.619210267244
IND_FUA_10452,Kolkata,ghsl_only,GHSL_g_gt_500_m2,5984,5371983,0.50899325326,5371983,0.50899325326,0.540885764666
IND_FUA_10452,Kolkata,endpoint_supported,GHSL_g_gt_500_m2,5984,5371983,0.50899325326,900613.905052,0.0853328094045,0.620152229899
IND_FUA_10452,Kolkata,preexisting_detected_screened,GHSL_g_gt_500_m2,5984,5371983,0.50899325326,4273164.82311,0.404880667908,0.53523376956
IND_FUA_10452,Kolkata,joint_supported_screened,GHSL_g_gt_500_m2,5984,5371983,0.50899325326,565942.861202,0.0536228610706,0.645078229537
IND_FUA_10452,Kolkata,ghsl_only,exclude_any_permanent_water_QA,67013,9616005,0.911112650266,9616005,0.911112650266,0.415644773089
IND_FUA_10452,Kolkata,endpoint_supported,exclude_any_permanent_water_QA,67013,9616005,0.911112650266,1223961.12321,0.115969829757,0.499038715845
IND_FUA_10452,Kolkata,preexisting_detected_screened,exclude_any_permanent_water_QA,67013,9616005,0.911112650266,7704475.62501,0.729996002042,0.412078189497
IND_FUA_10452,Kolkata,joint_supported_screened,exclude_any_permanent_water_QA,67013,9616005,0.911112650266,639793.403452,0.0606201705845,0.575717829613
IND_FUA_10452,Kolkata,ghsl_only,exclude_any_spurious_depth_QA,71614,10554134,1,10554134,1,0.508989180591
IND_FUA_10452,Kolkata,endpoint_supported,exclude_any_spurious_depth_QA,71614,10554134,1,1266221.48342,0.119973982083,0.541797516163
IND_FUA_10452,Kolkata,preexisting_detected_screened,exclude_any_spurious_depth_QA,71614,10554134,1,8574009.5089,0.812383991799,0.515392426177
IND_FUA_10452,Kolkata,joint_supported_screened,exclude_any_spurious_depth_QA,71614,10554134,1,664236.042101,0.0629361008777,0.616849695188
IND_FUA_10452,Kolkata,ghsl_only,exclude_either_QA,67013,9616005,0.911112650266,9616005,0.911112650266,0.415644773089
IND_FUA_10452,Kolkata,endpoint_supported,exclude_either_QA,67013,9616005,0.911112650266,1223961.12321,0.115969829757,0.499038715845
IND_FUA_10452,Kolkata,preexisting_detected_screened,exclude_either_QA,67013,9616005,0.911112650266,7704475.62501,0.729996002042,0.412078189497
IND_FUA_10452,Kolkata,joint_supported_screened,exclude_either_QA,67013,9616005,0.911112650266,639793.403452,0.0606201705845,0.575717829613
IND_FUA_10453,Kolkata,ghsl_only,GHSL_g_gt_0_m2,9297,754460,1,754460,1,0.310206821002
IND_FUA_10453,Kolkata,endpoint_supported,GHSL_g_gt_0_m2,9297,754460,1,18400.1203559,0.0243884637435,0.384312939464
IND_FUA_10453,Kolkata,preexisting_detected_screened,GHSL_g_gt_0_m2,9297,754460,1,718935.951787,0.95291460354,0.317455997832
IND_FUA_10453,Kolkata,joint_supported_screened,GHSL_g_gt_0_m2,9297,754460,1,13784.5156293,0.0182707043836,0.465034785429
IND_FUA_10453,Kolkata,ghsl_only,GHSL_g_gt_10_m2,4831,736552,0.97626381783,736552,0.97626381783,0.312191412993
IND_FUA_10453,Kolkata,endpoint_supported,GHSL_g_gt_10_m2,4831,736552,0.97626381783,18323.2975433,0.0242866388454,0.385245538259
IND_FUA_10453,Kolkata,preexisting_detected_screened,GHSL_g_gt_10_m2,4831,736552,0.97626381783,701050.409455,0.929208187916,0.319718313974
IND_FUA_10453,Kolkata,joint_supported_screened,GHSL_g_gt_10_m2,4831,736552,0.97626381783,13707.7205144,0.0181689161976,0.466732866571
IND_FUA_10453,Kolkata,ghsl_only,GHSL_g_gt_50_m2,2490,679989,0.901292315033,679989,0.901292315033,0.316371116089
IND_FUA_10453,Kolkata,endpoint_supported,GHSL_g_gt_50_m2,2490,679989,0.901292315033,17950.1259684,0.0237920180903,0.386511237996
IND_FUA_10453,Kolkata,preexisting_detected_screened,GHSL_g_gt_50_m2,2490,679989,0.901292315033,645117.347294,0.855071637057,0.324636677973
IND_FUA_10453,Kolkata,joint_supported_screened,GHSL_g_gt_50_m2,2490,679989,0.901292315033,13368.1726514,0.0177188620356,0.469726049131
IND_FUA_10453,Kolkata,ghsl_only,GHSL_g_gt_100_m2,1816,632541,0.838402300983,632541,0.838402300983,0.320236391986
IND_FUA_10453,Kolkata,endpoint_supported,GHSL_g_gt_100_m2,1816,632541,0.838402300983,17440.6874571,0.023116782145,0.388072287277
IND_FUA_10453,Kolkata,preexisting_detected_screened,GHSL_g_gt_100_m2,1816,632541,0.838402300983,598814.968525,0.793700088176,0.329051530476
IND_FUA_10453,Kolkata,joint_supported_screened,GHSL_g_gt_100_m2,1816,632541,0.838402300983,13030.0341543,0.0172706759196,0.471259386633
IND_FUA_10453,Kolkata,ghsl_only,GHSL_g_gt_500_m2,367,291231,0.38601251226,291231,0.38601251226,0.362044695735
IND_FUA_10453,Kolkata,endpoint_supported,GHSL_g_gt_500_m2,367,291231,0.38601251226,12153.0979621,0.0161083396894,0.481986164758
IND_FUA_10453,Kolkata,preexisting_detected_screened,GHSL_g_gt_500_m2,367,291231,0.38601251226,272884.582336,0.36169522882,0.376338458758
IND_FUA_10453,Kolkata,joint_supported_screened,GHSL_g_gt_500_m2,367,291231,0.38601251226,10141.1785174,0.0134416384134,0.53841229046
IND_FUA_10453,Kolkata,ghsl_only,exclude_any_permanent_water_QA,9164,735581,0.974976804602,735581,0.974976804602,0.283137160555
IND_FUA_10453,Kolkata,endpoint_supported,exclude_any_permanent_water_QA,9164,735581,0.974976804602,17741.1516743,0.0235150328371,0.339381856725
IND_FUA_10453,Kolkata,preexisting_detected_screened,exclude_any_permanent_water_QA,9164,735581,0.974976804602,700672.93368,0.928707862153,0.289895941064
IND_FUA_10453,Kolkata,joint_supported_screened,exclude_any_permanent_water_QA,9164,735581,0.974976804602,13291.7901356,0.0176176207295,0.415756121225
IND_FUA_10453,Kolkata,ghsl_only,exclude_any_spurious_depth_QA,9297,754460,1,754460,1,0.310206821002
IND_FUA_10453,Kolkata,endpoint_supported,exclude_any_spurious_depth_QA,9297,754460,1,18400.1203559,0.0243884637435,0.384312939464
IND_FUA_10453,Kolkata,preexisting_detected_screened,exclude_any_spurious_depth_QA,9297,754460,1,718935.951787,0.95291460354,0.317455997832
IND_FUA_10453,Kolkata,joint_supported_screened,exclude_any_spurious_depth_QA,9297,754460,1,13784.5156293,0.0182707043836,0.465034785429
IND_FUA_10453,Kolkata,ghsl_only,exclude_either_QA,9164,735581,0.974976804602,735581,0.974976804602,0.283137160555
IND_FUA_10453,Kolkata,endpoint_supported,exclude_either_QA,9164,735581,0.974976804602,17741.1516743,0.0235150328371,0.339381856725
IND_FUA_10453,Kolkata,preexisting_detected_screened,exclude_either_QA,9164,735581,0.974976804602,700672.93368,0.928707862153,0.289895941064
IND_FUA_10453,Kolkata,joint_supported_screened,exclude_either_QA,9164,735581,0.974976804602,13291.7901356,0.0176176207295,0.415756121225
IND_FUA_10496,Guwahati,ghsl_only,GHSL_g_gt_0_m2,5272,788595,1,788595,1,0.873432491065
IND_FUA_10496,Guwahati,endpoint_supported,GHSL_g_gt_0_m2,5272,788595,1,164761.513976,0.208930457302,0.890469636749
IND_FUA_10496,Guwahati,preexisting_detected_screened,GHSL_g_gt_0_m2,5272,788595,1,644974.992435,0.817878622658,0.94714938021
IND_FUA_10496,Guwahati,joint_supported_screened,GHSL_g_gt_0_m2,5272,788595,1,108363.747815,0.137413688668,1.09837352584
IND_FUA_10496,Guwahati,ghsl_only,GHSL_g_gt_10_m2,3079,779301,0.988214482719,779301,0.988214482719,0.873313084173
IND_FUA_10496,Guwahati,endpoint_supported,GHSL_g_gt_10_m2,3079,779301,0.988214482719,164660.848793,0.208802805994,0.890575306976
IND_FUA_10496,Guwahati,preexisting_detected_screened,GHSL_g_gt_10_m2,3079,779301,0.988214482719,635750.966884,0.806181838439,0.948118738266
IND_FUA_10496,Guwahati,joint_supported_screened,GHSL_g_gt_10_m2,3079,779301,0.988214482719,108264.473921,0.137287801623,1.09871852717
IND_FUA_10496,Guwahati,ghsl_only,GHSL_g_gt_50_m2,1790,748166,0.948732873021,748166,0.948732873021,0.873273673207
IND_FUA_10496,Guwahati,endpoint_supported,GHSL_g_gt_50_m2,1790,748166,0.948732873021,163100.046122,0.206823586406,0.891260380468
IND_FUA_10496,Guwahati,preexisting_detected_screened,GHSL_g_gt_50_m2,1790,748166,0.948732873021,606065.505473,0.76853835679,0.951369084071
IND_FUA_10496,Guwahati,joint_supported_screened,GHSL_g_gt_50_m2,1790,748166,0.948732873021,106980.681598,0.135659852773,1.10077297121
IND_FUA_10496,Guwahati,ghsl_only,GHSL_g_gt_100_m2,1361,717235,0.909509951242,717235,0.909509951242,0.872212427564
IND_FUA_10496,Guwahati,endpoint_supported,GHSL_g_gt_100_m2,1361,717235,0.909509951242,160407.894601,0.203409728189,0.894303480839
IND_FUA_10496,Guwahati,preexisting_detected_screened,GHSL_g_gt_100_m2,1361,717235,0.909509951242,578881.868519,0.734067383789,0.951150370785
IND_FUA_10496,Guwahati,joint_supported_screened,GHSL_g_gt_100_m2,1361,717235,0.909509951242,105380.79417,0.133631070664,1.10362269744
IND_FUA_10496,Guwahati,ghsl_only,GHSL_g_gt_500_m2,438,489225,0.620375477907,489225,0.620375477907,0.943808555844
IND_FUA_10496,Guwahati,endpoint_supported,GHSL_g_gt_500_m2,438,489225,0.620375477907,127532.790723,0.16172153098,1.02006291925
IND_FUA_10496,Guwahati,preexisting_detected_screened,GHSL_g_gt_500_m2,438,489225,0.620375477907,409304.242726,0.519029720866,0.997591433146
IND_FUA_10496,Guwahati,joint_supported_screened,GHSL_g_gt_500_m2,438,489225,0.620375477907,95199.2193987,0.120720039309,1.15430454026
IND_FUA_10496,Guwahati,ghsl_only,exclude_any_permanent_water_QA,5132,774455,0.982069376549,774455,0.982069376549,0.795062598463
IND_FUA_10496,Guwahati,endpoint_supported,exclude_any_permanent_water_QA,5132,774455,0.982069376549,164309.124555,0.208356792213,0.882441136244
IND_FUA_10496,Guwahati,preexisting_detected_screened,exclude_any_permanent_water_QA,5132,774455,0.982069376549,632197.46392,0.801675719374,0.862411921454
IND_FUA_10496,Guwahati,joint_supported_screened,exclude_any_permanent_water_QA,5132,774455,0.982069376549,108144.014126,0.137135049203,1.09042203729
IND_FUA_10496,Guwahati,ghsl_only,exclude_any_spurious_depth_QA,5272,788595,1,788595,1,0.873432491065
IND_FUA_10496,Guwahati,endpoint_supported,exclude_any_spurious_depth_QA,5272,788595,1,164761.513976,0.208930457302,0.890469636749
IND_FUA_10496,Guwahati,preexisting_detected_screened,exclude_any_spurious_depth_QA,5272,788595,1,644974.992435,0.817878622658,0.94714938021
IND_FUA_10496,Guwahati,joint_supported_screened,exclude_any_spurious_depth_QA,5272,788595,1,108363.747815,0.137413688668,1.09837352584
IND_FUA_10496,Guwahati,ghsl_only,exclude_either_QA,5132,774455,0.982069376549,774455,0.982069376549,0.795062598463
IND_FUA_10496,Guwahati,endpoint_supported,exclude_either_QA,5132,774455,0.982069376549,164309.124555,0.208356792213,0.882441136244
IND_FUA_10496,Guwahati,preexisting_detected_screened,exclude_either_QA,5132,774455,0.982069376549,632197.46392,0.801675719374,0.862411921454
IND_FUA_10496,Guwahati,joint_supported_screened,exclude_either_QA,5132,774455,0.982069376549,108144.014126,0.137135049203,1.09042203729
IND_FUA_10533,Imphal,ghsl_only,GHSL_g_gt_0_m2,5259,738716,1,738716,1,0.404211377564
IND_FUA_10533,Imphal,endpoint_supported,GHSL_g_gt_0_m2,5259,738716,1,192266.651968,0.260271406019,0.286968925389
IND_FUA_10533,Imphal,preexisting_detected_screened,GHSL_g_gt_0_m2,5259,738716,1,617410.567002,0.835788810588,0.41330007966
IND_FUA_10533,Imphal,joint_supported_screened,GHSL_g_gt_0_m2,5259,738716,1,142812.306687,0.193325048715,0.310776821757
IND_FUA_10533,Imphal,ghsl_only,GHSL_g_gt_10_m2,2393,727488,0.984800654108,727488,0.984800654108,0.400462035152
IND_FUA_10533,Imphal,endpoint_supported,GHSL_g_gt_10_m2,2393,727488,0.984800654108,192148.110969,0.260110937044,0.286937577605
IND_FUA_10533,Imphal,preexisting_detected_screened,GHSL_g_gt_10_m2,2393,727488,0.984800654108,606242.59212,0.82067072071,0.408966385697
IND_FUA_10533,Imphal,joint_supported_screened,GHSL_g_gt_10_m2,2393,727488,0.984800654108,142695.168231,0.193166478364,0.310751435236
IND_FUA_10533,Imphal,ghsl_only,GHSL_g_gt_50_m2,1267,701043,0.94900205221,701043,0.94900205221,0.391517390621
IND_FUA_10533,Imphal,endpoint_supported,GHSL_g_gt_50_m2,1267,701043,0.94900205221,190592.564272,0.258005193162,0.285165750511
IND_FUA_10533,Imphal,preexisting_detected_screened,GHSL_g_gt_50_m2,1267,701043,0.94900205221,581220.58551,0.786798425255,0.398603406385
IND_FUA_10533,Imphal,joint_supported_screened,GHSL_g_gt_50_m2,1267,701043,0.94900205221,141510.211736,0.191562402514,0.30901598202
IND_FUA_10533,Imphal,ghsl_only,GHSL_g_gt_100_m2,979,680176,0.92075439005,680176,0.92075439005,0.38476754708
IND_FUA_10533,Imphal,endpoint_supported,GHSL_g_gt_100_m2,979,680176,0.92075439005,188116.555316,0.254653419333,0.284010677695
IND_FUA_10533,Imphal,preexisting_detected_screened,GHSL_g_gt_100_m2,979,680176,0.92075439005,564408.554092,0.764039974892,0.390007634929
IND_FUA_10533,Imphal,joint_supported_screened,GHSL_g_gt_100_m2,979,680176,0.92075439005,140426.959492,0.19009600373,0.306423549583
IND_FUA_10533,Imphal,ghsl_only,GHSL_g_gt_500_m2,375,535293,0.724626243374,535293,0.724626243374,0.34029306702
IND_FUA_10533,Imphal,endpoint_supported,GHSL_g_gt_500_m2,375,535293,0.724626243374,160653.573215,0.217476774857,0.284880693954
IND_FUA_10533,Imphal,preexisting_detected_screened,GHSL_g_gt_500_m2,375,535293,0.724626243374,469567.101143,0.635653080674,0.344167575562
IND_FUA_10533,Imphal,joint_supported_screened,GHSL_g_gt_500_m2,375,535293,0.724626243374,133772.284838,0.181087569294,0.302337567882
IND_FUA_10533,Imphal,ghsl_only,exclude_any_permanent_water_QA,4653,708126,0.958590310755,708126,0.958590310755,0.361518238421
IND_FUA_10533,Imphal,endpoint_supported,exclude_any_permanent_water_QA,4653,708126,0.958590310755,189884.522849,0.257046717344,0.269085672498
IND_FUA_10533,Imphal,preexisting_detected_screened,exclude_any_permanent_water_QA,4653,708126,0.958590310755,589908.53958,0.798559310452,0.371980355127
IND_FUA_10533,Imphal,joint_supported_screened,exclude_any_permanent_water_QA,4653,708126,0.958590310755,141405.178902,0.191420219546,0.301323585574
IND_FUA_10533,Imphal,ghsl_only,exclude_any_spurious_depth_QA,5259,738716,1,738716,1,0.404211377564
IND_FUA_10533,Imphal,endpoint_supported,exclude_any_spurious_depth_QA,5259,738716,1,192266.651968,0.260271406019,0.286968925389
IND_FUA_10533,Imphal,preexisting_detected_screened,exclude_any_spurious_depth_QA,5259,738716,1,617410.567002,0.835788810588,0.41330007966
IND_FUA_10533,Imphal,joint_supported_screened,exclude_any_spurious_depth_QA,5259,738716,1,142812.306687,0.193325048715,0.310776821757
IND_FUA_10533,Imphal,ghsl_only,exclude_either_QA,4653,708126,0.958590310755,708126,0.958590310755,0.361518238421
IND_FUA_10533,Imphal,endpoint_supported,exclude_either_QA,4653,708126,0.958590310755,189884.522849,0.257046717344,0.269085672498
IND_FUA_10533,Imphal,preexisting_detected_screened,exclude_either_QA,4653,708126,0.958590310755,589908.53958,0.798559310452,0.371980355127
IND_FUA_10533,Imphal,joint_supported_screened,exclude_either_QA,4653,708126,0.958590310755,141405.178902,0.191420219546,0.301323585574
